Godot Engine v4.7.2.stable.official.ed1daf0bf - https://godotengine.org
Vulkan 1.4.329 - Forward+ - Using Device #0: NVIDIA - NVIDIA GeForce RTX 4060

WALKINFO hero=Hehe level=57 map=dg_prismheart_6 tempos=10
WALK map=dg_prismheart_6 stops=3 refresh=60 Hz window=(1920, 1080) vsync=false cap=0 lite=true shadows=2 effects=2 aa=1 scale=1.00 renderer=forward_plus
SPIKE {"added":{},"awake":22,"cpu_render":2.3,"fades":0,"frame":20.9,"gpu":2.7,"lights_switched":1,"minimap":false,"phases":"pre>post 8.8, phys>proc 5.2","phys":4.3,"pipelines":0,"pos":"-1,0.0,15","proc":15.1,"steps":1,"stop":"descent","t_ms":1224}
SPIKE {"added":{},"awake":23,"cpu_render":2.4,"fades":0,"frame":20.4,"gpu":2.9,"lights_switched":0,"minimap":false,"phases":"pre>post 8.8, phys>proc 4.8","phys":5.2,"pipelines":0,"pos":"10,0.0,9","proc":13.8,"steps":1,"stop":"descent","t_ms":2906}
SPIKE {"added":{},"awake":23,"cpu_render":3.5,"fades":0,"frame":20.6,"gpu":2.7,"lights_switched":0,"minimap":false,"phases":"pre>post 7.8, phys>proc 4.8","phys":4.8,"pipelines":0,"pos":"12,0.0,8","proc":16.1,"steps":1,"stop":"descent","t_ms":3255}
SPIKE {"added":{},"awake":23,"cpu_render":2.8,"fades":0,"frame":20.2,"gpu":2.8,"lights_switched":1,"minimap":false,"phases":"pre>post 10.6, phys>proc 5.4","phys":4.8,"pipelines":3,"pos":"14,0.0,6","proc":16.1,"steps":1,"stop":"descent","t_ms":3666}
SPIKE {"added":{"Decal":1,"GPUParticles3D":32,"MeshInstance3D":9,"MeshInstance3D(weapon_trail.gd)":1,"Node3D":14,"OmniLight3D":12,"Timer":10},"awake":23,"cpu_render":2.4,"fades":0,"frame":27.8,"gpu":2.8,"lights_switched":12,"minimap":false,"phases":"pre>post 4.6, phys>proc 20.5","phys":4.8,"pipelines":0,"pos":"15,0.0,6","proc":16.1,"steps":1,"stop":"descent","t_ms":3725}
SPIKE {"added":{"Decal":1,"GPUParticles3D":24,"MeshInstance3D":6,"Node3D":10,"OmniLight3D":4,"Timer":10},"awake":23,"cpu_render":2.3,"fades":0,"frame":25.3,"gpu":3.4,"lights_switched":4,"minimap":false,"phases":"pre>post 7.6, phys>phys 7.8, phys>proc 6.5","phys":4.8,"pipelines":3,"pos":"15,0.0,6","proc":16.1,"steps":2,"stop":"descent","t_ms":3750}
SPIKE {"added":{"GPUParticles3D":4,"MeshInstance3D":1,"Node3D":2,"OmniLight3D":1,"Timer":2},"awake":23,"cpu_render":2.5,"fades":0,"frame":22.3,"gpu":3.0,"lights_switched":1,"minimap":false,"phases":"pre>post 10.1, phys>proc 7.7","phys":4.8,"pipelines":0,"pos":"15,0.0,5","proc":16.1,"steps":1,"stop":"descent","t_ms":3829}
SPIKE {"added":{"MeshInstance3D":2},"awake":23,"cpu_render":3.7,"fades":0,"frame":24.1,"gpu":4.0,"lights_switched":0,"minimap":false,"phases":"pre>post 13.4, phys>proc 7.1","phys":4.8,"pipelines":0,"pos":"17,0.0,5","proc":16.1,"steps":1,"stop":"descent","t_ms":4071}
SPIKE {"added":{},"awake":23,"cpu_render":6.4,"fades":0,"frame":20.8,"gpu":3.5,"lights_switched":0,"minimap":false,"phases":"pre>post 5.1, phys>proc 8.3","phys":4.8,"pipelines":1,"pos":"17,0.0,4","proc":16.1,"steps":1,"stop":"descent","t_ms":4091}
SPIKE {"added":{"GPUParticles3D":2,"MeshInstance3D":1,"Node3D":2,"Node3D(projectile.gd)":1},"awake":23,"cpu_render":2.6,"fades":0,"frame":27.3,"gpu":3.5,"lights_switched":0,"minimap":false,"phases":"pre>post 11.8, phys>proc 8.6","phys":4.8,"pipelines":0,"pos":"18,0.0,4","proc":16.1,"steps":1,"stop":"descent","t_ms":4174}
SPIKE {"added":{"GPUParticles3D":6,"MeshInstance3D":1,"Node3D":3,"OmniLight3D":1,"Timer":2},"awake":23,"cpu_render":2.7,"fades":0,"frame":25.6,"gpu":3.6,"lights_switched":2,"minimap":false,"phases":"pre>post 11.3, phys>proc 8.2","phys":20.5,"pipelines":0,"pos":"18,0.0,4","proc":18.6,"steps":1,"stop":"descent","t_ms":4298}
SPIKE {"added":{"Decal":1,"GPUParticles3D":39,"MeshInstance3D":12,"Node3D":15,"OmniLight3D":10,"Timer":10},"awake":23,"cpu_render":4.9,"fades":0,"frame":31.9,"gpu":3.6,"lights_switched":10,"minimap":false,"phases":"pre>post 9.4, phys>proc 17.4","phys":20.5,"pipelines":0,"pos":"18,0.0,4","proc":18.6,"steps":1,"stop":"descent","t_ms":4330}
SPIKE {"added":{"GPUParticles3D":6,"MeshInstance3D":1,"Node3D":3,"OmniLight3D":1,"Timer":2},"awake":23,"cpu_render":4.0,"fades":0,"frame":39.4,"gpu":3.7,"lights_switched":1,"minimap":false,"phases":"pre>post 17.4, phys>phys 9.9, phys>phys 3.6, phys>proc 3.6","phys":20.5,"pipelines":0,"pos":"19,0.0,3","proc":18.6,"steps":3,"stop":"descent","t_ms":4370}
SPIKE {"added":{"Decal":2,"GPUParticles3D":40,"MeshInstance3D":10,"Node3D":18,"OmniLight3D":9,"Timer":12},"awake":22,"cpu_render":8.8,"fades":0,"frame":38.1,"gpu":4.1,"lights_switched":9,"minimap":false,"phases":"pre>post 8.9, phys>phys 3.2, phys>proc 15.6","phys":20.5,"pipelines":0,"pos":"19,0.0,3","proc":18.6,"steps":2,"stop":"descent","t_ms":4408}
SPIKE {"added":{},"awake":22,"cpu_render":3.9,"fades":0,"frame":22.2,"gpu":3.9,"lights_switched":0,"minimap":false,"phases":"pre>post 9.1, phys>phys 4.5, phys>proc 2.4","phys":20.5,"pipelines":0,"pos":"19,0.0,3","proc":18.6,"steps":2,"stop":"descent","t_ms":4430}
SPIKE {"added":{"Decal":3,"GPUParticles3D":37,"MeshInstance3D":10,"Node3D":15,"OmniLight3D":10,"Timer":10},"awake":18,"cpu_render":2.2,"fades":0,"frame":23.4,"gpu":3.8,"lights_switched":10,"minimap":false,"phases":"pre>post 4.9, phys>proc 12.8","phys":20.5,"pipelines":0,"pos":"22,0.0,2","proc":18.6,"steps":1,"stop":"descent","t_ms":4821}
SPIKE {"added":{},"awake":18,"cpu_render":3.1,"fades":0,"frame":23.5,"gpu":3.8,"lights_switched":0,"minimap":false,"phases":"pre>post 11.9, phys>proc 5.5","phys":20.5,"pipelines":0,"pos":"24,0.0,0","proc":18.6,"steps":1,"stop":"descent","t_ms":5200}
SPIKE {"added":{"Decal":1,"GPUParticles3D":33,"MeshInstance3D":8,"Node3D":15,"OmniLight3D":6,"Timer":10},"awake":18,"cpu_render":2.2,"fades":0,"frame":26.6,"gpu":4.2,"lights_switched":6,"minimap":false,"phases":"pre>post 5.6, phys>proc 17.2","phys":17.4,"pipelines":0,"pos":"25,0.0,0","proc":22.2,"steps":1,"stop":"descent","t_ms":5282}
SPIKE {"added":{"GPUParticles3D":7,"MeshInstance3D":3,"Node3D":3,"OmniLight3D":3,"Timer":2},"awake":18,"cpu_render":3.2,"fades":0,"frame":38.1,"gpu":3.7,"lights_switched":3,"minimap":false,"phases":"pre>post 6.1, phys>proc 27.6","phys":17.4,"pipelines":0,"pos":"26,0.0,-1","proc":22.2,"steps":1,"stop":"descent","t_ms":5558}
SPIKE {"added":{"GPUParticles3D":29,"MeshInstance3D":5,"Node3D":15,"Timer":10},"awake":18,"cpu_render":3.2,"fades":0,"frame":21.2,"gpu":3.4,"lights_switched":0,"minimap":false,"phases":"pre>post 5.1, phys>proc 12.5","phys":17.4,"pipelines":0,"pos":"27,0.0,-2","proc":22.2,"steps":1,"stop":"descent","t_ms":5736}
SPIKE {"added":{"Decal":1,"GPUParticles3D":24,"MeshInstance3D":10,"Node3D":14,"OmniLight3D":5,"Timer":13},"awake":18,"cpu_render":2.6,"fades":0,"frame":20.8,"gpu":3.3,"lights_switched":5,"minimap":false,"phases":"pre>post 5.7, phys>proc 12.2","phys":17.4,"pipelines":0,"pos":"28,0.0,-2","proc":22.2,"steps":1,"stop":"descent","t_ms":5864}
SPIKE {"added":{"GPUParticles3D":20,"MeshInstance3D":6,"Node3D":8,"OmniLight3D":4,"Timer":8},"awake":18,"cpu_render":3.3,"fades":0,"frame":24.0,"gpu":3.5,"lights_switched":4,"minimap":false,"phases":"pre>post 8.6, phys>proc 7.3","phys":17.4,"pipelines":0,"pos":"29,0.0,-3","proc":22.2,"steps":1,"stop":"descent","t_ms":5951}
SPIKE {"added":{"Decal":2,"GPUParticles3D":34,"MeshInstance3D":9,"Node3D":16,"OmniLight3D":5,"Timer":11},"awake":18,"cpu_render":2.0,"fades":0,"frame":21.0,"gpu":3.7,"lights_switched":5,"minimap":false,"phases":"pre>post 5.4, phys>proc 12.9","phys":17.4,"pipelines":0,"pos":"30,0.0,-4","proc":22.2,"steps":1,"stop":"descent","t_ms":6195}
SPIKE {"added":{"Decal":3,"GPUParticles3D":21,"MeshInstance3D":8,"Node3D":10,"OmniLight3D":3,"Timer":10},"awake":18,"cpu_render":2.7,"fades":0,"frame":20.9,"gpu":3.1,"lights_switched":3,"minimap":false,"phases":"pre>post 3.3, phys>proc 13.6","phys":27.6,"pipelines":0,"pos":"30,0.0,-5","proc":16.6,"steps":1,"stop":"descent","t_ms":6331}
SPIKE {"added":{"Decal":2,"GPUParticles3D":23,"MeshInstance3D":8,"Node3D":10,"OmniLight3D":3,"Timer":10},"awake":18,"cpu_render":1.7,"fades":0,"frame":23.3,"gpu":2.9,"lights_switched":3,"minimap":false,"phases":"pre>post 4.9, phys>proc 15.7","phys":27.6,"pipelines":0,"pos":"31,0.0,-6","proc":16.6,"steps":1,"stop":"descent","t_ms":6522}
SPIKE {"added":{"Decal":2,"GPUParticles3D":22,"MeshInstance3D":10,"Node3D":11,"OmniLight3D":4,"Timer":11},"awake":18,"cpu_render":2.1,"fades":0,"frame":25.5,"gpu":3.3,"lights_switched":4,"minimap":false,"phases":"pre>post 4.6, phys>proc 16.2","phys":15.7,"pipelines":0,"pos":"33,1.0,-14","proc":12.7,"steps":1,"stop":"descent","t_ms":7729}
SPIKE {"added":{"Decal":1,"GPUParticles3D":18,"MeshInstance3D":6,"Node3D":10,"OmniLight3D":1,"Timer":10},"awake":18,"cpu_render":2.3,"fades":0,"frame":21.8,"gpu":2.6,"lights_switched":1,"minimap":false,"phases":"pre>post 3.7, phys>proc 11.7","phys":15.7,"pipelines":0,"pos":"33,1.3,-14","proc":12.7,"steps":1,"stop":"descent","t_ms":7832}
SPIKE {"added":{"MeshInstance3D":1},"awake":18,"cpu_render":3.6,"fades":0,"frame":23.1,"gpu":2.7,"lights_switched":0,"minimap":false,"phases":"pre>post 3.5, phys>proc 13.2","phys":15.7,"pipelines":0,"pos":"33,1.7,-15","proc":12.7,"steps":1,"stop":"descent","t_ms":7979}
SPIKE {"added":{"GPUParticles3D":30,"MeshInstance3D":9,"Node3D":14,"OmniLight3D":4,"Timer":14},"awake":18,"cpu_render":2.8,"fades":0,"frame":26.5,"gpu":3.6,"lights_switched":4,"minimap":false,"phases":"pre>post 5.6, phys>proc 16.5","phys":9.6,"pipelines":0,"pos":"31,4.0,-26","proc":15.8,"steps":1,"stop":"descent","t_ms":9668}
SPIKE {"added":{"GPUParticles3D":26,"MeshInstance3D":10,"Node3D":17,"OmniLight3D":7,"Timer":16},"awake":18,"cpu_render":1.9,"fades":0,"frame":20.1,"gpu":3.3,"lights_switched":7,"minimap":false,"phases":"pre>post 4.6, phys>proc 12.9","phys":9.6,"pipelines":0,"pos":"30,4.0,-27","proc":15.8,"steps":1,"stop":"start","t_ms":9937}
SPIKE {"added":{"Decal":1,"GPUParticles3D":25,"MeshInstance3D":11,"Node3D":14,"OmniLight3D":8,"Timer":14},"awake":18,"cpu_render":3.1,"fades":0,"frame":23.2,"gpu":3.4,"lights_switched":8,"minimap":false,"phases":"pre>post 4.7, phys>proc 15.6","phys":16.5,"pipelines":0,"pos":"30,4.0,-23","proc":11.7,"steps":1,"stop":"start","t_ms":10450}
SPIKE {"added":{"GPUParticles3D":23,"MeshInstance3D":9,"Node3D":14,"OmniLight3D":6,"Timer":14},"awake":18,"cpu_render":2.6,"fades":0,"frame":20.7,"gpu":3.3,"lights_switched":6,"minimap":false,"phases":"pre>post 5.1, phys>proc 10.4","phys":16.5,"pipelines":0,"pos":"30,4.0,-22","proc":11.7,"steps":1,"stop":"start","t_ms":10655}
SPIKE {"added":{"GPUParticles3D":2,"Node3D":1,"Timer":1},"awake":18,"cpu_render":2.6,"fades":0,"frame":20.2,"gpu":3.3,"lights_switched":1,"minimap":false,"phases":"pre>post 7.0, phys>proc 5.8","phys":16.5,"pipelines":0,"pos":"30,4.0,-22","proc":11.7,"steps":1,"stop":"start","t_ms":10675}
SPIKE {"added":{},"awake":18,"cpu_render":3.9,"fades":0,"frame":21.5,"gpu":3.6,"lights_switched":0,"minimap":false,"phases":"pre>post 7.1, phys>proc 3.8","phys":16.5,"pipelines":0,"pos":"30,4.0,-22","proc":11.7,"steps":1,"stop":"start","t_ms":10697}
SPIKE {"added":{"Decal":1,"GPUParticles3D":27,"MeshInstance3D":13,"Node3D":17,"OmniLight3D":10,"Timer":16},"awake":18,"cpu_render":3.1,"fades":0,"frame":28.8,"gpu":2.8,"lights_switched":10,"minimap":false,"phases":"pre>post 7.0, phys>proc 17.4","phys":16.5,"pipelines":0,"pos":"30,3.9,-20","proc":11.7,"steps":1,"stop":"start","t_ms":10947}
SPIKE {"added":{},"awake":18,"cpu_render":3.3,"fades":0,"frame":27.5,"gpu":2.8,"lights_switched":0,"minimap":false,"phases":"pre>post 9.7, phys>proc 8.8","phys":16.5,"pipelines":0,"pos":"30,3.9,-20","proc":11.7,"steps":1,"stop":"start","t_ms":10975}
SPIKE {"added":{},"awake":18,"cpu_render":4.6,"fades":0,"frame":24.1,"gpu":2.9,"lights_switched":0,"minimap":false,"phases":"pre>post 9.5, phys>phys 5.7, phys>proc 2.8","phys":16.5,"pipelines":0,"pos":"30,3.7,-19","proc":11.7,"steps":2,"stop":"start","t_ms":10999}
SPIKE {"added":{},"awake":18,"cpu_render":3.5,"fades":0,"frame":20.8,"gpu":2.8,"lights_switched":0,"minimap":false,"phases":"pre>post 6.9, phys>proc 4.1","phys":16.5,"pipelines":0,"pos":"30,3.5,-19","proc":11.7,"steps":1,"stop":"start","t_ms":11052}
SPIKE {"added":{},"awake":18,"cpu_render":2.8,"fades":0,"frame":27.3,"gpu":2.8,"lights_switched":0,"minimap":false,"phases":"pre>post 9.8, phys>phys 6.6, phys>proc 4.8","phys":16.5,"pipelines":0,"pos":"30,3.2,-18","proc":11.7,"steps":2,"stop":"start","t_ms":11129}
SPIKE {"added":{"Decal":1,"GPUParticles3D":27,"MeshInstance3D":12,"Node3D":19,"Node3D(projectile.gd)":1,"OmniLight3D":8,"Timer":16},"awake":18,"cpu_render":3.4,"fades":0,"frame":48.9,"gpu":2.8,"lights_switched":8,"minimap":false,"phases":"pre>post 9.6, phys>phys 7.3, phys>proc 19.5","phys":16.5,"pipelines":0,"pos":"30,3.1,-18","proc":11.7,"steps":2,"stop":"start","t_ms":11178}
SPIKE {"added":{"GPUParticles3D":2,"MeshInstance3D":2,"Node3D":1,"Timer":1},"awake":18,"cpu_render":4.5,"fades":0,"frame":38.1,"gpu":2.8,"lights_switched":0,"minimap":false,"phases":"pre>post 10.6, phys>phys 10.1, phys>proc 7.5","phys":16.5,"pipelines":0,"pos":"30,3.0,-18","proc":11.7,"steps":2,"stop":"start","t_ms":11216}
SPIKE {"added":{},"awake":18,"cpu_render":5.2,"fades":0,"frame":33.2,"gpu":2.9,"lights_switched":0,"minimap":false,"phases":"pre>post 10.2, phys>phys 4.0, phys>phys 4.1, phys>proc 3.3","phys":16.5,"pipelines":2,"pos":"30,2.8,-18","proc":11.7,"steps":3,"stop":"start","t_ms":11249}
SPIKE {"added":{"MeshInstance3D":1,"Node3D":2,"Node3D(projectile.gd)":1},"awake":18,"cpu_render":4.4,"fades":0,"frame":25.3,"gpu":3.3,"lights_switched":0,"minimap":false,"phases":"pre>post 6.7, phys>phys 4.9, phys>proc 4.8","phys":19.5,"pipelines":0,"pos":"30,2.7,-17","proc":21.9,"steps":2,"stop":"start","t_ms":11275}
SPIKE {"added":{},"awake":18,"cpu_render":3.9,"fades":0,"frame":20.9,"gpu":2.9,"lights_switched":2,"minimap":false,"phases":"pre>post 5.5, phys>phys 4.2, phys>proc 4.9","phys":19.5,"pipelines":0,"pos":"30,2.6,-17","proc":21.9,"steps":2,"stop":"start","t_ms":11295}
SPIKE {"added":{"Decal":2,"GPUParticles3D":11,"MeshInstance3D":5,"Node3D":6,"OmniLight3D":2,"Timer":6},"awake":18,"cpu_render":3.2,"fades":0,"frame":20.1,"gpu":2.9,"lights_switched":2,"minimap":false,"phases":"pre>post 6.9, phys>proc 6.9","phys":19.5,"pipelines":0,"pos":"30,2.5,-17","proc":21.9,"steps":1,"stop":"start","t_ms":11315}
SPIKE {"added":{},"awake":18,"cpu_render":3.5,"fades":0,"frame":20.6,"gpu":2.7,"lights_switched":0,"minimap":false,"phases":"pre>post 7.5, phys>proc 4.2","phys":19.5,"pipelines":0,"pos":"30,2.5,-17","proc":21.9,"steps":1,"stop":"start","t_ms":11336}
SPIKE {"added":{"GPUParticles3D":23,"MeshInstance3D":10,"Node3D":14,"OmniLight3D":7,"Timer":14},"awake":18,"cpu_render":3.0,"fades":0,"frame":23.1,"gpu":2.6,"lights_switched":7,"minimap":false,"phases":"pre>post 7.3, phys>proc 11.4","phys":19.5,"pipelines":0,"pos":"30,2.1,-16","proc":21.9,"steps":1,"stop":"start","t_ms":11442}
SPIKE {"added":{},"awake":18,"cpu_render":2.9,"fades":0,"frame":22.3,"gpu":2.6,"lights_switched":0,"minimap":false,"phases":"pre>post 8.0, phys>phys 4.4, phys>proc 3.3","phys":19.5,"pipelines":0,"pos":"30,2.0,-16","proc":21.9,"steps":2,"stop":"start","t_ms":11464}
SPIKE {"added":{},"awake":18,"cpu_render":3.1,"fades":0,"frame":20.4,"gpu":2.6,"lights_switched":0,"minimap":false,"phases":"pre>post 9.3, phys>proc 6.1","phys":19.5,"pipelines":0,"pos":"30,1.8,-15","proc":21.9,"steps":1,"stop":"start","t_ms":11513}
SPIKE {"added":{"Decal":1,"GPUParticles3D":24,"MeshInstance3D":13,"Node3D":14,"OmniLight3D":10,"Timer":14},"awake":18,"cpu_render":3.2,"fades":0,"frame":25.7,"gpu":2.4,"lights_switched":10,"minimap":false,"phases":"pre>post 5.3, phys>proc 11.4","phys":19.5,"pipelines":0,"pos":"30,1.3,-14","proc":21.9,"steps":1,"stop":"start","t_ms":11655}
SPIKE {"added":{"GPUParticles3D":1,"MeshInstance3D":3,"Node3D":3,"Node3D(projectile.gd)":2},"awake":18,"cpu_render":2.9,"fades":0,"frame":23.9,"gpu":2.3,"lights_switched":0,"minimap":false,"phases":"pre>post 7.1, phys>proc 5.2","phys":19.5,"pipelines":0,"pos":"30,0.4,-13","proc":21.9,"steps":1,"stop":"start","t_ms":11893}
SPIKE {"added":{},"awake":18,"cpu_render":3.1,"fades":0,"frame":20.1,"gpu":3.2,"lights_switched":1,"minimap":false,"phases":"pre>post 8.4, phys>proc 4.5","phys":19.5,"pipelines":0,"pos":"30,0.4,-13","proc":21.9,"steps":1,"stop":"start","t_ms":11913}
SPIKE {"added":{"Decal":1,"GPUParticles3D":27,"MeshInstance3D":12,"Node3D":17,"OmniLight3D":9,"Timer":16},"awake":18,"cpu_render":3.0,"fades":0,"frame":32.8,"gpu":3.2,"lights_switched":9,"minimap":false,"phases":"pre>post 9.0, phys>proc 17.3","phys":19.5,"pipelines":0,"pos":"30,0.3,-12","proc":21.9,"steps":1,"stop":"start","t_ms":11964}
SPIKE {"added":{"MeshInstance3D":2,"Node3D":2,"Node3D()":1,"Node3D(projectile.gd)":1},"awake":18,"cpu_render":3.3,"fades":0,"frame":24.6,"gpu":3.2,"lights_switched":0,"minimap":true,"phases":"pre>post 10.2, phys>phys 4.6, phys>proc 4.4","phys":19.5,"pipelines":0,"pos":"30,0.1,-12","proc":21.9,"steps":2,"stop":"start","t_ms":11989}
SPIKE {"added":{"GPUParticles3D":9,"MeshInstance3D":7,"Node3D":5,"OmniLight3D":4,"Timer":4},"awake":18,"cpu_render":4.5,"fades":0,"frame":28.1,"gpu":3.4,"lights_switched":4,"minimap":false,"phases":"pre>post 6.1, phys>phys 11.5, phys>proc 3.8","phys":19.5,"pipelines":0,"pos":"30,0.0,-12","proc":21.9,"steps":2,"stop":"start","t_ms":12017}
SPIKE {"added":{"GPUParticles3D":1,"MeshInstance3D":2,"Node3D":1,"Node3D(projectile.gd)":1,"OmniLight3D":1},"awake":18,"cpu_render":3.6,"fades":0,"frame":23.4,"gpu":3.3,"lights_switched":1,"minimap":false,"phases":"pre>post 8.5, phys>phys 5.3, phys>proc 4.5","phys":19.5,"pipelines":0,"pos":"30,0.0,-12","proc":21.9,"steps":2,"stop":"start","t_ms":12058}
SPIKE {"added":{},"awake":18,"cpu_render":2.9,"fades":0,"frame":26.1,"gpu":3.2,"lights_switched":0,"minimap":false,"phases":"pre>post 13.7, phys>proc 5.6","phys":19.5,"pipelines":0,"pos":"30,0.0,-11","proc":21.9,"steps":1,"stop":"start","t_ms":12084}
SPIKE {"added":{"GPUParticles3D":6,"MeshInstance3D":1,"Node3D":3,"OmniLight3D":2,"Timer":2},"awake":18,"cpu_render":6.4,"fades":0,"frame":26.9,"gpu":3.4,"lights_switched":2,"minimap":false,"phases":"pre>post 7.6, phys>phys 4.6, phys>proc 5.9","phys":19.5,"pipelines":0,"pos":"30,0.0,-11","proc":21.9,"steps":2,"stop":"start","t_ms":12111}
SPIKE {"added":{"GPUParticles3D":7,"MeshInstance3D":2,"Node3D":4,"OmniLight3D":1,"Timer":4},"awake":18,"cpu_render":2.9,"fades":0,"frame":21.6,"gpu":3.3,"lights_switched":1,"minimap":false,"phases":"pre>post 9.5, phys>proc 7.1","phys":19.5,"pipelines":0,"pos":"30,0.0,-11","proc":21.9,"steps":1,"stop":"start","t_ms":12132}
SPIKE {"added":{"Decal":1,"GPUParticles3D":27,"MeshInstance3D":13,"Node3D":17,"OmniLight3D":9,"Timer":16},"awake":18,"cpu_render":3.9,"fades":0,"frame":38.5,"gpu":3.5,"lights_switched":9,"minimap":false,"phases":"pre>post 6.6, phys>phys 4.0, phys>proc 20.7","phys":19.5,"pipelines":0,"pos":"30,0.0,-11","proc":21.9,"steps":2,"stop":"start","t_ms":12171}
SPIKE {"added":{},"awake":18,"cpu_render":3.8,"fades":0,"frame":28.5,"gpu":3.4,"lights_switched":0,"minimap":false,"phases":"pre>post 9.4, phys>phys 7.8, phys>proc 4.0","phys":19.5,"pipelines":0,"pos":"30,0.0,-11","proc":21.9,"steps":2,"stop":"start","t_ms":12199}
SPIKE {"added":{},"awake":18,"cpu_render":2.7,"fades":0,"frame":28.7,"gpu":3.3,"lights_switched":0,"minimap":false,"phases":"pre>post 10.7, phys>phys 5.7, phys>proc 3.3","phys":19.5,"pipelines":0,"pos":"30,0.0,-10","proc":21.9,"steps":2,"stop":"start","t_ms":12245}
SPIKE {"added":{"GPUParticles3D":23,"MeshInstance3D":11,"Node3D":14,"OmniLight3D":8,"Timer":14},"awake":18,"cpu_render":2.5,"fades":0,"frame":39.3,"gpu":3.6,"lights_switched":8,"minimap":false,"phases":"pre>post 7.7, phys>proc 24.1","phys":20.7,"pipelines":0,"pos":"30,0.0,-9","proc":20.3,"steps":1,"stop":"start","t_ms":12448}
SPIKE {"added":{},"awake":18,"cpu_render":3.7,"fades":0,"frame":21.8,"gpu":3.8,"lights_switched":0,"minimap":false,"phases":"pre>post 6.1, phys>phys 4.9, phys>proc 2.9","phys":20.7,"pipelines":0,"pos":"30,0.0,-8","proc":20.3,"steps":2,"stop":"start","t_ms":12470}
SPIKE {"added":{"Decal":1,"GPUParticles3D":20,"MeshInstance3D":11,"Node3D":12,"OmniLight3D":7,"Timer":12},"awake":18,"cpu_render":2.2,"fades":0,"frame":22.0,"gpu":4.3,"lights_switched":7,"minimap":false,"phases":"pre>post 5.2, phys>proc 10.5","phys":20.7,"pipelines":0,"pos":"29,0.0,-5","proc":20.3,"steps":1,"stop":"start","t_ms":12936}
SPIKE {"added":{},"awake":18,"cpu_render":3.2,"fades":0,"frame":24.0,"gpu":4.3,"lights_switched":1,"minimap":false,"phases":"pre>post 5.7, phys>proc 4.6","phys":20.7,"pipelines":0,"pos":"29,0.0,-5","proc":20.3,"steps":1,"stop":"start","t_ms":12960}
SPIKE {"added":{"Decal":1,"GPUParticles3D":15,"MeshInstance3D":9,"Node3D":10,"OmniLight3D":9,"Timer":7},"awake":18,"cpu_render":2.9,"fades":0,"frame":22.3,"gpu":4.4,"lights_switched":9,"minimap":false,"phases":"pre>post 6.3, phys>proc 12.0","phys":20.7,"pipelines":0,"pos":"29,0.0,-4","proc":20.3,"steps":1,"stop":"start","t_ms":13052}
SPIKE {"added":{"Decal":1,"GPUParticles3D":25,"MeshInstance3D":10,"Node3D":14,"OmniLight3D":5,"Timer":14},"awake":18,"cpu_render":3.2,"fades":0,"frame":20.9,"gpu":4.6,"lights_switched":5,"minimap":false,"phases":"pre>post 4.9, phys>proc 10.4","phys":20.7,"pipelines":0,"pos":"29,0.0,-4","proc":20.3,"steps":1,"stop":"start","t_ms":13167}
SPIKE {"added":{},"awake":18,"cpu_render":2.5,"fades":0,"frame":22.5,"gpu":4.6,"lights_switched":0,"minimap":false,"phases":"pre>post 6.6, phys>proc 6.8","phys":20.7,"pipelines":0,"pos":"29,0.0,-3","proc":20.3,"steps":1,"stop":"start","t_ms":13190}
SPIKE {"added":{"GPUParticles3D":1},"awake":18,"cpu_render":2.7,"fades":0,"frame":25.1,"gpu":4.9,"lights_switched":0,"minimap":false,"phases":"pre>post 4.2, phys>phys 3.3, phys>proc 11.1","phys":20.7,"pipelines":0,"pos":"29,0.0,-3","proc":20.3,"steps":2,"stop":"start","t_ms":13233}
SPIKE {"added":{},"awake":18,"cpu_render":2.3,"fades":0,"frame":22.4,"gpu":4.9,"lights_switched":0,"minimap":false,"phases":"pre>post 6.8, phys>proc 7.8","phys":20.7,"pipelines":20,"pos":"29,0.0,-3","proc":20.3,"steps":1,"stop":"start","t_ms":13255}
SPIKE {"added":{},"awake":18,"cpu_render":3.0,"fades":0,"frame":20.2,"gpu":4.7,"lights_switched":0,"minimap":false,"phases":"pre>post 6.7, phys>proc 4.7","phys":24.1,"pipelines":0,"pos":"29,0.0,-3","proc":19.3,"steps":1,"stop":"start","t_ms":13321}
SPIKE {"added":{"Decal":1,"GPUParticles3D":20,"MeshInstance3D":10,"Node3D":12,"OmniLight3D":6,"Timer":12},"awake":18,"cpu_render":2.2,"fades":0,"frame":20.8,"gpu":4.8,"lights_switched":6,"minimap":false,"phases":"pre>post 4.1, phys>proc 10.7","phys":24.1,"pipelines":0,"pos":"28,0.0,-2","proc":19.3,"steps":1,"stop":"start","t_ms":13439}
SPIKE {"added":{"GPUParticles3D":1,"MeshInstance3D":3,"Node3D":1,"Node3D(projectile.gd)":1},"awake":18,"cpu_render":3.5,"fades":0,"frame":24.9,"gpu":4.8,"lights_switched":0,"minimap":false,"phases":"pre>post 6.3, phys>proc 14.2","phys":24.1,"pipelines":0,"pos":"27,0.0,-2","proc":19.3,"steps":1,"stop":"start","t_ms":13622}
SPIKE {"added":{},"awake":18,"cpu_render":3.0,"fades":0,"frame":23.7,"gpu":4.9,"lights_switched":0,"minimap":false,"phases":"pre>post 4.9, phys>proc 12.1","phys":24.1,"pipelines":0,"pos":"27,0.0,-1","proc":19.3,"steps":1,"stop":"start","t_ms":13646}
SPIKE {"added":{"Decal":1,"GPUParticles3D":24,"MeshInstance3D":10,"Node3D":14,"OmniLight3D":5,"Timer":14},"awake":18,"cpu_render":2.6,"fades":0,"frame":27.4,"gpu":5.3,"lights_switched":5,"minimap":false,"phases":"pre>post 10.2, phys>proc 11.0","phys":24.1,"pipelines":8,"pos":"26,0.0,-1","proc":19.3,"steps":1,"stop":"start","t_ms":13673}
SPIKE {"added":{},"awake":18,"cpu_render":2.7,"fades":0,"frame":22.5,"gpu":4.9,"lights_switched":0,"minimap":true,"phases":"pre>post 5.7, phys>phys 4.8, phys>proc 2.9","phys":24.1,"pipelines":0,"pos":"26,0.0,-1","proc":19.3,"steps":2,"stop":"start","t_ms":13696}
SPIKE {"added":{"GPUParticles3D":23,"MeshInstance3D":11,"Node3D":14,"OmniLight3D":5,"Timer":14},"awake":18,"cpu_render":2.9,"fades":0,"frame":24.5,"gpu":5.2,"lights_switched":5,"minimap":false,"phases":"pre>post 6.5, phys>proc 14.2","phys":24.1,"pipelines":0,"pos":"23,0.0,1","proc":19.3,"steps":1,"stop":"start","t_ms":14165}
SPIKE {"added":{},"awake":18,"cpu_render":3.0,"fades":0,"frame":20.9,"gpu":4.8,"lights_switched":0,"minimap":false,"phases":"pre>post 6.6, phys>proc 6.0","phys":24.1,"pipelines":0,"pos":"23,0.0,1","proc":19.3,"steps":1,"stop":"start","t_ms":14186}
SPIKE {"added":{"GPUParticles3D":19,"MeshInstance3D":11,"Node3D":12,"Node3D()":1,"OmniLight3D":6,"Timer":12},"awake":18,"cpu_render":3.6,"fades":0,"frame":25.7,"gpu":5.7,"lights_switched":6,"minimap":false,"phases":"pre>post 4.6, phys>proc 14.9","phys":14.2,"pipelines":0,"pos":"22,0.0,2","proc":16.4,"steps":1,"stop":"start","t_ms":14451}
SPIKE {"added":{},"awake":23,"cpu_render":2.3,"fades":0,"frame":22.6,"gpu":3.3,"lights_switched":1,"minimap":false,"phases":"pre>post 7.6, phys>proc 6.0","phys":14.9,"pipelines":0,"pos":"14,0.0,6","proc":13.8,"steps":1,"stop":"start","t_ms":15653}
SPIKE {"added":{"Decal":2,"GPUParticles3D":37,"MeshInstance3D":13,"Node3D":18,"OmniLight3D":7,"Timer":18},"awake":23,"cpu_render":3.3,"fades":0,"frame":23.6,"gpu":3.8,"lights_switched":7,"minimap":false,"phases":"pre>post 5.7, phys>proc 14.7","phys":11.5,"pipelines":0,"pos":"16,0.0,5","proc":14.2,"steps":1,"stop":"descent","t_ms":23042}
SPIKE {"added":{"Decal":1,"GPUParticles3D":25,"MeshInstance3D":11,"Node3D":16,"OmniLight3D":6,"Timer":16},"awake":21,"cpu_render":3.4,"fades":0,"frame":23.1,"gpu":4.8,"lights_switched":6,"minimap":false,"phases":"pre>post 6.0, phys>proc 12.7","phys":14.7,"pipelines":0,"pos":"19,0.0,3","proc":14.3,"steps":1,"stop":"descent","t_ms":23548}
SPIKE {"added":{"GPUParticles3D":24,"MeshInstance3D":11,"Node3D":16,"OmniLight3D":6,"Timer":16},"awake":18,"cpu_render":3.4,"fades":0,"frame":23.0,"gpu":4.2,"lights_switched":6,"minimap":false,"phases":"pre>post 7.4, phys>proc 10.5","phys":14.7,"pipelines":0,"pos":"22,0.0,2","proc":14.3,"steps":1,"stop":"descent","t_ms":24036}
SPIKE {"added":{},"awake":18,"cpu_render":3.7,"fades":0,"frame":20.8,"gpu":4.3,"lights_switched":0,"minimap":false,"phases":"pre>post 7.6, phys>proc 5.1","phys":14.7,"pipelines":0,"pos":"22,0.0,2","proc":14.3,"steps":1,"stop":"descent","t_ms":24057}
SPIKE {"added":{},"awake":18,"cpu_render":3.1,"fades":0,"frame":21.0,"gpu":4.7,"lights_switched":0,"minimap":false,"phases":"pre>post 10.2, phys>proc 6.4","phys":12.8,"pipelines":0,"pos":"23,0.0,1","proc":15.9,"steps":1,"stop":"descent","t_ms":24392}
SPIKE {"added":{"Decal":1,"GPUParticles3D":5,"MeshInstance3D":4,"Node3D":3,"OmniLight3D":2,"Timer":3},"awake":18,"cpu_render":3.6,"fades":0,"frame":21.3,"gpu":4.4,"lights_switched":2,"minimap":false,"phases":"pre>post 7.9, phys>proc 9.3","phys":12.8,"pipelines":0,"pos":"23,0.0,1","proc":15.9,"steps":1,"stop":"descent","t_ms":24498}
SPIKE {"added":{},"awake":18,"cpu_render":3.3,"fades":0,"frame":20.4,"gpu":4.4,"lights_switched":0,"minimap":false,"phases":"pre>post 9.2, phys>proc 3.4","phys":12.8,"pipelines":0,"pos":"23,0.0,1","proc":15.9,"steps":1,"stop":"descent","t_ms":24519}
SPIKE {"added":{"GPUParticles3D":21,"MeshInstance3D":7,"Node3D":14,"OmniLight3D":3,"Timer":14},"awake":18,"cpu_render":3.3,"fades":0,"frame":24.9,"gpu":4.4,"lights_switched":3,"minimap":false,"phases":"pre>post 5.9, phys>proc 12.6","phys":12.8,"pipelines":0,"pos":"23,0.0,1","proc":15.9,"steps":1,"stop":"descent","t_ms":24559}
SPIKE {"added":{},"awake":18,"cpu_render":3.2,"fades":0,"frame":20.4,"gpu":4.5,"lights_switched":0,"minimap":false,"phases":"pre>post 9.3, phys>phys 4.4, phys>proc 2.3","phys":12.8,"pipelines":0,"pos":"23,0.0,1","proc":15.9,"steps":2,"stop":"descent","t_ms":24580}
SPIKE {"added":{"Decal":1,"GPUParticles3D":4,"MeshInstance3D":3,"Node3D":2,"OmniLight3D":2,"Timer":2},"awake":18,"cpu_render":3.9,"fades":0,"frame":20.7,"gpu":4.6,"lights_switched":3,"minimap":false,"phases":"pre>post 6.5, phys>proc 6.3","phys":12.8,"pipelines":0,"pos":"23,0.0,1","proc":15.9,"steps":1,"stop":"descent","t_ms":24883}
SPIKE {"added":{},"awake":18,"cpu_render":3.5,"fades":0,"frame":20.3,"gpu":4.7,"lights_switched":0,"minimap":false,"phases":"pre>post 6.7, phys>proc 3.6","phys":12.8,"pipelines":0,"pos":"23,0.0,1","proc":15.9,"steps":1,"stop":"descent","t_ms":24903}
SPIKE {"added":{"MeshInstance3D":1,"Node3D":2,"Node3D(projectile.gd)":1,"OmniLight3D":1},"awake":18,"cpu_render":3.4,"fades":0,"frame":21.1,"gpu":4.7,"lights_switched":1,"minimap":false,"phases":"pre>post 10.6, phys>proc 5.4","phys":12.8,"pipelines":0,"pos":"23,0.0,1","proc":15.9,"steps":1,"stop":"descent","t_ms":24969}
SPIKE {"added":{"GPUParticles3D":6,"MeshInstance3D":2,"Node3D":5,"Node3D(projectile.gd)":1,"OmniLight3D":2,"Timer":2},"awake":18,"cpu_render":3.2,"fades":0,"frame":20.1,"gpu":5.4,"lights_switched":2,"minimap":false,"phases":"pre>post 8.9, phys>proc 6.8","phys":12.6,"pipelines":0,"pos":"23,0.0,1","proc":16.9,"steps":1,"stop":"descent","t_ms":25293}
SPIKE {"added":{"GPUParticles3D":5,"MeshInstance3D":6,"Node3D":4,"OmniLight3D":4,"Timer":2},"awake":18,"cpu_render":3.1,"fades":0,"frame":37.6,"gpu":4.7,"lights_switched":4,"minimap":false,"phases":"pre>post 6.5, phys>proc 25.4","phys":12.6,"pipelines":0,"pos":"23,0.0,1","proc":16.9,"steps":1,"stop":"descent","t_ms":25431}
SPIKE {"added":{"GPUParticles3D":11,"MeshInstance3D":3,"Node3D":4,"Node3D()":1,"OmniLight3D":2,"Timer":4},"awake":18,"cpu_render":3.1,"fades":0,"frame":31.1,"gpu":5.0,"lights_switched":2,"minimap":false,"phases":"pre>post 11.4, phys>phys 6.9, phys>proc 7.5","phys":12.6,"pipelines":3,"pos":"23,0.0,1","proc":16.9,"steps":2,"stop":"descent","t_ms":25462}
SPIKE {"added":{"MeshInstance3D":1},"awake":18,"cpu_render":6.0,"fades":0,"frame":28.6,"gpu":4.8,"lights_switched":0,"minimap":false,"phases":"pre>post 8.1, phys>phys 6.4, phys>proc 5.3","phys":12.6,"pipelines":0,"pos":"23,0.0,1","proc":16.9,"steps":2,"stop":"descent","t_ms":25491}
SPIKE {"added":{},"awake":18,"cpu_render":4.7,"fades":0,"frame":25.6,"gpu":5.0,"lights_switched":0,"minimap":false,"phases":"pre>post 6.8, phys>phys 7.4, phys>proc 3.4","phys":12.6,"pipelines":0,"pos":"23,0.0,1","proc":16.9,"steps":2,"stop":"descent","t_ms":25516}
SPIKE {"added":{},"awake":18,"cpu_render":3.7,"fades":0,"frame":20.3,"gpu":4.9,"lights_switched":1,"minimap":false,"phases":"pre>post 8.1, phys>proc 4.4","phys":12.6,"pipelines":0,"pos":"23,0.0,1","proc":16.9,"steps":1,"stop":"descent","t_ms":25536}
SPIKE {"added":{"Decal":1,"GPUParticles3D":30,"MeshInstance3D":12,"Node3D":19,"OmniLight3D":9,"Timer":18},"awake":18,"cpu_render":3.4,"fades":0,"frame":44.0,"gpu":4.9,"lights_switched":9,"minimap":false,"phases":"pre>post 6.0, phys>phys 19.5, phys>proc 8.0","phys":12.6,"pipelines":0,"pos":"23,0.0,1","proc":16.9,"steps":2,"stop":"descent","t_ms":25580}
SPIKE {"added":{"MeshInstance3D":1,"Node3D":2,"Node3D(projectile.gd)":1},"awake":18,"cpu_render":3.2,"fades":0,"frame":25.6,"gpu":5.9,"lights_switched":0,"minimap":false,"phases":"pre>post 10.4, phys>phys 3.2, phys>proc 5.3","phys":12.6,"pipelines":0,"pos":"24,0.0,1","proc":16.9,"steps":2,"stop":"descent","t_ms":25606}
SPIKE {"added":{},"awake":18,"cpu_render":5.4,"fades":0,"frame":21.7,"gpu":5.1,"lights_switched":0,"minimap":false,"phases":"pre>post 5.9, phys>phys 5.1, phys>proc 3.8","phys":12.6,"pipelines":1,"pos":"24,0.0,1","proc":16.9,"steps":2,"stop":"descent","t_ms":25628}
SPIKE {"added":{"GPUParticles3D":6,"MeshInstance3D":1,"Node3D":2,"OmniLight3D":1,"Timer":2},"awake":18,"cpu_render":3.4,"fades":0,"frame":24.1,"gpu":5.2,"lights_switched":1,"minimap":false,"phases":"pre>post 9.1, phys>proc 4.3","phys":12.6,"pipelines":0,"pos":"24,0.0,1","proc":16.9,"steps":1,"stop":"descent","t_ms":25652}
SPIKE {"added":{},"awake":18,"cpu_render":3.2,"fades":0,"frame":22.9,"gpu":5.3,"lights_switched":1,"minimap":false,"phases":"pre>post 6.8, phys>phys 3.9, phys>proc 3.5","phys":12.6,"pipelines":0,"pos":"24,0.0,1","proc":16.9,"steps":2,"stop":"descent","t_ms":25726}
SPIKE {"added":{"Decal":1,"GPUParticles3D":21,"MeshInstance3D":9,"Node3D":12,"OmniLight3D":6,"Timer":12},"awake":18,"cpu_render":3.3,"fades":0,"frame":21.9,"gpu":5.7,"lights_switched":6,"minimap":false,"phases":"pre>post 6.6, phys>proc 12.1","phys":12.6,"pipelines":0,"pos":"25,0.0,-0","proc":16.9,"steps":1,"stop":"descent","t_ms":26031}
SPIKE {"added":{"GPUParticles3D":7,"MeshInstance3D":3,"Node3D":5,"Node3D(projectile.gd)":1,"OmniLight3D":2,"Timer":2},"awake":18,"cpu_render":3.0,"fades":0,"frame":22.6,"gpu":5.9,"lights_switched":2,"minimap":false,"phases":"pre>post 7.4, phys>proc 7.6","phys":12.6,"pipelines":0,"pos":"26,0.0,-0","proc":16.9,"steps":1,"stop":"descent","t_ms":26054}
SPIKE {"added":{"GPUParticles3D":69,"MeshInstance3D":22,"Node3D":29,"OmniLight3D":19,"Timer":24},"awake":18,"cpu_render":3.6,"fades":0,"frame":36.9,"gpu":5.0,"lights_switched":19,"minimap":false,"phases":"pre>post 7.3, phys>proc 25.0","phys":12.6,"pipelines":0,"pos":"26,0.0,-0","proc":16.9,"steps":1,"stop":"descent","t_ms":26185}
SPIKE {"added":{},"awake":18,"cpu_render":3.8,"fades":0,"frame":26.7,"gpu":5.0,"lights_switched":0,"minimap":false,"phases":"pre>post 10.9, phys>phys 5.5, phys>proc 3.1","phys":12.6,"pipelines":0,"pos":"26,0.0,-0","proc":16.9,"steps":2,"stop":"descent","t_ms":26211}
SPIKE {"added":{},"awake":18,"cpu_render":3.6,"fades":0,"frame":29.9,"gpu":5.3,"lights_switched":0,"minimap":false,"phases":"pre>post 9.9, phys>phys 4.6, phys>proc 5.9","phys":25.4,"pipelines":0,"pos":"26,0.0,-0","proc":19.7,"steps":2,"stop":"descent","t_ms":26365}
SPIKE {"added":{},"awake":18,"cpu_render":4.5,"fades":0,"frame":20.8,"gpu":5.4,"lights_switched":0,"minimap":false,"phases":"pre>post 7.1, phys>proc 5.3","phys":25.4,"pipelines":0,"pos":"26,0.0,-0","proc":19.7,"steps":1,"stop":"descent","t_ms":26386}
SPIKE {"added":{},"awake":18,"cpu_render":3.5,"fades":0,"frame":26.4,"gpu":5.2,"lights_switched":0,"minimap":false,"phases":"pre>post 8.4, phys>phys 4.6, phys>proc 2.9","phys":25.4,"pipelines":0,"pos":"26,0.0,-0","proc":19.7,"steps":2,"stop":"descent","t_ms":26412}
SPIKE {"added":{},"awake":18,"cpu_render":3.6,"fades":0,"frame":23.2,"gpu":5.2,"lights_switched":0,"minimap":false,"phases":"pre>post 8.0, phys>proc 3.7","phys":25.4,"pipelines":0,"pos":"26,0.0,-1","proc":19.7,"steps":1,"stop":"descent","t_ms":26435}
SPIKE {"added":{},"awake":18,"cpu_render":3.7,"fades":0,"frame":26.4,"gpu":5.1,"lights_switched":0,"minimap":false,"phases":"pre>post 9.0, phys>phys 5.6, phys>proc 3.0","phys":25.4,"pipelines":0,"pos":"26,0.0,-1","proc":19.7,"steps":2,"stop":"descent","t_ms":26462}
SPIKE {"added":{},"awake":18,"cpu_render":3.8,"fades":0,"frame":22.6,"gpu":5.3,"lights_switched":0,"minimap":false,"phases":"pre>post 9.4, phys>phys 3.6, phys>proc 3.8","phys":25.4,"pipelines":0,"pos":"27,0.0,-1","proc":19.7,"steps":2,"stop":"descent","t_ms":26518}
SPIKE {"added":{"Decal":1,"GPUParticles3D":22,"MeshInstance3D":6,"Node3D":10,"OmniLight3D":1,"Timer":10},"awake":18,"cpu_render":4.3,"fades":0,"frame":24.0,"gpu":5.3,"lights_switched":1,"minimap":false,"phases":"pre>post 9.0, phys>proc 10.7","phys":25.4,"pipelines":0,"pos":"27,0.0,-1","proc":19.7,"steps":1,"stop":"descent","t_ms":26542}
SPIKE {"added":{},"awake":18,"cpu_render":2.9,"fades":0,"frame":24.2,"gpu":5.3,"lights_switched":0,"minimap":true,"phases":"pre>post 9.0, phys>phys 4.9, phys>proc 3.0","phys":25.4,"pipelines":0,"pos":"27,0.0,-1","proc":19.7,"steps":2,"stop":"descent","t_ms":26566}
SPIKE {"added":{},"awake":18,"cpu_render":3.5,"fades":0,"frame":24.2,"gpu":6.3,"lights_switched":0,"minimap":false,"phases":"pre>post 10.1, phys>phys 6.0, phys>proc 3.1","phys":25.4,"pipelines":0,"pos":"27,0.0,-1","proc":19.7,"steps":2,"stop":"descent","t_ms":26630}
SPIKE {"added":{},"awake":18,"cpu_render":4.0,"fades":0,"frame":20.9,"gpu":6.5,"lights_switched":0,"minimap":false,"phases":"pre>post 9.2, phys>proc 5.7","phys":25.4,"pipelines":0,"pos":"27,0.0,-1","proc":19.7,"steps":1,"stop":"descent","t_ms":26651}
SPIKE {"added":{},"awake":18,"cpu_render":4.5,"fades":0,"frame":25.2,"gpu":5.2,"lights_switched":0,"minimap":false,"phases":"pre>post 9.7, phys>phys 4.1, phys>proc 4.2","phys":25.4,"pipelines":0,"pos":"27,0.0,-1","proc":19.7,"steps":2,"stop":"descent","t_ms":26676}
SPIKE {"added":{"GPUParticles3D":55,"MeshInstance3D":11,"Node3D":24,"OmniLight3D":8,"Timer":16},"awake":18,"cpu_render":3.6,"fades":0,"frame":36.8,"gpu":5.2,"lights_switched":8,"minimap":false,"phases":"pre>post 7.2, phys>proc 24.0","phys":25.4,"pipelines":0,"pos":"27,0.0,-1","proc":19.7,"steps":1,"stop":"descent","t_ms":26770}
SPIKE {"added":{"Decal":1,"GPUParticles3D":14,"MeshInstance3D":5,"Node3D":6,"Node3D()":1,"OmniLight3D":1,"Timer":6},"awake":18,"cpu_render":3.7,"fades":0,"frame":43.8,"gpu":5.2,"lights_switched":1,"minimap":false,"phases":"pre>post 15.6, phys>phys 8.1, phys>proc 13.6","phys":25.4,"pipelines":0,"pos":"27,0.0,-1","proc":19.7,"steps":2,"stop":"descent","t_ms":26814}
SPIKE {"added":{},"awake":18,"cpu_render":8.4,"fades":0,"frame":28.3,"gpu":5.4,"lights_switched":0,"minimap":false,"phases":"pre>post 10.9, phys>phys 5.4, phys>proc 3.6","phys":25.4,"pipelines":0,"pos":"27,0.0,-1","proc":19.7,"steps":2,"stop":"descent","t_ms":26842}
SPIKE {"added":{"Decal":1,"GPUParticles3D":8,"MeshInstance3D":3,"Node3D":3,"OmniLight3D":3,"Timer":2},"awake":18,"cpu_render":5.3,"fades":0,"frame":52.5,"gpu":5.8,"lights_switched":3,"minimap":false,"phases":"pre>post 6.9, phys>phys 34.5, phys>proc 4.8","phys":25.4,"pipelines":0,"pos":"27,0.0,-1","proc":19.7,"steps":2,"stop":"descent","t_ms":26894}
SPIKE {"added":{"GPUParticles3D":7,"MeshInstance3D":4,"Node3D":5,"Node3D(projectile.gd)":1,"OmniLight3D":3,"Timer":2},"awake":18,"cpu_render":3.8,"fades":0,"frame":34.3,"gpu":6.0,"lights_switched":3,"minimap":false,"phases":"pre>post 15.7, phys>phys 3.9, phys>phys 6.4, phys>proc 3.5","phys":25.4,"pipelines":3,"pos":"27,0.0,-1","proc":19.7,"steps":3,"stop":"descent","t_ms":26929}
SPIKE {"added":{"GPUParticles3D":6,"MeshInstance3D":1,"Node3D":3,"OmniLight3D":2,"Timer":2},"awake":18,"cpu_render":9.0,"fades":0,"frame":32.3,"gpu":5.8,"lights_switched":2,"minimap":false,"phases":"pre>post 9.3, phys>phys 3.9, phys>proc 7.1","phys":25.4,"pipelines":0,"pos":"27,0.0,-1","proc":19.7,"steps":2,"stop":"descent","t_ms":26961}
SPIKE {"added":{},"awake":18,"cpu_render":5.5,"fades":0,"frame":22.4,"gpu":6.3,"lights_switched":0,"minimap":false,"phases":"pre>post 9.0, phys>phys 4.0, phys>proc 2.7","phys":25.4,"pipelines":0,"pos":"27,0.0,-1","proc":19.7,"steps":2,"stop":"descent","t_ms":26984}
SPIKE {"added":{"GPUParticles3D":1,"MeshInstance3D":2,"Node3D":1,"Node3D(projectile.gd)":1},"awake":18,"cpu_render":5.4,"fades":0,"frame":20.9,"gpu":5.9,"lights_switched":0,"minimap":false,"phases":"pre>post 5.9, phys>phys 3.9, phys>proc 3.6","phys":25.4,"pipelines":0,"pos":"27,0.0,-1","proc":19.7,"steps":2,"stop":"descent","t_ms":27004}
SPIKE {"added":{"GPUParticles3D":19,"MeshInstance3D":6,"Node3D":10,"OmniLight3D":1,"Timer":10},"awake":18,"cpu_render":3.4,"fades":0,"frame":37.3,"gpu":5.5,"lights_switched":1,"minimap":false,"phases":"pre>post 12.1, phys>phys 6.2, phys>proc 10.5","phys":25.4,"pipelines":0,"pos":"27,0.0,-1","proc":19.7,"steps":2,"stop":"descent","t_ms":27042}
SPIKE {"added":{},"awake":18,"cpu_render":4.4,"fades":0,"frame":27.5,"gpu":5.8,"lights_switched":0,"minimap":false,"phases":"pre>post 11.4, phys>phys 4.7, phys>proc 2.9","phys":25.4,"pipelines":0,"pos":"27,0.0,-1","proc":19.7,"steps":2,"stop":"descent","t_ms":27069}
SPIKE {"added":{"MeshInstance3D":2,"Node3D":2,"Node3D()":1,"Node3D(projectile.gd)":1},"awake":18,"cpu_render":3.4,"fades":0,"frame":26.2,"gpu":5.8,"lights_switched":0,"minimap":false,"phases":"pre>post 9.9, phys>phys 5.3, phys>proc 3.9","phys":25.4,"pipelines":0,"pos":"27,0.0,-1","proc":19.7,"steps":2,"stop":"descent","t_ms":27115}
SPIKE {"added":{"Decal":1,"GPUParticles3D":43,"MeshInstance3D":9,"Node3D":18,"OmniLight3D":6,"Timer":12},"awake":18,"cpu_render":3.8,"fades":0,"frame":28.7,"gpu":5.7,"lights_switched":6,"minimap":false,"phases":"pre>post 8.9, phys>proc 16.5","phys":25.4,"pipelines":0,"pos":"27,0.0,-1","proc":19.7,"steps":1,"stop":"descent","t_ms":27191}
SPIKE {"added":{"Decal":2,"GPUParticles3D":34,"MeshInstance3D":22,"Node3D":31,"Node3D(loot_drop.gd)":3,"OmniLight3D":15,"Timer":14},"awake":16,"cpu_render":3.8,"fades":0,"frame":53.2,"gpu":5.7,"lights_switched":15,"minimap":false,"phases":"pre>post 11.8, phys>phys 22.5, phys>proc 5.4","phys":25.4,"pipelines":4,"pos":"27,0.0,-1","proc":19.7,"steps":2,"stop":"descent","t_ms":27244}
SPIKE {"added":{"Decal":1,"GPUParticles3D":5,"MeshInstance3D":3,"Node3D":2,"OmniLight3D":1,"Timer":2},"awake":16,"cpu_render":7.1,"fades":0,"frame":28.5,"gpu":6.4,"lights_switched":1,"minimap":false,"phases":"pre>post 10.8, phys>phys 6.9, phys>proc 4.1","phys":25.4,"pipelines":2,"pos":"27,0.0,-1","proc":19.7,"steps":2,"stop":"descent","t_ms":27273}
SPIKE {"added":{"GPUParticles3D":6,"MeshInstance3D":2,"Node3D":4,"OmniLight3D":1,"Timer":4},"awake":16,"cpu_render":6.9,"fades":0,"frame":26.9,"gpu":6.1,"lights_switched":1,"minimap":false,"phases":"pre>post 9.5, phys>phys 6.3, phys>proc 3.7","phys":34.5,"pipelines":0,"pos":"27,0.0,-1","proc":25.2,"steps":2,"stop":"descent","t_ms":27300}
SPIKE {"added":{},"awake":16,"cpu_render":5.4,"fades":0,"frame":21.0,"gpu":6.5,"lights_switched":0,"minimap":false,"phases":"pre>post 8.5, phys>proc 3.7","phys":34.5,"pipelines":0,"pos":"27,0.0,-1","proc":25.2,"steps":1,"stop":"descent","t_ms":27321}
SPIKE {"added":{"MeshInstance3D":3,"Node3D":6,"Node3D(projectile.gd)":3},"awake":16,"cpu_render":5.0,"fades":0,"frame":21.8,"gpu":6.7,"lights_switched":0,"minimap":false,"phases":"pre>post 5.7, phys>phys 6.2, phys>proc 3.5","phys":34.5,"pipelines":0,"pos":"27,0.0,-1","proc":25.2,"steps":2,"stop":"descent","t_ms":27342}
SPIKE {"added":{"MeshInstance3D":1,"Node3D":2,"Node3D(projectile.gd)":1},"awake":16,"cpu_render":3.5,"fades":0,"frame":23.0,"gpu":6.4,"lights_switched":0,"minimap":false,"phases":"pre>post 9.1, phys>phys 4.7, phys>proc 3.4","phys":34.5,"pipelines":0,"pos":"28,0.0,-1","proc":25.2,"steps":2,"stop":"descent","t_ms":27365}
SPIKE {"added":{},"awake":16,"cpu_render":3.5,"fades":0,"frame":21.0,"gpu":6.3,"lights_switched":0,"minimap":false,"phases":"pre>post 7.8, phys>phys 3.7, phys>proc 3.1","phys":34.5,"pipelines":0,"pos":"28,0.0,-2","proc":25.2,"steps":2,"stop":"descent","t_ms":27424}
SPIKE {"added":{"GPUParticles3D":5,"MeshInstance3D":2,"Node3D":3,"OmniLight3D":3,"Timer":2},"awake":16,"cpu_render":4.6,"fades":0,"frame":22.1,"gpu":5.9,"lights_switched":3,"minimap":false,"phases":"pre>post 9.8, phys>proc 6.5","phys":34.5,"pipelines":0,"pos":"28,0.0,-2","proc":25.2,"steps":1,"stop":"descent","t_ms":27466}
SPIKE {"added":{"GPUParticles3D":4,"MeshInstance3D":1,"Node3D":3,"OmniLight3D":1,"Timer":2},"awake":16,"cpu_render":4.8,"fades":0,"frame":21.6,"gpu":6.1,"lights_switched":1,"minimap":false,"phases":"pre>post 10.1, phys>proc 5.8","phys":34.5,"pipelines":0,"pos":"28,0.0,-2","proc":25.2,"steps":1,"stop":"descent","t_ms":27487}
SPIKE {"added":{},"awake":16,"cpu_render":5.2,"fades":0,"frame":29.1,"gpu":6.2,"lights_switched":0,"minimap":false,"phases":"pre>post 13.6, phys>phys 5.1, phys>proc 3.7","phys":34.5,"pipelines":0,"pos":"28,0.0,-2","proc":25.2,"steps":2,"stop":"descent","t_ms":27516}
SPIKE {"added":{"GPUParticles3D":19,"MeshInstance3D":6,"Node3D":10,"OmniLight3D":1,"Timer":10},"awake":16,"cpu_render":6.9,"fades":0,"frame":28.5,"gpu":6.2,"lights_switched":1,"minimap":false,"phases":"pre>post 9.5, phys>proc 13.2","phys":34.5,"pipelines":0,"pos":"28,0.0,-2","proc":25.2,"steps":1,"stop":"descent","t_ms":27545}
SPIKE {"added":{},"awake":16,"cpu_render":4.1,"fades":0,"frame":27.8,"gpu":5.9,"lights_switched":0,"minimap":false,"phases":"pre>post 11.3, phys>proc 5.9","phys":34.5,"pipelines":0,"pos":"29,0.0,-2","proc":25.2,"steps":1,"stop":"descent","t_ms":27573}
SPIKE {"added":{"MeshInstance3D":3,"Node3D()":3},"awake":16,"cpu_render":5.6,"fades":0,"frame":23.2,"gpu":6.5,"lights_switched":0,"minimap":false,"phases":"pre>post 9.1, phys>phys 5.6, phys>proc 3.3","phys":34.5,"pipelines":0,"pos":"29,0.0,-2","proc":25.2,"steps":2,"stop":"descent","t_ms":27596}
SPIKE {"added":{"GPUParticles3D":44,"MeshInstance3D":11,"Node3D":20,"OmniLight3D":5,"Timer":14},"awake":16,"cpu_render":3.5,"fades":0,"frame":39.2,"gpu":5.9,"lights_switched":5,"minimap":false,"phases":"pre>post 8.4, phys>phys 16.7, phys>proc 7.1","phys":34.5,"pipelines":0,"pos":"29,0.0,-3","proc":25.2,"steps":2,"stop":"descent","t_ms":27673}
SPIKE {"added":{"Decal":1,"GPUParticles3D":10,"MeshInstance3D":6,"Node3D":2,"OmniLight3D":1,"Timer":2},"awake":16,"cpu_render":3.7,"fades":0,"frame":84.8,"gpu":6.3,"lights_switched":1,"minimap":false,"phases":"pre>post 20.1, phys>phys 7.2, phys>phys 4.3, phys>proc 8.2","phys":34.5,"pipelines":9,"pos":"29,0.0,-3","proc":25.2,"steps":3,"stop":"descent","t_ms":27757}
SPIKE {"added":{"GPUParticles3D":5,"HBoxContainer":1,"Label":1,"MeshInstance3D":5,"Node3D":3,"Node3D()":3,"OmniLight3D":1,"PanelContainer":1,"TextureRect":1,"Timer":2},"awake":16,"cpu_render":12.7,"fades":0,"frame":86.7,"gpu":6.9,"lights_switched":1,"minimap":false,"phases":"pre>post 21.5, phys>phys 6.7, phys>phys 27.7, phys>proc 4.6","phys":34.5,"pipelines":0,"pos":"29,0.0,-3","proc":25.2,"steps":3,"stop":"descent","t_ms":27844}
SPIKE {"added":{"MeshInstance3D":3,"Node3D":6,"Node3D(projectile.gd)":3},"awake":16,"cpu_render":10.3,"fades":0,"frame":35.5,"gpu":6.7,"lights_switched":0,"minimap":false,"phases":"pre>post 13.4, phys>phys 6.6, phys>phys 3.9, phys>proc 3.3","phys":34.5,"pipelines":3,"pos":"29,0.0,-3","proc":25.2,"steps":3,"stop":"descent","t_ms":27880}
SPIKE {"added":{"GPUParticles3D":1},"awake":16,"cpu_render":8.8,"fades":0,"frame":30.4,"gpu":7.0,"lights_switched":0,"minimap":false,"phases":"pre>post 6.0, phys>phys 4.2, phys>proc 9.0","phys":34.5,"pipelines":0,"pos":"29,0.0,-3","proc":25.2,"steps":2,"stop":"descent","t_ms":27910}
SPIKE {"added":{"GPUParticles3D":1,"MeshInstance3D":2,"Node3D":1,"Node3D(projectile.gd)":1},"awake":16,"cpu_render":3.5,"fades":0,"frame":27.4,"gpu":6.3,"lights_switched":0,"minimap":false,"phases":"pre>post 11.6, phys>phys 4.5, phys>proc 4.8","phys":34.5,"pipelines":0,"pos":"29,0.0,-3","proc":25.2,"steps":2,"stop":"descent","t_ms":27937}
SPIKE {"added":{},"awake":16,"cpu_render":5.5,"fades":0,"frame":26.1,"gpu":6.6,"lights_switched":0,"minimap":false,"phases":"pre>post 9.3, phys>phys 6.0, phys>proc 2.9","phys":34.5,"pipelines":0,"pos":"29,0.0,-3","proc":25.2,"steps":2,"stop":"descent","t_ms":27964}
SPIKE {"added":{"Decal":1,"GPUParticles3D":7,"MeshInstance3D":2,"Node3D":6,"OmniLight3D":2,"Timer":4},"awake":16,"cpu_render":5.6,"fades":0,"frame":22.0,"gpu":6.5,"lights_switched":2,"minimap":false,"phases":"pre>post 5.9, phys>proc 6.9","phys":34.5,"pipelines":0,"pos":"29,0.0,-3","proc":25.2,"steps":1,"stop":"descent","t_ms":27986}
SPIKE {"added":{},"awake":16,"cpu_render":3.6,"fades":0,"frame":45.3,"gpu":6.2,"lights_switched":0,"minimap":false,"phases":"pre>post 11.5, phys>phys 13.8, phys>proc 7.5","phys":34.5,"pipelines":0,"pos":"29,0.0,-3","proc":25.2,"steps":2,"stop":"descent","t_ms":28031}
SPIKE {"added":{"GPUParticles3D":15,"MeshInstance3D":6,"Node3D":8,"OmniLight3D":2,"Timer":8},"awake":16,"cpu_render":5.1,"fades":0,"frame":29.5,"gpu":6.4,"lights_switched":2,"minimap":false,"phases":"pre>post 5.9, phys>phys 9.0, phys>proc 7.3","phys":34.5,"pipelines":0,"pos":"29,0.0,-3","proc":25.2,"steps":2,"stop":"descent","t_ms":28060}
SPIKE {"added":{},"awake":16,"cpu_render":3.4,"fades":0,"frame":37.8,"gpu":6.1,"lights_switched":0,"minimap":false,"phases":"pre>post 20.1, phys>phys 6.0, phys>proc 3.2","phys":34.5,"pipelines":0,"pos":"29,0.0,-3","proc":25.2,"steps":2,"stop":"descent","t_ms":28098}
SPIKE {"added":{"Decal":1,"GPUParticles3D":65,"MeshInstance3D":18,"Node3D":28,"OmniLight3D":9,"Timer":23},"awake":16,"cpu_render":3.4,"fades":0,"frame":53.1,"gpu":6.8,"lights_switched":9,"minimap":false,"phases":"pre>post 8.5, phys>phys 20.5, phys>proc 14.5","phys":34.5,"pipelines":0,"pos":"29,0.0,-3","proc":25.2,"steps":2,"stop":"descent","t_ms":28189}
SPIKE {"added":{},"awake":16,"cpu_render":3.3,"fades":0,"frame":26.1,"gpu":7.4,"lights_switched":0,"minimap":false,"phases":"pre>post 12.6, phys>phys 4.4, phys>proc 3.0","phys":34.5,"pipelines":0,"pos":"29,0.0,-3","proc":25.2,"steps":2,"stop":"descent","t_ms":28216}
SPIKE {"added":{},"awake":16,"cpu_render":3.3,"fades":0,"frame":21.4,"gpu":6.6,"lights_switched":0,"minimap":false,"phases":"pre>post 7.8, phys>phys 3.1, phys>proc 3.3","phys":27.7,"pipelines":0,"pos":"29,0.0,-3","proc":65.0,"steps":2,"stop":"descent","t_ms":28274}
SPIKE {"added":{},"awake":16,"cpu_render":3.2,"fades":0,"frame":20.2,"gpu":7.2,"lights_switched":0,"minimap":false,"phases":"pre>post 8.7, phys>proc 2.8","phys":27.7,"pipelines":0,"pos":"29,0.0,-3","proc":65.0,"steps":1,"stop":"descent","t_ms":28294}
SPIKE {"added":{"Decal":1,"GPUParticles3D":25,"MeshInstance3D":15,"Node3D":16,"OmniLight3D":10,"Timer":15},"awake":16,"cpu_render":4.1,"fades":0,"frame":27.5,"gpu":6.2,"lights_switched":10,"minimap":false,"phases":"pre>post 8.8, phys>proc 13.5","phys":27.7,"pipelines":0,"pos":"29,0.0,-3","proc":65.0,"steps":1,"stop":"descent","t_ms":28340}
SPIKE {"added":{},"awake":16,"cpu_render":3.6,"fades":0,"frame":22.6,"gpu":6.2,"lights_switched":0,"minimap":false,"phases":"pre>post 10.2, phys>phys 4.7, phys>proc 2.0","phys":27.7,"pipelines":0,"pos":"29,0.0,-3","proc":65.0,"steps":2,"stop":"descent","t_ms":28363}
SPIKE {"added":{"GPUParticles3D":15,"MeshInstance3D":5,"Node3D":8,"OmniLight3D":1,"Timer":8},"awake":16,"cpu_render":3.3,"fades":0,"frame":32.5,"gpu":6.5,"lights_switched":1,"minimap":false,"phases":"pre>post 7.7, phys>phys 3.8, phys>proc 7.1","phys":27.7,"pipelines":0,"pos":"29,0.0,-3","proc":65.0,"steps":2,"stop":"descent","t_ms":28531}
SPIKE {"added":{"MeshInstance3D":1,"Node3D":2,"Node3D(projectile.gd)":1},"awake":16,"cpu_render":3.5,"fades":0,"frame":22.5,"gpu":6.8,"lights_switched":0,"minimap":false,"phases":"pre>post 9.9, phys>proc 5.4","phys":27.7,"pipelines":0,"pos":"29,0.0,-3","proc":65.0,"steps":1,"stop":"descent","t_ms":28553}
SPIKE {"added":{"Decal":1,"GPUParticles3D":34,"MeshInstance3D":13,"Node3D":15,"OmniLight3D":5,"Timer":15},"awake":16,"cpu_render":3.3,"fades":0,"frame":28.2,"gpu":7.2,"lights_switched":5,"minimap":false,"phases":"pre>post 9.0, phys>proc 14.8","phys":27.7,"pipelines":0,"pos":"29,0.0,-3","proc":65.0,"steps":1,"stop":"descent","t_ms":28597}
SPIKE {"added":{},"awake":16,"cpu_render":3.2,"fades":0,"frame":25.3,"gpu":7.3,"lights_switched":0,"minimap":false,"phases":"pre>post 11.1, phys>proc 5.0","phys":27.7,"pipelines":0,"pos":"29,0.0,-3","proc":65.0,"steps":1,"stop":"descent","t_ms":28622}
SPIKE {"added":{"GPUParticles3D":35,"MeshInstance3D":7,"Node3D":16,"OmniLight3D":1,"Timer":11},"awake":16,"cpu_render":5.6,"fades":0,"frame":39.0,"gpu":7.1,"lights_switched":1,"minimap":false,"phases":"pre>post 7.6, phys>phys 18.7, phys>proc 4.3","phys":27.7,"pipelines":0,"pos":"29,0.0,-3","proc":65.0,"steps":2,"stop":"descent","t_ms":28661}
SPIKE {"added":{},"awake":16,"cpu_render":4.0,"fades":0,"frame":27.6,"gpu":7.3,"lights_switched":0,"minimap":false,"phases":"pre>post 14.8, phys>phys 4.4, phys>proc 3.9","phys":27.7,"pipelines":0,"pos":"29,0.0,-3","proc":65.0,"steps":2,"stop":"descent","t_ms":28689}
SPIKE {"added":{"GPUParticles3D":5,"MeshInstance3D":3,"Node3D":2,"OmniLight3D":2,"Timer":2},"awake":16,"cpu_render":7.3,"fades":0,"frame":26.9,"gpu":6.7,"lights_switched":2,"minimap":false,"phases":"pre>post 6.0, phys>phys 7.3, phys>proc 4.0","phys":27.7,"pipelines":0,"pos":"29,0.0,-3","proc":65.0,"steps":2,"stop":"descent","t_ms":28716}
SPIKE {"added":{"GPUParticles3D":2},"awake":16,"cpu_render":3.4,"fades":0,"frame":32.2,"gpu":7.7,"lights_switched":0,"minimap":false,"phases":"pre>post 11.6, phys>phys 5.0, phys>proc 3.7","phys":27.7,"pipelines":0,"pos":"29,0.0,-3","proc":65.0,"steps":2,"stop":"descent","t_ms":28748}
SPIKE {"added":{"GPUParticles3D":8,"MeshInstance3D":2,"Node3D":3,"OmniLight3D":3,"Timer":2},"awake":16,"cpu_render":4.9,"fades":0,"frame":26.4,"gpu":6.8,"lights_switched":3,"minimap":false,"phases":"pre>post 8.9, phys>proc 8.4","phys":27.7,"pipelines":0,"pos":"29,0.0,-3","proc":65.0,"steps":1,"stop":"descent","t_ms":28774}
SPIKE {"added":{"Decal":1,"GPUParticles3D":21,"MeshInstance3D":11,"Node3D":12,"OmniLight3D":7,"Timer":12},"awake":16,"cpu_render":4.9,"fades":0,"frame":48.9,"gpu":7.1,"lights_switched":7,"minimap":false,"phases":"pre>post 16.8, phys>phys 19.4, phys>proc 4.8","phys":27.7,"pipelines":0,"pos":"29,0.0,-3","proc":65.0,"steps":2,"stop":"descent","t_ms":28823}
SPIKE {"added":{},"awake":16,"cpu_render":9.2,"fades":0,"frame":41.5,"gpu":7.2,"lights_switched":0,"minimap":false,"phases":"pre>post 16.8, phys>phys 6.0, phys>phys 3.9, phys>proc 3.3","phys":27.7,"pipelines":0,"pos":"29,0.0,-3","proc":65.0,"steps":3,"stop":"descent","t_ms":28865}
SPIKE {"added":{"GPUParticles3D":4,"MeshInstance3D":2,"Node3D":2,"Timer":2},"awake":16,"cpu_render":9.3,"fades":0,"frame":26.9,"gpu":7.3,"lights_switched":0,"minimap":false,"phases":"pre>post 6.5, phys>phys 5.6, phys>proc 6.4","phys":27.7,"pipelines":0,"pos":"29,0.0,-3","proc":65.0,"steps":2,"stop":"descent","t_ms":28891}
SPIKE {"added":{"GPUParticles3D":1,"MeshInstance3D":1,"Node3D()":1},"awake":16,"cpu_render":3.8,"fades":0,"frame":36.1,"gpu":8.2,"lights_switched":0,"minimap":false,"phases":"pre>post 14.2, phys>phys 11.5, phys>proc 3.5","phys":27.7,"pipelines":0,"pos":"29,0.0,-3","proc":65.0,"steps":2,"stop":"descent","t_ms":28928}
SPIKE {"added":{},"awake":16,"cpu_render":6.4,"fades":0,"frame":26.7,"gpu":11.4,"lights_switched":0,"minimap":false,"phases":"pre>post 10.6, phys>phys 4.0, phys>proc 2.8","phys":27.7,"pipelines":0,"pos":"29,0.0,-3","proc":65.0,"steps":2,"stop":"descent","t_ms":28954}
SPIKE {"added":{},"awake":16,"cpu_render":7.0,"fades":0,"frame":24.2,"gpu":11.9,"lights_switched":0,"minimap":false,"phases":"pre>post 6.9, phys>phys 5.7, phys>proc 2.9","phys":27.7,"pipelines":0,"pos":"29,0.0,-3","proc":65.0,"steps":2,"stop":"descent","t_ms":28978}
SPIKE {"added":{"GPUParticles3D":1,"MeshInstance3D":2,"Node3D":1,"Node3D(projectile.gd)":1,"OmniLight3D":1},"awake":16,"cpu_render":3.9,"fades":0,"frame":21.1,"gpu":13.6,"lights_switched":1,"minimap":false,"phases":"pre>post 8.2, phys>proc 6.3","phys":27.7,"pipelines":0,"pos":"29,0.0,-3","proc":65.0,"steps":1,"stop":"descent","t_ms":29000}
SPIKE {"added":{},"awake":16,"cpu_render":4.0,"fades":0,"frame":27.1,"gpu":9.4,"lights_switched":0,"minimap":false,"phases":"pre>post 10.6, phys>phys 4.7, phys>proc 3.1","phys":27.7,"pipelines":0,"pos":"29,0.0,-3","proc":65.0,"steps":2,"stop":"descent","t_ms":29027}
SPIKE {"added":{"Decal":1,"GPUParticles3D":45,"MeshInstance3D":19,"Node3D":23,"OmniLight3D":8,"Timer":23},"awake":16,"cpu_render":4.6,"fades":0,"frame":36.1,"gpu":14.6,"lights_switched":8,"minimap":false,"phases":"pre>post 8.8, phys>proc 18.8","phys":27.7,"pipelines":0,"pos":"29,0.0,-3","proc":65.0,"steps":1,"stop":"descent","t_ms":29063}
SPIKE {"added":{},"awake":16,"cpu_render":5.1,"fades":0,"frame":28.1,"gpu":9.3,"lights_switched":0,"minimap":false,"phases":"pre>post 13.2, phys>phys 5.3, phys>proc 3.3","phys":27.7,"pipelines":0,"pos":"29,0.0,-3","proc":65.0,"steps":2,"stop":"descent","t_ms":29091}
SPIKE {"added":{},"awake":16,"cpu_render":7.4,"fades":0,"frame":20.3,"gpu":10.9,"lights_switched":0,"minimap":false,"phases":"pre>post 7.4, phys>phys 5.7, phys>proc 2.8","phys":27.7,"pipelines":0,"pos":"29,0.0,-3","proc":65.0,"steps":2,"stop":"descent","t_ms":29111}
SPIKE {"added":{},"awake":16,"cpu_render":3.4,"fades":0,"frame":20.7,"gpu":13.2,"lights_switched":0,"minimap":false,"phases":"pre>post 9.5, phys>proc 5.1","phys":27.7,"pipelines":0,"pos":"29,0.0,-3","proc":65.0,"steps":1,"stop":"descent","t_ms":29132}
SPIKE {"added":{"Decal":1,"GPUParticles3D":9,"MeshInstance3D":4,"Node3D":3,"Node3D()":1,"OmniLight3D":3,"Timer":2},"awake":16,"cpu_render":3.4,"fades":0,"frame":31.0,"gpu":11.6,"lights_switched":3,"minimap":false,"phases":"pre>post 10.8, phys>phys 8.9, phys>proc 4.3","phys":27.7,"pipelines":0,"pos":"29,0.0,-3","proc":65.0,"steps":2,"stop":"descent","t_ms":29202}
SPIKE {"added":{},"awake":16,"cpu_render":4.8,"fades":0,"frame":20.4,"gpu":11.4,"lights_switched":0,"minimap":false,"phases":"pre>post 8.7, phys>proc 3.7","phys":27.7,"pipelines":0,"pos":"29,0.0,-3","proc":65.0,"steps":1,"stop":"descent","t_ms":29222}
SPIKE {"added":{"GPUParticles3D":24,"MeshInstance3D":12,"Node3D":16,"Node3D(projectile.gd)":1,"OmniLight3D":6,"Timer":14},"awake":16,"cpu_render":5.2,"fades":0,"frame":27.5,"gpu":10.5,"lights_switched":6,"minimap":false,"phases":"pre>post 5.4, phys>proc 16.5","phys":27.7,"pipelines":0,"pos":"29,0.0,-3","proc":65.0,"steps":1,"stop":"descent","t_ms":29250}
SPIKE {"added":{},"awake":16,"cpu_render":3.5,"fades":0,"frame":27.8,"gpu":12.0,"lights_switched":0,"minimap":false,"phases":"pre>post 12.1, phys>phys 5.4, phys>proc 3.4","phys":19.4,"pipelines":0,"pos":"29,0.0,-3","proc":28.0,"steps":2,"stop":"descent","t_ms":29278}
SPIKE {"added":{},"awake":16,"cpu_render":3.8,"fades":0,"frame":23.8,"gpu":3.8,"lights_switched":0,"minimap":false,"phases":"pre>post 13.8, phys>proc 6.7","phys":19.4,"pipelines":0,"pos":"29,0.0,-3","proc":28.0,"steps":1,"stop":"descent","t_ms":29319}
SPIKE {"added":{"GPUParticles3D":4,"MeshInstance3D":2,"Node3D":2,"Timer":2},"awake":16,"cpu_render":4.6,"fades":0,"frame":26.0,"gpu":3.8,"lights_switched":0,"minimap":false,"phases":"pre>post 11.1, phys>phys 5.4, phys>proc 3.3","phys":19.4,"pipelines":0,"pos":"29,0.0,-3","proc":28.0,"steps":2,"stop":"descent","t_ms":29345}
SPIKE {"added":{},"awake":16,"cpu_render":3.7,"fades":0,"frame":23.4,"gpu":4.1,"lights_switched":0,"minimap":false,"phases":"pre>post 9.9, phys>proc 4.3","phys":19.4,"pipelines":0,"pos":"29,0.0,-3","proc":28.0,"steps":1,"stop":"descent","t_ms":29369}
SPIKE {"added":{"Decal":1,"GPUParticles3D":12,"MeshInstance3D":4,"Node3D":6,"OmniLight3D":1,"Timer":6},"awake":16,"cpu_render":3.5,"fades":0,"frame":21.0,"gpu":3.8,"lights_switched":1,"minimap":false,"phases":"pre>post 7.4, phys>proc 8.5","phys":19.4,"pipelines":0,"pos":"29,0.0,-3","proc":28.0,"steps":1,"stop":"descent","t_ms":29427}
SPIKE {"added":{"GPUParticles3D":4,"MeshInstance3D":1,"Node3D":2,"Timer":2},"awake":16,"cpu_render":3.5,"fades":0,"frame":24.4,"gpu":4.0,"lights_switched":0,"minimap":false,"phases":"pre>post 10.8, phys>proc 6.0","phys":19.4,"pipelines":0,"pos":"29,0.0,-3","proc":28.0,"steps":1,"stop":"descent","t_ms":29451}
SPIKE {"added":{},"awake":16,"cpu_render":5.3,"fades":0,"frame":21.7,"gpu":4.0,"lights_switched":1,"minimap":false,"phases":"pre>post 7.8, phys>phys 3.7, phys>proc 2.7","phys":19.4,"pipelines":0,"pos":"29,0.0,-3","proc":28.0,"steps":2,"stop":"descent","t_ms":29473}
SPIKE {"added":{"GPUParticles3D":15,"MeshInstance3D":6,"Node3D":8,"OmniLight3D":2,"Timer":8},"awake":16,"cpu_render":3.5,"fades":0,"frame":25.4,"gpu":4.2,"lights_switched":2,"minimap":false,"phases":"pre>post 7.7, phys>phys 4.0, phys>proc 7.9","phys":19.4,"pipelines":0,"pos":"29,0.0,-3","proc":28.0,"steps":2,"stop":"descent","t_ms":29549}
SPIKE {"added":{"MeshInstance3D":1,"Node3D":2,"Node3D(projectile.gd)":1,"OmniLight3D":1},"awake":16,"cpu_render":3.5,"fades":0,"frame":23.3,"gpu":4.5,"lights_switched":1,"minimap":false,"phases":"pre>post 9.6, phys>proc 5.5","phys":19.4,"pipelines":0,"pos":"29,0.0,-3","proc":28.0,"steps":1,"stop":"descent","t_ms":29573}
SPIKE {"added":{"GPUParticles3D":5,"MeshInstance3D":3,"Node3D":4,"Node3D(projectile.gd)":1,"OmniLight3D":1,"Timer":2},"awake":16,"cpu_render":3.4,"fades":0,"frame":24.7,"gpu":3.9,"lights_switched":1,"minimap":false,"phases":"pre>post 7.8, phys>phys 5.3, phys>proc 5.2","phys":19.4,"pipelines":0,"pos":"29,0.0,-3","proc":28.0,"steps":2,"stop":"descent","t_ms":29613}
SPIKE {"added":{},"awake":16,"cpu_render":3.3,"fades":0,"frame":22.4,"gpu":4.3,"lights_switched":0,"minimap":false,"phases":"pre>post 11.8, phys>proc 3.9","phys":19.4,"pipelines":0,"pos":"29,0.0,-3","proc":28.0,"steps":1,"stop":"descent","t_ms":29635}
SPIKE {"added":{"Decal":2,"GPUParticles3D":21,"MeshInstance3D":10,"Node3D":9,"OmniLight3D":5,"Timer":7},"awake":16,"cpu_render":3.4,"fades":0,"frame":34.9,"gpu":3.7,"lights_switched":5,"minimap":false,"phases":"pre>post 9.6, phys>phys 9.9, phys>proc 9.3","phys":19.4,"pipelines":0,"pos":"29,0.0,-3","proc":28.0,"steps":2,"stop":"descent","t_ms":29688}
SPIKE {"added":{"GPUParticles3D":5,"MeshInstance3D":2,"Node3D":2,"OmniLight3D":2,"Timer":2},"awake":16,"cpu_render":4.2,"fades":0,"frame":22.7,"gpu":4.2,"lights_switched":2,"minimap":false,"phases":"pre>post 9.1, phys>proc 6.8","phys":19.4,"pipelines":0,"pos":"29,0.0,-3","proc":28.0,"steps":1,"stop":"descent","t_ms":29711}
SPIKE {"added":{"GPUParticles3D":28,"MeshInstance3D":7,"Node3D":14,"OmniLight3D":3,"Timer":10},"awake":16,"cpu_render":5.4,"fades":0,"frame":29.2,"gpu":4.6,"lights_switched":3,"minimap":false,"phases":"pre>post 8.8, phys>proc 11.7","phys":19.4,"pipelines":0,"pos":"29,0.0,-3","proc":28.0,"steps":1,"stop":"descent","t_ms":29740}
SPIKE {"added":{"GPUParticles3D":5,"MeshInstance3D":1,"Node3D":2,"OmniLight3D":1,"Timer":2},"awake":16,"cpu_render":5.6,"fades":0,"frame":33.1,"gpu":4.0,"lights_switched":1,"minimap":false,"phases":"pre>post 10.7, phys>phys 5.5, phys>proc 5.8","phys":19.4,"pipelines":0,"pos":"29,0.0,-3","proc":28.0,"steps":2,"stop":"descent","t_ms":29773}
SPIKE {"added":{"GPUParticles3D":5,"MeshInstance3D":3,"Node3D":4,"Node3D(projectile.gd)":1,"OmniLight3D":2,"Timer":2},"awake":16,"cpu_render":6.7,"fades":0,"frame":30.4,"gpu":4.1,"lights_switched":2,"minimap":false,"phases":"pre>post 9.8, phys>phys 6.9, phys>proc 5.4","phys":19.4,"pipelines":0,"pos":"29,0.0,-3","proc":28.0,"steps":2,"stop":"descent","t_ms":29804}
SPIKE {"added":{"Decal":1,"GPUParticles3D":10,"MeshInstance3D":4,"Node3D":4,"OmniLight3D":3,"Timer":4},"awake":16,"cpu_render":5.8,"fades":0,"frame":54.4,"gpu":4.1,"lights_switched":3,"minimap":false,"phases":"pre>post 16.1, phys>phys 5.9, phys>phys 6.2, phys>proc 9.9","phys":19.4,"pipelines":0,"pos":"29,0.0,-3","proc":28.0,"steps":3,"stop":"descent","t_ms":29858}
SPIKE {"added":{"GPUParticles3D":2,"Node3D":1,"Timer":1},"awake":16,"cpu_render":8.4,"fades":0,"frame":33.5,"gpu":4.5,"lights_switched":0,"minimap":false,"phases":"pre>post 10.7, phys>phys 5.8, phys>proc 6.0","phys":19.4,"pipelines":0,"pos":"29,0.0,-3","proc":28.0,"steps":2,"stop":"descent","t_ms":29892}
SPIKE {"added":{"GPUParticles3D":2,"MeshInstance3D":1},"awake":16,"cpu_render":6.4,"fades":0,"frame":35.4,"gpu":4.3,"lights_switched":1,"minimap":false,"phases":"pre>post 10.1, phys>phys 10.6, phys>proc 3.8","phys":19.4,"pipelines":0,"pos":"29,0.0,-3","proc":28.0,"steps":2,"stop":"descent","t_ms":29927}
SPIKE {"added":{"GPUParticles3D":15,"MeshInstance3D":5,"Node3D":8,"OmniLight3D":2,"Timer":8},"awake":16,"cpu_render":6.4,"fades":0,"frame":44.6,"gpu":4.2,"lights_switched":2,"minimap":false,"phases":"pre>post 16.1, phys>phys 13.2, phys>phys 4.4, phys>proc 3.1","phys":19.4,"pipelines":0,"pos":"29,0.0,-3","proc":28.0,"steps":3,"stop":"descent","t_ms":29972}
SPIKE {"added":{"GPUParticles3D":1,"MeshInstance3D":5,"Node3D":7,"Node3D(projectile.gd)":4},"awake":16,"cpu_render":8.6,"fades":0,"frame":40.6,"gpu":4.3,"lights_switched":0,"minimap":false,"phases":"pre>post 18.6, phys>phys 7.1, phys>proc 5.1","phys":19.4,"pipelines":0,"pos":"29,0.0,-3","proc":28.0,"steps":2,"stop":"descent","t_ms":30012}
SPIKE {"added":{"GPUParticles3D":3,"MeshInstance3D":2,"Node3D":2,"Timer":2},"awake":16,"cpu_render":10.6,"fades":0,"frame":50.2,"gpu":4.1,"lights_switched":0,"minimap":false,"phases":"pre>post 17.5, phys>phys 5.9, phys>phys 6.8, phys>proc 5.7","phys":19.4,"pipelines":0,"pos":"29,0.0,-3","proc":28.0,"steps":3,"stop":"descent","t_ms":30063}
SPIKE {"added":{"GPUParticles3D":18,"MeshInstance3D":9,"Node3D":13,"Node3D(projectile.gd)":1,"OmniLight3D":4,"Timer":10},"awake":16,"cpu_render":8.8,"fades":0,"frame":45.9,"gpu":4.2,"lights_switched":4,"minimap":false,"phases":"pre>post 13.3, phys>phys 15.2, phys>phys 4.3, phys>proc 4.2","phys":19.4,"pipelines":0,"pos":"29,0.0,-3","proc":28.0,"steps":3,"stop":"descent","t_ms":30108}
SPIKE {"added":{},"awake":16,"cpu_render":5.8,"fades":0,"frame":33.3,"gpu":4.4,"lights_switched":1,"minimap":false,"phases":"pre>post 10.8, phys>phys 4.9, phys>proc 3.5","phys":19.4,"pipelines":0,"pos":"29,0.0,-3","proc":28.0,"steps":2,"stop":"descent","t_ms":30142}
SPIKE {"added":{},"awake":16,"cpu_render":6.5,"fades":0,"frame":33.4,"gpu":4.5,"lights_switched":0,"minimap":false,"phases":"pre>post 8.8, phys>phys 4.2, phys>phys 4.5, phys>proc 5.0","phys":19.4,"pipelines":0,"pos":"29,0.0,-3","proc":28.0,"steps":3,"stop":"descent","t_ms":30175}
SPIKE {"added":{},"awake":16,"cpu_render":5.3,"fades":0,"frame":33.1,"gpu":3.7,"lights_switched":0,"minimap":false,"phases":"pre>post 11.9, phys>phys 4.3, phys>proc 3.1","phys":19.4,"pipelines":0,"pos":"29,0.0,-3","proc":28.0,"steps":2,"stop":"descent","t_ms":30208}
SPIKE {"added":{"GPUParticles3D":29,"MeshInstance3D":8,"Node3D":14,"OmniLight3D":5,"Timer":10},"awake":16,"cpu_render":4.4,"fades":0,"frame":32.8,"gpu":4.0,"lights_switched":5,"minimap":false,"phases":"pre>post 9.6, phys>phys 10.8, phys>proc 6.1","phys":19.4,"pipelines":0,"pos":"29,0.0,-3","proc":28.0,"steps":2,"stop":"descent","t_ms":30241}
SPIKE {"added":{"MeshInstance3D":1,"Node3D":2,"Node3D(projectile.gd)":1,"OmniLight3D":1},"awake":16,"cpu_render":3.5,"fades":0,"frame":28.8,"gpu":3.7,"lights_switched":1,"minimap":false,"phases":"pre>post 11.4, phys>phys 4.3, phys>proc 4.2","phys":19.4,"pipelines":0,"pos":"29,0.0,-3","proc":28.0,"steps":2,"stop":"descent","t_ms":30270}
SPIKE {"added":{},"awake":16,"cpu_render":6.1,"fades":0,"frame":25.0,"gpu":4.0,"lights_switched":0,"minimap":false,"phases":"pre>post 6.3, phys>phys 5.2, phys>proc 3.2","phys":15.2,"pipelines":0,"pos":"29,0.0,-3","proc":32.3,"steps":2,"stop":"descent","t_ms":30295}
SPIKE {"added":{},"awake":16,"cpu_render":3.5,"fades":0,"frame":24.8,"gpu":4.0,"lights_switched":0,"minimap":false,"phases":"pre>post 13.1, phys>proc 5.4","phys":15.2,"pipelines":0,"pos":"29,0.0,-3","proc":32.3,"steps":1,"stop":"descent","t_ms":30320}
SPIKE {"added":{"GPUParticles3D":2,"MeshInstance3D":1,"Node3D":1,"Timer":1},"awake":16,"cpu_render":5.3,"fades":0,"frame":27.4,"gpu":3.7,"lights_switched":0,"minimap":false,"phases":"pre>post 9.5, phys>phys 3.3, phys>proc 5.1","phys":15.2,"pipelines":0,"pos":"29,0.0,-3","proc":32.3,"steps":2,"stop":"descent","t_ms":30347}
SPIKE {"added":{"Decal":3,"GPUParticles3D":22,"MeshInstance3D":12,"Node3D":11,"OmniLight3D":6,"Timer":11},"awake":16,"cpu_render":3.4,"fades":0,"frame":36.9,"gpu":3.7,"lights_switched":6,"minimap":false,"phases":"pre>post 9.2, phys>phys 9.6, phys>proc 11.9","phys":15.2,"pipelines":0,"pos":"29,0.0,-3","proc":32.3,"steps":2,"stop":"descent","t_ms":30422}
SPIKE {"added":{"GPUParticles3D":9,"MeshInstance3D":8,"Node3D":6,"OmniLight3D":2,"Timer":5},"awake":16,"cpu_render":4.3,"fades":0,"frame":33.0,"gpu":4.1,"lights_switched":2,"minimap":false,"phases":"pre>post 10.0, phys>proc 16.9","phys":15.2,"pipelines":0,"pos":"29,0.0,-3","proc":32.3,"steps":1,"stop":"descent","t_ms":30455}
SPIKE {"added":{"GPUParticles3D":5,"MeshInstance3D":1,"Node3D":2,"OmniLight3D":1,"Timer":2},"awake":16,"cpu_render":5.9,"fades":0,"frame":25.6,"gpu":4.1,"lights_switched":1,"minimap":false,"phases":"pre>post 8.6, phys>phys 6.8, phys>proc 4.3","phys":15.2,"pipelines":0,"pos":"29,0.0,-3","proc":32.3,"steps":2,"stop":"descent","t_ms":30481}
SPIKE {"added":{},"awake":16,"cpu_render":5.1,"fades":0,"frame":20.7,"gpu":4.3,"lights_switched":0,"minimap":false,"phases":"pre>post 10.0, phys>proc 3.8","phys":15.2,"pipelines":0,"pos":"29,0.0,-3","proc":32.3,"steps":1,"stop":"descent","t_ms":30502}
SPIKE {"added":{},"awake":16,"cpu_render":4.8,"fades":0,"frame":20.9,"gpu":4.0,"lights_switched":0,"minimap":false,"phases":"pre>post 5.8, phys>phys 3.4, phys>proc 5.1","phys":15.2,"pipelines":0,"pos":"29,0.0,-3","proc":32.3,"steps":2,"stop":"descent","t_ms":30523}
SPIKE {"added":{"GPUParticles3D":16,"MeshInstance3D":7,"Node3D":9,"Node3D(projectile.gd)":1,"OmniLight3D":1,"Timer":8},"awake":16,"cpu_render":3.4,"fades":0,"frame":27.8,"gpu":4.0,"lights_switched":1,"minimap":false,"phases":"pre>post 8.5, phys>phys 8.5, phys>proc 4.1","phys":15.2,"pipelines":0,"pos":"29,0.0,-3","proc":32.3,"steps":2,"stop":"descent","t_ms":30568}
SPIKE {"added":{"GPUParticles3D":1,"MeshInstance3D":1,"Node3D()":1},"awake":16,"cpu_render":3.4,"fades":0,"frame":27.4,"gpu":3.7,"lights_switched":0,"minimap":false,"phases":"pre>post 11.3, phys>proc 6.3","phys":15.2,"pipelines":0,"pos":"29,0.0,-3","proc":32.3,"steps":1,"stop":"descent","t_ms":30596}
SPIKE {"added":{"GPUParticles3D":5,"MeshInstance3D":1,"Node3D":2,"OmniLight3D":1,"Timer":2},"awake":16,"cpu_render":5.3,"fades":0,"frame":25.9,"gpu":4.0,"lights_switched":1,"minimap":false,"phases":"pre>post 8.5, phys>phys 5.9, phys>proc 3.5","phys":15.2,"pipelines":0,"pos":"29,0.0,-3","proc":32.3,"steps":2,"stop":"descent","t_ms":30622}
SPIKE {"added":{},"awake":16,"cpu_render":3.6,"fades":0,"frame":23.7,"gpu":4.3,"lights_switched":0,"minimap":false,"phases":"pre>post 7.9, phys>phys 3.3, phys>proc 3.2","phys":15.2,"pipelines":0,"pos":"29,0.0,-3","proc":32.3,"steps":2,"stop":"descent","t_ms":30679}
SPIKE {"added":{"GPUParticles3D":29,"MeshInstance3D":7,"Node3D":14,"OmniLight3D":4,"Timer":10},"awake":16,"cpu_render":3.4,"fades":0,"frame":25.2,"gpu":3.7,"lights_switched":4,"minimap":false,"phases":"pre>post 7.8, phys>proc 10.8","phys":15.2,"pipelines":0,"pos":"29,0.0,-3","proc":32.3,"steps":1,"stop":"descent","t_ms":30724}
SPIKE {"added":{},"awake":16,"cpu_render":3.4,"fades":0,"frame":25.8,"gpu":3.7,"lights_switched":0,"minimap":false,"phases":"pre>post 10.8, phys>phys 4.3, phys>proc 2.8","phys":15.2,"pipelines":0,"pos":"29,0.0,-3","proc":32.3,"steps":2,"stop":"descent","t_ms":30750}
SPIKE {"added":{"GPUParticles3D":15,"MeshInstance3D":8,"MeshInstance3D(weapon_trail.gd)":1,"Node3D":7,"OmniLight3D":4,"Timer":6},"awake":16,"cpu_render":3.3,"fades":0,"frame":22.8,"gpu":3.7,"lights_switched":4,"minimap":false,"phases":"pre>post 8.8, phys>proc 9.8","phys":15.2,"pipelines":0,"pos":"29,0.0,-3","proc":32.3,"steps":1,"stop":"descent","t_ms":30825}
SPIKE {"added":{"GPUParticles3D":2,"Node3D":1,"Timer":1},"awake":16,"cpu_render":3.3,"fades":0,"frame":24.8,"gpu":3.7,"lights_switched":0,"minimap":false,"phases":"pre>post 11.7, phys>phys 4.0, phys>proc 4.3","phys":15.2,"pipelines":0,"pos":"29,0.0,-3","proc":32.3,"steps":2,"stop":"descent","t_ms":30850}
SPIKE {"added":{"Decal":1,"GPUParticles3D":5,"MeshInstance3D":5,"Node3D":3,"OmniLight3D":2,"Timer":3},"awake":16,"cpu_render":5.4,"fades":0,"frame":27.7,"gpu":4.0,"lights_switched":2,"minimap":false,"phases":"pre>post 7.9, phys>proc 8.4","phys":15.2,"pipelines":0,"pos":"29,0.0,-3","proc":32.3,"steps":1,"stop":"descent","t_ms":30878}
SPIKE {"added":{},"awake":16,"cpu_render":4.4,"fades":0,"frame":21.1,"gpu":4.2,"lights_switched":0,"minimap":false,"phases":"pre>post 9.6, phys>proc 5.0","phys":15.2,"pipelines":0,"pos":"29,0.0,-3","proc":32.3,"steps":1,"stop":"descent","t_ms":30899}
SPIKE {"added":{"Decal":1,"GPUParticles3D":7,"MeshInstance3D":3,"Node3D":3,"OmniLight3D":2,"Timer":2},"awake":16,"cpu_render":5.4,"fades":0,"frame":21.7,"gpu":4.0,"lights_switched":2,"minimap":false,"phases":"pre>post 6.0, phys>proc 7.9","phys":15.2,"pipelines":0,"pos":"29,0.0,-3","proc":32.3,"steps":1,"stop":"descent","t_ms":30920}
SPIKE {"added":{"Decal":1,"GPUParticles3D":20,"MeshInstance3D":9,"Node3D":10,"OmniLight3D":4,"Timer":10},"awake":16,"cpu_render":3.7,"fades":0,"frame":49.5,"gpu":3.8,"lights_switched":4,"minimap":false,"phases":"pre>post 12.5, phys>phys 14.4, phys>proc 11.6","phys":15.2,"pipelines":0,"pos":"29,0.0,-3","proc":32.3,"steps":2,"stop":"descent","t_ms":30970}
SPIKE {"added":{"MeshInstance3D":1,"Node3D()":1},"awake":16,"cpu_render":6.2,"fades":0,"frame":35.1,"gpu":4.0,"lights_switched":2,"minimap":false,"phases":"pre>post 10.1, phys>phys 4.7, phys>phys 5.1, phys>proc 4.1","phys":15.2,"pipelines":0,"pos":"29,0.0,-3","proc":32.3,"steps":3,"stop":"descent","t_ms":31005}
SPIKE {"added":{"MeshInstance3D":1,"Node3D":2,"Node3D(projectile.gd)":1},"awake":16,"cpu_render":6.3,"fades":0,"frame":23.2,"gpu":4.2,"lights_switched":0,"minimap":false,"phases":"pre>post 6.5, phys>phys 6.2, phys>proc 3.9","phys":15.2,"pipelines":0,"pos":"29,0.0,-3","proc":32.3,"steps":2,"stop":"descent","t_ms":31028}
SPIKE {"added":{"GPUParticles3D":11,"MeshInstance3D":4,"Node3D":6,"OmniLight3D":1,"Timer":6},"awake":16,"cpu_render":3.9,"fades":0,"frame":28.8,"gpu":4.1,"lights_switched":1,"minimap":false,"phases":"pre>post 8.2, phys>phys 3.3, phys>proc 7.1","phys":15.2,"pipelines":0,"pos":"29,0.0,-3","proc":32.3,"steps":2,"stop":"descent","t_ms":31057}
SPIKE {"added":{},"awake":16,"cpu_render":3.5,"fades":0,"frame":25.7,"gpu":3.8,"lights_switched":0,"minimap":false,"phases":"pre>post 11.5, phys>phys 4.2, phys>proc 3.2","phys":15.2,"pipelines":0,"pos":"29,0.0,-3","proc":32.3,"steps":2,"stop":"descent","t_ms":31083}
SPIKE {"added":{"GPUParticles3D":18,"MeshInstance3D":5,"Node3D":8,"OmniLight3D":1,"Timer":8},"awake":16,"cpu_render":5.2,"fades":0,"frame":28.7,"gpu":4.1,"lights_switched":1,"minimap":false,"phases":"pre>post 6.2, phys>proc 12.3","phys":15.2,"pipelines":0,"pos":"29,0.0,-3","proc":32.3,"steps":1,"stop":"descent","t_ms":31111}
SPIKE {"added":{},"awake":16,"cpu_render":3.7,"fades":0,"frame":32.1,"gpu":6.0,"lights_switched":0,"minimap":false,"phases":"pre>post 12.3, phys>phys 5.4, phys>proc 5.1","phys":15.2,"pipelines":0,"pos":"29,0.0,-3","proc":32.3,"steps":2,"stop":"descent","t_ms":31143}
SPIKE {"added":{},"awake":16,"cpu_render":5.7,"fades":0,"frame":26.8,"gpu":6.1,"lights_switched":0,"minimap":false,"phases":"pre>post 7.4, phys>phys 5.5, phys>proc 2.9","phys":15.2,"pipelines":0,"pos":"29,0.0,-3","proc":32.3,"steps":2,"stop":"descent","t_ms":31170}
SPIKE {"added":{},"awake":16,"cpu_render":4.5,"fades":0,"frame":27.5,"gpu":5.6,"lights_switched":0,"minimap":false,"phases":"pre>post 9.7, phys>phys 5.5, phys>proc 4.2","phys":15.2,"pipelines":0,"pos":"29,0.0,-3","proc":32.3,"steps":2,"stop":"descent","t_ms":31198}
SPIKE {"added":{"GPUParticles3D":21,"MeshInstance3D":4,"Node3D":11,"Timer":8},"awake":16,"cpu_render":3.7,"fades":0,"frame":32.0,"gpu":5.6,"lights_switched":0,"minimap":false,"phases":"pre>post 9.3, phys>proc 15.0","phys":15.2,"pipelines":0,"pos":"29,0.0,-3","proc":32.3,"steps":1,"stop":"descent","t_ms":31230}
SPIKE {"added":{},"awake":16,"cpu_render":3.7,"fades":0,"frame":45.1,"gpu":5.5,"lights_switched":0,"minimap":false,"phases":"pre>post 22.6, phys>phys 7.5, phys>proc 3.4","phys":15.2,"pipelines":0,"pos":"29,0.0,-3","proc":32.3,"steps":2,"stop":"descent","t_ms":31275}
SPIKE {"added":{},"awake":16,"cpu_render":11.2,"fades":0,"frame":26.0,"gpu":5.9,"lights_switched":0,"minimap":false,"phases":"pre>post 7.0, phys>phys 3.9, phys>proc 4.6","phys":16.9,"pipelines":0,"pos":"29,0.0,-3","proc":34.1,"steps":2,"stop":"descent","t_ms":31301}
SPIKE {"added":{},"awake":16,"cpu_render":4.2,"fades":0,"frame":36.2,"gpu":5.7,"lights_switched":0,"minimap":false,"phases":"pre>post 14.3, phys>phys 5.6, phys>proc 3.2","phys":16.9,"pipelines":0,"pos":"29,0.0,-3","proc":34.1,"steps":2,"stop":"descent","t_ms":31337}
SPIKE {"added":{"GPUParticles3D":2,"Node3D":1,"Timer":1},"awake":16,"cpu_render":5.1,"fades":0,"frame":26.0,"gpu":5.7,"lights_switched":0,"minimap":false,"phases":"pre>post 9.1, phys>phys 3.4, phys>proc 4.3","phys":16.9,"pipelines":0,"pos":"29,0.0,-3","proc":34.1,"steps":2,"stop":"descent","t_ms":31363}
SPIKE {"added":{"MeshInstance3D":1,"Node3D":2,"Node3D(projectile.gd)":1},"awake":16,"cpu_render":3.5,"fades":0,"frame":24.0,"gpu":5.6,"lights_switched":0,"minimap":false,"phases":"pre>post 11.7, phys>proc 4.9","phys":16.9,"pipelines":0,"pos":"29,0.0,-3","proc":34.1,"steps":1,"stop":"descent","t_ms":31387}
SPIKE {"added":{"Decal":1,"GPUParticles3D":9,"MeshInstance3D":5,"Node3D":5,"OmniLight3D":4,"Timer":4},"awake":16,"cpu_render":4.8,"fades":0,"frame":29.6,"gpu":6.3,"lights_switched":4,"minimap":false,"phases":"pre>post 5.6, phys>phys 4.0, phys>proc 12.4","phys":16.9,"pipelines":0,"pos":"29,0.0,-3","proc":34.1,"steps":2,"stop":"descent","t_ms":31417}
SPIKE {"added":{"Decal":2,"GPUParticles3D":27,"MeshInstance3D":14,"Node3D":16,"Node3D(projectile.gd)":2,"OmniLight3D":5,"Timer":12},"awake":16,"cpu_render":3.4,"fades":0,"frame":42.0,"gpu":6.3,"lights_switched":5,"minimap":false,"phases":"pre>post 10.5, phys>phys 13.8, phys>proc 8.7","phys":16.9,"pipelines":0,"pos":"29,0.0,-3","proc":34.1,"steps":2,"stop":"descent","t_ms":31459}
SPIKE {"added":{"Decal":1,"GPUParticles3D":6,"MeshInstance3D":5,"Node3D":3,"OmniLight3D":3,"Timer":3},"awake":16,"cpu_render":4.8,"fades":0,"frame":39.1,"gpu":6.3,"lights_switched":3,"minimap":false,"phases":"pre>post 17.4, phys>phys 11.8, phys>proc 3.4","phys":16.9,"pipelines":0,"pos":"29,0.0,-3","proc":34.1,"steps":2,"stop":"descent","t_ms":31498}
SPIKE {"added":{"MeshInstance3D":1,"Node3D":2,"Node3D(projectile.gd)":1},"awake":16,"cpu_render":10.3,"fades":0,"frame":24.1,"gpu":6.6,"lights_switched":0,"minimap":false,"phases":"pre>post 9.4, phys>phys 4.8, phys>proc 3.4","phys":16.9,"pipelines":0,"pos":"29,0.0,-3","proc":34.1,"steps":2,"stop":"descent","t_ms":31522}
SPIKE {"added":{},"awake":16,"cpu_render":5.4,"fades":0,"frame":20.6,"gpu":6.4,"lights_switched":0,"minimap":false,"phases":"pre>post 5.9, phys>phys 3.9, phys>proc 2.5","phys":16.9,"pipelines":0,"pos":"29,0.0,-3","proc":34.1,"steps":2,"stop":"descent","t_ms":31543}
SPIKE {"added":{"Decal":1,"GPUParticles3D":8,"MeshInstance3D":3,"Node3D":4,"OmniLight3D":1,"Timer":4},"awake":16,"cpu_render":3.6,"fades":0,"frame":29.5,"gpu":6.3,"lights_switched":1,"minimap":false,"phases":"pre>post 13.1, phys>proc 8.2","phys":16.9,"pipelines":0,"pos":"29,0.0,-3","proc":34.1,"steps":1,"stop":"descent","t_ms":31572}
SPIKE {"added":{},"awake":16,"cpu_render":5.4,"fades":0,"frame":26.9,"gpu":5.9,"lights_switched":0,"minimap":false,"phases":"pre>post 10.9, phys>phys 5.4, phys>proc 3.6","phys":16.9,"pipelines":0,"pos":"29,0.0,-3","proc":34.1,"steps":2,"stop":"descent","t_ms":31599}
SPIKE {"added":{"Decal":1,"GPUParticles3D":18,"MeshInstance3D":7,"Node3D":10,"Node3D(projectile.gd)":1,"OmniLight3D":3,"Timer":8},"awake":16,"cpu_render":4.7,"fades":0,"frame":42.3,"gpu":6.2,"lights_switched":3,"minimap":false,"phases":"pre>post 10.2, phys>phys 16.7, phys>proc 7.3","phys":16.9,"pipelines":0,"pos":"29,0.0,-3","proc":34.1,"steps":2,"stop":"descent","t_ms":31641}
SPIKE {"added":{"Decal":1,"GPUParticles3D":11,"MeshInstance3D":4,"Node3D":4,"OmniLight3D":3,"Timer":4},"awake":16,"cpu_render":5.7,"fades":0,"frame":31.5,"gpu":6.3,"lights_switched":3,"minimap":false,"phases":"pre>post 11.3, phys>phys 7.9, phys>proc 4.2","phys":16.9,"pipelines":0,"pos":"29,0.0,-3","proc":34.1,"steps":2,"stop":"descent","t_ms":31673}
SPIKE {"added":{},"awake":16,"cpu_render":5.5,"fades":0,"frame":23.8,"gpu":6.3,"lights_switched":0,"minimap":false,"phases":"pre>post 8.7, phys>phys 3.7, phys>proc 5.0","phys":16.9,"pipelines":0,"pos":"29,0.0,-3","proc":34.1,"steps":2,"stop":"descent","t_ms":31696}
SPIKE {"added":{"GPUParticles3D":21,"MeshInstance3D":4,"Node3D":11,"Timer":8},"awake":16,"cpu_render":3.6,"fades":0,"frame":29.6,"gpu":6.2,"lights_switched":0,"minimap":false,"phases":"pre>post 10.0, phys>phys 9.5, phys>proc 4.3","phys":16.9,"pipelines":0,"pos":"29,0.0,-3","proc":34.1,"steps":2,"stop":"descent","t_ms":31746}
SPIKE {"added":{"GPUParticles3D":5,"MeshInstance3D":1,"Node3D":2,"OmniLight3D":1,"Timer":2},"awake":16,"cpu_render":4.6,"fades":0,"frame":27.4,"gpu":6.9,"lights_switched":1,"minimap":false,"phases":"pre>post 9.0, phys>phys 5.8, phys>proc 3.8","phys":16.9,"pipelines":0,"pos":"29,0.0,-3","proc":34.1,"steps":2,"stop":"descent","t_ms":31773}
SPIKE {"added":{},"awake":16,"cpu_render":5.6,"fades":0,"frame":26.4,"gpu":6.5,"lights_switched":0,"minimap":false,"phases":"pre>post 10.1, phys>phys 3.7, phys>proc 3.9","phys":16.9,"pipelines":0,"pos":"29,0.0,-3","proc":34.1,"steps":2,"stop":"descent","t_ms":31800}
SPIKE {"added":{"GPUParticles3D":7,"MeshInstance3D":2,"Node3D":3,"OmniLight3D":1,"Timer":3},"awake":16,"cpu_render":3.5,"fades":0,"frame":23.7,"gpu":6.1,"lights_switched":1,"minimap":false,"phases":"pre>post 8.1, phys>proc 6.8","phys":16.9,"pipelines":0,"pos":"29,0.0,-3","proc":34.1,"steps":1,"stop":"descent","t_ms":31857}
SPIKE {"added":{},"awake":16,"cpu_render":3.6,"fades":0,"frame":26.2,"gpu":6.4,"lights_switched":0,"minimap":false,"phases":"pre>post 9.8, phys>phys 3.6, phys>proc 2.6","phys":16.9,"pipelines":0,"pos":"29,0.0,-3","proc":34.1,"steps":2,"stop":"descent","t_ms":31883}
SPIKE {"added":{"Decal":2,"GPUParticles3D":28,"MeshInstance3D":13,"Node3D":14,"OmniLight3D":6,"Timer":14},"awake":16,"cpu_render":3.5,"fades":0,"frame":31.1,"gpu":6.2,"lights_switched":6,"minimap":false,"phases":"pre>post 9.9, phys>proc 15.0","phys":16.9,"pipelines":0,"pos":"29,0.0,-3","proc":34.1,"steps":1,"stop":"descent","t_ms":31933}
SPIKE {"added":{"Decal":1,"GPUParticles3D":4,"MeshInstance3D":2,"Node3D":2,"OmniLight3D":1,"Timer":2},"awake":16,"cpu_render":4.7,"fades":0,"frame":29.0,"gpu":6.9,"lights_switched":1,"minimap":false,"phases":"pre>post 9.6, phys>phys 8.3, phys>proc 3.7","phys":16.9,"pipelines":0,"pos":"29,0.0,-3","proc":34.1,"steps":2,"stop":"descent","t_ms":31962}
SPIKE {"added":{"MeshInstance3D":1},"awake":16,"cpu_render":6.2,"fades":0,"frame":20.3,"gpu":7.0,"lights_switched":0,"minimap":false,"phases":"pre>post 9.0, phys>proc 3.7","phys":16.9,"pipelines":0,"pos":"29,0.0,-3","proc":34.1,"steps":1,"stop":"descent","t_ms":31982}
SPIKE {"added":{},"awake":16,"cpu_render":3.4,"fades":0,"frame":22.4,"gpu":6.3,"lights_switched":0,"minimap":false,"phases":"pre>post 10.1, phys>phys 3.3, phys>proc 5.2","phys":16.9,"pipelines":0,"pos":"29,0.0,-3","proc":34.1,"steps":2,"stop":"descent","t_ms":32021}
SPIKE {"added":{"Decal":1,"GPUParticles3D":8,"MeshInstance3D":5,"Node3D":6,"Node3D(projectile.gd)":1,"OmniLight3D":2,"Timer":4},"awake":16,"cpu_render":3.7,"fades":0,"frame":28.5,"gpu":6.7,"lights_switched":2,"minimap":false,"phases":"pre>post 9.1, phys>proc 9.2","phys":16.9,"pipelines":0,"pos":"29,0.0,-3","proc":34.1,"steps":1,"stop":"descent","t_ms":32068}
SPIKE {"added":{},"awake":16,"cpu_render":4.1,"fades":0,"frame":28.8,"gpu":6.3,"lights_switched":0,"minimap":false,"phases":"pre>post 11.3, phys>phys 6.4, phys>proc 4.1","phys":16.9,"pipelines":0,"pos":"29,0.0,-3","proc":34.1,"steps":2,"stop":"descent","t_ms":32096}
SPIKE {"added":{"GPUParticles3D":19,"MeshInstance3D":7,"Node3D":10,"OmniLight3D":3,"Timer":10},"awake":16,"cpu_render":5.1,"fades":0,"frame":24.0,"gpu":7.1,"lights_switched":3,"minimap":false,"phases":"pre>post 6.3, phys>proc 10.9","phys":16.9,"pipelines":0,"pos":"29,0.0,-3","proc":34.1,"steps":1,"stop":"descent","t_ms":32121}
SPIKE {"added":{},"awake":16,"cpu_render":4.1,"fades":0,"frame":25.8,"gpu":6.4,"lights_switched":0,"minimap":false,"phases":"pre>post 10.9, phys>phys 5.0, phys>proc 3.0","phys":16.9,"pipelines":0,"pos":"29,0.0,-3","proc":34.1,"steps":2,"stop":"descent","t_ms":32146}
SPIKE {"added":{},"awake":16,"cpu_render":5.6,"fades":0,"frame":20.2,"gpu":6.7,"lights_switched":0,"minimap":false,"phases":"pre>post 6.0, phys>proc 3.3","phys":16.9,"pipelines":0,"pos":"29,0.0,-3","proc":34.1,"steps":1,"stop":"descent","t_ms":32167}
SPIKE {"added":{},"awake":16,"cpu_render":3.3,"fades":0,"frame":20.9,"gpu":6.3,"lights_switched":0,"minimap":false,"phases":"pre>post 10.1, phys>phys 3.7, phys>proc 2.9","phys":16.9,"pipelines":0,"pos":"29,0.0,-3","proc":34.1,"steps":2,"stop":"descent","t_ms":32205}
SPIKE {"added":{"GPUParticles3D":22,"MeshInstance3D":5,"Node3D":11,"OmniLight3D":2,"Timer":8},"awake":16,"cpu_render":3.9,"fades":0,"frame":26.4,"gpu":6.7,"lights_switched":2,"minimap":false,"phases":"pre>post 7.4, phys>proc 11.3","phys":16.9,"pipelines":0,"pos":"29,0.0,-3","proc":34.1,"steps":1,"stop":"descent","t_ms":32231}
SPIKE {"added":{},"awake":16,"cpu_render":3.3,"fades":0,"frame":35.0,"gpu":8.3,"lights_switched":0,"minimap":false,"phases":"pre>post 17.3, phys>phys 4.5, phys>proc 3.9","phys":16.9,"pipelines":0,"pos":"29,0.0,-3","proc":34.1,"steps":2,"stop":"descent","t_ms":32266}
SPIKE {"added":{},"awake":16,"cpu_render":3.6,"fades":0,"frame":25.3,"gpu":6.5,"lights_switched":0,"minimap":false,"phases":"pre>post 8.8, phys>phys 3.7, phys>proc 3.9","phys":16.7,"pipelines":0,"pos":"29,0.0,-3","proc":27.3,"steps":2,"stop":"descent","t_ms":32309}
SPIKE {"added":{"GPUParticles3D":4,"MeshInstance3D":4,"Node3D":3,"OmniLight3D":1,"Timer":3},"awake":16,"cpu_render":3.5,"fades":0,"frame":32.1,"gpu":6.9,"lights_switched":1,"minimap":false,"phases":"pre>post 15.1, phys>proc 10.0","phys":16.7,"pipelines":0,"pos":"29,0.0,-3","proc":27.3,"steps":1,"stop":"descent","t_ms":32341}
SPIKE {"added":{"GPUParticles3D":2,"Node3D":1,"Timer":1},"awake":16,"cpu_render":6.9,"fades":0,"frame":30.1,"gpu":6.4,"lights_switched":0,"minimap":false,"phases":"pre>post 11.5, phys>phys 3.9, phys>proc 5.4","phys":16.7,"pipelines":0,"pos":"29,0.0,-3","proc":27.3,"steps":2,"stop":"descent","t_ms":32371}
SPIKE {"added":{},"awake":16,"cpu_render":5.9,"fades":0,"frame":26.1,"gpu":6.7,"lights_switched":0,"minimap":false,"phases":"pre>post 9.5, phys>phys 5.7, phys>proc 3.3","phys":16.7,"pipelines":0,"pos":"29,0.0,-3","proc":27.3,"steps":2,"stop":"descent","t_ms":32397}
SPIKE {"added":{"Decal":1,"GPUParticles3D":27,"MeshInstance3D":13,"Node3D":14,"OmniLight3D":6,"Timer":14},"awake":16,"cpu_render":3.7,"fades":0,"frame":38.5,"gpu":6.4,"lights_switched":6,"minimap":false,"phases":"pre>post 9.0, phys>phys 15.2, phys>proc 7.3","phys":16.7,"pipelines":0,"pos":"29,0.0,-3","proc":27.3,"steps":2,"stop":"descent","t_ms":32455}
SPIKE {"added":{},"awake":16,"cpu_render":3.6,"fades":0,"frame":29.3,"gpu":6.8,"lights_switched":0,"minimap":false,"phases":"pre>post 11.8, phys>phys 3.8, phys>proc 3.0","phys":16.7,"pipelines":0,"pos":"29,0.0,-3","proc":27.3,"steps":2,"stop":"descent","t_ms":32484}
SPIKE {"added":{"MeshInstance3D":1,"OmniLight3D":1},"awake":16,"cpu_render":3.5,"fades":0,"frame":26.5,"gpu":6.7,"lights_switched":1,"minimap":false,"phases":"pre>post 8.6, phys>phys 3.9, phys>proc 7.0","phys":16.7,"pipelines":0,"pos":"29,0.0,-3","proc":27.3,"steps":2,"stop":"descent","t_ms":32528}
SPIKE {"added":{"MeshInstance3D":1,"Node3D":2,"Node3D(projectile.gd)":1},"awake":16,"cpu_render":3.7,"fades":0,"frame":25.6,"gpu":7.7,"lights_switched":0,"minimap":false,"phases":"pre>post 11.5, phys>proc 7.2","phys":16.7,"pipelines":0,"pos":"29,0.0,-3","proc":27.3,"steps":1,"stop":"descent","t_ms":32553}
SPIKE {"added":{"Decal":1,"GPUParticles3D":8,"MeshInstance3D":4,"Node3D":4,"OmniLight3D":2,"Timer":4},"awake":16,"cpu_render":3.8,"fades":0,"frame":33.8,"gpu":6.7,"lights_switched":2,"minimap":false,"phases":"pre>post 9.1, phys>phys 11.0, phys>proc 3.8","phys":16.7,"pipelines":0,"pos":"29,0.0,-3","proc":27.3,"steps":2,"stop":"descent","t_ms":32587}
SPIKE {"added":{"Decal":1,"GPUParticles3D":18,"MeshInstance3D":7,"Node3D":8,"OmniLight3D":3,"Timer":8},"awake":16,"cpu_render":3.8,"fades":0,"frame":35.8,"gpu":6.7,"lights_switched":3,"minimap":false,"phases":"pre>post 12.8, phys>phys 5.1, phys>proc 11.1","phys":16.7,"pipelines":0,"pos":"29,0.0,-3","proc":27.3,"steps":2,"stop":"descent","t_ms":32623}
SPIKE {"added":{},"awake":16,"cpu_render":5.4,"fades":0,"frame":24.4,"gpu":7.0,"lights_switched":0,"minimap":false,"phases":"pre>post 9.8, phys>phys 4.9, phys>proc 2.9","phys":16.7,"pipelines":0,"pos":"29,0.0,-3","proc":27.3,"steps":2,"stop":"descent","t_ms":32647}
SPIKE {"added":{"GPUParticles3D":2},"awake":16,"cpu_render":5.7,"fades":0,"frame":20.2,"gpu":7.1,"lights_switched":0,"minimap":false,"phases":"pre>post 5.8, phys>proc 4.1","phys":16.7,"pipelines":0,"pos":"29,0.0,-3","proc":27.3,"steps":1,"stop":"descent","t_ms":32667}
SPIKE {"added":{"GPUParticles3D":3,"MeshInstance3D":3,"Node3D":4,"Node3D(projectile.gd)":1,"Timer":2},"awake":16,"cpu_render":3.4,"fades":0,"frame":32.9,"gpu":6.7,"lights_switched":0,"minimap":false,"phases":"pre>post 13.8, phys>phys 6.2, phys>proc 6.9","phys":16.7,"pipelines":0,"pos":"29,0.0,-3","proc":27.3,"steps":2,"stop":"descent","t_ms":32700}
SPIKE {"added":{"GPUParticles3D":22,"MeshInstance3D":6,"Node3D":11,"OmniLight3D":3,"Timer":8},"awake":16,"cpu_render":4.5,"fades":0,"frame":28.6,"gpu":9.1,"lights_switched":3,"minimap":false,"phases":"pre>post 7.8, phys>phys 4.1, phys>proc 9.1","phys":16.7,"pipelines":0,"pos":"29,0.0,-3","proc":27.3,"steps":2,"stop":"descent","t_ms":32729}
SPIKE {"added":{},"awake":16,"cpu_render":4.6,"fades":0,"frame":24.3,"gpu":7.4,"lights_switched":0,"minimap":false,"phases":"pre>post 9.1, phys>proc 4.7","phys":16.7,"pipelines":0,"pos":"29,0.0,-3","proc":27.3,"steps":1,"stop":"descent","t_ms":32753}
SPIKE {"added":{},"awake":16,"cpu_render":5.6,"fades":0,"frame":20.2,"gpu":7.5,"lights_switched":0,"minimap":false,"phases":"pre>post 6.1, phys>phys 3.7, phys>proc 3.7","phys":16.7,"pipelines":0,"pos":"29,0.0,-3","proc":27.3,"steps":2,"stop":"descent","t_ms":32774}
SPIKE {"added":{},"awake":16,"cpu_render":3.5,"fades":0,"frame":21.3,"gpu":7.8,"lights_switched":0,"minimap":false,"phases":"pre>post 8.4, phys>phys 3.3, phys>proc 2.6","phys":16.7,"pipelines":0,"pos":"29,0.0,-3","proc":27.3,"steps":2,"stop":"descent","t_ms":32795}
SPIKE {"added":{},"awake":16,"cpu_render":3.9,"fades":0,"frame":22.2,"gpu":6.6,"lights_switched":0,"minimap":false,"phases":"pre>post 9.2, phys>proc 4.1","phys":16.7,"pipelines":0,"pos":"29,0.0,-3","proc":27.3,"steps":1,"stop":"descent","t_ms":32837}
SPIKE {"added":{"GPUParticles3D":2,"Node3D":1,"Timer":1},"awake":16,"cpu_render":3.5,"fades":0,"frame":21.6,"gpu":7.4,"lights_switched":0,"minimap":false,"phases":"pre>post 8.8, phys>phys 4.3, phys>proc 3.0","phys":16.7,"pipelines":0,"pos":"29,0.0,-3","proc":27.3,"steps":2,"stop":"descent","t_ms":32876}
SPIKE {"added":{"MeshInstance3D":1,"Node3D":2,"Node3D(projectile.gd)":1},"awake":16,"cpu_render":3.3,"fades":0,"frame":21.0,"gpu":7.9,"lights_switched":0,"minimap":false,"phases":"pre>post 9.3, phys>proc 4.5","phys":16.7,"pipelines":0,"pos":"29,0.0,-3","proc":27.3,"steps":1,"stop":"descent","t_ms":32897}
SPIKE {"added":{"Decal":2,"GPUParticles3D":36,"MeshInstance3D":15,"Node3D":19,"Node3D(projectile.gd)":1,"OmniLight3D":4,"Timer":17},"awake":16,"cpu_render":4.8,"fades":0,"frame":30.8,"gpu":6.9,"lights_switched":4,"minimap":false,"phases":"pre>post 5.9, phys>proc 17.1","phys":16.7,"pipelines":0,"pos":"29,0.0,-3","proc":27.3,"steps":1,"stop":"descent","t_ms":32927}
SPIKE {"added":{},"awake":16,"cpu_render":3.6,"fades":0,"frame":30.0,"gpu":6.7,"lights_switched":0,"minimap":false,"phases":"pre>post 11.4, phys>phys 5.4, phys>proc 3.7","phys":16.7,"pipelines":0,"pos":"29,0.0,-3","proc":27.3,"steps":2,"stop":"descent","t_ms":32957}
SPIKE {"added":{},"awake":16,"cpu_render":3.5,"fades":0,"frame":20.5,"gpu":7.5,"lights_switched":0,"minimap":false,"phases":"pre>post 9.3, phys>phys 3.9, phys>proc 3.2","phys":16.7,"pipelines":0,"pos":"29,0.0,-3","proc":27.3,"steps":2,"stop":"descent","t_ms":33012}
SPIKE {"added":{},"awake":16,"cpu_render":3.4,"fades":0,"frame":20.2,"gpu":7.6,"lights_switched":0,"minimap":false,"phases":"pre>post 8.2, phys>proc 3.4","phys":16.7,"pipelines":0,"pos":"29,0.0,-3","proc":27.3,"steps":1,"stop":"descent","t_ms":33032}
SPIKE {"added":{"GPUParticles3D":4,"MeshInstance3D":1,"Node3D":2,"Timer":2},"awake":16,"cpu_render":3.6,"fades":0,"frame":20.0,"gpu":6.7,"lights_switched":0,"minimap":false,"phases":"pre>post 8.0, phys>proc 4.9","phys":16.7,"pipelines":0,"pos":"29,0.0,-3","proc":27.3,"steps":1,"stop":"descent","t_ms":33052}
SPIKE {"added":{},"awake":16,"cpu_render":3.4,"fades":0,"frame":21.7,"gpu":6.7,"lights_switched":0,"minimap":false,"phases":"pre>post 9.3, phys>proc 4.2","phys":16.7,"pipelines":0,"pos":"29,0.0,-3","proc":27.3,"steps":1,"stop":"descent","t_ms":33074}
SPIKE {"added":{"Decal":1,"GPUParticles3D":21,"MeshInstance3D":16,"Node3D":27,"Node3D(loot_drop.gd)":3,"Node3D(projectile.gd)":1,"OmniLight3D":5,"Timer":12},"awake":16,"cpu_render":4.6,"fades":0,"frame":39.2,"gpu":8.2,"lights_switched":5,"minimap":false,"phases":"pre>post 7.4, phys>phys 8.5, phys>proc 19.0","phys":16.7,"pipelines":0,"pos":"29,0.0,-3","proc":27.3,"steps":2,"stop":"descent","t_ms":33113}
SPIKE {"added":{"MeshInstance3D":2,"Node3D()":1},"awake":15,"cpu_render":3.3,"fades":0,"frame":24.1,"gpu":8.3,"lights_switched":0,"minimap":false,"phases":"pre>post 10.1, phys>proc 5.3","phys":16.7,"pipelines":0,"pos":"29,0.0,-3","proc":27.3,"steps":1,"stop":"descent","t_ms":33137}
SPIKE {"added":{},"awake":15,"cpu_render":5.2,"fades":0,"frame":26.4,"gpu":7.4,"lights_switched":0,"minimap":false,"phases":"pre>post 12.2, phys>phys 3.8, phys>proc 3.3","phys":16.7,"pipelines":0,"pos":"29,0.0,-3","proc":27.3,"steps":2,"stop":"descent","t_ms":33163}
SPIKE {"added":{},"awake":15,"cpu_render":6.4,"fades":0,"frame":22.4,"gpu":7.1,"lights_switched":0,"minimap":false,"phases":"pre>post 10.9, phys>proc 3.8","phys":16.7,"pipelines":0,"pos":"29,0.0,-3","proc":27.3,"steps":1,"stop":"descent","t_ms":33186}
SPIKE {"added":{"Decal":1,"GPUParticles3D":4,"MeshInstance3D":5,"Node3D":8,"Node3D(projectile.gd)":3,"OmniLight3D":1,"Timer":2},"awake":15,"cpu_render":5.2,"fades":0,"frame":35.3,"gpu":7.2,"lights_switched":1,"minimap":false,"phases":"pre>post 10.2, phys>phys 6.1, phys>proc 11.3","phys":16.7,"pipelines":0,"pos":"29,0.0,-3","proc":27.3,"steps":2,"stop":"descent","t_ms":33221}
SPIKE {"added":{"Decal":1,"GPUParticles3D":26,"MeshInstance3D":9,"Node3D":13,"Node3D()":1,"Node3D(projectile.gd)":1,"OmniLight3D":5,"Timer":8},"awake":15,"cpu_render":4.3,"fades":0,"frame":40.7,"gpu":8.1,"lights_switched":5,"minimap":false,"phases":"pre>post 10.2, phys>phys 14.9, phys>proc 5.3","phys":16.7,"pipelines":0,"pos":"29,0.0,-3","proc":27.3,"steps":2,"stop":"descent","t_ms":33262}
SPIKE {"added":{"GPUParticles3D":6,"MeshInstance3D":2,"Node3D":6,"OmniLight3D":2,"Timer":4},"awake":15,"cpu_render":5.2,"fades":0,"frame":36.3,"gpu":7.0,"lights_switched":2,"minimap":false,"phases":"pre>post 10.1, phys>phys 12.3, phys>proc 3.8","phys":19.0,"pipelines":0,"pos":"29,0.0,-4","proc":22.3,"steps":2,"stop":"descent","t_ms":33298}
SPIKE {"added":{},"awake":15,"cpu_render":6.3,"fades":0,"frame":23.3,"gpu":7.8,"lights_switched":0,"minimap":false,"phases":"pre>post 9.2, phys>phys 4.1, phys>proc 2.9","phys":19.0,"pipelines":0,"pos":"29,0.0,-4","proc":22.3,"steps":2,"stop":"descent","t_ms":33322}
SPIKE {"added":{},"awake":15,"cpu_render":5.2,"fades":0,"frame":23.0,"gpu":7.7,"lights_switched":0,"minimap":false,"phases":"pre>post 5.8, phys>phys 4.0, phys>proc 4.0","phys":19.0,"pipelines":0,"pos":"29,0.0,-4","proc":22.3,"steps":2,"stop":"descent","t_ms":33345}
SPIKE {"added":{},"awake":15,"cpu_render":3.5,"fades":0,"frame":28.2,"gpu":8.2,"lights_switched":0,"minimap":false,"phases":"pre>post 14.8, phys>proc 6.1","phys":19.0,"pipelines":0,"pos":"30,0.0,-4","proc":22.3,"steps":1,"stop":"descent","t_ms":33373}
SPIKE {"added":{},"awake":15,"cpu_render":6.5,"fades":0,"frame":25.6,"gpu":7.3,"lights_switched":0,"minimap":false,"phases":"pre>post 10.6, phys>phys 4.0, phys>proc 2.7","phys":19.0,"pipelines":0,"pos":"30,0.0,-4","proc":22.3,"steps":2,"stop":"descent","t_ms":33398}
SPIKE {"added":{"Decal":1,"GPUParticles3D":27,"MeshInstance3D":14,"Node3D":15,"OmniLight3D":4,"Timer":14},"awake":15,"cpu_render":4.3,"fades":0,"frame":40.5,"gpu":6.8,"lights_switched":4,"minimap":false,"phases":"pre>post 8.6, phys>phys 3.6, phys>proc 18.8","phys":19.0,"pipelines":0,"pos":"30,0.0,-5","proc":22.3,"steps":2,"stop":"descent","t_ms":33439}
SPIKE {"added":{"GPUParticles3D":2},"awake":15,"cpu_render":3.8,"fades":0,"frame":37.0,"gpu":7.1,"lights_switched":0,"minimap":false,"phases":"pre>post 15.2, phys>phys 7.9, phys>proc 3.9","phys":19.0,"pipelines":0,"pos":"30,0.0,-5","proc":22.3,"steps":2,"stop":"descent","t_ms":33476}
SPIKE {"added":{},"awake":15,"cpu_render":7.2,"fades":0,"frame":26.8,"gpu":7.6,"lights_switched":0,"minimap":false,"phases":"pre>post 13.3, phys>phys 4.4, phys>proc 3.6","phys":19.0,"pipelines":0,"pos":"30,0.0,-5","proc":22.3,"steps":2,"stop":"descent","t_ms":33503}
SPIKE {"added":{"MeshInstance3D":1},"awake":15,"cpu_render":6.1,"fades":0,"frame":25.4,"gpu":7.1,"lights_switched":0,"minimap":false,"phases":"pre>post 8.4, phys>phys 3.7, phys>proc 4.6","phys":19.0,"pipelines":0,"pos":"30,0.0,-5","proc":22.3,"steps":2,"stop":"descent","t_ms":33528}
SPIKE {"added":{"GPUParticles3D":3,"MeshInstance3D":2},"awake":15,"cpu_render":4.3,"fades":0,"frame":26.1,"gpu":6.6,"lights_switched":0,"minimap":false,"phases":"pre>post 10.6, phys>phys 4.2, phys>proc 2.6","phys":19.0,"pipelines":0,"pos":"30,0.0,-6","proc":22.3,"steps":2,"stop":"descent","t_ms":33574}
SPIKE {"added":{"Decal":1,"GPUParticles3D":16,"MeshInstance3D":7,"Node3D":8,"OmniLight3D":3,"Timer":8},"awake":15,"cpu_render":4.9,"fades":0,"frame":38.0,"gpu":8.0,"lights_switched":3,"minimap":false,"phases":"pre>post 7.8, phys>phys 4.7, phys>proc 15.1","phys":19.0,"pipelines":0,"pos":"30,0.0,-6","proc":22.3,"steps":2,"stop":"descent","t_ms":33612}
SPIKE {"added":{},"awake":15,"cpu_render":4.3,"fades":0,"frame":26.3,"gpu":6.5,"lights_switched":0,"minimap":false,"phases":"pre>post 11.2, phys>phys 4.6, phys>proc 3.2","phys":19.0,"pipelines":0,"pos":"30,0.0,-6","proc":22.3,"steps":2,"stop":"descent","t_ms":33638}
SPIKE {"added":{"GPUParticles3D":7,"MeshInstance3D":3,"Node3D":3,"OmniLight3D":3,"Timer":2},"awake":15,"cpu_render":5.4,"fades":0,"frame":21.6,"gpu":6.9,"lights_switched":3,"minimap":false,"phases":"pre>post 6.1, phys>phys 3.6, phys>proc 5.1","phys":19.0,"pipelines":0,"pos":"31,0.0,-6","proc":22.3,"steps":2,"stop":"descent","t_ms":33660}
SPIKE {"added":{},"awake":15,"cpu_render":3.6,"fades":0,"frame":25.7,"gpu":7.6,"lights_switched":0,"minimap":false,"phases":"pre>post 10.6, phys>proc 4.5","phys":19.0,"pipelines":0,"pos":"31,0.0,-6","proc":22.3,"steps":1,"stop":"descent","t_ms":33686}
SPIKE {"added":{"Decal":1,"GPUParticles3D":23,"MeshInstance3D":5,"Node3D":11,"OmniLight3D":2,"Timer":8},"awake":15,"cpu_render":3.4,"fades":0,"frame":24.2,"gpu":6.6,"lights_switched":2,"minimap":false,"phases":"pre>post 6.9, phys>proc 10.8","phys":19.0,"pipelines":0,"pos":"31,0.0,-7","proc":22.3,"steps":1,"stop":"descent","t_ms":33726}
SPIKE {"added":{"MeshInstance3D":1,"Node3D":2,"Node3D(projectile.gd)":1},"awake":15,"cpu_render":3.1,"fades":0,"frame":25.6,"gpu":7.3,"lights_switched":0,"minimap":false,"phases":"pre>post 9.8, phys>phys 4.1, phys>proc 5.8","phys":19.0,"pipelines":0,"pos":"31,0.0,-7","proc":22.3,"steps":2,"stop":"descent","t_ms":33752}
SPIKE {"added":{"GPUParticles3D":5,"MeshInstance3D":3,"Node3D":2,"OmniLight3D":2,"Timer":2},"awake":15,"cpu_render":3.2,"fades":0,"frame":25.8,"gpu":6.5,"lights_switched":2,"minimap":false,"phases":"pre>post 9.3, phys>proc 8.0","phys":19.0,"pipelines":0,"pos":"31,0.0,-7","proc":22.3,"steps":1,"stop":"descent","t_ms":33796}
SPIKE {"added":{"Decal":1},"awake":15,"cpu_render":3.8,"fades":0,"frame":23.9,"gpu":7.0,"lights_switched":0,"minimap":false,"phases":"pre>post 9.4, phys>phys 3.9, phys>proc 3.1","phys":19.0,"pipelines":0,"pos":"31,0.0,-7","proc":22.3,"steps":2,"stop":"descent","t_ms":33820}
SPIKE {"added":{},"awake":15,"cpu_render":2.9,"fades":0,"frame":24.8,"gpu":6.6,"lights_switched":0,"minimap":false,"phases":"pre>post 7.1, phys>phys 3.1, phys>proc 2.7","phys":19.0,"pipelines":0,"pos":"31,0.0,-8","proc":22.3,"steps":2,"stop":"descent","t_ms":33895}
SPIKE {"added":{"Decal":2,"GPUParticles3D":28,"MeshInstance3D":11,"Node3D":14,"OmniLight3D":4,"Timer":14},"awake":15,"cpu_render":2.9,"fades":0,"frame":28.1,"gpu":5.9,"lights_switched":4,"minimap":false,"phases":"pre>post 6.9, phys>proc 15.3","phys":19.0,"pipelines":0,"pos":"31,0.0,-8","proc":22.3,"steps":1,"stop":"descent","t_ms":33923}
SPIKE {"added":{"MeshInstance3D":1},"awake":15,"cpu_render":3.2,"fades":0,"frame":22.2,"gpu":5.8,"lights_switched":0,"minimap":false,"phases":"pre>post 10.3, phys>proc 5.1","phys":19.0,"pipelines":0,"pos":"31,0.0,-8","proc":22.3,"steps":1,"stop":"descent","t_ms":33945}
SPIKE {"added":{"MeshInstance3D":1},"awake":15,"cpu_render":5.2,"fades":0,"frame":20.6,"gpu":6.0,"lights_switched":0,"minimap":false,"phases":"pre>post 5.9, phys>phys 3.4, phys>proc 3.3","phys":19.0,"pipelines":0,"pos":"32,0.0,-8","proc":22.3,"steps":2,"stop":"descent","t_ms":33966}
SPIKE {"added":{},"awake":15,"cpu_render":3.2,"fades":0,"frame":22.9,"gpu":5.3,"lights_switched":0,"minimap":false,"phases":"pre>post 10.8, phys>proc 5.0","phys":19.0,"pipelines":0,"pos":"32,0.0,-9","proc":22.3,"steps":1,"stop":"descent","t_ms":34051}
SPIKE {"added":{"Decal":1,"GPUParticles3D":16,"MeshInstance3D":8,"Node3D":10,"Node3D(projectile.gd)":1,"OmniLight3D":3,"Timer":8},"awake":15,"cpu_render":2.6,"fades":0,"frame":25.3,"gpu":5.1,"lights_switched":3,"minimap":false,"phases":"pre>post 6.1, phys>proc 11.6","phys":19.0,"pipelines":0,"pos":"32,0.0,-9","proc":22.3,"steps":1,"stop":"descent","t_ms":34111}
SPIKE {"added":{},"awake":15,"cpu_render":3.0,"fades":0,"frame":22.7,"gpu":5.4,"lights_switched":0,"minimap":false,"phases":"pre>post 9.7, phys>phys 4.4, phys>proc 3.3","phys":19.0,"pipelines":0,"pos":"32,0.0,-9","proc":22.3,"steps":2,"stop":"descent","t_ms":34134}
SPIKE {"added":{"Decal":1,"GPUParticles3D":23,"MeshInstance3D":5,"Node3D":11,"OmniLight3D":2,"Timer":8},"awake":15,"cpu_render":2.5,"fades":0,"frame":24.1,"gpu":4.8,"lights_switched":2,"minimap":false,"phases":"pre>post 7.1, phys>proc 11.3","phys":19.0,"pipelines":0,"pos":"32,0.0,-10","proc":22.3,"steps":1,"stop":"descent","t_ms":34226}
SPIKE {"added":{"GPUParticles3D":13,"MeshInstance3D":4,"Node3D":6,"OmniLight3D":4,"Timer":4},"awake":15,"cpu_render":3.8,"fades":0,"frame":26.3,"gpu":4.8,"lights_switched":4,"minimap":false,"phases":"pre>post 5.3, phys>phys 5.5, phys>proc 9.7","phys":18.7,"pipelines":0,"pos":"33,0.0,-10","proc":25.0,"steps":2,"stop":"descent","t_ms":34305}
SPIKE {"added":{"GPUParticles3D":6,"MeshInstance3D":1,"Node3D":3,"OmniLight3D":1,"Timer":2},"awake":15,"cpu_render":3.1,"fades":0,"frame":22.2,"gpu":4.6,"lights_switched":2,"minimap":false,"phases":"pre>post 10.6, phys>proc 6.3","phys":18.7,"pipelines":0,"pos":"33,0.0,-11","proc":25.0,"steps":1,"stop":"descent","t_ms":34327}
SPIKE {"added":{"GPUParticles3D":9,"MeshInstance3D":4,"Node3D":8,"Node3D(loot_drop.gd)":1,"OmniLight3D":4,"Timer":2},"awake":15,"cpu_render":4.2,"fades":0,"frame":27.4,"gpu":4.8,"lights_switched":4,"minimap":false,"phases":"pre>post 7.3, phys>proc 11.2","phys":18.7,"pipelines":0,"pos":"33,0.0,-11","proc":25.0,"steps":1,"stop":"descent","t_ms":34355}
SPIKE {"added":{},"awake":14,"cpu_render":4.5,"fades":0,"frame":22.5,"gpu":4.7,"lights_switched":0,"minimap":false,"phases":"pre>post 7.3, phys>phys 5.1, phys>proc 3.7","phys":18.7,"pipelines":0,"pos":"33,0.0,-11","proc":25.0,"steps":2,"stop":"descent","t_ms":34377}
SPIKE {"added":{"GPUParticles3D":6,"MeshInstance3D":1,"Node3D":3,"OmniLight3D":1,"Timer":2},"awake":14,"cpu_render":2.4,"fades":0,"frame":27.0,"gpu":5.4,"lights_switched":1,"minimap":false,"phases":"pre>post 12.2, phys>proc 9.2","phys":18.7,"pipelines":0,"pos":"33,0.0,-11","proc":25.0,"steps":1,"stop":"descent","t_ms":34420}
SPIKE {"added":{"MeshInstance3D":3,"Node3D()":3},"awake":14,"cpu_render":4.7,"fades":0,"frame":24.2,"gpu":4.6,"lights_switched":0,"minimap":false,"phases":"pre>post 5.9, phys>phys 5.0, phys>proc 3.4","phys":18.7,"pipelines":0,"pos":"33,0.0,-11","proc":25.0,"steps":2,"stop":"descent","t_ms":34445}
SPIKE {"added":{"Decal":1,"GPUParticles3D":19,"MeshInstance3D":7,"Node3D":11,"OmniLight3D":4,"Timer":10},"awake":14,"cpu_render":2.1,"fades":0,"frame":26.6,"gpu":4.6,"lights_switched":4,"minimap":false,"phases":"pre>post 5.6, phys>proc 11.8","phys":18.7,"pipelines":0,"pos":"33,0.3,-12","proc":25.0,"steps":1,"stop":"descent","t_ms":34598}
SPIKE {"added":{},"awake":14,"cpu_render":2.1,"fades":0,"frame":20.1,"gpu":5.6,"lights_switched":0,"minimap":false,"phases":"pre>post 7.4, phys>proc 5.9","phys":18.7,"pipelines":0,"pos":"33,0.3,-12","proc":25.0,"steps":1,"stop":"descent","t_ms":34618}
SPIKE {"added":{"Decal":1,"GPUParticles3D":31,"MeshInstance3D":13,"Node3D":19,"OmniLight3D":9,"Timer":18},"awake":14,"cpu_render":2.0,"fades":0,"frame":25.5,"gpu":5.1,"lights_switched":10,"minimap":false,"phases":"pre>post 4.9, phys>proc 17.2","phys":18.7,"pipelines":0,"pos":"33,1.2,-14","proc":25.0,"steps":1,"stop":"descent","t_ms":34936}
SPIKE {"added":{"GPUParticles3D":4,"MeshInstance3D":1,"Node3D":2,"Timer":2},"awake":14,"cpu_render":1.9,"fades":0,"frame":20.4,"gpu":8.7,"lights_switched":0,"minimap":false,"phases":"pre>post 5.7, phys>proc 6.9","phys":18.7,"pipelines":0,"pos":"33,1.2,-14","proc":25.0,"steps":1,"stop":"descent","t_ms":34956}
SPIKE {"added":{"Decal":1,"GPUParticles3D":26,"MeshInstance3D":14,"Node3D":16,"OmniLight3D":10,"Timer":15},"awake":14,"cpu_render":1.4,"fades":0,"frame":23.4,"gpu":2.0,"lights_switched":10,"minimap":false,"phases":"pre>post 4.7, phys>proc 15.1","phys":17.2,"pipelines":0,"pos":"33,3.6,-19","proc":17.7,"steps":1,"stop":"descent","t_ms":35822}
WALKSUM {"avg_awake":19.3,"avg_cpu_render":2.76,"avg_draws":1594.62,"avg_fps":73.2,"avg_gpu":3.69,"avg_objects":2803.0,"avg_phys":13.91,"avg_proc":17.33,"avg_steps":0.82,"drawn_speed_unevenness":0.571,"drawn_still_while_walking":0,"frames":2704,"hero_moving_frames":1764,"hero_still_frames":940,"lite":true,"low1_fps":21.0,"map":"dg_prismheart_6","max_ms":86.7,"median_ms":11.91,"minimap_renders":13,"multi_step_frames":194,"over_17ms":499,"over_25ms":188,"over_33ms":53,"over_50ms":7,"p99_ms":38.96,"seconds":36.9,"spike_causes":{"fades":0,"lights":164,"minimap":3,"multi_step":186,"nodes_added":210,"pipelines":13},"stuck":0,"vsync":false,"walking_frames":2365,"zero_step_frames":701}
ERROR: 1 RID allocations of type 'N10RendererRD14TextureStorage7TextureE' were leaked at exit.
ERROR: Parameter "RenderingServer::get_singleton()" is null.
   at: ~CompressedTexture2D (scene/resources/compressed_texture.cpp:464)
WARNING: 2 RIDs of type "Texture" were leaked.
   at: finalize (servers/rendering/rendering_device.cpp:8900)
WARNING: 189 ObjectDB instances were leaked at exit (run with `--verbose` for details).
   at: cleanup (core/object/object.cpp:2536)
ERROR: 4 resources still in use at exit (run with --verbose for details).
   at: clear (core/io/resource.cpp:822)
ERROR: Pages in use exist at exit in PagedAllocator: N12VariantPools12BucketMediumE
   at: ~PagedAllocator (./core/templates/paged_allocator.h:170)
