Godot Engine v4.7.2.stable.official.ed1daf0bf - https://godotengine.org

WARNING: Can't change the size of a `SubViewport` with a `SubViewportContainer` parent that has `stretch` enabled. Set `SubViewportContainer.stretch` to `false` to allow changing the size manually.
   at: _internal_set_size (scene/main/viewport.cpp:5627)
   GDScript backtrace (most recent call first):
       [0] _on_resized (res://src/ui/widgets/character_preview.gd:113)
       [1] _ready (res://src/ui/widgets/character_preview.gd:109)
       [2] _build (res://src/ui/windows/inventory_window.gd:60)
       [3] _ready (res://src/ui/widgets/ui_window.gd:30)
       [4] _add_window (res://src/ui/ui_root.gd:73)
       [5] _ready (res://src/ui/ui_root.gd:41)
       [6] _make_ui (res://src/main.gd:162)
       [7] _quick_start (res://src/main.gd:190)
ERROR: Not supported by this display server.
   at: keyboard_get_label_from_physical (servers/display/display_server.cpp:1228)
   GDScript backtrace (most recent call first):
       [0] binding_text (res://src/autoload/settings.gd:441)
       [1] slot_name (res://src/ui/widgets/belt_picker.gd:11)
       [2] _build_bag (res://src/ui/windows/inventory_window.gd:270)
       [3] _build (res://src/ui/windows/inventory_window.gd:61)
       [4] _ready (res://src/ui/widgets/ui_window.gd:30)
       [5] _add_window (res://src/ui/ui_root.gd:73)
       [6] _ready (res://src/ui/ui_root.gd:41)
       [7] _make_ui (res://src/main.gd:162)
       [8] _quick_start (res://src/main.gd:190)
ERROR: Not supported by this display server.
   at: keyboard_get_label_from_physical (servers/display/display_server.cpp:1228)
   GDScript backtrace (most recent call first):
       [0] binding_text (res://src/autoload/settings.gd:441)
       [1] slot_name (res://src/ui/widgets/belt_picker.gd:11)
       [2] _build_bag (res://src/ui/windows/inventory_window.gd:270)
       [3] _build (res://src/ui/windows/inventory_window.gd:61)
       [4] _ready (res://src/ui/widgets/ui_window.gd:30)
       [5] _add_window (res://src/ui/ui_root.gd:73)
       [6] _ready (res://src/ui/ui_root.gd:41)
       [7] _make_ui (res://src/main.gd:162)
       [8] _quick_start (res://src/main.gd:190)
WARNING: Can't change the size of a `SubViewport` with a `SubViewportContainer` parent that has `stretch` enabled. Set `SubViewportContainer.stretch` to `false` to allow changing the size manually.
   at: _internal_set_size (scene/main/viewport.cpp:5627)
   GDScript backtrace (most recent call first):
       [0] _on_resized (res://src/ui/widgets/character_preview.gd:113)
       [1] _ready (res://src/ui/widgets/character_preview.gd:109)
       [2] _build (res://src/ui/windows/character_window.gd:51)
       [3] _ready (res://src/ui/widgets/ui_window.gd:30)
       [4] _add_window (res://src/ui/ui_root.gd:73)
       [5] _ready (res://src/ui/ui_root.gd:42)
       [6] _make_ui (res://src/main.gd:162)
       [7] _quick_start (res://src/main.gd:190)
ERROR: Not supported by this display server.
   at: keyboard_get_label_from_physical (servers/display/display_server.cpp:1228)
   GDScript backtrace (most recent call first):
       [0] binding_text (res://src/autoload/settings.gd:441)
       [1] _controls (res://src/ui/windows/settings_window.gd:189)
       [2] _page (res://src/ui/windows/settings_window.gd:68)
       [3] _build (res://src/ui/windows/settings_window.gd:32)
       [4] _ready (res://src/ui/widgets/ui_window.gd:30)
       [5] _add_window (res://src/ui/ui_root.gd:73)
       [6] _ready (res://src/ui/ui_root.gd:47)
       [7] _make_ui (res://src/main.gd:162)
       [8] _quick_start (res://src/main.gd:190)
ERROR: Not supported by this display server.
   at: keyboard_get_label_from_physical (servers/display/display_server.cpp:1228)
   GDScript backtrace (most recent call first):
       [0] binding_text (res://src/autoload/settings.gd:441)
       [1] _controls (res://src/ui/windows/settings_window.gd:189)
       [2] _page (res://src/ui/windows/settings_window.gd:68)
       [3] _build (res://src/ui/windows/settings_window.gd:32)
       [4] _ready (res://src/ui/widgets/ui_window.gd:30)
       [5] _add_window (res://src/ui/ui_root.gd:73)
       [6] _ready (res://src/ui/ui_root.gd:47)
       [7] _make_ui (res://src/main.gd:162)
       [8] _quick_start (res://src/main.gd:190)
ERROR: Not supported by this display server.
   at: keyboard_get_label_from_physical (servers/display/display_server.cpp:1228)
   GDScript backtrace (most recent call first):
       [0] binding_text (res://src/autoload/settings.gd:441)
       [1] _controls (res://src/ui/windows/settings_window.gd:189)
       [2] _page (res://src/ui/windows/settings_window.gd:68)
       [3] _build (res://src/ui/windows/settings_window.gd:32)
       [4] _ready (res://src/ui/widgets/ui_window.gd:30)
       [5] _add_window (res://src/ui/ui_root.gd:73)
       [6] _ready (res://src/ui/ui_root.gd:47)
       [7] _make_ui (res://src/main.gd:162)
       [8] _quick_start (res://src/main.gd:190)
ERROR: Not supported by this display server.
   at: keyboard_get_label_from_physical (servers/display/display_server.cpp:1228)
   GDScript backtrace (most recent call first):
       [0] binding_text (res://src/autoload/settings.gd:441)
       [1] _controls (res://src/ui/windows/settings_window.gd:189)
       [2] _page (res://src/ui/windows/settings_window.gd:68)
       [3] _build (res://src/ui/windows/settings_window.gd:32)
       [4] _ready (res://src/ui/widgets/ui_window.gd:30)
       [5] _add_window (res://src/ui/ui_root.gd:73)
       [6] _ready (res://src/ui/ui_root.gd:47)
       [7] _make_ui (res://src/main.gd:162)
       [8] _quick_start (res://src/main.gd:190)
ERROR: Not supported by this display server.
   at: keyboard_get_label_from_physical (servers/display/display_server.cpp:1228)
   GDScript backtrace (most recent call first):
       [0] binding_text (res://src/autoload/settings.gd:441)
       [1] _controls (res://src/ui/windows/settings_window.gd:189)
       [2] _page (res://src/ui/windows/settings_window.gd:68)
       [3] _build (res://src/ui/windows/settings_window.gd:32)
       [4] _ready (res://src/ui/widgets/ui_window.gd:30)
       [5] _add_window (res://src/ui/ui_root.gd:73)
       [6] _ready (res://src/ui/ui_root.gd:47)
       [7] _make_ui (res://src/main.gd:162)
       [8] _quick_start (res://src/main.gd:190)
ERROR: Not supported by this display server.
   at: keyboard_get_label_from_physical (servers/display/display_server.cpp:1228)
   GDScript backtrace (most recent call first):
       [0] binding_text (res://src/autoload/settings.gd:441)
       [1] _controls (res://src/ui/windows/settings_window.gd:189)
       [2] _page (res://src/ui/windows/settings_window.gd:68)
       [3] _build (res://src/ui/windows/settings_window.gd:32)
       [4] _ready (res://src/ui/widgets/ui_window.gd:30)
       [5] _add_window (res://src/ui/ui_root.gd:73)
       [6] _ready (res://src/ui/ui_root.gd:47)
       [7] _make_ui (res://src/main.gd:162)
       [8] _quick_start (res://src/main.gd:190)
ERROR: Not supported by this display server.
   at: keyboard_get_label_from_physical (servers/display/display_server.cpp:1228)
   GDScript backtrace (most recent call first):
       [0] binding_text (res://src/autoload/settings.gd:441)
       [1] _controls (res://src/ui/windows/settings_window.gd:189)
       [2] _page (res://src/ui/windows/settings_window.gd:68)
       [3] _build (res://src/ui/windows/settings_window.gd:32)
       [4] _ready (res://src/ui/widgets/ui_window.gd:30)
       [5] _add_window (res://src/ui/ui_root.gd:73)
       [6] _ready (res://src/ui/ui_root.gd:47)
       [7] _make_ui (res://src/main.gd:162)
       [8] _quick_start (res://src/main.gd:190)
ERROR: Not supported by this display server.
   at: keyboard_get_label_from_physical (servers/display/display_server.cpp:1228)
   GDScript backtrace (most recent call first):
       [0] binding_text (res://src/autoload/settings.gd:441)
       [1] _controls (res://src/ui/windows/settings_window.gd:189)
       [2] _page (res://src/ui/windows/settings_window.gd:68)
       [3] _build (res://src/ui/windows/settings_window.gd:32)
       [4] _ready (res://src/ui/widgets/ui_window.gd:30)
       [5] _add_window (res://src/ui/ui_root.gd:73)
       [6] _ready (res://src/ui/ui_root.gd:47)
       [7] _make_ui (res://src/main.gd:162)
       [8] _quick_start (res://src/main.gd:190)
ERROR: Not supported by this display server.
   at: keyboard_get_label_from_physical (servers/display/display_server.cpp:1228)
   GDScript backtrace (most recent call first):
       [0] binding_text (res://src/autoload/settings.gd:441)
       [1] _controls (res://src/ui/windows/settings_window.gd:189)
       [2] _page (res://src/ui/windows/settings_window.gd:68)
       [3] _build (res://src/ui/windows/settings_window.gd:32)
       [4] _ready (res://src/ui/widgets/ui_window.gd:30)
       [5] _add_window (res://src/ui/ui_root.gd:73)
       [6] _ready (res://src/ui/ui_root.gd:47)
       [7] _make_ui (res://src/main.gd:162)
       [8] _quick_start (res://src/main.gd:190)
ERROR: Not supported by this display server.
   at: keyboard_get_label_from_physical (servers/display/display_server.cpp:1228)
   GDScript backtrace (most recent call first):
       [0] binding_text (res://src/autoload/settings.gd:441)
       [1] _controls (res://src/ui/windows/settings_window.gd:189)
       [2] _page (res://src/ui/windows/settings_window.gd:68)
       [3] _build (res://src/ui/windows/settings_window.gd:32)
       [4] _ready (res://src/ui/widgets/ui_window.gd:30)
       [5] _add_window (res://src/ui/ui_root.gd:73)
       [6] _ready (res://src/ui/ui_root.gd:47)
       [7] _make_ui (res://src/main.gd:162)
       [8] _quick_start (res://src/main.gd:190)
ERROR: Not supported by this display server.
   at: keyboard_get_label_from_physical (servers/display/display_server.cpp:1228)
   GDScript backtrace (most recent call first):
       [0] binding_text (res://src/autoload/settings.gd:441)
       [1] _controls (res://src/ui/windows/settings_window.gd:189)
       [2] _page (res://src/ui/windows/settings_window.gd:68)
       [3] _build (res://src/ui/windows/settings_window.gd:32)
       [4] _ready (res://src/ui/widgets/ui_window.gd:30)
       [5] _add_window (res://src/ui/ui_root.gd:73)
       [6] _ready (res://src/ui/ui_root.gd:47)
       [7] _make_ui (res://src/main.gd:162)
       [8] _quick_start (res://src/main.gd:190)
ERROR: Not supported by this display server.
   at: keyboard_get_label_from_physical (servers/display/display_server.cpp:1228)
   GDScript backtrace (most recent call first):
       [0] binding_text (res://src/autoload/settings.gd:441)
       [1] _controls (res://src/ui/windows/settings_window.gd:189)
       [2] _page (res://src/ui/windows/settings_window.gd:68)
       [3] _build (res://src/ui/windows/settings_window.gd:32)
       [4] _ready (res://src/ui/widgets/ui_window.gd:30)
       [5] _add_window (res://src/ui/ui_root.gd:73)
       [6] _ready (res://src/ui/ui_root.gd:47)
       [7] _make_ui (res://src/main.gd:162)
       [8] _quick_start (res://src/main.gd:190)
ERROR: Not supported by this display server.
   at: keyboard_get_label_from_physical (servers/display/display_server.cpp:1228)
   GDScript backtrace (most recent call first):
       [0] binding_text (res://src/autoload/settings.gd:441)
       [1] _controls (res://src/ui/windows/settings_window.gd:189)
       [2] _page (res://src/ui/windows/settings_window.gd:68)
       [3] _build (res://src/ui/windows/settings_window.gd:32)
       [4] _ready (res://src/ui/widgets/ui_window.gd:30)
       [5] _add_window (res://src/ui/ui_root.gd:73)
       [6] _ready (res://src/ui/ui_root.gd:47)
       [7] _make_ui (res://src/main.gd:162)
       [8] _quick_start (res://src/main.gd:190)
ERROR: Not supported by this display server.
   at: keyboard_get_label_from_physical (servers/display/display_server.cpp:1228)
   GDScript backtrace (most recent call first):
       [0] binding_text (res://src/autoload/settings.gd:441)
       [1] _controls (res://src/ui/windows/settings_window.gd:189)
       [2] _page (res://src/ui/windows/settings_window.gd:68)
       [3] _build (res://src/ui/windows/settings_window.gd:32)
       [4] _ready (res://src/ui/widgets/ui_window.gd:30)
       [5] _add_window (res://src/ui/ui_root.gd:73)
       [6] _ready (res://src/ui/ui_root.gd:47)
       [7] _make_ui (res://src/main.gd:162)
       [8] _quick_start (res://src/main.gd:190)
ERROR: Not supported by this display server.
   at: keyboard_get_label_from_physical (servers/display/display_server.cpp:1228)
   GDScript backtrace (most recent call first):
       [0] binding_text (res://src/autoload/settings.gd:441)
       [1] _controls (res://src/ui/windows/settings_window.gd:189)
       [2] _page (res://src/ui/windows/settings_window.gd:68)
       [3] _build (res://src/ui/windows/settings_window.gd:32)
       [4] _ready (res://src/ui/widgets/ui_window.gd:30)
       [5] _add_window (res://src/ui/ui_root.gd:73)
       [6] _ready (res://src/ui/ui_root.gd:47)
       [7] _make_ui (res://src/main.gd:162)
       [8] _quick_start (res://src/main.gd:190)
ERROR: Not supported by this display server.
   at: keyboard_get_label_from_physical (servers/display/display_server.cpp:1228)
   GDScript backtrace (most recent call first):
       [0] binding_text (res://src/autoload/settings.gd:441)
       [1] _controls (res://src/ui/windows/settings_window.gd:189)
       [2] _page (res://src/ui/windows/settings_window.gd:68)
       [3] _build (res://src/ui/windows/settings_window.gd:32)
       [4] _ready (res://src/ui/widgets/ui_window.gd:30)
       [5] _add_window (res://src/ui/ui_root.gd:73)
       [6] _ready (res://src/ui/ui_root.gd:47)
       [7] _make_ui (res://src/main.gd:162)
       [8] _quick_start (res://src/main.gd:190)
ERROR: Not supported by this display server.
   at: keyboard_get_label_from_physical (servers/display/display_server.cpp:1228)
   GDScript backtrace (most recent call first):
       [0] binding_text (res://src/autoload/settings.gd:441)
       [1] _controls (res://src/ui/windows/settings_window.gd:189)
       [2] _page (res://src/ui/windows/settings_window.gd:68)
       [3] _build (res://src/ui/windows/settings_window.gd:32)
       [4] _ready (res://src/ui/widgets/ui_window.gd:30)
       [5] _add_window (res://src/ui/ui_root.gd:73)
       [6] _ready (res://src/ui/ui_root.gd:47)
       [7] _make_ui (res://src/main.gd:162)
       [8] _quick_start (res://src/main.gd:190)
ERROR: Not supported by this display server.
   at: keyboard_get_label_from_physical (servers/display/display_server.cpp:1228)
   GDScript backtrace (most recent call first):
       [0] binding_text (res://src/autoload/settings.gd:441)
       [1] _controls (res://src/ui/windows/settings_window.gd:189)
       [2] _page (res://src/ui/windows/settings_window.gd:68)
       [3] _build (res://src/ui/windows/settings_window.gd:32)
       [4] _ready (res://src/ui/widgets/ui_window.gd:30)
       [5] _add_window (res://src/ui/ui_root.gd:73)
       [6] _ready (res://src/ui/ui_root.gd:47)
       [7] _make_ui (res://src/main.gd:162)
       [8] _quick_start (res://src/main.gd:190)
ERROR: Not supported by this display server.
   at: keyboard_get_label_from_physical (servers/display/display_server.cpp:1228)
   GDScript backtrace (most recent call first):
       [0] binding_text (res://src/autoload/settings.gd:441)
       [1] _controls (res://src/ui/windows/settings_window.gd:189)
       [2] _page (res://src/ui/windows/settings_window.gd:68)
       [3] _build (res://src/ui/windows/settings_window.gd:32)
       [4] _ready (res://src/ui/widgets/ui_window.gd:30)
       [5] _add_window (res://src/ui/ui_root.gd:73)
       [6] _ready (res://src/ui/ui_root.gd:47)
       [7] _make_ui (res://src/main.gd:162)
       [8] _quick_start (res://src/main.gd:190)
ERROR: Not supported by this display server.
   at: keyboard_get_label_from_physical (servers/display/display_server.cpp:1228)
   GDScript backtrace (most recent call first):
       [0] binding_text (res://src/autoload/settings.gd:441)
       [1] _controls (res://src/ui/windows/settings_window.gd:189)
       [2] _page (res://src/ui/windows/settings_window.gd:68)
       [3] _build (res://src/ui/windows/settings_window.gd:32)
       [4] _ready (res://src/ui/widgets/ui_window.gd:30)
       [5] _add_window (res://src/ui/ui_root.gd:73)
       [6] _ready (res://src/ui/ui_root.gd:47)
       [7] _make_ui (res://src/main.gd:162)
       [8] _quick_start (res://src/main.gd:190)
ERROR: Not supported by this display server.
   at: keyboard_get_label_from_physical (servers/display/display_server.cpp:1228)
   GDScript backtrace (most recent call first):
       [0] binding_text (res://src/autoload/settings.gd:441)
       [1] _controls (res://src/ui/windows/settings_window.gd:189)
       [2] _page (res://src/ui/windows/settings_window.gd:68)
       [3] _build (res://src/ui/windows/settings_window.gd:32)
       [4] _ready (res://src/ui/widgets/ui_window.gd:30)
       [5] _add_window (res://src/ui/ui_root.gd:73)
       [6] _ready (res://src/ui/ui_root.gd:47)
       [7] _make_ui (res://src/main.gd:162)
       [8] _quick_start (res://src/main.gd:190)
ERROR: Not supported by this display server.
   at: keyboard_get_label_from_physical (servers/display/display_server.cpp:1228)
   GDScript backtrace (most recent call first):
       [0] binding_text (res://src/autoload/settings.gd:441)
       [1] _controls (res://src/ui/windows/settings_window.gd:189)
       [2] _page (res://src/ui/windows/settings_window.gd:68)
       [3] _build (res://src/ui/windows/settings_window.gd:32)
       [4] _ready (res://src/ui/widgets/ui_window.gd:30)
       [5] _add_window (res://src/ui/ui_root.gd:73)
       [6] _ready (res://src/ui/ui_root.gd:47)
       [7] _make_ui (res://src/main.gd:162)
       [8] _quick_start (res://src/main.gd:190)
ERROR: Not supported by this display server.
   at: keyboard_get_label_from_physical (servers/display/display_server.cpp:1228)
   GDScript backtrace (most recent call first):
       [0] binding_text (res://src/autoload/settings.gd:441)
       [1] _controls (res://src/ui/windows/settings_window.gd:189)
       [2] _page (res://src/ui/windows/settings_window.gd:68)
       [3] _build (res://src/ui/windows/settings_window.gd:32)
       [4] _ready (res://src/ui/widgets/ui_window.gd:30)
       [5] _add_window (res://src/ui/ui_root.gd:73)
       [6] _ready (res://src/ui/ui_root.gd:47)
       [7] _make_ui (res://src/main.gd:162)
       [8] _quick_start (res://src/main.gd:190)
ERROR: Not supported by this display server.
   at: keyboard_get_label_from_physical (servers/display/display_server.cpp:1228)
   GDScript backtrace (most recent call first):
       [0] binding_text (res://src/autoload/settings.gd:441)
       [1] _controls (res://src/ui/windows/settings_window.gd:189)
       [2] _page (res://src/ui/windows/settings_window.gd:68)
       [3] _build (res://src/ui/windows/settings_window.gd:32)
       [4] _ready (res://src/ui/widgets/ui_window.gd:30)
       [5] _add_window (res://src/ui/ui_root.gd:73)
       [6] _ready (res://src/ui/ui_root.gd:47)
       [7] _make_ui (res://src/main.gd:162)
       [8] _quick_start (res://src/main.gd:190)
ERROR: Not supported by this display server.
   at: keyboard_get_label_from_physical (servers/display/display_server.cpp:1228)
   GDScript backtrace (most recent call first):
       [0] binding_text (res://src/autoload/settings.gd:441)
       [1] _controls (res://src/ui/windows/settings_window.gd:189)
       [2] _page (res://src/ui/windows/settings_window.gd:68)
       [3] _build (res://src/ui/windows/settings_window.gd:32)
       [4] _ready (res://src/ui/widgets/ui_window.gd:30)
       [5] _add_window (res://src/ui/ui_root.gd:73)
       [6] _ready (res://src/ui/ui_root.gd:47)
       [7] _make_ui (res://src/main.gd:162)
       [8] _quick_start (res://src/main.gd:190)
ERROR: Not supported by this display server.
   at: keyboard_get_label_from_physical (servers/display/display_server.cpp:1228)
   GDScript backtrace (most recent call first):
       [0] binding_text (res://src/autoload/settings.gd:441)
       [1] _controls (res://src/ui/windows/settings_window.gd:189)
       [2] _page (res://src/ui/windows/settings_window.gd:68)
       [3] _build (res://src/ui/windows/settings_window.gd:32)
       [4] _ready (res://src/ui/widgets/ui_window.gd:30)
       [5] _add_window (res://src/ui/ui_root.gd:73)
       [6] _ready (res://src/ui/ui_root.gd:47)
       [7] _make_ui (res://src/main.gd:162)
       [8] _quick_start (res://src/main.gd:190)
ERROR: Not supported by this display server.
   at: keyboard_get_label_from_physical (servers/display/display_server.cpp:1228)
   GDScript backtrace (most recent call first):
       [0] binding_text (res://src/autoload/settings.gd:441)
       [1] _controls (res://src/ui/windows/settings_window.gd:189)
       [2] _page (res://src/ui/windows/settings_window.gd:68)
       [3] _build (res://src/ui/windows/settings_window.gd:32)
       [4] _ready (res://src/ui/widgets/ui_window.gd:30)
       [5] _add_window (res://src/ui/ui_root.gd:73)
       [6] _ready (res://src/ui/ui_root.gd:47)
       [7] _make_ui (res://src/main.gd:162)
       [8] _quick_start (res://src/main.gd:190)
ERROR: Not supported by this display server.
   at: keyboard_get_label_from_physical (servers/display/display_server.cpp:1228)
   GDScript backtrace (most recent call first):
       [0] binding_text (res://src/autoload/settings.gd:441)
       [1] _controls (res://src/ui/windows/settings_window.gd:189)
       [2] _page (res://src/ui/windows/settings_window.gd:68)
       [3] _build (res://src/ui/windows/settings_window.gd:32)
       [4] _ready (res://src/ui/widgets/ui_window.gd:30)
       [5] _add_window (res://src/ui/ui_root.gd:73)
       [6] _ready (res://src/ui/ui_root.gd:47)
       [7] _make_ui (res://src/main.gd:162)
       [8] _quick_start (res://src/main.gd:190)
ERROR: Not supported by this display server.
   at: keyboard_get_label_from_physical (servers/display/display_server.cpp:1228)
   GDScript backtrace (most recent call first):
       [0] binding_text (res://src/autoload/settings.gd:441)
       [1] _controls (res://src/ui/windows/settings_window.gd:189)
       [2] _page (res://src/ui/windows/settings_window.gd:68)
       [3] _build (res://src/ui/windows/settings_window.gd:32)
       [4] _ready (res://src/ui/widgets/ui_window.gd:30)
       [5] _add_window (res://src/ui/ui_root.gd:73)
       [6] _ready (res://src/ui/ui_root.gd:47)
       [7] _make_ui (res://src/main.gd:162)
       [8] _quick_start (res://src/main.gd:190)
ERROR: Not supported by this display server.
   at: keyboard_get_label_from_physical (servers/display/display_server.cpp:1228)
   GDScript backtrace (most recent call first):
       [0] binding_text (res://src/autoload/settings.gd:441)
       [1] _controls (res://src/ui/windows/settings_window.gd:189)
       [2] _page (res://src/ui/windows/settings_window.gd:68)
       [3] _build (res://src/ui/windows/settings_window.gd:32)
       [4] _ready (res://src/ui/widgets/ui_window.gd:30)
       [5] _add_window (res://src/ui/ui_root.gd:73)
       [6] _ready (res://src/ui/ui_root.gd:47)
       [7] _make_ui (res://src/main.gd:162)
       [8] _quick_start (res://src/main.gd:190)
ERROR: Not supported by this display server.
   at: keyboard_get_label_from_physical (servers/display/display_server.cpp:1228)
   GDScript backtrace (most recent call first):
       [0] binding_text (res://src/autoload/settings.gd:441)
       [1] _controls (res://src/ui/windows/settings_window.gd:189)
       [2] _page (res://src/ui/windows/settings_window.gd:68)
       [3] _build (res://src/ui/windows/settings_window.gd:32)
       [4] _ready (res://src/ui/widgets/ui_window.gd:30)
       [5] _add_window (res://src/ui/ui_root.gd:73)
       [6] _ready (res://src/ui/ui_root.gd:47)
       [7] _make_ui (res://src/main.gd:162)
       [8] _quick_start (res://src/main.gd:190)
ERROR: Not supported by this display server.
   at: keyboard_get_label_from_physical (servers/display/display_server.cpp:1228)
   GDScript backtrace (most recent call first):
       [0] binding_text (res://src/autoload/settings.gd:441)
       [1] _controls (res://src/ui/windows/settings_window.gd:189)
       [2] _page (res://src/ui/windows/settings_window.gd:68)
       [3] _build (res://src/ui/windows/settings_window.gd:32)
       [4] _ready (res://src/ui/widgets/ui_window.gd:30)
       [5] _add_window (res://src/ui/ui_root.gd:73)
       [6] _ready (res://src/ui/ui_root.gd:47)
       [7] _make_ui (res://src/main.gd:162)
       [8] _quick_start (res://src/main.gd:190)
ERROR: Not supported by this display server.
   at: keyboard_get_label_from_physical (servers/display/display_server.cpp:1228)
   GDScript backtrace (most recent call first):
       [0] binding_text (res://src/autoload/settings.gd:441)
       [1] _controls (res://src/ui/windows/settings_window.gd:189)
       [2] _page (res://src/ui/windows/settings_window.gd:68)
       [3] _build (res://src/ui/windows/settings_window.gd:32)
       [4] _ready (res://src/ui/widgets/ui_window.gd:30)
       [5] _add_window (res://src/ui/ui_root.gd:73)
       [6] _ready (res://src/ui/ui_root.gd:47)
       [7] _make_ui (res://src/main.gd:162)
       [8] _quick_start (res://src/main.gd:190)
ERROR: Not supported by this display server.
   at: keyboard_get_label_from_physical (servers/display/display_server.cpp:1228)
   GDScript backtrace (most recent call first):
       [0] binding_text (res://src/autoload/settings.gd:441)
       [1] _controls (res://src/ui/windows/settings_window.gd:189)
       [2] _page (res://src/ui/windows/settings_window.gd:68)
       [3] _build (res://src/ui/windows/settings_window.gd:32)
       [4] _ready (res://src/ui/widgets/ui_window.gd:30)
       [5] _add_window (res://src/ui/ui_root.gd:73)
       [6] _ready (res://src/ui/ui_root.gd:47)
       [7] _make_ui (res://src/main.gd:162)
       [8] _quick_start (res://src/main.gd:190)
ERROR: Not supported by this display server.
   at: keyboard_get_label_from_physical (servers/display/display_server.cpp:1228)
   GDScript backtrace (most recent call first):
       [0] binding_text (res://src/autoload/settings.gd:441)
       [1] _controls (res://src/ui/windows/settings_window.gd:189)
       [2] _page (res://src/ui/windows/settings_window.gd:68)
       [3] _build (res://src/ui/windows/settings_window.gd:32)
       [4] _ready (res://src/ui/widgets/ui_window.gd:30)
       [5] _add_window (res://src/ui/ui_root.gd:73)
       [6] _ready (res://src/ui/ui_root.gd:47)
       [7] _make_ui (res://src/main.gd:162)
       [8] _quick_start (res://src/main.gd:190)
ERROR: Not supported by this display server.
   at: keyboard_get_label_from_physical (servers/display/display_server.cpp:1228)
   GDScript backtrace (most recent call first):
       [0] binding_text (res://src/autoload/settings.gd:441)
       [1] _controls (res://src/ui/windows/settings_window.gd:189)
       [2] _page (res://src/ui/windows/settings_window.gd:68)
       [3] _build (res://src/ui/windows/settings_window.gd:32)
       [4] _ready (res://src/ui/widgets/ui_window.gd:30)
       [5] _add_window (res://src/ui/ui_root.gd:73)
       [6] _ready (res://src/ui/ui_root.gd:47)
       [7] _make_ui (res://src/main.gd:162)
       [8] _quick_start (res://src/main.gd:190)
ERROR: Not supported by this display server.
   at: keyboard_get_label_from_physical (servers/display/display_server.cpp:1228)
   GDScript backtrace (most recent call first):
       [0] binding_text (res://src/autoload/settings.gd:441)
       [1] _controls (res://src/ui/windows/settings_window.gd:189)
       [2] _page (res://src/ui/windows/settings_window.gd:68)
       [3] _build (res://src/ui/windows/settings_window.gd:32)
       [4] _ready (res://src/ui/widgets/ui_window.gd:30)
       [5] _add_window (res://src/ui/ui_root.gd:73)
       [6] _ready (res://src/ui/ui_root.gd:47)
       [7] _make_ui (res://src/main.gd:162)
       [8] _quick_start (res://src/main.gd:190)
ERROR: Not supported by this display server.
   at: keyboard_get_label_from_physical (servers/display/display_server.cpp:1228)
   GDScript backtrace (most recent call first):
       [0] binding_text (res://src/autoload/settings.gd:441)
       [1] _controls (res://src/ui/windows/settings_window.gd:189)
       [2] _page (res://src/ui/windows/settings_window.gd:68)
       [3] _build (res://src/ui/windows/settings_window.gd:32)
       [4] _ready (res://src/ui/widgets/ui_window.gd:30)
       [5] _add_window (res://src/ui/ui_root.gd:73)
       [6] _ready (res://src/ui/ui_root.gd:47)
       [7] _make_ui (res://src/main.gd:162)
       [8] _quick_start (res://src/main.gd:190)
ERROR: Not supported by this display server.
   at: keyboard_get_label_from_physical (servers/display/display_server.cpp:1228)
   GDScript backtrace (most recent call first):
       [0] binding_text (res://src/autoload/settings.gd:441)
       [1] _controls (res://src/ui/windows/settings_window.gd:189)
       [2] _page (res://src/ui/windows/settings_window.gd:68)
       [3] _build (res://src/ui/windows/settings_window.gd:32)
       [4] _ready (res://src/ui/widgets/ui_window.gd:30)
       [5] _add_window (res://src/ui/ui_root.gd:73)
       [6] _ready (res://src/ui/ui_root.gd:47)
       [7] _make_ui (res://src/main.gd:162)
       [8] _quick_start (res://src/main.gd:190)
ERROR: Not supported by this display server.
   at: keyboard_get_label_from_physical (servers/display/display_server.cpp:1228)
   GDScript backtrace (most recent call first):
       [0] binding_text (res://src/autoload/settings.gd:441)
       [1] _controls (res://src/ui/windows/settings_window.gd:189)
       [2] _page (res://src/ui/windows/settings_window.gd:68)
       [3] _build (res://src/ui/windows/settings_window.gd:32)
       [4] _ready (res://src/ui/widgets/ui_window.gd:30)
       [5] _add_window (res://src/ui/ui_root.gd:73)
       [6] _ready (res://src/ui/ui_root.gd:47)
       [7] _make_ui (res://src/main.gd:162)
       [8] _quick_start (res://src/main.gd:190)
ERROR: Not supported by this display server.
   at: keyboard_get_label_from_physical (servers/display/display_server.cpp:1228)
   GDScript backtrace (most recent call first):
       [0] binding_text (res://src/autoload/settings.gd:441)
       [1] _controls (res://src/ui/windows/settings_window.gd:189)
       [2] _page (res://src/ui/windows/settings_window.gd:68)
       [3] _build (res://src/ui/windows/settings_window.gd:32)
       [4] _ready (res://src/ui/widgets/ui_window.gd:30)
       [5] _add_window (res://src/ui/ui_root.gd:73)
       [6] _ready (res://src/ui/ui_root.gd:47)
       [7] _make_ui (res://src/main.gd:162)
       [8] _quick_start (res://src/main.gd:190)
ERROR: Not supported by this display server.
   at: keyboard_get_label_from_physical (servers/display/display_server.cpp:1228)
   GDScript backtrace (most recent call first):
       [0] binding_text (res://src/autoload/settings.gd:441)
       [1] _controls (res://src/ui/windows/settings_window.gd:189)
       [2] _page (res://src/ui/windows/settings_window.gd:68)
       [3] _build (res://src/ui/windows/settings_window.gd:32)
       [4] _ready (res://src/ui/widgets/ui_window.gd:30)
       [5] _add_window (res://src/ui/ui_root.gd:73)
       [6] _ready (res://src/ui/ui_root.gd:47)
       [7] _make_ui (res://src/main.gd:162)
       [8] _quick_start (res://src/main.gd:190)
ERROR: Not supported by this display server.
   at: keyboard_get_label_from_physical (servers/display/display_server.cpp:1228)
   GDScript backtrace (most recent call first):
       [0] binding_text (res://src/autoload/settings.gd:441)
       [1] _controls (res://src/ui/windows/settings_window.gd:189)
       [2] _page (res://src/ui/windows/settings_window.gd:68)
       [3] _build (res://src/ui/windows/settings_window.gd:32)
       [4] _ready (res://src/ui/widgets/ui_window.gd:30)
       [5] _add_window (res://src/ui/ui_root.gd:73)
       [6] _ready (res://src/ui/ui_root.gd:47)
       [7] _make_ui (res://src/main.gd:162)
       [8] _quick_start (res://src/main.gd:190)
ERROR: Not supported by this display server.
   at: keyboard_get_label_from_physical (servers/display/display_server.cpp:1228)
   GDScript backtrace (most recent call first):
       [0] binding_text (res://src/autoload/settings.gd:441)
       [1] _controls (res://src/ui/windows/settings_window.gd:189)
       [2] _page (res://src/ui/windows/settings_window.gd:68)
       [3] _build (res://src/ui/windows/settings_window.gd:32)
       [4] _ready (res://src/ui/widgets/ui_window.gd:30)
       [5] _add_window (res://src/ui/ui_root.gd:73)
       [6] _ready (res://src/ui/ui_root.gd:47)
       [7] _make_ui (res://src/main.gd:162)
       [8] _quick_start (res://src/main.gd:190)
ERROR: Not supported by this display server.
   at: keyboard_get_label_from_physical (servers/display/display_server.cpp:1228)
   GDScript backtrace (most recent call first):
       [0] binding_text (res://src/autoload/settings.gd:441)
       [1] _controls (res://src/ui/windows/settings_window.gd:189)
       [2] _page (res://src/ui/windows/settings_window.gd:68)
       [3] _build (res://src/ui/windows/settings_window.gd:32)
       [4] _ready (res://src/ui/widgets/ui_window.gd:30)
       [5] _add_window (res://src/ui/ui_root.gd:73)
       [6] _ready (res://src/ui/ui_root.gd:47)
       [7] _make_ui (res://src/main.gd:162)
       [8] _quick_start (res://src/main.gd:190)
ERROR: Not supported by this display server.
   at: keyboard_get_label_from_physical (servers/display/display_server.cpp:1228)
   GDScript backtrace (most recent call first):
       [0] binding_text (res://src/autoload/settings.gd:441)
       [1] _controls (res://src/ui/windows/settings_window.gd:189)
       [2] _page (res://src/ui/windows/settings_window.gd:68)
       [3] _build (res://src/ui/windows/settings_window.gd:32)
       [4] _ready (res://src/ui/widgets/ui_window.gd:30)
       [5] _add_window (res://src/ui/ui_root.gd:73)
       [6] _ready (res://src/ui/ui_root.gd:47)
       [7] _make_ui (res://src/main.gd:162)
       [8] _quick_start (res://src/main.gd:190)
ERROR: Not supported by this display server.
   at: keyboard_get_label_from_physical (servers/display/display_server.cpp:1228)
   GDScript backtrace (most recent call first):
       [0] binding_text (res://src/autoload/settings.gd:441)
       [1] _controls (res://src/ui/windows/settings_window.gd:189)
       [2] _page (res://src/ui/windows/settings_window.gd:68)
       [3] _build (res://src/ui/windows/settings_window.gd:32)
       [4] _ready (res://src/ui/widgets/ui_window.gd:30)
       [5] _add_window (res://src/ui/ui_root.gd:73)
       [6] _ready (res://src/ui/ui_root.gd:47)
       [7] _make_ui (res://src/main.gd:162)
       [8] _quick_start (res://src/main.gd:190)
ERROR: Not supported by this display server.
   at: keyboard_get_label_from_physical (servers/display/display_server.cpp:1228)
   GDScript backtrace (most recent call first):
       [0] binding_text (res://src/autoload/settings.gd:441)
       [1] _controls (res://src/ui/windows/settings_window.gd:189)
       [2] _page (res://src/ui/windows/settings_window.gd:68)
       [3] _build (res://src/ui/windows/settings_window.gd:32)
       [4] _ready (res://src/ui/widgets/ui_window.gd:30)
       [5] _add_window (res://src/ui/ui_root.gd:73)
       [6] _ready (res://src/ui/ui_root.gd:47)
       [7] _make_ui (res://src/main.gd:162)
       [8] _quick_start (res://src/main.gd:190)
ERROR: Not supported by this display server.
   at: keyboard_get_label_from_physical (servers/display/display_server.cpp:1228)
   GDScript backtrace (most recent call first):
       [0] binding_text (res://src/autoload/settings.gd:441)
       [1] _controls (res://src/ui/windows/settings_window.gd:189)
       [2] _page (res://src/ui/windows/settings_window.gd:68)
       [3] _build (res://src/ui/windows/settings_window.gd:32)
       [4] _ready (res://src/ui/widgets/ui_window.gd:30)
       [5] _add_window (res://src/ui/ui_root.gd:73)
       [6] _ready (res://src/ui/ui_root.gd:47)
       [7] _make_ui (res://src/main.gd:162)
       [8] _quick_start (res://src/main.gd:190)
ERROR: Not supported by this display server.
   at: keyboard_get_label_from_physical (servers/display/display_server.cpp:1228)
   GDScript backtrace (most recent call first):
       [0] binding_text (res://src/autoload/settings.gd:441)
       [1] _controls (res://src/ui/windows/settings_window.gd:189)
       [2] _page (res://src/ui/windows/settings_window.gd:68)
       [3] _build (res://src/ui/windows/settings_window.gd:32)
       [4] _ready (res://src/ui/widgets/ui_window.gd:30)
       [5] _add_window (res://src/ui/ui_root.gd:73)
       [6] _ready (res://src/ui/ui_root.gd:47)
       [7] _make_ui (res://src/main.gd:162)
       [8] _quick_start (res://src/main.gd:190)
ERROR: Not supported by this display server.
   at: keyboard_get_label_from_physical (servers/display/display_server.cpp:1228)
   GDScript backtrace (most recent call first):
       [0] binding_text (res://src/autoload/settings.gd:441)
       [1] _controls (res://src/ui/windows/settings_window.gd:189)
       [2] _page (res://src/ui/windows/settings_window.gd:68)
       [3] _build (res://src/ui/windows/settings_window.gd:32)
       [4] _ready (res://src/ui/widgets/ui_window.gd:30)
       [5] _add_window (res://src/ui/ui_root.gd:73)
       [6] _ready (res://src/ui/ui_root.gd:47)
       [7] _make_ui (res://src/main.gd:162)
       [8] _quick_start (res://src/main.gd:190)
ERROR: Not supported by this display server.
   at: keyboard_get_label_from_physical (servers/display/display_server.cpp:1228)
   GDScript backtrace (most recent call first):
       [0] binding_text (res://src/autoload/settings.gd:441)
       [1] _controls (res://src/ui/windows/settings_window.gd:189)
       [2] _page (res://src/ui/windows/settings_window.gd:68)
       [3] _build (res://src/ui/windows/settings_window.gd:32)
       [4] _ready (res://src/ui/widgets/ui_window.gd:30)
       [5] _add_window (res://src/ui/ui_root.gd:73)
       [6] _ready (res://src/ui/ui_root.gd:47)
       [7] _make_ui (res://src/main.gd:162)
       [8] _quick_start (res://src/main.gd:190)
ERROR: Not supported by this display server.
   at: keyboard_get_label_from_physical (servers/display/display_server.cpp:1228)
   GDScript backtrace (most recent call first):
       [0] binding_text (res://src/autoload/settings.gd:441)
       [1] _controls (res://src/ui/windows/settings_window.gd:189)
       [2] _page (res://src/ui/windows/settings_window.gd:68)
       [3] _build (res://src/ui/windows/settings_window.gd:32)
       [4] _ready (res://src/ui/widgets/ui_window.gd:30)
       [5] _add_window (res://src/ui/ui_root.gd:73)
       [6] _ready (res://src/ui/ui_root.gd:47)
       [7] _make_ui (res://src/main.gd:162)
       [8] _quick_start (res://src/main.gd:190)
ERROR: Not supported by this display server.
   at: keyboard_get_label_from_physical (servers/display/display_server.cpp:1228)
   GDScript backtrace (most recent call first):
       [0] binding_text (res://src/autoload/settings.gd:441)
       [1] _controls (res://src/ui/windows/settings_window.gd:189)
       [2] _page (res://src/ui/windows/settings_window.gd:68)
       [3] _build (res://src/ui/windows/settings_window.gd:32)
       [4] _ready (res://src/ui/widgets/ui_window.gd:30)
       [5] _add_window (res://src/ui/ui_root.gd:73)
       [6] _ready (res://src/ui/ui_root.gd:47)
       [7] _make_ui (res://src/main.gd:162)
       [8] _quick_start (res://src/main.gd:190)
WARNING: Can't change the size of a `SubViewport` with a `SubViewportContainer` parent that has `stretch` enabled. Set `SubViewportContainer.stretch` to `false` to allow changing the size manually.
   at: _internal_set_size (scene/main/viewport.cpp:5627)
   GDScript backtrace (most recent call first):
       [0] _on_resized (res://src/ui/widgets/character_preview.gd:113)
       [1] _ready (res://src/ui/widgets/character_preview.gd:109)
       [2] _build (res://src/ui/windows/tempo_window.gd:58)
       [3] _ready (res://src/ui/widgets/ui_window.gd:30)
       [4] _add_window (res://src/ui/ui_root.gd:73)
       [5] _ready (res://src/ui/ui_root.gd:48)
       [6] _make_ui (res://src/main.gd:162)
       [7] _quick_start (res://src/main.gd:190)
ERROR: Condition "!is_inside_tree()" is true. Returning: Transform3D()
   at: get_global_transform (scene/3d/node_3d.cpp:649)
   GDScript backtrace (most recent call first):
       [0] _draw_markers (res://src/ui/hud/minimap.gd:161)
ERROR: Not supported by this display server.
   at: keyboard_get_label_from_physical (servers/display/display_server.cpp:1228)
   GDScript backtrace (most recent call first):
       [0] binding_text (res://src/autoload/settings.gd:441)
       [1] _draw (res://src/ui/hud/skill_button.gd:142)
ERROR: Not supported by this display server.
   at: keyboard_get_label_from_physical (servers/display/display_server.cpp:1228)
   GDScript backtrace (most recent call first):
       [0] binding_text (res://src/autoload/settings.gd:441)
       [1] _draw (res://src/ui/hud/skill_button.gd:142)
ERROR: Not supported by this display server.
   at: keyboard_get_label_from_physical (servers/display/display_server.cpp:1228)
   GDScript backtrace (most recent call first):
       [0] binding_text (res://src/autoload/settings.gd:441)
       [1] _draw (res://src/ui/hud/skill_button.gd:142)
ERROR: Not supported by this display server.
   at: keyboard_get_label_from_physical (servers/display/display_server.cpp:1228)
   GDScript backtrace (most recent call first):
       [0] binding_text (res://src/autoload/settings.gd:441)
       [1] _draw (res://src/ui/hud/skill_button.gd:142)
ERROR: Not supported by this display server.
   at: keyboard_get_label_from_physical (servers/display/display_server.cpp:1228)
   GDScript backtrace (most recent call first):
       [0] binding_text (res://src/autoload/settings.gd:441)
       [1] _draw (res://src/ui/hud/skill_button.gd:142)
ERROR: Not supported by this display server.
   at: keyboard_get_label_from_physical (servers/display/display_server.cpp:1228)
   GDScript backtrace (most recent call first):
       [0] binding_text (res://src/autoload/settings.gd:441)
       [1] _draw (res://src/ui/hud/skill_button.gd:142)
ERROR: Not supported by this display server.
   at: keyboard_get_label_from_physical (servers/display/display_server.cpp:1228)
   GDScript backtrace (most recent call first):
       [0] binding_text (res://src/autoload/settings.gd:441)
       [1] _draw (res://src/ui/hud/skill_button.gd:142)
ERROR: Not supported by this display server.
   at: keyboard_get_label_from_physical (servers/display/display_server.cpp:1228)
   GDScript backtrace (most recent call first):
       [0] binding_text (res://src/autoload/settings.gd:441)
       [1] _draw (res://src/ui/hud/skill_button.gd:142)
WARNING: AnimationNodeBlendSpace2D::add_blend_point: No name provided, using safe index as reference. In the future, empty names will be deprecated, so explicitly passing a name is recommended.
   at: add_blend_point (scene/animation/animation_blend_space_2d.cpp:74)
   GDScript backtrace (most recent call first):
       [0] _bs (res://src/actors/character_visual.gd:156)
       [1] _build_tree (res://src/actors/character_visual.gd:166)
       [2] setup (res://src/actors/character_visual.gd:89)
       [3] _ready (res://src/npc/npc.gd:54)
       [4] populate (res://src/npc/npc_directory.gd:16)
       [5] load_map (res://src/autoload/game.gd:199)
       [6] _begin_session (res://src/autoload/game.gd:104)
WARNING: AnimationNodeBlendSpace2D::add_blend_point: No name provided, using safe index as reference. In the future, empty names will be deprecated, so explicitly passing a name is recommended.
   at: add_blend_point (scene/animation/animation_blend_space_2d.cpp:74)
   GDScript backtrace (most recent call first):
       [0] _bs (res://src/actors/character_visual.gd:156)
       [1] _build_tree (res://src/actors/character_visual.gd:166)
       [2] setup (res://src/actors/character_visual.gd:89)
       [3] _ready (res://src/npc/npc.gd:54)
       [4] populate (res://src/npc/npc_directory.gd:16)
       [5] load_map (res://src/autoload/game.gd:199)
       [6] _begin_session (res://src/autoload/game.gd:104)
WARNING: AnimationNodeBlendSpace2D::add_blend_point: No name provided, using safe index as reference. In the future, empty names will be deprecated, so explicitly passing a name is recommended.
   at: add_blend_point (scene/animation/animation_blend_space_2d.cpp:74)
   GDScript backtrace (most recent call first):
       [0] _bs (res://src/actors/character_visual.gd:156)
       [1] _build_tree (res://src/actors/character_visual.gd:166)
       [2] setup (res://src/actors/character_visual.gd:89)
       [3] _ready (res://src/npc/npc.gd:54)
       [4] populate (res://src/npc/npc_directory.gd:16)
       [5] load_map (res://src/autoload/game.gd:199)
       [6] _begin_session (res://src/autoload/game.gd:104)
WARNING: AnimationNodeBlendSpace2D::add_blend_point: No name provided, using safe index as reference. In the future, empty names will be deprecated, so explicitly passing a name is recommended.
   at: add_blend_point (scene/animation/animation_blend_space_2d.cpp:74)
   GDScript backtrace (most recent call first):
       [0] _bs (res://src/actors/character_visual.gd:156)
       [1] _build_tree (res://src/actors/character_visual.gd:166)
       [2] setup (res://src/actors/character_visual.gd:89)
       [3] _ready (res://src/npc/npc.gd:54)
       [4] populate (res://src/npc/npc_directory.gd:16)
       [5] load_map (res://src/autoload/game.gd:199)
       [6] _begin_session (res://src/autoload/game.gd:104)
WARNING: AnimationNodeBlendSpace2D::add_blend_point: No name provided, using safe index as reference. In the future, empty names will be deprecated, so explicitly passing a name is recommended.
   at: add_blend_point (scene/animation/animation_blend_space_2d.cpp:74)
   GDScript backtrace (most recent call first):
       [0] _bs (res://src/actors/character_visual.gd:156)
       [1] _build_tree (res://src/actors/character_visual.gd:166)
       [2] setup (res://src/actors/character_visual.gd:89)
       [3] _ready (res://src/npc/npc.gd:54)
       [4] populate (res://src/npc/npc_directory.gd:16)
       [5] load_map (res://src/autoload/game.gd:199)
       [6] _begin_session (res://src/autoload/game.gd:104)
WARNING: AnimationNodeBlendSpace2D::add_blend_point: No name provided, using safe index as reference. In the future, empty names will be deprecated, so explicitly passing a name is recommended.
   at: add_blend_point (scene/animation/animation_blend_space_2d.cpp:74)
   GDScript backtrace (most recent call first):
       [0] _bs (res://src/actors/character_visual.gd:156)
       [1] _build_tree (res://src/actors/character_visual.gd:166)
       [2] setup (res://src/actors/character_visual.gd:89)
       [3] _ready (res://src/npc/npc.gd:54)
       [4] populate (res://src/npc/npc_directory.gd:16)
       [5] load_map (res://src/autoload/game.gd:199)
       [6] _begin_session (res://src/autoload/game.gd:104)
WARNING: AnimationNodeBlendSpace2D::add_blend_point: No name provided, using safe index as reference. In the future, empty names will be deprecated, so explicitly passing a name is recommended.
   at: add_blend_point (scene/animation/animation_blend_space_2d.cpp:74)
   GDScript backtrace (most recent call first):
       [0] _bs (res://src/actors/character_visual.gd:156)
       [1] _build_tree (res://src/actors/character_visual.gd:168)
       [2] setup (res://src/actors/character_visual.gd:89)
       [3] _ready (res://src/npc/npc.gd:54)
       [4] populate (res://src/npc/npc_directory.gd:16)
       [5] load_map (res://src/autoload/game.gd:199)
       [6] _begin_session (res://src/autoload/game.gd:104)
WARNING: AnimationNodeBlendSpace2D::add_blend_point: No name provided, using safe index as reference. In the future, empty names will be deprecated, so explicitly passing a name is recommended.
   at: add_blend_point (scene/animation/animation_blend_space_2d.cpp:74)
   GDScript backtrace (most recent call first):
       [0] _bs (res://src/actors/character_visual.gd:156)
       [1] _build_tree (res://src/actors/character_visual.gd:168)
       [2] setup (res://src/actors/character_visual.gd:89)
       [3] _ready (res://src/npc/npc.gd:54)
       [4] populate (res://src/npc/npc_directory.gd:16)
       [5] load_map (res://src/autoload/game.gd:199)
       [6] _begin_session (res://src/autoload/game.gd:104)
WARNING: AnimationNodeBlendSpace2D::add_blend_point: No name provided, using safe index as reference. In the future, empty names will be deprecated, so explicitly passing a name is recommended.
   at: add_blend_point (scene/animation/animation_blend_space_2d.cpp:74)
   GDScript backtrace (most recent call first):
       [0] _bs (res://src/actors/character_visual.gd:156)
       [1] _build_tree (res://src/actors/character_visual.gd:168)
       [2] setup (res://src/actors/character_visual.gd:89)
       [3] _ready (res://src/npc/npc.gd:54)
       [4] populate (res://src/npc/npc_directory.gd:16)
       [5] load_map (res://src/autoload/game.gd:199)
       [6] _begin_session (res://src/autoload/game.gd:104)
WARNING: AnimationNodeBlendSpace2D::add_blend_point: No name provided, using safe index as reference. In the future, empty names will be deprecated, so explicitly passing a name is recommended.
   at: add_blend_point (scene/animation/animation_blend_space_2d.cpp:74)
   GDScript backtrace (most recent call first):
       [0] _bs (res://src/actors/character_visual.gd:156)
       [1] _build_tree (res://src/actors/character_visual.gd:168)
       [2] setup (res://src/actors/character_visual.gd:89)
       [3] _ready (res://src/npc/npc.gd:54)
       [4] populate (res://src/npc/npc_directory.gd:16)
       [5] load_map (res://src/autoload/game.gd:199)
       [6] _begin_session (res://src/autoload/game.gd:104)
WARNING: AnimationNodeBlendSpace2D::add_blend_point: No name provided, using safe index as reference. In the future, empty names will be deprecated, so explicitly passing a name is recommended.
   at: add_blend_point (scene/animation/animation_blend_space_2d.cpp:74)
   GDScript backtrace (most recent call first):
       [0] _bs (res://src/actors/character_visual.gd:156)
       [1] _build_tree (res://src/actors/character_visual.gd:168)
       [2] setup (res://src/actors/character_visual.gd:89)
       [3] _ready (res://src/npc/npc.gd:54)
       [4] populate (res://src/npc/npc_directory.gd:16)
       [5] load_map (res://src/autoload/game.gd:199)
       [6] _begin_session (res://src/autoload/game.gd:104)
WARNING: AnimationNodeBlendSpace2D::add_blend_point: No name provided, using safe index as reference. In the future, empty names will be deprecated, so explicitly passing a name is recommended.
   at: add_blend_point (scene/animation/animation_blend_space_2d.cpp:74)
   GDScript backtrace (most recent call first):
       [0] _bs (res://src/actors/character_visual.gd:156)
       [1] _build_tree (res://src/actors/character_visual.gd:168)
       [2] setup (res://src/actors/character_visual.gd:89)
       [3] _ready (res://src/npc/npc.gd:54)
       [4] populate (res://src/npc/npc_directory.gd:16)
       [5] load_map (res://src/autoload/game.gd:199)
       [6] _begin_session (res://src/autoload/game.gd:104)
WARNING: AnimationNodeBlendSpace2D::add_blend_point: No name provided, using safe index as reference. In the future, empty names will be deprecated, so explicitly passing a name is recommended.
   at: add_blend_point (scene/animation/animation_blend_space_2d.cpp:74)
   GDScript backtrace (most recent call first):
       [0] _bs (res://src/actors/character_visual.gd:156)
       [1] _build_tree (res://src/actors/character_visual.gd:168)
       [2] setup (res://src/actors/character_visual.gd:89)
       [3] _ready (res://src/npc/npc.gd:54)
       [4] populate (res://src/npc/npc_directory.gd:16)
       [5] load_map (res://src/autoload/game.gd:199)
       [6] _begin_session (res://src/autoload/game.gd:104)
WARNING: AnimationNodeBlendSpace2D::add_blend_point: No name provided, using safe index as reference. In the future, empty names will be deprecated, so explicitly passing a name is recommended.
   at: add_blend_point (scene/animation/animation_blend_space_2d.cpp:74)
   GDScript backtrace (most recent call first):
       [0] _bs (res://src/actors/character_visual.gd:156)
       [1] _build_tree (res://src/actors/character_visual.gd:168)
       [2] setup (res://src/actors/character_visual.gd:89)
       [3] _ready (res://src/npc/npc.gd:54)
       [4] populate (res://src/npc/npc_directory.gd:16)
       [5] load_map (res://src/autoload/game.gd:199)
       [6] _begin_session (res://src/autoload/game.gd:104)
WARNING: AnimationNodeBlendSpace2D::add_blend_point: No name provided, using safe index as reference. In the future, empty names will be deprecated, so explicitly passing a name is recommended.
   at: add_blend_point (scene/animation/animation_blend_space_2d.cpp:74)
   GDScript backtrace (most recent call first):
       [0] _bs (res://src/actors/character_visual.gd:156)
       [1] _build_tree (res://src/actors/character_visual.gd:168)
       [2] setup (res://src/actors/character_visual.gd:89)
       [3] _ready (res://src/npc/npc.gd:54)
       [4] populate (res://src/npc/npc_directory.gd:16)
       [5] load_map (res://src/autoload/game.gd:199)
       [6] _begin_session (res://src/autoload/game.gd:104)
WARNING: AnimationNodeBlendSpace2D::add_blend_point: No name provided, using safe index as reference. In the future, empty names will be deprecated, so explicitly passing a name is recommended.
   at: add_blend_point (scene/animation/animation_blend_space_2d.cpp:74)
   GDScript backtrace (most recent call first):
       [0] _bs (res://src/actors/character_visual.gd:156)
       [1] _build_tree (res://src/actors/character_visual.gd:171)
       [2] setup (res://src/actors/character_visual.gd:89)
       [3] _ready (res://src/npc/npc.gd:54)
       [4] populate (res://src/npc/npc_directory.gd:16)
       [5] load_map (res://src/autoload/game.gd:199)
       [6] _begin_session (res://src/autoload/game.gd:104)
WARNING: AnimationNodeBlendSpace2D::add_blend_point: No name provided, using safe index as reference. In the future, empty names will be deprecated, so explicitly passing a name is recommended.
   at: add_blend_point (scene/animation/animation_blend_space_2d.cpp:74)
   GDScript backtrace (most recent call first):
       [0] _bs (res://src/actors/character_visual.gd:156)
       [1] _build_tree (res://src/actors/character_visual.gd:171)
       [2] setup (res://src/actors/character_visual.gd:89)
       [3] _ready (res://src/npc/npc.gd:54)
       [4] populate (res://src/npc/npc_directory.gd:16)
       [5] load_map (res://src/autoload/game.gd:199)
       [6] _begin_session (res://src/autoload/game.gd:104)
WARNING: AnimationNodeBlendSpace2D::add_blend_point: No name provided, using safe index as reference. In the future, empty names will be deprecated, so explicitly passing a name is recommended.
   at: add_blend_point (scene/animation/animation_blend_space_2d.cpp:74)
   GDScript backtrace (most recent call first):
       [0] _bs (res://src/actors/character_visual.gd:156)
       [1] _build_tree (res://src/actors/character_visual.gd:171)
       [2] setup (res://src/actors/character_visual.gd:89)
       [3] _ready (res://src/npc/npc.gd:54)
       [4] populate (res://src/npc/npc_directory.gd:16)
       [5] load_map (res://src/autoload/game.gd:199)
       [6] _begin_session (res://src/autoload/game.gd:104)
WARNING: AnimationNodeBlendSpace2D::add_blend_point: No name provided, using safe index as reference. In the future, empty names will be deprecated, so explicitly passing a name is recommended.
   at: add_blend_point (scene/animation/animation_blend_space_2d.cpp:74)
   GDScript backtrace (most recent call first):
       [0] _bs (res://src/actors/character_visual.gd:156)
       [1] _build_tree (res://src/actors/character_visual.gd:171)
       [2] setup (res://src/actors/character_visual.gd:89)
       [3] _ready (res://src/npc/npc.gd:54)
       [4] populate (res://src/npc/npc_directory.gd:16)
       [5] load_map (res://src/autoload/game.gd:199)
       [6] _begin_session (res://src/autoload/game.gd:104)
WARNING: AnimationNodeBlendSpace2D::add_blend_point: No name provided, using safe index as reference. In the future, empty names will be deprecated, so explicitly passing a name is recommended.
   at: add_blend_point (scene/animation/animation_blend_space_2d.cpp:74)
   GDScript backtrace (most recent call first):
       [0] _bs (res://src/actors/character_visual.gd:156)
       [1] _build_tree (res://src/actors/character_visual.gd:171)
       [2] setup (res://src/actors/character_visual.gd:89)
       [3] _ready (res://src/npc/npc.gd:54)
       [4] populate (res://src/npc/npc_directory.gd:16)
       [5] load_map (res://src/autoload/game.gd:199)
       [6] _begin_session (res://src/autoload/game.gd:104)
WARNING: AnimationNodeBlendSpace2D::add_blend_point: No name provided, using safe index as reference. In the future, empty names will be deprecated, so explicitly passing a name is recommended.
   at: add_blend_point (scene/animation/animation_blend_space_2d.cpp:74)
   GDScript backtrace (most recent call first):
       [0] _bs (res://src/actors/character_visual.gd:156)
       [1] _build_tree (res://src/actors/character_visual.gd:171)
       [2] setup (res://src/actors/character_visual.gd:89)
       [3] _ready (res://src/npc/npc.gd:54)
       [4] populate (res://src/npc/npc_directory.gd:16)
       [5] load_map (res://src/autoload/game.gd:199)
       [6] _begin_session (res://src/autoload/game.gd:104)
WARNING: AnimationNodeBlendSpace2D::add_blend_point: No name provided, using safe index as reference. In the future, empty names will be deprecated, so explicitly passing a name is recommended.
   at: add_blend_point (scene/animation/animation_blend_space_2d.cpp:74)
   GDScript backtrace (most recent call first):
       [0] _bs (res://src/actors/character_visual.gd:156)
       [1] _build_tree (res://src/actors/character_visual.gd:166)
       [2] setup (res://src/actors/character_visual.gd:89)
       [3] _ready (res://src/npc/npc.gd:54)
       [4] populate (res://src/npc/npc_directory.gd:16)
       [5] load_map (res://src/autoload/game.gd:199)
       [6] _begin_session (res://src/autoload/game.gd:104)
WARNING: AnimationNodeBlendSpace2D::add_blend_point: No name provided, using safe index as reference. In the future, empty names will be deprecated, so explicitly passing a name is recommended.
   at: add_blend_point (scene/animation/animation_blend_space_2d.cpp:74)
   GDScript backtrace (most recent call first):
       [0] _bs (res://src/actors/character_visual.gd:156)
       [1] _build_tree (res://src/actors/character_visual.gd:166)
       [2] setup (res://src/actors/character_visual.gd:89)
       [3] _ready (res://src/npc/npc.gd:54)
       [4] populate (res://src/npc/npc_directory.gd:16)
       [5] load_map (res://src/autoload/game.gd:199)
       [6] _begin_session (res://src/autoload/game.gd:104)
WARNING: AnimationNodeBlendSpace2D::add_blend_point: No name provided, using safe index as reference. In the future, empty names will be deprecated, so explicitly passing a name is recommended.
   at: add_blend_point (scene/animation/animation_blend_space_2d.cpp:74)
   GDScript backtrace (most recent call first):
       [0] _bs (res://src/actors/character_visual.gd:156)
       [1] _build_tree (res://src/actors/character_visual.gd:166)
       [2] setup (res://src/actors/character_visual.gd:89)
       [3] _ready (res://src/npc/npc.gd:54)
       [4] populate (res://src/npc/npc_directory.gd:16)
       [5] load_map (res://src/autoload/game.gd:199)
       [6] _begin_session (res://src/autoload/game.gd:104)
WARNING: AnimationNodeBlendSpace2D::add_blend_point: No name provided, using safe index as reference. In the future, empty names will be deprecated, so explicitly passing a name is recommended.
   at: add_blend_point (scene/animation/animation_blend_space_2d.cpp:74)
   GDScript backtrace (most recent call first):
       [0] _bs (res://src/actors/character_visual.gd:156)
       [1] _build_tree (res://src/actors/character_visual.gd:166)
       [2] setup (res://src/actors/character_visual.gd:89)
       [3] _ready (res://src/npc/npc.gd:54)
       [4] populate (res://src/npc/npc_directory.gd:16)
       [5] load_map (res://src/autoload/game.gd:199)
       [6] _begin_session (res://src/autoload/game.gd:104)
WARNING: AnimationNodeBlendSpace2D::add_blend_point: No name provided, using safe index as reference. In the future, empty names will be deprecated, so explicitly passing a name is recommended.
   at: add_blend_point (scene/animation/animation_blend_space_2d.cpp:74)
   GDScript backtrace (most recent call first):
       [0] _bs (res://src/actors/character_visual.gd:156)
       [1] _build_tree (res://src/actors/character_visual.gd:166)
       [2] setup (res://src/actors/character_visual.gd:89)
       [3] _ready (res://src/npc/npc.gd:54)
       [4] populate (res://src/npc/npc_directory.gd:16)
       [5] load_map (res://src/autoload/game.gd:199)
       [6] _begin_session (res://src/autoload/game.gd:104)
WARNING: AnimationNodeBlendSpace2D::add_blend_point: No name provided, using safe index as reference. In the future, empty names will be deprecated, so explicitly passing a name is recommended.
   at: add_blend_point (scene/animation/animation_blend_space_2d.cpp:74)
   GDScript backtrace (most recent call first):
       [0] _bs (res://src/actors/character_visual.gd:156)
       [1] _build_tree (res://src/actors/character_visual.gd:166)
       [2] setup (res://src/actors/character_visual.gd:89)
       [3] _ready (res://src/npc/npc.gd:54)
       [4] populate (res://src/npc/npc_directory.gd:16)
       [5] load_map (res://src/autoload/game.gd:199)
       [6] _begin_session (res://src/autoload/game.gd:104)
WARNING: AnimationNodeBlendSpace2D::add_blend_point: No name provided, using safe index as reference. In the future, empty names will be deprecated, so explicitly passing a name is recommended.
   at: add_blend_point (scene/animation/animation_blend_space_2d.cpp:74)
   GDScript backtrace (most recent call first):
       [0] _bs (res://src/actors/character_visual.gd:156)
       [1] _build_tree (res://src/actors/character_visual.gd:168)
       [2] setup (res://src/actors/character_visual.gd:89)
       [3] _ready (res://src/npc/npc.gd:54)
       [4] populate (res://src/npc/npc_directory.gd:16)
       [5] load_map (res://src/autoload/game.gd:199)
       [6] _begin_session (res://src/autoload/game.gd:104)
WARNING: AnimationNodeBlendSpace2D::add_blend_point: No name provided, using safe index as reference. In the future, empty names will be deprecated, so explicitly passing a name is recommended.
   at: add_blend_point (scene/animation/animation_blend_space_2d.cpp:74)
   GDScript backtrace (most recent call first):
       [0] _bs (res://src/actors/character_visual.gd:156)
       [1] _build_tree (res://src/actors/character_visual.gd:168)
       [2] setup (res://src/actors/character_visual.gd:89)
       [3] _ready (res://src/npc/npc.gd:54)
       [4] populate (res://src/npc/npc_directory.gd:16)
       [5] load_map (res://src/autoload/game.gd:199)
       [6] _begin_session (res://src/autoload/game.gd:104)
WARNING: AnimationNodeBlendSpace2D::add_blend_point: No name provided, using safe index as reference. In the future, empty names will be deprecated, so explicitly passing a name is recommended.
   at: add_blend_point (scene/animation/animation_blend_space_2d.cpp:74)
   GDScript backtrace (most recent call first):
       [0] _bs (res://src/actors/character_visual.gd:156)
       [1] _build_tree (res://src/actors/character_visual.gd:168)
       [2] setup (res://src/actors/character_visual.gd:89)
       [3] _ready (res://src/npc/npc.gd:54)
       [4] populate (res://src/npc/npc_directory.gd:16)
       [5] load_map (res://src/autoload/game.gd:199)
       [6] _begin_session (res://src/autoload/game.gd:104)
WARNING: AnimationNodeBlendSpace2D::add_blend_point: No name provided, using safe index as reference. In the future, empty names will be deprecated, so explicitly passing a name is recommended.
   at: add_blend_point (scene/animation/animation_blend_space_2d.cpp:74)
   GDScript backtrace (most recent call first):
       [0] _bs (res://src/actors/character_visual.gd:156)
       [1] _build_tree (res://src/actors/character_visual.gd:168)
       [2] setup (res://src/actors/character_visual.gd:89)
       [3] _ready (res://src/npc/npc.gd:54)
       [4] populate (res://src/npc/npc_directory.gd:16)
       [5] load_map (res://src/autoload/game.gd:199)
       [6] _begin_session (res://src/autoload/game.gd:104)
WARNING: AnimationNodeBlendSpace2D::add_blend_point: No name provided, using safe index as reference. In the future, empty names will be deprecated, so explicitly passing a name is recommended.
   at: add_blend_point (scene/animation/animation_blend_space_2d.cpp:74)
   GDScript backtrace (most recent call first):
       [0] _bs (res://src/actors/character_visual.gd:156)
       [1] _build_tree (res://src/actors/character_visual.gd:168)
       [2] setup (res://src/actors/character_visual.gd:89)
       [3] _ready (res://src/npc/npc.gd:54)
       [4] populate (res://src/npc/npc_directory.gd:16)
       [5] load_map (res://src/autoload/game.gd:199)
       [6] _begin_session (res://src/autoload/game.gd:104)
WARNING: AnimationNodeBlendSpace2D::add_blend_point: No name provided, using safe index as reference. In the future, empty names will be deprecated, so explicitly passing a name is recommended.
   at: add_blend_point (scene/animation/animation_blend_space_2d.cpp:74)
   GDScript backtrace (most recent call first):
       [0] _bs (res://src/actors/character_visual.gd:156)
       [1] _build_tree (res://src/actors/character_visual.gd:168)
       [2] setup (res://src/actors/character_visual.gd:89)
       [3] _ready (res://src/npc/npc.gd:54)
       [4] populate (res://src/npc/npc_directory.gd:16)
       [5] load_map (res://src/autoload/game.gd:199)
       [6] _begin_session (res://src/autoload/game.gd:104)
WARNING: AnimationNodeBlendSpace2D::add_blend_point: No name provided, using safe index as reference. In the future, empty names will be deprecated, so explicitly passing a name is recommended.
   at: add_blend_point (scene/animation/animation_blend_space_2d.cpp:74)
   GDScript backtrace (most recent call first):
       [0] _bs (res://src/actors/character_visual.gd:156)
       [1] _build_tree (res://src/actors/character_visual.gd:168)
       [2] setup (res://src/actors/character_visual.gd:89)
       [3] _ready (res://src/npc/npc.gd:54)
       [4] populate (res://src/npc/npc_directory.gd:16)
       [5] load_map (res://src/autoload/game.gd:199)
       [6] _begin_session (res://src/autoload/game.gd:104)
WARNING: AnimationNodeBlendSpace2D::add_blend_point: No name provided, using safe index as reference. In the future, empty names will be deprecated, so explicitly passing a name is recommended.
   at: add_blend_point (scene/animation/animation_blend_space_2d.cpp:74)
   GDScript backtrace (most recent call first):
       [0] _bs (res://src/actors/character_visual.gd:156)
       [1] _build_tree (res://src/actors/character_visual.gd:168)
       [2] setup (res://src/actors/character_visual.gd:89)
       [3] _ready (res://src/npc/npc.gd:54)
       [4] populate (res://src/npc/npc_directory.gd:16)
       [5] load_map (res://src/autoload/game.gd:199)
       [6] _begin_session (res://src/autoload/game.gd:104)
WARNING: AnimationNodeBlendSpace2D::add_blend_point: No name provided, using safe index as reference. In the future, empty names will be deprecated, so explicitly passing a name is recommended.
   at: add_blend_point (scene/animation/animation_blend_space_2d.cpp:74)
   GDScript backtrace (most recent call first):
       [0] _bs (res://src/actors/character_visual.gd:156)
       [1] _build_tree (res://src/actors/character_visual.gd:168)
       [2] setup (res://src/actors/character_visual.gd:89)
       [3] _ready (res://src/npc/npc.gd:54)
       [4] populate (res://src/npc/npc_directory.gd:16)
       [5] load_map (res://src/autoload/game.gd:199)
       [6] _begin_session (res://src/autoload/game.gd:104)
WARNING: AnimationNodeBlendSpace2D::add_blend_point: No name provided, using safe index as reference. In the future, empty names will be deprecated, so explicitly passing a name is recommended.
   at: add_blend_point (scene/animation/animation_blend_space_2d.cpp:74)
   GDScript backtrace (most recent call first):
       [0] _bs (res://src/actors/character_visual.gd:156)
       [1] _build_tree (res://src/actors/character_visual.gd:171)
       [2] setup (res://src/actors/character_visual.gd:89)
       [3] _ready (res://src/npc/npc.gd:54)
       [4] populate (res://src/npc/npc_directory.gd:16)
       [5] load_map (res://src/autoload/game.gd:199)
       [6] _begin_session (res://src/autoload/game.gd:104)
WARNING: AnimationNodeBlendSpace2D::add_blend_point: No name provided, using safe index as reference. In the future, empty names will be deprecated, so explicitly passing a name is recommended.
   at: add_blend_point (scene/animation/animation_blend_space_2d.cpp:74)
   GDScript backtrace (most recent call first):
       [0] _bs (res://src/actors/character_visual.gd:156)
       [1] _build_tree (res://src/actors/character_visual.gd:171)
       [2] setup (res://src/actors/character_visual.gd:89)
       [3] _ready (res://src/npc/npc.gd:54)
       [4] populate (res://src/npc/npc_directory.gd:16)
       [5] load_map (res://src/autoload/game.gd:199)
       [6] _begin_session (res://src/autoload/game.gd:104)
WARNING: AnimationNodeBlendSpace2D::add_blend_point: No name provided, using safe index as reference. In the future, empty names will be deprecated, so explicitly passing a name is recommended.
   at: add_blend_point (scene/animation/animation_blend_space_2d.cpp:74)
   GDScript backtrace (most recent call first):
       [0] _bs (res://src/actors/character_visual.gd:156)
       [1] _build_tree (res://src/actors/character_visual.gd:171)
       [2] setup (res://src/actors/character_visual.gd:89)
       [3] _ready (res://src/npc/npc.gd:54)
       [4] populate (res://src/npc/npc_directory.gd:16)
       [5] load_map (res://src/autoload/game.gd:199)
       [6] _begin_session (res://src/autoload/game.gd:104)
WARNING: AnimationNodeBlendSpace2D::add_blend_point: No name provided, using safe index as reference. In the future, empty names will be deprecated, so explicitly passing a name is recommended.
   at: add_blend_point (scene/animation/animation_blend_space_2d.cpp:74)
   GDScript backtrace (most recent call first):
       [0] _bs (res://src/actors/character_visual.gd:156)
       [1] _build_tree (res://src/actors/character_visual.gd:171)
       [2] setup (res://src/actors/character_visual.gd:89)
       [3] _ready (res://src/npc/npc.gd:54)
       [4] populate (res://src/npc/npc_directory.gd:16)
       [5] load_map (res://src/autoload/game.gd:199)
       [6] _begin_session (res://src/autoload/game.gd:104)
WARNING: AnimationNodeBlendSpace2D::add_blend_point: No name provided, using safe index as reference. In the future, empty names will be deprecated, so explicitly passing a name is recommended.
   at: add_blend_point (scene/animation/animation_blend_space_2d.cpp:74)
   GDScript backtrace (most recent call first):
       [0] _bs (res://src/actors/character_visual.gd:156)
       [1] _build_tree (res://src/actors/character_visual.gd:171)
       [2] setup (res://src/actors/character_visual.gd:89)
       [3] _ready (res://src/npc/npc.gd:54)
       [4] populate (res://src/npc/npc_directory.gd:16)
       [5] load_map (res://src/autoload/game.gd:199)
       [6] _begin_session (res://src/autoload/game.gd:104)
WARNING: AnimationNodeBlendSpace2D::add_blend_point: No name provided, using safe index as reference. In the future, empty names will be deprecated, so explicitly passing a name is recommended.
   at: add_blend_point (scene/animation/animation_blend_space_2d.cpp:74)
   GDScript backtrace (most recent call first):
       [0] _bs (res://src/actors/character_visual.gd:156)
       [1] _build_tree (res://src/actors/character_visual.gd:171)
       [2] setup (res://src/actors/character_visual.gd:89)
       [3] _ready (res://src/npc/npc.gd:54)
       [4] populate (res://src/npc/npc_directory.gd:16)
       [5] load_map (res://src/autoload/game.gd:199)
       [6] _begin_session (res://src/autoload/game.gd:104)
WARNING: AnimationNodeBlendSpace2D::add_blend_point: No name provided, using safe index as reference. In the future, empty names will be deprecated, so explicitly passing a name is recommended.
   at: add_blend_point (scene/animation/animation_blend_space_2d.cpp:74)
   GDScript backtrace (most recent call first):
       [0] _bs (res://src/actors/character_visual.gd:156)
       [1] _build_tree (res://src/actors/character_visual.gd:166)
       [2] setup (res://src/actors/character_visual.gd:89)
       [3] _ready (res://src/npc/npc.gd:54)
       [4] populate (res://src/npc/npc_directory.gd:16)
       [5] load_map (res://src/autoload/game.gd:199)
       [6] _begin_session (res://src/autoload/game.gd:104)
WARNING: AnimationNodeBlendSpace2D::add_blend_point: No name provided, using safe index as reference. In the future, empty names will be deprecated, so explicitly passing a name is recommended.
   at: add_blend_point (scene/animation/animation_blend_space_2d.cpp:74)
   GDScript backtrace (most recent call first):
       [0] _bs (res://src/actors/character_visual.gd:156)
       [1] _build_tree (res://src/actors/character_visual.gd:166)
       [2] setup (res://src/actors/character_visual.gd:89)
       [3] _ready (res://src/npc/npc.gd:54)
       [4] populate (res://src/npc/npc_directory.gd:16)
       [5] load_map (res://src/autoload/game.gd:199)
       [6] _begin_session (res://src/autoload/game.gd:104)
WARNING: AnimationNodeBlendSpace2D::add_blend_point: No name provided, using safe index as reference. In the future, empty names will be deprecated, so explicitly passing a name is recommended.
   at: add_blend_point (scene/animation/animation_blend_space_2d.cpp:74)
   GDScript backtrace (most recent call first):
       [0] _bs (res://src/actors/character_visual.gd:156)
       [1] _build_tree (res://src/actors/character_visual.gd:166)
       [2] setup (res://src/actors/character_visual.gd:89)
       [3] _ready (res://src/npc/npc.gd:54)
       [4] populate (res://src/npc/npc_directory.gd:16)
       [5] load_map (res://src/autoload/game.gd:199)
       [6] _begin_session (res://src/autoload/game.gd:104)
WARNING: AnimationNodeBlendSpace2D::add_blend_point: No name provided, using safe index as reference. In the future, empty names will be deprecated, so explicitly passing a name is recommended.
   at: add_blend_point (scene/animation/animation_blend_space_2d.cpp:74)
   GDScript backtrace (most recent call first):
       [0] _bs (res://src/actors/character_visual.gd:156)
       [1] _build_tree (res://src/actors/character_visual.gd:166)
       [2] setup (res://src/actors/character_visual.gd:89)
       [3] _ready (res://src/npc/npc.gd:54)
       [4] populate (res://src/npc/npc_directory.gd:16)
       [5] load_map (res://src/autoload/game.gd:199)
       [6] _begin_session (res://src/autoload/game.gd:104)
WARNING: AnimationNodeBlendSpace2D::add_blend_point: No name provided, using safe index as reference. In the future, empty names will be deprecated, so explicitly passing a name is recommended.
   at: add_blend_point (scene/animation/animation_blend_space_2d.cpp:74)
   GDScript backtrace (most recent call first):
       [0] _bs (res://src/actors/character_visual.gd:156)
       [1] _build_tree (res://src/actors/character_visual.gd:166)
       [2] setup (res://src/actors/character_visual.gd:89)
       [3] _ready (res://src/npc/npc.gd:54)
       [4] populate (res://src/npc/npc_directory.gd:16)
       [5] load_map (res://src/autoload/game.gd:199)
       [6] _begin_session (res://src/autoload/game.gd:104)
WARNING: AnimationNodeBlendSpace2D::add_blend_point: No name provided, using safe index as reference. In the future, empty names will be deprecated, so explicitly passing a name is recommended.
   at: add_blend_point (scene/animation/animation_blend_space_2d.cpp:74)
   GDScript backtrace (most recent call first):
       [0] _bs (res://src/actors/character_visual.gd:156)
       [1] _build_tree (res://src/actors/character_visual.gd:166)
       [2] setup (res://src/actors/character_visual.gd:89)
       [3] _ready (res://src/npc/npc.gd:54)
       [4] populate (res://src/npc/npc_directory.gd:16)
       [5] load_map (res://src/autoload/game.gd:199)
       [6] _begin_session (res://src/autoload/game.gd:104)
WARNING: AnimationNodeBlendSpace2D::add_blend_point: No name provided, using safe index as reference. In the future, empty names will be deprecated, so explicitly passing a name is recommended.
   at: add_blend_point (scene/animation/animation_blend_space_2d.cpp:74)
   GDScript backtrace (most recent call first):
       [0] _bs (res://src/actors/character_visual.gd:156)
       [1] _build_tree (res://src/actors/character_visual.gd:168)
       [2] setup (res://src/actors/character_visual.gd:89)
       [3] _ready (res://src/npc/npc.gd:54)
       [4] populate (res://src/npc/npc_directory.gd:16)
       [5] load_map (res://src/autoload/game.gd:199)
       [6] _begin_session (res://src/autoload/game.gd:104)
WARNING: AnimationNodeBlendSpace2D::add_blend_point: No name provided, using safe index as reference. In the future, empty names will be deprecated, so explicitly passing a name is recommended.
   at: add_blend_point (scene/animation/animation_blend_space_2d.cpp:74)
   GDScript backtrace (most recent call first):
       [0] _bs (res://src/actors/character_visual.gd:156)
       [1] _build_tree (res://src/actors/character_visual.gd:168)
       [2] setup (res://src/actors/character_visual.gd:89)
       [3] _ready (res://src/npc/npc.gd:54)
       [4] populate (res://src/npc/npc_directory.gd:16)
       [5] load_map (res://src/autoload/game.gd:199)
       [6] _begin_session (res://src/autoload/game.gd:104)
WARNING: AnimationNodeBlendSpace2D::add_blend_point: No name provided, using safe index as reference. In the future, empty names will be deprecated, so explicitly passing a name is recommended.
   at: add_blend_point (scene/animation/animation_blend_space_2d.cpp:74)
   GDScript backtrace (most recent call first):
       [0] _bs (res://src/actors/character_visual.gd:156)
       [1] _build_tree (res://src/actors/character_visual.gd:168)
       [2] setup (res://src/actors/character_visual.gd:89)
       [3] _ready (res://src/npc/npc.gd:54)
       [4] populate (res://src/npc/npc_directory.gd:16)
       [5] load_map (res://src/autoload/game.gd:199)
       [6] _begin_session (res://src/autoload/game.gd:104)
WARNING: AnimationNodeBlendSpace2D::add_blend_point: No name provided, using safe index as reference. In the future, empty names will be deprecated, so explicitly passing a name is recommended.
   at: add_blend_point (scene/animation/animation_blend_space_2d.cpp:74)
   GDScript backtrace (most recent call first):
       [0] _bs (res://src/actors/character_visual.gd:156)
       [1] _build_tree (res://src/actors/character_visual.gd:168)
       [2] setup (res://src/actors/character_visual.gd:89)
       [3] _ready (res://src/npc/npc.gd:54)
       [4] populate (res://src/npc/npc_directory.gd:16)
       [5] load_map (res://src/autoload/game.gd:199)
       [6] _begin_session (res://src/autoload/game.gd:104)
WARNING: AnimationNodeBlendSpace2D::add_blend_point: No name provided, using safe index as reference. In the future, empty names will be deprecated, so explicitly passing a name is recommended.
   at: add_blend_point (scene/animation/animation_blend_space_2d.cpp:74)
   GDScript backtrace (most recent call first):
       [0] _bs (res://src/actors/character_visual.gd:156)
       [1] _build_tree (res://src/actors/character_visual.gd:168)
       [2] setup (res://src/actors/character_visual.gd:89)
       [3] _ready (res://src/npc/npc.gd:54)
       [4] populate (res://src/npc/npc_directory.gd:16)
       [5] load_map (res://src/autoload/game.gd:199)
       [6] _begin_session (res://src/autoload/game.gd:104)
WARNING: AnimationNodeBlendSpace2D::add_blend_point: No name provided, using safe index as reference. In the future, empty names will be deprecated, so explicitly passing a name is recommended.
   at: add_blend_point (scene/animation/animation_blend_space_2d.cpp:74)
   GDScript backtrace (most recent call first):
       [0] _bs (res://src/actors/character_visual.gd:156)
       [1] _build_tree (res://src/actors/character_visual.gd:168)
       [2] setup (res://src/actors/character_visual.gd:89)
       [3] _ready (res://src/npc/npc.gd:54)
       [4] populate (res://src/npc/npc_directory.gd:16)
       [5] load_map (res://src/autoload/game.gd:199)
       [6] _begin_session (res://src/autoload/game.gd:104)
WARNING: AnimationNodeBlendSpace2D::add_blend_point: No name provided, using safe index as reference. In the future, empty names will be deprecated, so explicitly passing a name is recommended.
   at: add_blend_point (scene/animation/animation_blend_space_2d.cpp:74)
   GDScript backtrace (most recent call first):
       [0] _bs (res://src/actors/character_visual.gd:156)
       [1] _build_tree (res://src/actors/character_visual.gd:168)
       [2] setup (res://src/actors/character_visual.gd:89)
       [3] _ready (res://src/npc/npc.gd:54)
       [4] populate (res://src/npc/npc_directory.gd:16)
       [5] load_map (res://src/autoload/game.gd:199)
       [6] _begin_session (res://src/autoload/game.gd:104)
WARNING: AnimationNodeBlendSpace2D::add_blend_point: No name provided, using safe index as reference. In the future, empty names will be deprecated, so explicitly passing a name is recommended.
   at: add_blend_point (scene/animation/animation_blend_space_2d.cpp:74)
   GDScript backtrace (most recent call first):
       [0] _bs (res://src/actors/character_visual.gd:156)
       [1] _build_tree (res://src/actors/character_visual.gd:168)
       [2] setup (res://src/actors/character_visual.gd:89)
       [3] _ready (res://src/npc/npc.gd:54)
       [4] populate (res://src/npc/npc_directory.gd:16)
       [5] load_map (res://src/autoload/game.gd:199)
       [6] _begin_session (res://src/autoload/game.gd:104)
WARNING: AnimationNodeBlendSpace2D::add_blend_point: No name provided, using safe index as reference. In the future, empty names will be deprecated, so explicitly passing a name is recommended.
   at: add_blend_point (scene/animation/animation_blend_space_2d.cpp:74)
   GDScript backtrace (most recent call first):
       [0] _bs (res://src/actors/character_visual.gd:156)
       [1] _build_tree (res://src/actors/character_visual.gd:168)
       [2] setup (res://src/actors/character_visual.gd:89)
       [3] _ready (res://src/npc/npc.gd:54)
       [4] populate (res://src/npc/npc_directory.gd:16)
       [5] load_map (res://src/autoload/game.gd:199)
       [6] _begin_session (res://src/autoload/game.gd:104)
WARNING: AnimationNodeBlendSpace2D::add_blend_point: No name provided, using safe index as reference. In the future, empty names will be deprecated, so explicitly passing a name is recommended.
   at: add_blend_point (scene/animation/animation_blend_space_2d.cpp:74)
   GDScript backtrace (most recent call first):
       [0] _bs (res://src/actors/character_visual.gd:156)
       [1] _build_tree (res://src/actors/character_visual.gd:171)
       [2] setup (res://src/actors/character_visual.gd:89)
       [3] _ready (res://src/npc/npc.gd:54)
       [4] populate (res://src/npc/npc_directory.gd:16)
       [5] load_map (res://src/autoload/game.gd:199)
       [6] _begin_session (res://src/autoload/game.gd:104)
WARNING: AnimationNodeBlendSpace2D::add_blend_point: No name provided, using safe index as reference. In the future, empty names will be deprecated, so explicitly passing a name is recommended.
   at: add_blend_point (scene/animation/animation_blend_space_2d.cpp:74)
   GDScript backtrace (most recent call first):
       [0] _bs (res://src/actors/character_visual.gd:156)
       [1] _build_tree (res://src/actors/character_visual.gd:171)
       [2] setup (res://src/actors/character_visual.gd:89)
       [3] _ready (res://src/npc/npc.gd:54)
       [4] populate (res://src/npc/npc_directory.gd:16)
       [5] load_map (res://src/autoload/game.gd:199)
       [6] _begin_session (res://src/autoload/game.gd:104)
WARNING: AnimationNodeBlendSpace2D::add_blend_point: No name provided, using safe index as reference. In the future, empty names will be deprecated, so explicitly passing a name is recommended.
   at: add_blend_point (scene/animation/animation_blend_space_2d.cpp:74)
   GDScript backtrace (most recent call first):
       [0] _bs (res://src/actors/character_visual.gd:156)
       [1] _build_tree (res://src/actors/character_visual.gd:171)
       [2] setup (res://src/actors/character_visual.gd:89)
       [3] _ready (res://src/npc/npc.gd:54)
       [4] populate (res://src/npc/npc_directory.gd:16)
       [5] load_map (res://src/autoload/game.gd:199)
       [6] _begin_session (res://src/autoload/game.gd:104)
WARNING: AnimationNodeBlendSpace2D::add_blend_point: No name provided, using safe index as reference. In the future, empty names will be deprecated, so explicitly passing a name is recommended.
   at: add_blend_point (scene/animation/animation_blend_space_2d.cpp:74)
   GDScript backtrace (most recent call first):
       [0] _bs (res://src/actors/character_visual.gd:156)
       [1] _build_tree (res://src/actors/character_visual.gd:171)
       [2] setup (res://src/actors/character_visual.gd:89)
       [3] _ready (res://src/npc/npc.gd:54)
       [4] populate (res://src/npc/npc_directory.gd:16)
       [5] load_map (res://src/autoload/game.gd:199)
       [6] _begin_session (res://src/autoload/game.gd:104)
WARNING: AnimationNodeBlendSpace2D::add_blend_point: No name provided, using safe index as reference. In the future, empty names will be deprecated, so explicitly passing a name is recommended.
   at: add_blend_point (scene/animation/animation_blend_space_2d.cpp:74)
   GDScript backtrace (most recent call first):
       [0] _bs (res://src/actors/character_visual.gd:156)
       [1] _build_tree (res://src/actors/character_visual.gd:171)
       [2] setup (res://src/actors/character_visual.gd:89)
       [3] _ready (res://src/npc/npc.gd:54)
       [4] populate (res://src/npc/npc_directory.gd:16)
       [5] load_map (res://src/autoload/game.gd:199)
       [6] _begin_session (res://src/autoload/game.gd:104)
WARNING: AnimationNodeBlendSpace2D::add_blend_point: No name provided, using safe index as reference. In the future, empty names will be deprecated, so explicitly passing a name is recommended.
   at: add_blend_point (scene/animation/animation_blend_space_2d.cpp:74)
   GDScript backtrace (most recent call first):
       [0] _bs (res://src/actors/character_visual.gd:156)
       [1] _build_tree (res://src/actors/character_visual.gd:171)
       [2] setup (res://src/actors/character_visual.gd:89)
       [3] _ready (res://src/npc/npc.gd:54)
       [4] populate (res://src/npc/npc_directory.gd:16)
       [5] load_map (res://src/autoload/game.gd:199)
       [6] _begin_session (res://src/autoload/game.gd:104)
WARNING: AnimationNodeBlendSpace2D::add_blend_point: No name provided, using safe index as reference. In the future, empty names will be deprecated, so explicitly passing a name is recommended.
   at: add_blend_point (scene/animation/animation_blend_space_2d.cpp:74)
   GDScript backtrace (most recent call first):
       [0] _bs (res://src/actors/character_visual.gd:156)
       [1] _build_tree (res://src/actors/character_visual.gd:166)
       [2] setup (res://src/actors/character_visual.gd:89)
       [3] _ready (res://src/npc/npc.gd:54)
       [4] populate (res://src/npc/npc_directory.gd:16)
       [5] load_map (res://src/autoload/game.gd:199)
       [6] _begin_session (res://src/autoload/game.gd:104)
WARNING: AnimationNodeBlendSpace2D::add_blend_point: No name provided, using safe index as reference. In the future, empty names will be deprecated, so explicitly passing a name is recommended.
   at: add_blend_point (scene/animation/animation_blend_space_2d.cpp:74)
   GDScript backtrace (most recent call first):
       [0] _bs (res://src/actors/character_visual.gd:156)
       [1] _build_tree (res://src/actors/character_visual.gd:166)
       [2] setup (res://src/actors/character_visual.gd:89)
       [3] _ready (res://src/npc/npc.gd:54)
       [4] populate (res://src/npc/npc_directory.gd:16)
       [5] load_map (res://src/autoload/game.gd:199)
       [6] _begin_session (res://src/autoload/game.gd:104)
WARNING: AnimationNodeBlendSpace2D::add_blend_point: No name provided, using safe index as reference. In the future, empty names will be deprecated, so explicitly passing a name is recommended.
   at: add_blend_point (scene/animation/animation_blend_space_2d.cpp:74)
   GDScript backtrace (most recent call first):
       [0] _bs (res://src/actors/character_visual.gd:156)
       [1] _build_tree (res://src/actors/character_visual.gd:166)
       [2] setup (res://src/actors/character_visual.gd:89)
       [3] _ready (res://src/npc/npc.gd:54)
       [4] populate (res://src/npc/npc_directory.gd:16)
       [5] load_map (res://src/autoload/game.gd:199)
       [6] _begin_session (res://src/autoload/game.gd:104)
WARNING: AnimationNodeBlendSpace2D::add_blend_point: No name provided, using safe index as reference. In the future, empty names will be deprecated, so explicitly passing a name is recommended.
   at: add_blend_point (scene/animation/animation_blend_space_2d.cpp:74)
   GDScript backtrace (most recent call first):
       [0] _bs (res://src/actors/character_visual.gd:156)
       [1] _build_tree (res://src/actors/character_visual.gd:166)
       [2] setup (res://src/actors/character_visual.gd:89)
       [3] _ready (res://src/npc/npc.gd:54)
       [4] populate (res://src/npc/npc_directory.gd:16)
       [5] load_map (res://src/autoload/game.gd:199)
       [6] _begin_session (res://src/autoload/game.gd:104)
WARNING: AnimationNodeBlendSpace2D::add_blend_point: No name provided, using safe index as reference. In the future, empty names will be deprecated, so explicitly passing a name is recommended.
   at: add_blend_point (scene/animation/animation_blend_space_2d.cpp:74)
   GDScript backtrace (most recent call first):
       [0] _bs (res://src/actors/character_visual.gd:156)
       [1] _build_tree (res://src/actors/character_visual.gd:166)
       [2] setup (res://src/actors/character_visual.gd:89)
       [3] _ready (res://src/npc/npc.gd:54)
       [4] populate (res://src/npc/npc_directory.gd:16)
       [5] load_map (res://src/autoload/game.gd:199)
       [6] _begin_session (res://src/autoload/game.gd:104)
WARNING: AnimationNodeBlendSpace2D::add_blend_point: No name provided, using safe index as reference. In the future, empty names will be deprecated, so explicitly passing a name is recommended.
   at: add_blend_point (scene/animation/animation_blend_space_2d.cpp:74)
   GDScript backtrace (most recent call first):
       [0] _bs (res://src/actors/character_visual.gd:156)
       [1] _build_tree (res://src/actors/character_visual.gd:166)
       [2] setup (res://src/actors/character_visual.gd:89)
       [3] _ready (res://src/npc/npc.gd:54)
       [4] populate (res://src/npc/npc_directory.gd:16)
       [5] load_map (res://src/autoload/game.gd:199)
       [6] _begin_session (res://src/autoload/game.gd:104)
WARNING: AnimationNodeBlendSpace2D::add_blend_point: No name provided, using safe index as reference. In the future, empty names will be deprecated, so explicitly passing a name is recommended.
   at: add_blend_point (scene/animation/animation_blend_space_2d.cpp:74)
   GDScript backtrace (most recent call first):
       [0] _bs (res://src/actors/character_visual.gd:156)
       [1] _build_tree (res://src/actors/character_visual.gd:168)
       [2] setup (res://src/actors/character_visual.gd:89)
       [3] _ready (res://src/npc/npc.gd:54)
       [4] populate (res://src/npc/npc_directory.gd:16)
       [5] load_map (res://src/autoload/game.gd:199)
       [6] _begin_session (res://src/autoload/game.gd:104)
WARNING: AnimationNodeBlendSpace2D::add_blend_point: No name provided, using safe index as reference. In the future, empty names will be deprecated, so explicitly passing a name is recommended.
   at: add_blend_point (scene/animation/animation_blend_space_2d.cpp:74)
   GDScript backtrace (most recent call first):
       [0] _bs (res://src/actors/character_visual.gd:156)
       [1] _build_tree (res://src/actors/character_visual.gd:168)
       [2] setup (res://src/actors/character_visual.gd:89)
       [3] _ready (res://src/npc/npc.gd:54)
       [4] populate (res://src/npc/npc_directory.gd:16)
       [5] load_map (res://src/autoload/game.gd:199)
       [6] _begin_session (res://src/autoload/game.gd:104)
WARNING: AnimationNodeBlendSpace2D::add_blend_point: No name provided, using safe index as reference. In the future, empty names will be deprecated, so explicitly passing a name is recommended.
   at: add_blend_point (scene/animation/animation_blend_space_2d.cpp:74)
   GDScript backtrace (most recent call first):
       [0] _bs (res://src/actors/character_visual.gd:156)
       [1] _build_tree (res://src/actors/character_visual.gd:168)
       [2] setup (res://src/actors/character_visual.gd:89)
       [3] _ready (res://src/npc/npc.gd:54)
       [4] populate (res://src/npc/npc_directory.gd:16)
       [5] load_map (res://src/autoload/game.gd:199)
       [6] _begin_session (res://src/autoload/game.gd:104)
WARNING: AnimationNodeBlendSpace2D::add_blend_point: No name provided, using safe index as reference. In the future, empty names will be deprecated, so explicitly passing a name is recommended.
   at: add_blend_point (scene/animation/animation_blend_space_2d.cpp:74)
   GDScript backtrace (most recent call first):
       [0] _bs (res://src/actors/character_visual.gd:156)
       [1] _build_tree (res://src/actors/character_visual.gd:168)
       [2] setup (res://src/actors/character_visual.gd:89)
       [3] _ready (res://src/npc/npc.gd:54)
       [4] populate (res://src/npc/npc_directory.gd:16)
       [5] load_map (res://src/autoload/game.gd:199)
       [6] _begin_session (res://src/autoload/game.gd:104)
WARNING: AnimationNodeBlendSpace2D::add_blend_point: No name provided, using safe index as reference. In the future, empty names will be deprecated, so explicitly passing a name is recommended.
   at: add_blend_point (scene/animation/animation_blend_space_2d.cpp:74)
   GDScript backtrace (most recent call first):
       [0] _bs (res://src/actors/character_visual.gd:156)
       [1] _build_tree (res://src/actors/character_visual.gd:168)
       [2] setup (res://src/actors/character_visual.gd:89)
       [3] _ready (res://src/npc/npc.gd:54)
       [4] populate (res://src/npc/npc_directory.gd:16)
       [5] load_map (res://src/autoload/game.gd:199)
       [6] _begin_session (res://src/autoload/game.gd:104)
WARNING: AnimationNodeBlendSpace2D::add_blend_point: No name provided, using safe index as reference. In the future, empty names will be deprecated, so explicitly passing a name is recommended.
   at: add_blend_point (scene/animation/animation_blend_space_2d.cpp:74)
   GDScript backtrace (most recent call first):
       [0] _bs (res://src/actors/character_visual.gd:156)
       [1] _build_tree (res://src/actors/character_visual.gd:168)
       [2] setup (res://src/actors/character_visual.gd:89)
       [3] _ready (res://src/npc/npc.gd:54)
       [4] populate (res://src/npc/npc_directory.gd:16)
       [5] load_map (res://src/autoload/game.gd:199)
       [6] _begin_session (res://src/autoload/game.gd:104)
WARNING: AnimationNodeBlendSpace2D::add_blend_point: No name provided, using safe index as reference. In the future, empty names will be deprecated, so explicitly passing a name is recommended.
   at: add_blend_point (scene/animation/animation_blend_space_2d.cpp:74)
   GDScript backtrace (most recent call first):
       [0] _bs (res://src/actors/character_visual.gd:156)
       [1] _build_tree (res://src/actors/character_visual.gd:168)
       [2] setup (res://src/actors/character_visual.gd:89)
       [3] _ready (res://src/npc/npc.gd:54)
       [4] populate (res://src/npc/npc_directory.gd:16)
       [5] load_map (res://src/autoload/game.gd:199)
       [6] _begin_session (res://src/autoload/game.gd:104)
WARNING: AnimationNodeBlendSpace2D::add_blend_point: No name provided, using safe index as reference. In the future, empty names will be deprecated, so explicitly passing a name is recommended.
   at: add_blend_point (scene/animation/animation_blend_space_2d.cpp:74)
   GDScript backtrace (most recent call first):
       [0] _bs (res://src/actors/character_visual.gd:156)
       [1] _build_tree (res://src/actors/character_visual.gd:168)
       [2] setup (res://src/actors/character_visual.gd:89)
       [3] _ready (res://src/npc/npc.gd:54)
       [4] populate (res://src/npc/npc_directory.gd:16)
       [5] load_map (res://src/autoload/game.gd:199)
       [6] _begin_session (res://src/autoload/game.gd:104)
WARNING: AnimationNodeBlendSpace2D::add_blend_point: No name provided, using safe index as reference. In the future, empty names will be deprecated, so explicitly passing a name is recommended.
   at: add_blend_point (scene/animation/animation_blend_space_2d.cpp:74)
   GDScript backtrace (most recent call first):
       [0] _bs (res://src/actors/character_visual.gd:156)
       [1] _build_tree (res://src/actors/character_visual.gd:168)
       [2] setup (res://src/actors/character_visual.gd:89)
       [3] _ready (res://src/npc/npc.gd:54)
       [4] populate (res://src/npc/npc_directory.gd:16)
       [5] load_map (res://src/autoload/game.gd:199)
       [6] _begin_session (res://src/autoload/game.gd:104)
WARNING: AnimationNodeBlendSpace2D::add_blend_point: No name provided, using safe index as reference. In the future, empty names will be deprecated, so explicitly passing a name is recommended.
   at: add_blend_point (scene/animation/animation_blend_space_2d.cpp:74)
   GDScript backtrace (most recent call first):
       [0] _bs (res://src/actors/character_visual.gd:156)
       [1] _build_tree (res://src/actors/character_visual.gd:171)
       [2] setup (res://src/actors/character_visual.gd:89)
       [3] _ready (res://src/npc/npc.gd:54)
       [4] populate (res://src/npc/npc_directory.gd:16)
       [5] load_map (res://src/autoload/game.gd:199)
       [6] _begin_session (res://src/autoload/game.gd:104)
WARNING: AnimationNodeBlendSpace2D::add_blend_point: No name provided, using safe index as reference. In the future, empty names will be deprecated, so explicitly passing a name is recommended.
   at: add_blend_point (scene/animation/animation_blend_space_2d.cpp:74)
   GDScript backtrace (most recent call first):
       [0] _bs (res://src/actors/character_visual.gd:156)
       [1] _build_tree (res://src/actors/character_visual.gd:171)
       [2] setup (res://src/actors/character_visual.gd:89)
       [3] _ready (res://src/npc/npc.gd:54)
       [4] populate (res://src/npc/npc_directory.gd:16)
       [5] load_map (res://src/autoload/game.gd:199)
       [6] _begin_session (res://src/autoload/game.gd:104)
WARNING: AnimationNodeBlendSpace2D::add_blend_point: No name provided, using safe index as reference. In the future, empty names will be deprecated, so explicitly passing a name is recommended.
   at: add_blend_point (scene/animation/animation_blend_space_2d.cpp:74)
   GDScript backtrace (most recent call first):
       [0] _bs (res://src/actors/character_visual.gd:156)
       [1] _build_tree (res://src/actors/character_visual.gd:171)
       [2] setup (res://src/actors/character_visual.gd:89)
       [3] _ready (res://src/npc/npc.gd:54)
       [4] populate (res://src/npc/npc_directory.gd:16)
       [5] load_map (res://src/autoload/game.gd:199)
       [6] _begin_session (res://src/autoload/game.gd:104)
WARNING: AnimationNodeBlendSpace2D::add_blend_point: No name provided, using safe index as reference. In the future, empty names will be deprecated, so explicitly passing a name is recommended.
   at: add_blend_point (scene/animation/animation_blend_space_2d.cpp:74)
   GDScript backtrace (most recent call first):
       [0] _bs (res://src/actors/character_visual.gd:156)
       [1] _build_tree (res://src/actors/character_visual.gd:171)
       [2] setup (res://src/actors/character_visual.gd:89)
       [3] _ready (res://src/npc/npc.gd:54)
       [4] populate (res://src/npc/npc_directory.gd:16)
       [5] load_map (res://src/autoload/game.gd:199)
       [6] _begin_session (res://src/autoload/game.gd:104)
WARNING: AnimationNodeBlendSpace2D::add_blend_point: No name provided, using safe index as reference. In the future, empty names will be deprecated, so explicitly passing a name is recommended.
   at: add_blend_point (scene/animation/animation_blend_space_2d.cpp:74)
   GDScript backtrace (most recent call first):
       [0] _bs (res://src/actors/character_visual.gd:156)
       [1] _build_tree (res://src/actors/character_visual.gd:171)
       [2] setup (res://src/actors/character_visual.gd:89)
       [3] _ready (res://src/npc/npc.gd:54)
       [4] populate (res://src/npc/npc_directory.gd:16)
       [5] load_map (res://src/autoload/game.gd:199)
       [6] _begin_session (res://src/autoload/game.gd:104)
WARNING: AnimationNodeBlendSpace2D::add_blend_point: No name provided, using safe index as reference. In the future, empty names will be deprecated, so explicitly passing a name is recommended.
   at: add_blend_point (scene/animation/animation_blend_space_2d.cpp:74)
   GDScript backtrace (most recent call first):
       [0] _bs (res://src/actors/character_visual.gd:156)
       [1] _build_tree (res://src/actors/character_visual.gd:171)
       [2] setup (res://src/actors/character_visual.gd:89)
       [3] _ready (res://src/npc/npc.gd:54)
       [4] populate (res://src/npc/npc_directory.gd:16)
       [5] load_map (res://src/autoload/game.gd:199)
       [6] _begin_session (res://src/autoload/game.gd:104)
WARNING: AnimationNodeBlendSpace2D::add_blend_point: No name provided, using safe index as reference. In the future, empty names will be deprecated, so explicitly passing a name is recommended.
   at: add_blend_point (scene/animation/animation_blend_space_2d.cpp:74)
   GDScript backtrace (most recent call first):
       [0] _bs (res://src/actors/character_visual.gd:156)
       [1] _build_tree (res://src/actors/character_visual.gd:166)
       [2] setup (res://src/actors/character_visual.gd:89)
       [3] _ready (res://src/npc/npc.gd:54)
       [4] populate (res://src/npc/npc_directory.gd:16)
       [5] load_map (res://src/autoload/game.gd:199)
       [6] _begin_session (res://src/autoload/game.gd:104)
WARNING: AnimationNodeBlendSpace2D::add_blend_point: No name provided, using safe index as reference. In the future, empty names will be deprecated, so explicitly passing a name is recommended.
   at: add_blend_point (scene/animation/animation_blend_space_2d.cpp:74)
   GDScript backtrace (most recent call first):
       [0] _bs (res://src/actors/character_visual.gd:156)
       [1] _build_tree (res://src/actors/character_visual.gd:166)
       [2] setup (res://src/actors/character_visual.gd:89)
       [3] _ready (res://src/npc/npc.gd:54)
       [4] populate (res://src/npc/npc_directory.gd:16)
       [5] load_map (res://src/autoload/game.gd:199)
       [6] _begin_session (res://src/autoload/game.gd:104)
WARNING: AnimationNodeBlendSpace2D::add_blend_point: No name provided, using safe index as reference. In the future, empty names will be deprecated, so explicitly passing a name is recommended.
   at: add_blend_point (scene/animation/animation_blend_space_2d.cpp:74)
   GDScript backtrace (most recent call first):
       [0] _bs (res://src/actors/character_visual.gd:156)
       [1] _build_tree (res://src/actors/character_visual.gd:166)
       [2] setup (res://src/actors/character_visual.gd:89)
       [3] _ready (res://src/npc/npc.gd:54)
       [4] populate (res://src/npc/npc_directory.gd:16)
       [5] load_map (res://src/autoload/game.gd:199)
       [6] _begin_session (res://src/autoload/game.gd:104)
WARNING: AnimationNodeBlendSpace2D::add_blend_point: No name provided, using safe index as reference. In the future, empty names will be deprecated, so explicitly passing a name is recommended.
   at: add_blend_point (scene/animation/animation_blend_space_2d.cpp:74)
   GDScript backtrace (most recent call first):
       [0] _bs (res://src/actors/character_visual.gd:156)
       [1] _build_tree (res://src/actors/character_visual.gd:166)
       [2] setup (res://src/actors/character_visual.gd:89)
       [3] _ready (res://src/npc/npc.gd:54)
       [4] populate (res://src/npc/npc_directory.gd:16)
       [5] load_map (res://src/autoload/game.gd:199)
       [6] _begin_session (res://src/autoload/game.gd:104)
WARNING: AnimationNodeBlendSpace2D::add_blend_point: No name provided, using safe index as reference. In the future, empty names will be deprecated, so explicitly passing a name is recommended.
   at: add_blend_point (scene/animation/animation_blend_space_2d.cpp:74)
   GDScript backtrace (most recent call first):
       [0] _bs (res://src/actors/character_visual.gd:156)
       [1] _build_tree (res://src/actors/character_visual.gd:166)
       [2] setup (res://src/actors/character_visual.gd:89)
       [3] _ready (res://src/npc/npc.gd:54)
       [4] populate (res://src/npc/npc_directory.gd:16)
       [5] load_map (res://src/autoload/game.gd:199)
       [6] _begin_session (res://src/autoload/game.gd:104)
WARNING: AnimationNodeBlendSpace2D::add_blend_point: No name provided, using safe index as reference. In the future, empty names will be deprecated, so explicitly passing a name is recommended.
   at: add_blend_point (scene/animation/animation_blend_space_2d.cpp:74)
   GDScript backtrace (most recent call first):
       [0] _bs (res://src/actors/character_visual.gd:156)
       [1] _build_tree (res://src/actors/character_visual.gd:166)
       [2] setup (res://src/actors/character_visual.gd:89)
       [3] _ready (res://src/npc/npc.gd:54)
       [4] populate (res://src/npc/npc_directory.gd:16)
       [5] load_map (res://src/autoload/game.gd:199)
       [6] _begin_session (res://src/autoload/game.gd:104)
WARNING: AnimationNodeBlendSpace2D::add_blend_point: No name provided, using safe index as reference. In the future, empty names will be deprecated, so explicitly passing a name is recommended.
   at: add_blend_point (scene/animation/animation_blend_space_2d.cpp:74)
   GDScript backtrace (most recent call first):
       [0] _bs (res://src/actors/character_visual.gd:156)
       [1] _build_tree (res://src/actors/character_visual.gd:168)
       [2] setup (res://src/actors/character_visual.gd:89)
       [3] _ready (res://src/npc/npc.gd:54)
       [4] populate (res://src/npc/npc_directory.gd:16)
       [5] load_map (res://src/autoload/game.gd:199)
       [6] _begin_session (res://src/autoload/game.gd:104)
WARNING: AnimationNodeBlendSpace2D::add_blend_point: No name provided, using safe index as reference. In the future, empty names will be deprecated, so explicitly passing a name is recommended.
   at: add_blend_point (scene/animation/animation_blend_space_2d.cpp:74)
   GDScript backtrace (most recent call first):
       [0] _bs (res://src/actors/character_visual.gd:156)
       [1] _build_tree (res://src/actors/character_visual.gd:168)
       [2] setup (res://src/actors/character_visual.gd:89)
       [3] _ready (res://src/npc/npc.gd:54)
       [4] populate (res://src/npc/npc_directory.gd:16)
       [5] load_map (res://src/autoload/game.gd:199)
       [6] _begin_session (res://src/autoload/game.gd:104)
WARNING: AnimationNodeBlendSpace2D::add_blend_point: No name provided, using safe index as reference. In the future, empty names will be deprecated, so explicitly passing a name is recommended.
   at: add_blend_point (scene/animation/animation_blend_space_2d.cpp:74)
   GDScript backtrace (most recent call first):
       [0] _bs (res://src/actors/character_visual.gd:156)
       [1] _build_tree (res://src/actors/character_visual.gd:168)
       [2] setup (res://src/actors/character_visual.gd:89)
       [3] _ready (res://src/npc/npc.gd:54)
       [4] populate (res://src/npc/npc_directory.gd:16)
       [5] load_map (res://src/autoload/game.gd:199)
       [6] _begin_session (res://src/autoload/game.gd:104)
WARNING: AnimationNodeBlendSpace2D::add_blend_point: No name provided, using safe index as reference. In the future, empty names will be deprecated, so explicitly passing a name is recommended.
   at: add_blend_point (scene/animation/animation_blend_space_2d.cpp:74)
   GDScript backtrace (most recent call first):
       [0] _bs (res://src/actors/character_visual.gd:156)
       [1] _build_tree (res://src/actors/character_visual.gd:168)
       [2] setup (res://src/actors/character_visual.gd:89)
       [3] _ready (res://src/npc/npc.gd:54)
       [4] populate (res://src/npc/npc_directory.gd:16)
       [5] load_map (res://src/autoload/game.gd:199)
       [6] _begin_session (res://src/autoload/game.gd:104)
WARNING: AnimationNodeBlendSpace2D::add_blend_point: No name provided, using safe index as reference. In the future, empty names will be deprecated, so explicitly passing a name is recommended.
   at: add_blend_point (scene/animation/animation_blend_space_2d.cpp:74)
   GDScript backtrace (most recent call first):
       [0] _bs (res://src/actors/character_visual.gd:156)
       [1] _build_tree (res://src/actors/character_visual.gd:168)
       [2] setup (res://src/actors/character_visual.gd:89)
       [3] _ready (res://src/npc/npc.gd:54)
       [4] populate (res://src/npc/npc_directory.gd:16)
       [5] load_map (res://src/autoload/game.gd:199)
       [6] _begin_session (res://src/autoload/game.gd:104)
WARNING: AnimationNodeBlendSpace2D::add_blend_point: No name provided, using safe index as reference. In the future, empty names will be deprecated, so explicitly passing a name is recommended.
   at: add_blend_point (scene/animation/animation_blend_space_2d.cpp:74)
   GDScript backtrace (most recent call first):
       [0] _bs (res://src/actors/character_visual.gd:156)
       [1] _build_tree (res://src/actors/character_visual.gd:168)
       [2] setup (res://src/actors/character_visual.gd:89)
       [3] _ready (res://src/npc/npc.gd:54)
       [4] populate (res://src/npc/npc_directory.gd:16)
       [5] load_map (res://src/autoload/game.gd:199)
       [6] _begin_session (res://src/autoload/game.gd:104)
WARNING: AnimationNodeBlendSpace2D::add_blend_point: No name provided, using safe index as reference. In the future, empty names will be deprecated, so explicitly passing a name is recommended.
   at: add_blend_point (scene/animation/animation_blend_space_2d.cpp:74)
   GDScript backtrace (most recent call first):
       [0] _bs (res://src/actors/character_visual.gd:156)
       [1] _build_tree (res://src/actors/character_visual.gd:168)
       [2] setup (res://src/actors/character_visual.gd:89)
       [3] _ready (res://src/npc/npc.gd:54)
       [4] populate (res://src/npc/npc_directory.gd:16)
       [5] load_map (res://src/autoload/game.gd:199)
       [6] _begin_session (res://src/autoload/game.gd:104)
WARNING: AnimationNodeBlendSpace2D::add_blend_point: No name provided, using safe index as reference. In the future, empty names will be deprecated, so explicitly passing a name is recommended.
   at: add_blend_point (scene/animation/animation_blend_space_2d.cpp:74)
   GDScript backtrace (most recent call first):
       [0] _bs (res://src/actors/character_visual.gd:156)
       [1] _build_tree (res://src/actors/character_visual.gd:168)
       [2] setup (res://src/actors/character_visual.gd:89)
       [3] _ready (res://src/npc/npc.gd:54)
       [4] populate (res://src/npc/npc_directory.gd:16)
       [5] load_map (res://src/autoload/game.gd:199)
       [6] _begin_session (res://src/autoload/game.gd:104)
WARNING: AnimationNodeBlendSpace2D::add_blend_point: No name provided, using safe index as reference. In the future, empty names will be deprecated, so explicitly passing a name is recommended.
   at: add_blend_point (scene/animation/animation_blend_space_2d.cpp:74)
   GDScript backtrace (most recent call first):
       [0] _bs (res://src/actors/character_visual.gd:156)
       [1] _build_tree (res://src/actors/character_visual.gd:168)
       [2] setup (res://src/actors/character_visual.gd:89)
       [3] _ready (res://src/npc/npc.gd:54)
       [4] populate (res://src/npc/npc_directory.gd:16)
       [5] load_map (res://src/autoload/game.gd:199)
       [6] _begin_session (res://src/autoload/game.gd:104)
WARNING: AnimationNodeBlendSpace2D::add_blend_point: No name provided, using safe index as reference. In the future, empty names will be deprecated, so explicitly passing a name is recommended.
   at: add_blend_point (scene/animation/animation_blend_space_2d.cpp:74)
   GDScript backtrace (most recent call first):
       [0] _bs (res://src/actors/character_visual.gd:156)
       [1] _build_tree (res://src/actors/character_visual.gd:171)
       [2] setup (res://src/actors/character_visual.gd:89)
       [3] _ready (res://src/npc/npc.gd:54)
       [4] populate (res://src/npc/npc_directory.gd:16)
       [5] load_map (res://src/autoload/game.gd:199)
       [6] _begin_session (res://src/autoload/game.gd:104)
WARNING: AnimationNodeBlendSpace2D::add_blend_point: No name provided, using safe index as reference. In the future, empty names will be deprecated, so explicitly passing a name is recommended.
   at: add_blend_point (scene/animation/animation_blend_space_2d.cpp:74)
   GDScript backtrace (most recent call first):
       [0] _bs (res://src/actors/character_visual.gd:156)
       [1] _build_tree (res://src/actors/character_visual.gd:171)
       [2] setup (res://src/actors/character_visual.gd:89)
       [3] _ready (res://src/npc/npc.gd:54)
       [4] populate (res://src/npc/npc_directory.gd:16)
       [5] load_map (res://src/autoload/game.gd:199)
       [6] _begin_session (res://src/autoload/game.gd:104)
WARNING: AnimationNodeBlendSpace2D::add_blend_point: No name provided, using safe index as reference. In the future, empty names will be deprecated, so explicitly passing a name is recommended.
   at: add_blend_point (scene/animation/animation_blend_space_2d.cpp:74)
   GDScript backtrace (most recent call first):
       [0] _bs (res://src/actors/character_visual.gd:156)
       [1] _build_tree (res://src/actors/character_visual.gd:171)
       [2] setup (res://src/actors/character_visual.gd:89)
       [3] _ready (res://src/npc/npc.gd:54)
       [4] populate (res://src/npc/npc_directory.gd:16)
       [5] load_map (res://src/autoload/game.gd:199)
       [6] _begin_session (res://src/autoload/game.gd:104)
WARNING: AnimationNodeBlendSpace2D::add_blend_point: No name provided, using safe index as reference. In the future, empty names will be deprecated, so explicitly passing a name is recommended.
   at: add_blend_point (scene/animation/animation_blend_space_2d.cpp:74)
   GDScript backtrace (most recent call first):
       [0] _bs (res://src/actors/character_visual.gd:156)
       [1] _build_tree (res://src/actors/character_visual.gd:171)
       [2] setup (res://src/actors/character_visual.gd:89)
       [3] _ready (res://src/npc/npc.gd:54)
       [4] populate (res://src/npc/npc_directory.gd:16)
       [5] load_map (res://src/autoload/game.gd:199)
       [6] _begin_session (res://src/autoload/game.gd:104)
WARNING: AnimationNodeBlendSpace2D::add_blend_point: No name provided, using safe index as reference. In the future, empty names will be deprecated, so explicitly passing a name is recommended.
   at: add_blend_point (scene/animation/animation_blend_space_2d.cpp:74)
   GDScript backtrace (most recent call first):
       [0] _bs (res://src/actors/character_visual.gd:156)
       [1] _build_tree (res://src/actors/character_visual.gd:171)
       [2] setup (res://src/actors/character_visual.gd:89)
       [3] _ready (res://src/npc/npc.gd:54)
       [4] populate (res://src/npc/npc_directory.gd:16)
       [5] load_map (res://src/autoload/game.gd:199)
       [6] _begin_session (res://src/autoload/game.gd:104)
WARNING: AnimationNodeBlendSpace2D::add_blend_point: No name provided, using safe index as reference. In the future, empty names will be deprecated, so explicitly passing a name is recommended.
   at: add_blend_point (scene/animation/animation_blend_space_2d.cpp:74)
   GDScript backtrace (most recent call first):
       [0] _bs (res://src/actors/character_visual.gd:156)
       [1] _build_tree (res://src/actors/character_visual.gd:171)
       [2] setup (res://src/actors/character_visual.gd:89)
       [3] _ready (res://src/npc/npc.gd:54)
       [4] populate (res://src/npc/npc_directory.gd:16)
       [5] load_map (res://src/autoload/game.gd:199)
       [6] _begin_session (res://src/autoload/game.gd:104)
WARNING: AnimationNodeBlendSpace2D::add_blend_point: No name provided, using safe index as reference. In the future, empty names will be deprecated, so explicitly passing a name is recommended.
   at: add_blend_point (scene/animation/animation_blend_space_2d.cpp:74)
   GDScript backtrace (most recent call first):
       [0] _bs (res://src/actors/character_visual.gd:156)
       [1] _build_tree (res://src/actors/character_visual.gd:166)
       [2] setup (res://src/actors/character_visual.gd:89)
       [3] _ready (res://src/npc/npc.gd:54)
       [4] populate (res://src/npc/npc_directory.gd:16)
       [5] load_map (res://src/autoload/game.gd:199)
       [6] _begin_session (res://src/autoload/game.gd:104)
WARNING: AnimationNodeBlendSpace2D::add_blend_point: No name provided, using safe index as reference. In the future, empty names will be deprecated, so explicitly passing a name is recommended.
   at: add_blend_point (scene/animation/animation_blend_space_2d.cpp:74)
   GDScript backtrace (most recent call first):
       [0] _bs (res://src/actors/character_visual.gd:156)
       [1] _build_tree (res://src/actors/character_visual.gd:166)
       [2] setup (res://src/actors/character_visual.gd:89)
       [3] _ready (res://src/npc/npc.gd:54)
       [4] populate (res://src/npc/npc_directory.gd:16)
       [5] load_map (res://src/autoload/game.gd:199)
       [6] _begin_session (res://src/autoload/game.gd:104)
WARNING: AnimationNodeBlendSpace2D::add_blend_point: No name provided, using safe index as reference. In the future, empty names will be deprecated, so explicitly passing a name is recommended.
   at: add_blend_point (scene/animation/animation_blend_space_2d.cpp:74)
   GDScript backtrace (most recent call first):
       [0] _bs (res://src/actors/character_visual.gd:156)
       [1] _build_tree (res://src/actors/character_visual.gd:166)
       [2] setup (res://src/actors/character_visual.gd:89)
       [3] _ready (res://src/npc/npc.gd:54)
       [4] populate (res://src/npc/npc_directory.gd:16)
       [5] load_map (res://src/autoload/game.gd:199)
       [6] _begin_session (res://src/autoload/game.gd:104)
WARNING: AnimationNodeBlendSpace2D::add_blend_point: No name provided, using safe index as reference. In the future, empty names will be deprecated, so explicitly passing a name is recommended.
   at: add_blend_point (scene/animation/animation_blend_space_2d.cpp:74)
   GDScript backtrace (most recent call first):
       [0] _bs (res://src/actors/character_visual.gd:156)
       [1] _build_tree (res://src/actors/character_visual.gd:166)
       [2] setup (res://src/actors/character_visual.gd:89)
       [3] _ready (res://src/npc/npc.gd:54)
       [4] populate (res://src/npc/npc_directory.gd:16)
       [5] load_map (res://src/autoload/game.gd:199)
       [6] _begin_session (res://src/autoload/game.gd:104)
WARNING: AnimationNodeBlendSpace2D::add_blend_point: No name provided, using safe index as reference. In the future, empty names will be deprecated, so explicitly passing a name is recommended.
   at: add_blend_point (scene/animation/animation_blend_space_2d.cpp:74)
   GDScript backtrace (most recent call first):
       [0] _bs (res://src/actors/character_visual.gd:156)
       [1] _build_tree (res://src/actors/character_visual.gd:166)
       [2] setup (res://src/actors/character_visual.gd:89)
       [3] _ready (res://src/npc/npc.gd:54)
       [4] populate (res://src/npc/npc_directory.gd:16)
       [5] load_map (res://src/autoload/game.gd:199)
       [6] _begin_session (res://src/autoload/game.gd:104)
WARNING: AnimationNodeBlendSpace2D::add_blend_point: No name provided, using safe index as reference. In the future, empty names will be deprecated, so explicitly passing a name is recommended.
   at: add_blend_point (scene/animation/animation_blend_space_2d.cpp:74)
   GDScript backtrace (most recent call first):
       [0] _bs (res://src/actors/character_visual.gd:156)
       [1] _build_tree (res://src/actors/character_visual.gd:166)
       [2] setup (res://src/actors/character_visual.gd:89)
       [3] _ready (res://src/npc/npc.gd:54)
       [4] populate (res://src/npc/npc_directory.gd:16)
       [5] load_map (res://src/autoload/game.gd:199)
       [6] _begin_session (res://src/autoload/game.gd:104)
WARNING: AnimationNodeBlendSpace2D::add_blend_point: No name provided, using safe index as reference. In the future, empty names will be deprecated, so explicitly passing a name is recommended.
   at: add_blend_point (scene/animation/animation_blend_space_2d.cpp:74)
   GDScript backtrace (most recent call first):
       [0] _bs (res://src/actors/character_visual.gd:156)
       [1] _build_tree (res://src/actors/character_visual.gd:168)
       [2] setup (res://src/actors/character_visual.gd:89)
       [3] _ready (res://src/npc/npc.gd:54)
       [4] populate (res://src/npc/npc_directory.gd:16)
       [5] load_map (res://src/autoload/game.gd:199)
       [6] _begin_session (res://src/autoload/game.gd:104)
WARNING: AnimationNodeBlendSpace2D::add_blend_point: No name provided, using safe index as reference. In the future, empty names will be deprecated, so explicitly passing a name is recommended.
   at: add_blend_point (scene/animation/animation_blend_space_2d.cpp:74)
   GDScript backtrace (most recent call first):
       [0] _bs (res://src/actors/character_visual.gd:156)
       [1] _build_tree (res://src/actors/character_visual.gd:168)
       [2] setup (res://src/actors/character_visual.gd:89)
       [3] _ready (res://src/npc/npc.gd:54)
       [4] populate (res://src/npc/npc_directory.gd:16)
       [5] load_map (res://src/autoload/game.gd:199)
       [6] _begin_session (res://src/autoload/game.gd:104)
WARNING: AnimationNodeBlendSpace2D::add_blend_point: No name provided, using safe index as reference. In the future, empty names will be deprecated, so explicitly passing a name is recommended.
   at: add_blend_point (scene/animation/animation_blend_space_2d.cpp:74)
   GDScript backtrace (most recent call first):
       [0] _bs (res://src/actors/character_visual.gd:156)
       [1] _build_tree (res://src/actors/character_visual.gd:168)
       [2] setup (res://src/actors/character_visual.gd:89)
       [3] _ready (res://src/npc/npc.gd:54)
       [4] populate (res://src/npc/npc_directory.gd:16)
       [5] load_map (res://src/autoload/game.gd:199)
       [6] _begin_session (res://src/autoload/game.gd:104)
WARNING: AnimationNodeBlendSpace2D::add_blend_point: No name provided, using safe index as reference. In the future, empty names will be deprecated, so explicitly passing a name is recommended.
   at: add_blend_point (scene/animation/animation_blend_space_2d.cpp:74)
   GDScript backtrace (most recent call first):
       [0] _bs (res://src/actors/character_visual.gd:156)
       [1] _build_tree (res://src/actors/character_visual.gd:168)
       [2] setup (res://src/actors/character_visual.gd:89)
       [3] _ready (res://src/npc/npc.gd:54)
       [4] populate (res://src/npc/npc_directory.gd:16)
       [5] load_map (res://src/autoload/game.gd:199)
       [6] _begin_session (res://src/autoload/game.gd:104)
WARNING: AnimationNodeBlendSpace2D::add_blend_point: No name provided, using safe index as reference. In the future, empty names will be deprecated, so explicitly passing a name is recommended.
   at: add_blend_point (scene/animation/animation_blend_space_2d.cpp:74)
   GDScript backtrace (most recent call first):
       [0] _bs (res://src/actors/character_visual.gd:156)
       [1] _build_tree (res://src/actors/character_visual.gd:168)
       [2] setup (res://src/actors/character_visual.gd:89)
       [3] _ready (res://src/npc/npc.gd:54)
       [4] populate (res://src/npc/npc_directory.gd:16)
       [5] load_map (res://src/autoload/game.gd:199)
       [6] _begin_session (res://src/autoload/game.gd:104)
WARNING: AnimationNodeBlendSpace2D::add_blend_point: No name provided, using safe index as reference. In the future, empty names will be deprecated, so explicitly passing a name is recommended.
   at: add_blend_point (scene/animation/animation_blend_space_2d.cpp:74)
   GDScript backtrace (most recent call first):
       [0] _bs (res://src/actors/character_visual.gd:156)
       [1] _build_tree (res://src/actors/character_visual.gd:168)
       [2] setup (res://src/actors/character_visual.gd:89)
       [3] _ready (res://src/npc/npc.gd:54)
       [4] populate (res://src/npc/npc_directory.gd:16)
       [5] load_map (res://src/autoload/game.gd:199)
       [6] _begin_session (res://src/autoload/game.gd:104)
WARNING: AnimationNodeBlendSpace2D::add_blend_point: No name provided, using safe index as reference. In the future, empty names will be deprecated, so explicitly passing a name is recommended.
   at: add_blend_point (scene/animation/animation_blend_space_2d.cpp:74)
   GDScript backtrace (most recent call first):
       [0] _bs (res://src/actors/character_visual.gd:156)
       [1] _build_tree (res://src/actors/character_visual.gd:168)
       [2] setup (res://src/actors/character_visual.gd:89)
       [3] _ready (res://src/npc/npc.gd:54)
       [4] populate (res://src/npc/npc_directory.gd:16)
       [5] load_map (res://src/autoload/game.gd:199)
       [6] _begin_session (res://src/autoload/game.gd:104)
WARNING: AnimationNodeBlendSpace2D::add_blend_point: No name provided, using safe index as reference. In the future, empty names will be deprecated, so explicitly passing a name is recommended.
   at: add_blend_point (scene/animation/animation_blend_space_2d.cpp:74)
   GDScript backtrace (most recent call first):
       [0] _bs (res://src/actors/character_visual.gd:156)
       [1] _build_tree (res://src/actors/character_visual.gd:168)
       [2] setup (res://src/actors/character_visual.gd:89)
       [3] _ready (res://src/npc/npc.gd:54)
       [4] populate (res://src/npc/npc_directory.gd:16)
       [5] load_map (res://src/autoload/game.gd:199)
       [6] _begin_session (res://src/autoload/game.gd:104)
WARNING: AnimationNodeBlendSpace2D::add_blend_point: No name provided, using safe index as reference. In the future, empty names will be deprecated, so explicitly passing a name is recommended.
   at: add_blend_point (scene/animation/animation_blend_space_2d.cpp:74)
   GDScript backtrace (most recent call first):
       [0] _bs (res://src/actors/character_visual.gd:156)
       [1] _build_tree (res://src/actors/character_visual.gd:168)
       [2] setup (res://src/actors/character_visual.gd:89)
       [3] _ready (res://src/npc/npc.gd:54)
       [4] populate (res://src/npc/npc_directory.gd:16)
       [5] load_map (res://src/autoload/game.gd:199)
       [6] _begin_session (res://src/autoload/game.gd:104)
WARNING: AnimationNodeBlendSpace2D::add_blend_point: No name provided, using safe index as reference. In the future, empty names will be deprecated, so explicitly passing a name is recommended.
   at: add_blend_point (scene/animation/animation_blend_space_2d.cpp:74)
   GDScript backtrace (most recent call first):
       [0] _bs (res://src/actors/character_visual.gd:156)
       [1] _build_tree (res://src/actors/character_visual.gd:171)
       [2] setup (res://src/actors/character_visual.gd:89)
       [3] _ready (res://src/npc/npc.gd:54)
       [4] populate (res://src/npc/npc_directory.gd:16)
       [5] load_map (res://src/autoload/game.gd:199)
       [6] _begin_session (res://src/autoload/game.gd:104)
WARNING: AnimationNodeBlendSpace2D::add_blend_point: No name provided, using safe index as reference. In the future, empty names will be deprecated, so explicitly passing a name is recommended.
   at: add_blend_point (scene/animation/animation_blend_space_2d.cpp:74)
   GDScript backtrace (most recent call first):
       [0] _bs (res://src/actors/character_visual.gd:156)
       [1] _build_tree (res://src/actors/character_visual.gd:171)
       [2] setup (res://src/actors/character_visual.gd:89)
       [3] _ready (res://src/npc/npc.gd:54)
       [4] populate (res://src/npc/npc_directory.gd:16)
       [5] load_map (res://src/autoload/game.gd:199)
       [6] _begin_session (res://src/autoload/game.gd:104)
WARNING: AnimationNodeBlendSpace2D::add_blend_point: No name provided, using safe index as reference. In the future, empty names will be deprecated, so explicitly passing a name is recommended.
   at: add_blend_point (scene/animation/animation_blend_space_2d.cpp:74)
   GDScript backtrace (most recent call first):
       [0] _bs (res://src/actors/character_visual.gd:156)
       [1] _build_tree (res://src/actors/character_visual.gd:171)
       [2] setup (res://src/actors/character_visual.gd:89)
       [3] _ready (res://src/npc/npc.gd:54)
       [4] populate (res://src/npc/npc_directory.gd:16)
       [5] load_map (res://src/autoload/game.gd:199)
       [6] _begin_session (res://src/autoload/game.gd:104)
WARNING: AnimationNodeBlendSpace2D::add_blend_point: No name provided, using safe index as reference. In the future, empty names will be deprecated, so explicitly passing a name is recommended.
   at: add_blend_point (scene/animation/animation_blend_space_2d.cpp:74)
   GDScript backtrace (most recent call first):
       [0] _bs (res://src/actors/character_visual.gd:156)
       [1] _build_tree (res://src/actors/character_visual.gd:171)
       [2] setup (res://src/actors/character_visual.gd:89)
       [3] _ready (res://src/npc/npc.gd:54)
       [4] populate (res://src/npc/npc_directory.gd:16)
       [5] load_map (res://src/autoload/game.gd:199)
       [6] _begin_session (res://src/autoload/game.gd:104)
WARNING: AnimationNodeBlendSpace2D::add_blend_point: No name provided, using safe index as reference. In the future, empty names will be deprecated, so explicitly passing a name is recommended.
   at: add_blend_point (scene/animation/animation_blend_space_2d.cpp:74)
   GDScript backtrace (most recent call first):
       [0] _bs (res://src/actors/character_visual.gd:156)
       [1] _build_tree (res://src/actors/character_visual.gd:171)
       [2] setup (res://src/actors/character_visual.gd:89)
       [3] _ready (res://src/npc/npc.gd:54)
       [4] populate (res://src/npc/npc_directory.gd:16)
       [5] load_map (res://src/autoload/game.gd:199)
       [6] _begin_session (res://src/autoload/game.gd:104)
WARNING: AnimationNodeBlendSpace2D::add_blend_point: No name provided, using safe index as reference. In the future, empty names will be deprecated, so explicitly passing a name is recommended.
   at: add_blend_point (scene/animation/animation_blend_space_2d.cpp:74)
   GDScript backtrace (most recent call first):
       [0] _bs (res://src/actors/character_visual.gd:156)
       [1] _build_tree (res://src/actors/character_visual.gd:171)
       [2] setup (res://src/actors/character_visual.gd:89)
       [3] _ready (res://src/npc/npc.gd:54)
       [4] populate (res://src/npc/npc_directory.gd:16)
       [5] load_map (res://src/autoload/game.gd:199)
       [6] _begin_session (res://src/autoload/game.gd:104)
WARNING: AnimationNodeBlendSpace2D::add_blend_point: No name provided, using safe index as reference. In the future, empty names will be deprecated, so explicitly passing a name is recommended.
   at: add_blend_point (scene/animation/animation_blend_space_2d.cpp:74)
   GDScript backtrace (most recent call first):
       [0] _bs (res://src/actors/character_visual.gd:156)
       [1] _build_tree (res://src/actors/character_visual.gd:166)
       [2] setup (res://src/actors/character_visual.gd:89)
       [3] _ready (res://src/actors/tempo/tempo.gd:124)
       [4] spawn_one (res://src/actors/tempo/tempo_party.gd:34)
       [5] spawn_for (res://src/actors/tempo/tempo_party.gd:28)
       [6] load_map (res://src/autoload/game.gd:200)
       [7] _begin_session (res://src/autoload/game.gd:104)
WARNING: AnimationNodeBlendSpace2D::add_blend_point: No name provided, using safe index as reference. In the future, empty names will be deprecated, so explicitly passing a name is recommended.
   at: add_blend_point (scene/animation/animation_blend_space_2d.cpp:74)
   GDScript backtrace (most recent call first):
       [0] _bs (res://src/actors/character_visual.gd:156)
       [1] _build_tree (res://src/actors/character_visual.gd:166)
       [2] setup (res://src/actors/character_visual.gd:89)
       [3] _ready (res://src/actors/tempo/tempo.gd:124)
       [4] spawn_one (res://src/actors/tempo/tempo_party.gd:34)
       [5] spawn_for (res://src/actors/tempo/tempo_party.gd:28)
       [6] load_map (res://src/autoload/game.gd:200)
       [7] _begin_session (res://src/autoload/game.gd:104)
WARNING: AnimationNodeBlendSpace2D::add_blend_point: No name provided, using safe index as reference. In the future, empty names will be deprecated, so explicitly passing a name is recommended.
   at: add_blend_point (scene/animation/animation_blend_space_2d.cpp:74)
   GDScript backtrace (most recent call first):
       [0] _bs (res://src/actors/character_visual.gd:156)
       [1] _build_tree (res://src/actors/character_visual.gd:166)
       [2] setup (res://src/actors/character_visual.gd:89)
       [3] _ready (res://src/actors/tempo/tempo.gd:124)
       [4] spawn_one (res://src/actors/tempo/tempo_party.gd:34)
       [5] spawn_for (res://src/actors/tempo/tempo_party.gd:28)
       [6] load_map (res://src/autoload/game.gd:200)
       [7] _begin_session (res://src/autoload/game.gd:104)
WARNING: AnimationNodeBlendSpace2D::add_blend_point: No name provided, using safe index as reference. In the future, empty names will be deprecated, so explicitly passing a name is recommended.
   at: add_blend_point (scene/animation/animation_blend_space_2d.cpp:74)
   GDScript backtrace (most recent call first):
       [0] _bs (res://src/actors/character_visual.gd:156)
       [1] _build_tree (res://src/actors/character_visual.gd:166)
       [2] setup (res://src/actors/character_visual.gd:89)
       [3] _ready (res://src/actors/tempo/tempo.gd:124)
       [4] spawn_one (res://src/actors/tempo/tempo_party.gd:34)
       [5] spawn_for (res://src/actors/tempo/tempo_party.gd:28)
       [6] load_map (res://src/autoload/game.gd:200)
       [7] _begin_session (res://src/autoload/game.gd:104)
WARNING: AnimationNodeBlendSpace2D::add_blend_point: No name provided, using safe index as reference. In the future, empty names will be deprecated, so explicitly passing a name is recommended.
   at: add_blend_point (scene/animation/animation_blend_space_2d.cpp:74)
   GDScript backtrace (most recent call first):
       [0] _bs (res://src/actors/character_visual.gd:156)
       [1] _build_tree (res://src/actors/character_visual.gd:166)
       [2] setup (res://src/actors/character_visual.gd:89)
       [3] _ready (res://src/actors/tempo/tempo.gd:124)
       [4] spawn_one (res://src/actors/tempo/tempo_party.gd:34)
       [5] spawn_for (res://src/actors/tempo/tempo_party.gd:28)
       [6] load_map (res://src/autoload/game.gd:200)
       [7] _begin_session (res://src/autoload/game.gd:104)
WARNING: AnimationNodeBlendSpace2D::add_blend_point: No name provided, using safe index as reference. In the future, empty names will be deprecated, so explicitly passing a name is recommended.
   at: add_blend_point (scene/animation/animation_blend_space_2d.cpp:74)
   GDScript backtrace (most recent call first):
       [0] _bs (res://src/actors/character_visual.gd:156)
       [1] _build_tree (res://src/actors/character_visual.gd:166)
       [2] setup (res://src/actors/character_visual.gd:89)
       [3] _ready (res://src/actors/tempo/tempo.gd:124)
       [4] spawn_one (res://src/actors/tempo/tempo_party.gd:34)
       [5] spawn_for (res://src/actors/tempo/tempo_party.gd:28)
       [6] load_map (res://src/autoload/game.gd:200)
       [7] _begin_session (res://src/autoload/game.gd:104)
WARNING: AnimationNodeBlendSpace2D::add_blend_point: No name provided, using safe index as reference. In the future, empty names will be deprecated, so explicitly passing a name is recommended.
   at: add_blend_point (scene/animation/animation_blend_space_2d.cpp:74)
   GDScript backtrace (most recent call first):
       [0] _bs (res://src/actors/character_visual.gd:156)
       [1] _build_tree (res://src/actors/character_visual.gd:168)
       [2] setup (res://src/actors/character_visual.gd:89)
       [3] _ready (res://src/actors/tempo/tempo.gd:124)
       [4] spawn_one (res://src/actors/tempo/tempo_party.gd:34)
       [5] spawn_for (res://src/actors/tempo/tempo_party.gd:28)
       [6] load_map (res://src/autoload/game.gd:200)
       [7] _begin_session (res://src/autoload/game.gd:104)
WARNING: AnimationNodeBlendSpace2D::add_blend_point: No name provided, using safe index as reference. In the future, empty names will be deprecated, so explicitly passing a name is recommended.
   at: add_blend_point (scene/animation/animation_blend_space_2d.cpp:74)
   GDScript backtrace (most recent call first):
       [0] _bs (res://src/actors/character_visual.gd:156)
       [1] _build_tree (res://src/actors/character_visual.gd:168)
       [2] setup (res://src/actors/character_visual.gd:89)
       [3] _ready (res://src/actors/tempo/tempo.gd:124)
       [4] spawn_one (res://src/actors/tempo/tempo_party.gd:34)
       [5] spawn_for (res://src/actors/tempo/tempo_party.gd:28)
       [6] load_map (res://src/autoload/game.gd:200)
       [7] _begin_session (res://src/autoload/game.gd:104)
WARNING: AnimationNodeBlendSpace2D::add_blend_point: No name provided, using safe index as reference. In the future, empty names will be deprecated, so explicitly passing a name is recommended.
   at: add_blend_point (scene/animation/animation_blend_space_2d.cpp:74)
   GDScript backtrace (most recent call first):
       [0] _bs (res://src/actors/character_visual.gd:156)
       [1] _build_tree (res://src/actors/character_visual.gd:168)
       [2] setup (res://src/actors/character_visual.gd:89)
       [3] _ready (res://src/actors/tempo/tempo.gd:124)
       [4] spawn_one (res://src/actors/tempo/tempo_party.gd:34)
       [5] spawn_for (res://src/actors/tempo/tempo_party.gd:28)
       [6] load_map (res://src/autoload/game.gd:200)
       [7] _begin_session (res://src/autoload/game.gd:104)
WARNING: AnimationNodeBlendSpace2D::add_blend_point: No name provided, using safe index as reference. In the future, empty names will be deprecated, so explicitly passing a name is recommended.
   at: add_blend_point (scene/animation/animation_blend_space_2d.cpp:74)
   GDScript backtrace (most recent call first):
       [0] _bs (res://src/actors/character_visual.gd:156)
       [1] _build_tree (res://src/actors/character_visual.gd:168)
       [2] setup (res://src/actors/character_visual.gd:89)
       [3] _ready (res://src/actors/tempo/tempo.gd:124)
       [4] spawn_one (res://src/actors/tempo/tempo_party.gd:34)
       [5] spawn_for (res://src/actors/tempo/tempo_party.gd:28)
       [6] load_map (res://src/autoload/game.gd:200)
       [7] _begin_session (res://src/autoload/game.gd:104)
WARNING: AnimationNodeBlendSpace2D::add_blend_point: No name provided, using safe index as reference. In the future, empty names will be deprecated, so explicitly passing a name is recommended.
   at: add_blend_point (scene/animation/animation_blend_space_2d.cpp:74)
   GDScript backtrace (most recent call first):
       [0] _bs (res://src/actors/character_visual.gd:156)
       [1] _build_tree (res://src/actors/character_visual.gd:168)
       [2] setup (res://src/actors/character_visual.gd:89)
       [3] _ready (res://src/actors/tempo/tempo.gd:124)
       [4] spawn_one (res://src/actors/tempo/tempo_party.gd:34)
       [5] spawn_for (res://src/actors/tempo/tempo_party.gd:28)
       [6] load_map (res://src/autoload/game.gd:200)
       [7] _begin_session (res://src/autoload/game.gd:104)
WARNING: AnimationNodeBlendSpace2D::add_blend_point: No name provided, using safe index as reference. In the future, empty names will be deprecated, so explicitly passing a name is recommended.
   at: add_blend_point (scene/animation/animation_blend_space_2d.cpp:74)
   GDScript backtrace (most recent call first):
       [0] _bs (res://src/actors/character_visual.gd:156)
       [1] _build_tree (res://src/actors/character_visual.gd:168)
       [2] setup (res://src/actors/character_visual.gd:89)
       [3] _ready (res://src/actors/tempo/tempo.gd:124)
       [4] spawn_one (res://src/actors/tempo/tempo_party.gd:34)
       [5] spawn_for (res://src/actors/tempo/tempo_party.gd:28)
       [6] load_map (res://src/autoload/game.gd:200)
       [7] _begin_session (res://src/autoload/game.gd:104)
WARNING: AnimationNodeBlendSpace2D::add_blend_point: No name provided, using safe index as reference. In the future, empty names will be deprecated, so explicitly passing a name is recommended.
   at: add_blend_point (scene/animation/animation_blend_space_2d.cpp:74)
   GDScript backtrace (most recent call first):
       [0] _bs (res://src/actors/character_visual.gd:156)
       [1] _build_tree (res://src/actors/character_visual.gd:168)
       [2] setup (res://src/actors/character_visual.gd:89)
       [3] _ready (res://src/actors/tempo/tempo.gd:124)
       [4] spawn_one (res://src/actors/tempo/tempo_party.gd:34)
       [5] spawn_for (res://src/actors/tempo/tempo_party.gd:28)
       [6] load_map (res://src/autoload/game.gd:200)
       [7] _begin_session (res://src/autoload/game.gd:104)
WARNING: AnimationNodeBlendSpace2D::add_blend_point: No name provided, using safe index as reference. In the future, empty names will be deprecated, so explicitly passing a name is recommended.
   at: add_blend_point (scene/animation/animation_blend_space_2d.cpp:74)
   GDScript backtrace (most recent call first):
       [0] _bs (res://src/actors/character_visual.gd:156)
       [1] _build_tree (res://src/actors/character_visual.gd:168)
       [2] setup (res://src/actors/character_visual.gd:89)
       [3] _ready (res://src/actors/tempo/tempo.gd:124)
       [4] spawn_one (res://src/actors/tempo/tempo_party.gd:34)
       [5] spawn_for (res://src/actors/tempo/tempo_party.gd:28)
       [6] load_map (res://src/autoload/game.gd:200)
       [7] _begin_session (res://src/autoload/game.gd:104)
WARNING: AnimationNodeBlendSpace2D::add_blend_point: No name provided, using safe index as reference. In the future, empty names will be deprecated, so explicitly passing a name is recommended.
   at: add_blend_point (scene/animation/animation_blend_space_2d.cpp:74)
   GDScript backtrace (most recent call first):
       [0] _bs (res://src/actors/character_visual.gd:156)
       [1] _build_tree (res://src/actors/character_visual.gd:168)
       [2] setup (res://src/actors/character_visual.gd:89)
       [3] _ready (res://src/actors/tempo/tempo.gd:124)
       [4] spawn_one (res://src/actors/tempo/tempo_party.gd:34)
       [5] spawn_for (res://src/actors/tempo/tempo_party.gd:28)
       [6] load_map (res://src/autoload/game.gd:200)
       [7] _begin_session (res://src/autoload/game.gd:104)
WARNING: AnimationNodeBlendSpace2D::add_blend_point: No name provided, using safe index as reference. In the future, empty names will be deprecated, so explicitly passing a name is recommended.
   at: add_blend_point (scene/animation/animation_blend_space_2d.cpp:74)
   GDScript backtrace (most recent call first):
       [0] _bs (res://src/actors/character_visual.gd:156)
       [1] _build_tree (res://src/actors/character_visual.gd:171)
       [2] setup (res://src/actors/character_visual.gd:89)
       [3] _ready (res://src/actors/tempo/tempo.gd:124)
       [4] spawn_one (res://src/actors/tempo/tempo_party.gd:34)
       [5] spawn_for (res://src/actors/tempo/tempo_party.gd:28)
       [6] load_map (res://src/autoload/game.gd:200)
       [7] _begin_session (res://src/autoload/game.gd:104)
WARNING: AnimationNodeBlendSpace2D::add_blend_point: No name provided, using safe index as reference. In the future, empty names will be deprecated, so explicitly passing a name is recommended.
   at: add_blend_point (scene/animation/animation_blend_space_2d.cpp:74)
   GDScript backtrace (most recent call first):
       [0] _bs (res://src/actors/character_visual.gd:156)
       [1] _build_tree (res://src/actors/character_visual.gd:171)
       [2] setup (res://src/actors/character_visual.gd:89)
       [3] _ready (res://src/actors/tempo/tempo.gd:124)
       [4] spawn_one (res://src/actors/tempo/tempo_party.gd:34)
       [5] spawn_for (res://src/actors/tempo/tempo_party.gd:28)
       [6] load_map (res://src/autoload/game.gd:200)
       [7] _begin_session (res://src/autoload/game.gd:104)
WARNING: AnimationNodeBlendSpace2D::add_blend_point: No name provided, using safe index as reference. In the future, empty names will be deprecated, so explicitly passing a name is recommended.
   at: add_blend_point (scene/animation/animation_blend_space_2d.cpp:74)
   GDScript backtrace (most recent call first):
       [0] _bs (res://src/actors/character_visual.gd:156)
       [1] _build_tree (res://src/actors/character_visual.gd:171)
       [2] setup (res://src/actors/character_visual.gd:89)
       [3] _ready (res://src/actors/tempo/tempo.gd:124)
       [4] spawn_one (res://src/actors/tempo/tempo_party.gd:34)
       [5] spawn_for (res://src/actors/tempo/tempo_party.gd:28)
       [6] load_map (res://src/autoload/game.gd:200)
       [7] _begin_session (res://src/autoload/game.gd:104)
WARNING: AnimationNodeBlendSpace2D::add_blend_point: No name provided, using safe index as reference. In the future, empty names will be deprecated, so explicitly passing a name is recommended.
   at: add_blend_point (scene/animation/animation_blend_space_2d.cpp:74)
   GDScript backtrace (most recent call first):
       [0] _bs (res://src/actors/character_visual.gd:156)
       [1] _build_tree (res://src/actors/character_visual.gd:171)
       [2] setup (res://src/actors/character_visual.gd:89)
       [3] _ready (res://src/actors/tempo/tempo.gd:124)
       [4] spawn_one (res://src/actors/tempo/tempo_party.gd:34)
       [5] spawn_for (res://src/actors/tempo/tempo_party.gd:28)
       [6] load_map (res://src/autoload/game.gd:200)
       [7] _begin_session (res://src/autoload/game.gd:104)
WARNING: AnimationNodeBlendSpace2D::add_blend_point: No name provided, using safe index as reference. In the future, empty names will be deprecated, so explicitly passing a name is recommended.
   at: add_blend_point (scene/animation/animation_blend_space_2d.cpp:74)
   GDScript backtrace (most recent call first):
       [0] _bs (res://src/actors/character_visual.gd:156)
       [1] _build_tree (res://src/actors/character_visual.gd:171)
       [2] setup (res://src/actors/character_visual.gd:89)
       [3] _ready (res://src/actors/tempo/tempo.gd:124)
       [4] spawn_one (res://src/actors/tempo/tempo_party.gd:34)
       [5] spawn_for (res://src/actors/tempo/tempo_party.gd:28)
       [6] load_map (res://src/autoload/game.gd:200)
       [7] _begin_session (res://src/autoload/game.gd:104)
WARNING: AnimationNodeBlendSpace2D::add_blend_point: No name provided, using safe index as reference. In the future, empty names will be deprecated, so explicitly passing a name is recommended.
   at: add_blend_point (scene/animation/animation_blend_space_2d.cpp:74)
   GDScript backtrace (most recent call first):
       [0] _bs (res://src/actors/character_visual.gd:156)
       [1] _build_tree (res://src/actors/character_visual.gd:171)
       [2] setup (res://src/actors/character_visual.gd:89)
       [3] _ready (res://src/actors/tempo/tempo.gd:124)
       [4] spawn_one (res://src/actors/tempo/tempo_party.gd:34)
       [5] spawn_for (res://src/actors/tempo/tempo_party.gd:28)
       [6] load_map (res://src/autoload/game.gd:200)
       [7] _begin_session (res://src/autoload/game.gd:104)
WARNING: AnimationNodeBlendSpace2D::add_blend_point: No name provided, using safe index as reference. In the future, empty names will be deprecated, so explicitly passing a name is recommended.
   at: add_blend_point (scene/animation/animation_blend_space_2d.cpp:74)
   GDScript backtrace (most recent call first):
       [0] _bs (res://src/actors/character_visual.gd:156)
       [1] _build_tree (res://src/actors/character_visual.gd:166)
       [2] setup (res://src/actors/character_visual.gd:89)
       [3] bind (res://src/actors/player/player.gd:136)
       [4] _begin_session (res://src/autoload/game.gd:105)
WARNING: AnimationNodeBlendSpace2D::add_blend_point: No name provided, using safe index as reference. In the future, empty names will be deprecated, so explicitly passing a name is recommended.
   at: add_blend_point (scene/animation/animation_blend_space_2d.cpp:74)
   GDScript backtrace (most recent call first):
       [0] _bs (res://src/actors/character_visual.gd:156)
       [1] _build_tree (res://src/actors/character_visual.gd:166)
       [2] setup (res://src/actors/character_visual.gd:89)
       [3] bind (res://src/actors/player/player.gd:136)
       [4] _begin_session (res://src/autoload/game.gd:105)
WARNING: AnimationNodeBlendSpace2D::add_blend_point: No name provided, using safe index as reference. In the future, empty names will be deprecated, so explicitly passing a name is recommended.
   at: add_blend_point (scene/animation/animation_blend_space_2d.cpp:74)
   GDScript backtrace (most recent call first):
       [0] _bs (res://src/actors/character_visual.gd:156)
       [1] _build_tree (res://src/actors/character_visual.gd:166)
       [2] setup (res://src/actors/character_visual.gd:89)
       [3] bind (res://src/actors/player/player.gd:136)
       [4] _begin_session (res://src/autoload/game.gd:105)
WARNING: AnimationNodeBlendSpace2D::add_blend_point: No name provided, using safe index as reference. In the future, empty names will be deprecated, so explicitly passing a name is recommended.
   at: add_blend_point (scene/animation/animation_blend_space_2d.cpp:74)
   GDScript backtrace (most recent call first):
       [0] _bs (res://src/actors/character_visual.gd:156)
       [1] _build_tree (res://src/actors/character_visual.gd:166)
       [2] setup (res://src/actors/character_visual.gd:89)
       [3] bind (res://src/actors/player/player.gd:136)
       [4] _begin_session (res://src/autoload/game.gd:105)
WARNING: AnimationNodeBlendSpace2D::add_blend_point: No name provided, using safe index as reference. In the future, empty names will be deprecated, so explicitly passing a name is recommended.
   at: add_blend_point (scene/animation/animation_blend_space_2d.cpp:74)
   GDScript backtrace (most recent call first):
       [0] _bs (res://src/actors/character_visual.gd:156)
       [1] _build_tree (res://src/actors/character_visual.gd:166)
       [2] setup (res://src/actors/character_visual.gd:89)
       [3] bind (res://src/actors/player/player.gd:136)
       [4] _begin_session (res://src/autoload/game.gd:105)
WARNING: AnimationNodeBlendSpace2D::add_blend_point: No name provided, using safe index as reference. In the future, empty names will be deprecated, so explicitly passing a name is recommended.
   at: add_blend_point (scene/animation/animation_blend_space_2d.cpp:74)
   GDScript backtrace (most recent call first):
       [0] _bs (res://src/actors/character_visual.gd:156)
       [1] _build_tree (res://src/actors/character_visual.gd:166)
       [2] setup (res://src/actors/character_visual.gd:89)
       [3] bind (res://src/actors/player/player.gd:136)
       [4] _begin_session (res://src/autoload/game.gd:105)
WARNING: AnimationNodeBlendSpace2D::add_blend_point: No name provided, using safe index as reference. In the future, empty names will be deprecated, so explicitly passing a name is recommended.
   at: add_blend_point (scene/animation/animation_blend_space_2d.cpp:74)
   GDScript backtrace (most recent call first):
       [0] _bs (res://src/actors/character_visual.gd:156)
       [1] _build_tree (res://src/actors/character_visual.gd:168)
       [2] setup (res://src/actors/character_visual.gd:89)
       [3] bind (res://src/actors/player/player.gd:136)
       [4] _begin_session (res://src/autoload/game.gd:105)
WARNING: AnimationNodeBlendSpace2D::add_blend_point: No name provided, using safe index as reference. In the future, empty names will be deprecated, so explicitly passing a name is recommended.
   at: add_blend_point (scene/animation/animation_blend_space_2d.cpp:74)
   GDScript backtrace (most recent call first):
       [0] _bs (res://src/actors/character_visual.gd:156)
       [1] _build_tree (res://src/actors/character_visual.gd:168)
       [2] setup (res://src/actors/character_visual.gd:89)
       [3] bind (res://src/actors/player/player.gd:136)
       [4] _begin_session (res://src/autoload/game.gd:105)
WARNING: AnimationNodeBlendSpace2D::add_blend_point: No name provided, using safe index as reference. In the future, empty names will be deprecated, so explicitly passing a name is recommended.
   at: add_blend_point (scene/animation/animation_blend_space_2d.cpp:74)
   GDScript backtrace (most recent call first):
       [0] _bs (res://src/actors/character_visual.gd:156)
       [1] _build_tree (res://src/actors/character_visual.gd:168)
       [2] setup (res://src/actors/character_visual.gd:89)
       [3] bind (res://src/actors/player/player.gd:136)
       [4] _begin_session (res://src/autoload/game.gd:105)
WARNING: AnimationNodeBlendSpace2D::add_blend_point: No name provided, using safe index as reference. In the future, empty names will be deprecated, so explicitly passing a name is recommended.
   at: add_blend_point (scene/animation/animation_blend_space_2d.cpp:74)
   GDScript backtrace (most recent call first):
       [0] _bs (res://src/actors/character_visual.gd:156)
       [1] _build_tree (res://src/actors/character_visual.gd:168)
       [2] setup (res://src/actors/character_visual.gd:89)
       [3] bind (res://src/actors/player/player.gd:136)
       [4] _begin_session (res://src/autoload/game.gd:105)
WARNING: AnimationNodeBlendSpace2D::add_blend_point: No name provided, using safe index as reference. In the future, empty names will be deprecated, so explicitly passing a name is recommended.
   at: add_blend_point (scene/animation/animation_blend_space_2d.cpp:74)
   GDScript backtrace (most recent call first):
       [0] _bs (res://src/actors/character_visual.gd:156)
       [1] _build_tree (res://src/actors/character_visual.gd:168)
       [2] setup (res://src/actors/character_visual.gd:89)
       [3] bind (res://src/actors/player/player.gd:136)
       [4] _begin_session (res://src/autoload/game.gd:105)
WARNING: AnimationNodeBlendSpace2D::add_blend_point: No name provided, using safe index as reference. In the future, empty names will be deprecated, so explicitly passing a name is recommended.
   at: add_blend_point (scene/animation/animation_blend_space_2d.cpp:74)
   GDScript backtrace (most recent call first):
       [0] _bs (res://src/actors/character_visual.gd:156)
       [1] _build_tree (res://src/actors/character_visual.gd:168)
       [2] setup (res://src/actors/character_visual.gd:89)
       [3] bind (res://src/actors/player/player.gd:136)
       [4] _begin_session (res://src/autoload/game.gd:105)
WARNING: AnimationNodeBlendSpace2D::add_blend_point: No name provided, using safe index as reference. In the future, empty names will be deprecated, so explicitly passing a name is recommended.
   at: add_blend_point (scene/animation/animation_blend_space_2d.cpp:74)
   GDScript backtrace (most recent call first):
       [0] _bs (res://src/actors/character_visual.gd:156)
       [1] _build_tree (res://src/actors/character_visual.gd:168)
       [2] setup (res://src/actors/character_visual.gd:89)
       [3] bind (res://src/actors/player/player.gd:136)
       [4] _begin_session (res://src/autoload/game.gd:105)
WARNING: AnimationNodeBlendSpace2D::add_blend_point: No name provided, using safe index as reference. In the future, empty names will be deprecated, so explicitly passing a name is recommended.
   at: add_blend_point (scene/animation/animation_blend_space_2d.cpp:74)
   GDScript backtrace (most recent call first):
       [0] _bs (res://src/actors/character_visual.gd:156)
       [1] _build_tree (res://src/actors/character_visual.gd:168)
       [2] setup (res://src/actors/character_visual.gd:89)
       [3] bind (res://src/actors/player/player.gd:136)
       [4] _begin_session (res://src/autoload/game.gd:105)
WARNING: AnimationNodeBlendSpace2D::add_blend_point: No name provided, using safe index as reference. In the future, empty names will be deprecated, so explicitly passing a name is recommended.
   at: add_blend_point (scene/animation/animation_blend_space_2d.cpp:74)
   GDScript backtrace (most recent call first):
       [0] _bs (res://src/actors/character_visual.gd:156)
       [1] _build_tree (res://src/actors/character_visual.gd:168)
       [2] setup (res://src/actors/character_visual.gd:89)
       [3] bind (res://src/actors/player/player.gd:136)
       [4] _begin_session (res://src/autoload/game.gd:105)
WARNING: AnimationNodeBlendSpace2D::add_blend_point: No name provided, using safe index as reference. In the future, empty names will be deprecated, so explicitly passing a name is recommended.
   at: add_blend_point (scene/animation/animation_blend_space_2d.cpp:74)
   GDScript backtrace (most recent call first):
       [0] _bs (res://src/actors/character_visual.gd:156)
       [1] _build_tree (res://src/actors/character_visual.gd:171)
       [2] setup (res://src/actors/character_visual.gd:89)
       [3] bind (res://src/actors/player/player.gd:136)
       [4] _begin_session (res://src/autoload/game.gd:105)
WARNING: AnimationNodeBlendSpace2D::add_blend_point: No name provided, using safe index as reference. In the future, empty names will be deprecated, so explicitly passing a name is recommended.
   at: add_blend_point (scene/animation/animation_blend_space_2d.cpp:74)
   GDScript backtrace (most recent call first):
       [0] _bs (res://src/actors/character_visual.gd:156)
       [1] _build_tree (res://src/actors/character_visual.gd:171)
       [2] setup (res://src/actors/character_visual.gd:89)
       [3] bind (res://src/actors/player/player.gd:136)
       [4] _begin_session (res://src/autoload/game.gd:105)
WARNING: AnimationNodeBlendSpace2D::add_blend_point: No name provided, using safe index as reference. In the future, empty names will be deprecated, so explicitly passing a name is recommended.
   at: add_blend_point (scene/animation/animation_blend_space_2d.cpp:74)
   GDScript backtrace (most recent call first):
       [0] _bs (res://src/actors/character_visual.gd:156)
       [1] _build_tree (res://src/actors/character_visual.gd:171)
       [2] setup (res://src/actors/character_visual.gd:89)
       [3] bind (res://src/actors/player/player.gd:136)
       [4] _begin_session (res://src/autoload/game.gd:105)
WARNING: AnimationNodeBlendSpace2D::add_blend_point: No name provided, using safe index as reference. In the future, empty names will be deprecated, so explicitly passing a name is recommended.
   at: add_blend_point (scene/animation/animation_blend_space_2d.cpp:74)
   GDScript backtrace (most recent call first):
       [0] _bs (res://src/actors/character_visual.gd:156)
       [1] _build_tree (res://src/actors/character_visual.gd:171)
       [2] setup (res://src/actors/character_visual.gd:89)
       [3] bind (res://src/actors/player/player.gd:136)
       [4] _begin_session (res://src/autoload/game.gd:105)
WARNING: AnimationNodeBlendSpace2D::add_blend_point: No name provided, using safe index as reference. In the future, empty names will be deprecated, so explicitly passing a name is recommended.
   at: add_blend_point (scene/animation/animation_blend_space_2d.cpp:74)
   GDScript backtrace (most recent call first):
       [0] _bs (res://src/actors/character_visual.gd:156)
       [1] _build_tree (res://src/actors/character_visual.gd:171)
       [2] setup (res://src/actors/character_visual.gd:89)
       [3] bind (res://src/actors/player/player.gd:136)
       [4] _begin_session (res://src/autoload/game.gd:105)
WARNING: AnimationNodeBlendSpace2D::add_blend_point: No name provided, using safe index as reference. In the future, empty names will be deprecated, so explicitly passing a name is recommended.
   at: add_blend_point (scene/animation/animation_blend_space_2d.cpp:74)
   GDScript backtrace (most recent call first):
       [0] _bs (res://src/actors/character_visual.gd:156)
       [1] _build_tree (res://src/actors/character_visual.gd:171)
       [2] setup (res://src/actors/character_visual.gd:89)
       [3] bind (res://src/actors/player/player.gd:136)
       [4] _begin_session (res://src/autoload/game.gd:105)
ERROR: Not supported by this display server.
   at: keyboard_get_label_from_physical (servers/display/display_server.cpp:1228)
   GDScript backtrace (most recent call first):
       [0] binding_text (res://src/autoload/settings.gd:441)
       [1] _draw (res://src/ui/hud/skill_button.gd:142)
ERROR: Not supported by this display server.
   at: keyboard_get_label_from_physical (servers/display/display_server.cpp:1228)
   GDScript backtrace (most recent call first):
       [0] binding_text (res://src/autoload/settings.gd:441)
       [1] _draw (res://src/ui/hud/skill_button.gd:142)
ERROR: Not supported by this display server.
   at: keyboard_get_label_from_physical (servers/display/display_server.cpp:1228)
   GDScript backtrace (most recent call first):
       [0] binding_text (res://src/autoload/settings.gd:441)
       [1] _draw (res://src/ui/hud/skill_button.gd:142)
ERROR: Not supported by this display server.
   at: keyboard_get_label_from_physical (servers/display/display_server.cpp:1228)
   GDScript backtrace (most recent call first):
       [0] binding_text (res://src/autoload/settings.gd:441)
       [1] _draw (res://src/ui/hud/skill_button.gd:142)
ERROR: Not supported by this display server.
   at: keyboard_get_label_from_physical (servers/display/display_server.cpp:1228)
   GDScript backtrace (most recent call first):
       [0] binding_text (res://src/autoload/settings.gd:441)
       [1] _draw (res://src/ui/hud/skill_button.gd:142)
ERROR: Not supported by this display server.
   at: keyboard_get_label_from_physical (servers/display/display_server.cpp:1228)
   GDScript backtrace (most recent call first):
       [0] binding_text (res://src/autoload/settings.gd:441)
       [1] _draw (res://src/ui/hud/skill_button.gd:142)
ERROR: Not supported by this display server.
   at: keyboard_get_label_from_physical (servers/display/display_server.cpp:1228)
   GDScript backtrace (most recent call first):
       [0] binding_text (res://src/autoload/settings.gd:441)
       [1] _draw (res://src/ui/hud/skill_button.gd:142)
ERROR: Not supported by this display server.
   at: keyboard_get_label_from_physical (servers/display/display_server.cpp:1228)
   GDScript backtrace (most recent call first):
       [0] binding_text (res://src/autoload/settings.gd:441)
       [1] _draw (res://src/ui/hud/skill_button.gd:142)
ERROR: Not supported by this display server.
   at: keyboard_get_label_from_physical (servers/display/display_server.cpp:1228)
   GDScript backtrace (most recent call first):
       [0] binding_text (res://src/autoload/settings.gd:441)
       [1] refresh (res://src/ui/windows/multiplayer_window.gd:140)
       [2] join_game (res://src/net/net.gd:171)
       [3] _run (res://tests/tools/net_probe.gd:73)
       [4] _wait (res://tests/tools/net_probe.gd:147)
ERROR: Not supported by this display server.
   at: keyboard_get_label_from_physical (servers/display/display_server.cpp:1228)
   GDScript backtrace (most recent call first):
       [0] binding_text (res://src/autoload/settings.gd:441)
       [1] refresh (res://src/ui/windows/multiplayer_window.gd:141)
       [2] join_game (res://src/net/net.gd:171)
       [3] _run (res://tests/tools/net_probe.gd:73)
       [4] _wait (res://tests/tools/net_probe.gd:147)
NET[join] join via '127.0.0.1' err=''
ERROR: Not supported by this display server.
   at: keyboard_get_label_from_physical (servers/display/display_server.cpp:1228)
   GDScript backtrace (most recent call first):
       [0] binding_text (res://src/autoload/settings.gd:441)
       [1] refresh (res://src/ui/windows/multiplayer_window.gd:140)
       [2] leave (res://src/net/net.gd:193)
       [3] _rejected (res://src/net/net.gd:262)
ERROR: Not supported by this display server.
   at: keyboard_get_label_from_physical (servers/display/display_server.cpp:1228)
   GDScript backtrace (most recent call first):
       [0] binding_text (res://src/autoload/settings.gd:441)
       [1] refresh (res://src/ui/windows/multiplayer_window.gd:141)
       [2] leave (res://src/net/net.gd:193)
       [3] _rejected (res://src/net/net.gd:262)
ERROR: Not supported by this display server.
   at: keyboard_get_label_from_physical (servers/display/display_server.cpp:1228)
   GDScript backtrace (most recent call first):
       [0] binding_text (res://src/autoload/settings.gd:441)
       [1] refresh (res://src/ui/windows/multiplayer_window.gd:140)
       [2] leave (res://src/net/net.gd:194)
       [3] _rejected (res://src/net/net.gd:262)
ERROR: Not supported by this display server.
   at: keyboard_get_label_from_physical (servers/display/display_server.cpp:1228)
   GDScript backtrace (most recent call first):
       [0] binding_text (res://src/autoload/settings.gd:441)
       [1] refresh (res://src/ui/windows/multiplayer_window.gd:141)
       [2] leave (res://src/net/net.gd:194)
       [3] _rejected (res://src/net/net.gd:262)
NET[join] old-version join: mode=0 last_error='Different game versions (host 3, you 1). Update both games.'
NET_DONE join
