Godot Engine v4.7.2.stable.official.ed1daf0bf - https://godotengine.org

[PASS] test_auto_loot_filters.gd — 4 tests, 30 checks, 0 failures (6.5 ms)
[PASS] test_bh011.gd — 6 tests, 45 checks, 0 failures (5747.8 ms)
WARNING: Navigation region synchronization had 2 edge error(s).
More than 2 edges tried to occupy the same map rasterization space.
This causes a logical error in the navigation mesh geometry and is commonly caused by overlap or too densely placed edges.
Consider baking with a higher 'cell_size', greater geometry margin, and less detailed bake objects to cause fewer edges.
Consider lowering the 'navigation/3d/merge_rasterizer_cell_scale' in the project settings.
This warning can be toggled under 'navigation/3d/warnings/navmesh_edge_merge_errors' in the project settings.
   at: _build_step_find_edge_connection_pairs (modules/navigation_3d/3d/nav_region_builder_3d.cpp:219)
   GDScript backtrace (most recent call first):
       [0] bake_navigation (res://src/world/map_builder.gd:87)
       [1] _floor (res://tests/unit/test_bh012.gd:29)
       [2] test_a_every_floor_builds_with_portals_and_storeys (res://tests/unit/test_bh012.gd:51)
       [3] _ready (res://tests/run_tests.gd:40)
       [4] test_waypoint_is_an_interactable_the_hero_can_use (res://tests/unit/test_bh011.gd:63)
WARNING: Adding 'ring_a' as child to '@Node3D@4541' will make owner 'armillary_sphere_115' inconsistent. Consider unsetting the owner beforehand.
   at: add_child (scene/main/node.cpp:1728)
   GDScript backtrace (most recent call first):
       [0] _light_and_dress (res://src/world/maps/dungeon.gd:599)
       [1] compose (res://src/world/maps/dungeon.gd:91)
       [2] build (res://src/world/map_builder.gd:62)
       [3] build_map (res://src/autoload/game.gd:167)
       [4] _floor (res://tests/unit/test_bh012.gd:26)
       [5] test_a_every_floor_builds_with_portals_and_storeys (res://tests/unit/test_bh012.gd:51)
       [6] _ready (res://tests/run_tests.gd:40)
       [7] test_waypoint_is_an_interactable_the_hero_can_use (res://tests/unit/test_bh011.gd:63)
WARNING: Adding 'ring_b' as child to '@Node3D@4542' will make owner 'armillary_sphere_115' inconsistent. Consider unsetting the owner beforehand.
   at: add_child (scene/main/node.cpp:1728)
   GDScript backtrace (most recent call first):
       [0] _light_and_dress (res://src/world/maps/dungeon.gd:599)
       [1] compose (res://src/world/maps/dungeon.gd:91)
       [2] build (res://src/world/map_builder.gd:62)
       [3] build_map (res://src/autoload/game.gd:167)
       [4] _floor (res://tests/unit/test_bh012.gd:26)
       [5] test_a_every_floor_builds_with_portals_and_storeys (res://tests/unit/test_bh012.gd:51)
       [6] _ready (res://tests/run_tests.gd:40)
       [7] test_waypoint_is_an_interactable_the_hero_can_use (res://tests/unit/test_bh011.gd:63)
WARNING: Adding 'ring_c' as child to '@Node3D@4543' will make owner 'armillary_sphere_115' inconsistent. Consider unsetting the owner beforehand.
   at: add_child (scene/main/node.cpp:1728)
   GDScript backtrace (most recent call first):
       [0] _light_and_dress (res://src/world/maps/dungeon.gd:599)
       [1] compose (res://src/world/maps/dungeon.gd:91)
       [2] build (res://src/world/map_builder.gd:62)
       [3] build_map (res://src/autoload/game.gd:167)
       [4] _floor (res://tests/unit/test_bh012.gd:26)
       [5] test_a_every_floor_builds_with_portals_and_storeys (res://tests/unit/test_bh012.gd:51)
       [6] _ready (res://tests/run_tests.gd:40)
       [7] test_waypoint_is_an_interactable_the_hero_can_use (res://tests/unit/test_bh011.gd:63)
WARNING: Adding 'ring_a' as child to '@Node3D@4681' will make owner 'armillary_sphere_116' inconsistent. Consider unsetting the owner beforehand.
   at: add_child (scene/main/node.cpp:1728)
   GDScript backtrace (most recent call first):
       [0] _light_and_dress (res://src/world/maps/dungeon.gd:599)
       [1] compose (res://src/world/maps/dungeon.gd:91)
       [2] build (res://src/world/map_builder.gd:62)
       [3] build_map (res://src/autoload/game.gd:167)
       [4] _floor (res://tests/unit/test_bh012.gd:26)
       [5] test_a_every_floor_builds_with_portals_and_storeys (res://tests/unit/test_bh012.gd:51)
       [6] _ready (res://tests/run_tests.gd:40)
       [7] test_waypoint_is_an_interactable_the_hero_can_use (res://tests/unit/test_bh011.gd:63)
WARNING: Adding 'ring_b' as child to '@Node3D@4682' will make owner 'armillary_sphere_116' inconsistent. Consider unsetting the owner beforehand.
   at: add_child (scene/main/node.cpp:1728)
   GDScript backtrace (most recent call first):
       [0] _light_and_dress (res://src/world/maps/dungeon.gd:599)
       [1] compose (res://src/world/maps/dungeon.gd:91)
       [2] build (res://src/world/map_builder.gd:62)
       [3] build_map (res://src/autoload/game.gd:167)
       [4] _floor (res://tests/unit/test_bh012.gd:26)
       [5] test_a_every_floor_builds_with_portals_and_storeys (res://tests/unit/test_bh012.gd:51)
       [6] _ready (res://tests/run_tests.gd:40)
       [7] test_waypoint_is_an_interactable_the_hero_can_use (res://tests/unit/test_bh011.gd:63)
WARNING: Adding 'ring_c' as child to '@Node3D@4683' will make owner 'armillary_sphere_116' inconsistent. Consider unsetting the owner beforehand.
   at: add_child (scene/main/node.cpp:1728)
   GDScript backtrace (most recent call first):
       [0] _light_and_dress (res://src/world/maps/dungeon.gd:599)
       [1] compose (res://src/world/maps/dungeon.gd:91)
       [2] build (res://src/world/map_builder.gd:62)
       [3] build_map (res://src/autoload/game.gd:167)
       [4] _floor (res://tests/unit/test_bh012.gd:26)
       [5] test_a_every_floor_builds_with_portals_and_storeys (res://tests/unit/test_bh012.gd:51)
       [6] _ready (res://tests/run_tests.gd:40)
       [7] test_waypoint_is_an_interactable_the_hero_can_use (res://tests/unit/test_bh011.gd:63)
WARNING: Adding 'ring_a' as child to '@Node3D@4799' will make owner 'armillary_sphere_96' inconsistent. Consider unsetting the owner beforehand.
   at: add_child (scene/main/node.cpp:1728)
   GDScript backtrace (most recent call first):
       [0] _light_and_dress (res://src/world/maps/dungeon.gd:599)
       [1] compose (res://src/world/maps/dungeon.gd:91)
       [2] build (res://src/world/map_builder.gd:62)
       [3] build_map (res://src/autoload/game.gd:167)
       [4] _floor (res://tests/unit/test_bh012.gd:26)
       [5] test_a_every_floor_builds_with_portals_and_storeys (res://tests/unit/test_bh012.gd:51)
       [6] _ready (res://tests/run_tests.gd:40)
       [7] test_waypoint_is_an_interactable_the_hero_can_use (res://tests/unit/test_bh011.gd:63)
WARNING: Adding 'ring_b' as child to '@Node3D@4800' will make owner 'armillary_sphere_96' inconsistent. Consider unsetting the owner beforehand.
   at: add_child (scene/main/node.cpp:1728)
   GDScript backtrace (most recent call first):
       [0] _light_and_dress (res://src/world/maps/dungeon.gd:599)
       [1] compose (res://src/world/maps/dungeon.gd:91)
       [2] build (res://src/world/map_builder.gd:62)
       [3] build_map (res://src/autoload/game.gd:167)
       [4] _floor (res://tests/unit/test_bh012.gd:26)
       [5] test_a_every_floor_builds_with_portals_and_storeys (res://tests/unit/test_bh012.gd:51)
       [6] _ready (res://tests/run_tests.gd:40)
       [7] test_waypoint_is_an_interactable_the_hero_can_use (res://tests/unit/test_bh011.gd:63)
WARNING: Adding 'ring_c' as child to '@Node3D@4801' will make owner 'armillary_sphere_96' inconsistent. Consider unsetting the owner beforehand.
   at: add_child (scene/main/node.cpp:1728)
   GDScript backtrace (most recent call first):
       [0] _light_and_dress (res://src/world/maps/dungeon.gd:599)
       [1] compose (res://src/world/maps/dungeon.gd:91)
       [2] build (res://src/world/map_builder.gd:62)
       [3] build_map (res://src/autoload/game.gd:167)
       [4] _floor (res://tests/unit/test_bh012.gd:26)
       [5] test_a_every_floor_builds_with_portals_and_storeys (res://tests/unit/test_bh012.gd:51)
       [6] _ready (res://tests/run_tests.gd:40)
       [7] test_waypoint_is_an_interactable_the_hero_can_use (res://tests/unit/test_bh011.gd:63)
WARNING: Adding 'ring_a' as child to '@Node3D@4926' will make owner 'armillary_sphere_106' inconsistent. Consider unsetting the owner beforehand.
   at: add_child (scene/main/node.cpp:1728)
   GDScript backtrace (most recent call first):
       [0] _light_and_dress (res://src/world/maps/dungeon.gd:599)
       [1] compose (res://src/world/maps/dungeon.gd:91)
       [2] build (res://src/world/map_builder.gd:62)
       [3] build_map (res://src/autoload/game.gd:167)
       [4] _floor (res://tests/unit/test_bh012.gd:26)
       [5] test_a_every_floor_builds_with_portals_and_storeys (res://tests/unit/test_bh012.gd:51)
       [6] _ready (res://tests/run_tests.gd:40)
       [7] test_waypoint_is_an_interactable_the_hero_can_use (res://tests/unit/test_bh011.gd:63)
WARNING: Adding 'ring_b' as child to '@Node3D@4927' will make owner 'armillary_sphere_106' inconsistent. Consider unsetting the owner beforehand.
   at: add_child (scene/main/node.cpp:1728)
   GDScript backtrace (most recent call first):
       [0] _light_and_dress (res://src/world/maps/dungeon.gd:599)
       [1] compose (res://src/world/maps/dungeon.gd:91)
       [2] build (res://src/world/map_builder.gd:62)
       [3] build_map (res://src/autoload/game.gd:167)
       [4] _floor (res://tests/unit/test_bh012.gd:26)
       [5] test_a_every_floor_builds_with_portals_and_storeys (res://tests/unit/test_bh012.gd:51)
       [6] _ready (res://tests/run_tests.gd:40)
       [7] test_waypoint_is_an_interactable_the_hero_can_use (res://tests/unit/test_bh011.gd:63)
WARNING: Adding 'ring_c' as child to '@Node3D@4928' will make owner 'armillary_sphere_106' inconsistent. Consider unsetting the owner beforehand.
   at: add_child (scene/main/node.cpp:1728)
   GDScript backtrace (most recent call first):
       [0] _light_and_dress (res://src/world/maps/dungeon.gd:599)
       [1] compose (res://src/world/maps/dungeon.gd:91)
       [2] build (res://src/world/map_builder.gd:62)
       [3] build_map (res://src/autoload/game.gd:167)
       [4] _floor (res://tests/unit/test_bh012.gd:26)
       [5] test_a_every_floor_builds_with_portals_and_storeys (res://tests/unit/test_bh012.gd:51)
       [6] _ready (res://tests/run_tests.gd:40)
       [7] test_waypoint_is_an_interactable_the_hero_can_use (res://tests/unit/test_bh011.gd:63)
[PASS] test_bh012.gd — 11 tests, 1142 checks, 0 failures (2494.9 ms)
[PASS] test_bh013.gd — 11 tests, 1017 checks, 0 failures (7607.4 ms)
[PASS] test_bh014.gd — 10 tests, 30 checks, 0 failures (116.0 ms)
ERROR: Not supported by this display server.
   at: keyboard_get_label_from_physical (servers/display/display_server.cpp:1228)
   GDScript backtrace (most recent call first):
       [0] binding_text (res://src/autoload/settings.gd:445)
       [1] _zoom_button (res://src/ui/hud/minimap.gd:207)
       [2] _ready (res://src/ui/hud/minimap.gd:152)
       [3] _build_top_right (res://src/ui/hud/hud.gd:271)
       [4] _ready (res://src/ui/hud/hud.gd:83)
       [5] test_hud_column_stays_on_screen (res://tests/unit/test_bh015.gd:151)
       [6] _ready (res://tests/run_tests.gd:40)
       [7] test_sleeping_monster_parks_its_agent (res://tests/unit/test_bh014.gd:133)
ERROR: Not supported by this display server.
   at: keyboard_get_label_from_physical (servers/display/display_server.cpp:1228)
   GDScript backtrace (most recent call first):
       [0] binding_text (res://src/autoload/settings.gd:445)
       [1] _zoom_button (res://src/ui/hud/minimap.gd:207)
       [2] _ready (res://src/ui/hud/minimap.gd:153)
       [3] _build_top_right (res://src/ui/hud/hud.gd:271)
       [4] _ready (res://src/ui/hud/hud.gd:83)
       [5] test_hud_column_stays_on_screen (res://tests/unit/test_bh015.gd:151)
       [6] _ready (res://tests/run_tests.gd:40)
       [7] test_sleeping_monster_parks_its_agent (res://tests/unit/test_bh014.gd:133)
ERROR: Not supported by this display server.
   at: keyboard_get_label_from_physical (servers/display/display_server.cpp:1228)
   GDScript backtrace (most recent call first):
       [0] binding_text (res://src/autoload/settings.gd:445)
       [1] _draw (res://src/ui/hud/skill_button.gd:142)
ERROR: Not supported by this display server.
   at: keyboard_get_label_from_physical (servers/display/display_server.cpp:1228)
   GDScript backtrace (most recent call first):
       [0] binding_text (res://src/autoload/settings.gd:445)
       [1] _draw (res://src/ui/hud/skill_button.gd:142)
ERROR: Not supported by this display server.
   at: keyboard_get_label_from_physical (servers/display/display_server.cpp:1228)
   GDScript backtrace (most recent call first):
       [0] binding_text (res://src/autoload/settings.gd:445)
       [1] _draw (res://src/ui/hud/skill_button.gd:142)
ERROR: Not supported by this display server.
   at: keyboard_get_label_from_physical (servers/display/display_server.cpp:1228)
   GDScript backtrace (most recent call first):
       [0] binding_text (res://src/autoload/settings.gd:445)
       [1] _draw (res://src/ui/hud/skill_button.gd:142)
ERROR: Not supported by this display server.
   at: keyboard_get_label_from_physical (servers/display/display_server.cpp:1228)
   GDScript backtrace (most recent call first):
       [0] binding_text (res://src/autoload/settings.gd:445)
       [1] _draw (res://src/ui/hud/skill_button.gd:142)
ERROR: Not supported by this display server.
   at: keyboard_get_label_from_physical (servers/display/display_server.cpp:1228)
   GDScript backtrace (most recent call first):
       [0] binding_text (res://src/autoload/settings.gd:445)
       [1] _draw (res://src/ui/hud/skill_button.gd:142)
ERROR: Not supported by this display server.
   at: keyboard_get_label_from_physical (servers/display/display_server.cpp:1228)
   GDScript backtrace (most recent call first):
       [0] binding_text (res://src/autoload/settings.gd:445)
       [1] _draw (res://src/ui/hud/skill_button.gd:142)
ERROR: Not supported by this display server.
   at: keyboard_get_label_from_physical (servers/display/display_server.cpp:1228)
   GDScript backtrace (most recent call first):
       [0] binding_text (res://src/autoload/settings.gd:445)
       [1] _draw (res://src/ui/hud/skill_button.gd:142)
ERROR: Not supported by this display server.
   at: keyboard_get_label_from_physical (servers/display/display_server.cpp:1228)
   GDScript backtrace (most recent call first):
       [0] binding_text (res://src/autoload/settings.gd:445)
       [1] _zoom_button (res://src/ui/hud/minimap.gd:207)
       [2] _ready (res://src/ui/hud/minimap.gd:152)
       [3] test_minimap_math_and_trades (res://tests/unit/test_bh015.gd:170)
       [4] _ready (res://tests/run_tests.gd:40)
       [5] test_hud_column_stays_on_screen (res://tests/unit/test_bh015.gd:166)
ERROR: Not supported by this display server.
   at: keyboard_get_label_from_physical (servers/display/display_server.cpp:1228)
   GDScript backtrace (most recent call first):
       [0] binding_text (res://src/autoload/settings.gd:445)
       [1] _zoom_button (res://src/ui/hud/minimap.gd:207)
       [2] _ready (res://src/ui/hud/minimap.gd:153)
       [3] test_minimap_math_and_trades (res://tests/unit/test_bh015.gd:170)
       [4] _ready (res://tests/run_tests.gd:40)
       [5] test_hud_column_stays_on_screen (res://tests/unit/test_bh015.gd:166)
ERROR: Parse JSON failed. Error at line 0: Unterminated string
   at: parse_string (core/io/json.cpp:629)
   GDScript backtrace (most recent call first):
       [0] read_slot (res://src/autoload/save_system.gd:68)
       [1] test_saves_survive_a_bad_write (res://tests/unit/test_bh015.gd:250)
       [2] _ready (res://tests/run_tests.gd:40)
       [3] test_quest_locator (res://tests/unit/test_bh015.gd:220)
       [4] _begin (res://tests/unit/test_bh015.gd:30)
WARNING: Corrupt save file user://saves/slot_98.json
   at: push_warning (core/variant/variant_utility.cpp:1033)
   GDScript backtrace (most recent call first):
       [0] read_slot (res://src/autoload/save_system.gd:70)
       [1] test_saves_survive_a_bad_write (res://tests/unit/test_bh015.gd:250)
       [2] _ready (res://tests/run_tests.gd:40)
       [3] test_quest_locator (res://tests/unit/test_bh015.gd:220)
       [4] _begin (res://tests/unit/test_bh015.gd:30)
WARNING: Slot 98 restored from slot_98.json.bak
   at: push_warning (core/variant/variant_utility.cpp:1033)
   GDScript backtrace (most recent call first):
       [0] read_slot (res://src/autoload/save_system.gd:73)
       [1] test_saves_survive_a_bad_write (res://tests/unit/test_bh015.gd:250)
       [2] _ready (res://tests/run_tests.gd:40)
       [3] test_quest_locator (res://tests/unit/test_bh015.gd:220)
       [4] _begin (res://tests/unit/test_bh015.gd:30)
ERROR: Parse JSON failed. Error at line 0: Unterminated string
   at: parse_string (core/io/json.cpp:629)
   GDScript backtrace (most recent call first):
       [0] read_slot (res://src/autoload/save_system.gd:68)
       [1] load_hero (res://src/autoload/save_system.gd:89)
       [2] test_saves_survive_a_bad_write (res://tests/unit/test_bh015.gd:252)
       [3] _ready (res://tests/run_tests.gd:40)
       [4] test_quest_locator (res://tests/unit/test_bh015.gd:220)
       [5] _begin (res://tests/unit/test_bh015.gd:30)
WARNING: Corrupt save file user://saves/slot_98.json
   at: push_warning (core/variant/variant_utility.cpp:1033)
   GDScript backtrace (most recent call first):
       [0] read_slot (res://src/autoload/save_system.gd:70)
       [1] load_hero (res://src/autoload/save_system.gd:89)
       [2] test_saves_survive_a_bad_write (res://tests/unit/test_bh015.gd:252)
       [3] _ready (res://tests/run_tests.gd:40)
       [4] test_quest_locator (res://tests/unit/test_bh015.gd:220)
       [5] _begin (res://tests/unit/test_bh015.gd:30)
WARNING: Slot 98 restored from slot_98.json.bak
   at: push_warning (core/variant/variant_utility.cpp:1033)
   GDScript backtrace (most recent call first):
       [0] read_slot (res://src/autoload/save_system.gd:73)
       [1] load_hero (res://src/autoload/save_system.gd:89)
       [2] test_saves_survive_a_bad_write (res://tests/unit/test_bh015.gd:252)
       [3] _ready (res://tests/run_tests.gd:40)
       [4] test_quest_locator (res://tests/unit/test_bh015.gd:220)
       [5] _begin (res://tests/unit/test_bh015.gd:30)
[FAIL] test_bh015.gd — 11 tests, 10108 checks, 4 failures (788.3 ms)
WARNING: Unknown item base in save: no_such_item
   at: push_warning (core/variant/variant_utility.cpp:1033)
   GDScript backtrace (most recent call first):
       [0] from_dict (res://src/core/items/item_instance.gd:269)
       [1] read_incoming (res://src/core/trade/trade_rules.gd:58)
       [2] test_trade_refuses_bad_offers_and_changes_nothing (res://tests/unit/test_bh016.gd:401)
       [3] _ready (res://tests/run_tests.gd:40)
       [4] test_guild_house_builds (res://tests/unit/test_bh016.gd:307)
[PASS] test_bh016.gd — 15 tests, 1394 checks, 0 failures (741.8 ms)
ERROR: Signal 'stats_dirty' is already connected to given callable 'CharacterBody3D(Player)::_on_hero_changed' in that object.
   at: connect (core/object/object.cpp:1562)
   GDScript backtrace (most recent call first):
       [0] bind (res://src/actors/player/player.gd:130)
       [1] test_allies_come_back_after_a_map_change (res://tests/unit/test_bh017.gd:609)
ERROR: Signal 'inventory_changed' is already connected to given callable 'CharacterBody3D(Player)::_on_inventory_changed' in that object.
   at: connect (core/object/object.cpp:1562)
   GDScript backtrace (most recent call first):
       [0] bind (res://src/actors/player/player.gd:131)
       [1] test_allies_come_back_after_a_map_change (res://tests/unit/test_bh017.gd:609)
ERROR: Signal 'leveled_up' is already connected to given callable 'CharacterBody3D(Player)::_on_level_up' in that object.
   at: connect (core/object/object.cpp:1562)
   GDScript backtrace (most recent call first):
       [0] bind (res://src/actors/player/player.gd:132)
       [1] test_allies_come_back_after_a_map_change (res://tests/unit/test_bh017.gd:609)
ERROR: Condition "CryptoCore::b64_decode(&w[0], buf.size(), &arr_len, (unsigned char *)cstr.get_data(), strlen) != OK" is true. Returning: Vector<uint8_t>()
   at: base64_to_raw (core/core_bind.cpp:1366)
   GDScript backtrace (most recent call first):
       [0] load_banner_bytes (res://src/core/guilds/guild_rules.gd:260)
       [1] test_guild_banner_upload (res://tests/unit/test_bh017.gd:393)
       [2] _ready (res://tests/run_tests.gd:40)
       [3] test_allies_walk_the_row_and_shop (res://tests/unit/test_bh017.gd:730)
ERROR: Condition "err" is true. Returning: Ref<Image>()
   at: _jpeg_turbo_mem_loader_func (modules/jpg/image_loader_libjpeg_turbo.cpp:113)
   GDScript backtrace (most recent call first):
       [0] picture_from_bytes (res://src/ui/windows/guild_custom_window.gd:183)
       [1] test_guild_banner_upload (res://tests/unit/test_bh017.gd:394)
       [2] _ready (res://tests/run_tests.gd:40)
       [3] test_allies_walk_the_row_and_shop (res://tests/unit/test_bh017.gd:730)
ERROR: Condition "image.is_null()" is true. Returning: ERR_PARSE_ERROR
   at: _load_from_buffer (core/io/image.cpp:4559)
   GDScript backtrace (most recent call first):
       [0] picture_from_bytes (res://src/ui/windows/guild_custom_window.gd:183)
       [1] test_guild_banner_upload (res://tests/unit/test_bh017.gd:394)
       [2] _ready (res://tests/run_tests.gd:40)
       [3] test_allies_walk_the_row_and_shop (res://tests/unit/test_bh017.gd:730)
[PASS] test_bh017.gd — 27 tests, 803 checks, 0 failures (30023.1 ms)
[PASS] test_bh018.gd — 18 tests, 474 checks, 0 failures (1513.4 ms)
ERROR: Parse JSON failed. Error at line 0: Expected key
   at: parse_string (core/io/json.cpp:629)
   GDScript backtrace (most recent call first):
       [0] load_from (res://src/core/items/hero_vault.gd:188)
       [1] test_vault_round_trip_keeps_positions_and_size (res://tests/unit/test_bh019.gd:291)
       [2] _ready (res://tests/run_tests.gd:40)
       [3] test_every_safe_town_has_a_dummy_and_a_vault (res://tests/unit/test_bh019.gd:380)
       [4] _begin (res://tests/unit/test_bh019.gd:317)
WARNING: Unreadable vault file user://saves/vault_unit_test.json
   at: push_warning (core/variant/variant_utility.cpp:1033)
   GDScript backtrace (most recent call first):
       [0] load_from (res://src/core/items/hero_vault.gd:193)
       [1] test_vault_round_trip_keeps_positions_and_size (res://tests/unit/test_bh019.gd:291)
       [2] _ready (res://tests/run_tests.gd:40)
       [3] test_every_safe_town_has_a_dummy_and_a_vault (res://tests/unit/test_bh019.gd:380)
       [4] _begin (res://tests/unit/test_bh019.gd:317)
WARNING: Vault restored from vault_unit_test.json.bak
   at: push_warning (core/variant/variant_utility.cpp:1033)
   GDScript backtrace (most recent call first):
       [0] load_from (res://src/core/items/hero_vault.gd:191)
       [1] test_vault_round_trip_keeps_positions_and_size (res://tests/unit/test_bh019.gd:291)
       [2] _ready (res://tests/run_tests.gd:40)
       [3] test_every_safe_town_has_a_dummy_and_a_vault (res://tests/unit/test_bh019.gd:380)
       [4] _begin (res://tests/unit/test_bh019.gd:317)
[PASS] test_bh019.gd — 11 tests, 393 checks, 0 failures (2450.6 ms)
ERROR: Not supported by this display server.
   at: keyboard_get_label_from_physical (servers/display/display_server.cpp:1228)
   GDScript backtrace (most recent call first):
       [0] binding_text (res://src/autoload/settings.gd:445)
       [1] _zoom_button (res://src/ui/hud/minimap.gd:207)
       [2] _ready (res://src/ui/hud/minimap.gd:152)
       [3] _build_top_right (res://src/ui/hud/hud.gd:271)
       [4] _ready (res://src/ui/hud/hud.gd:83)
       [5] _ready (res://src/ui/ui_root.gd:35)
       [6] test_dialogue_socket_shop_purchase (res://tests/unit/test_bh020.gd:14)
       [7] _ready (res://tests/run_tests.gd:40)
       [8] test_every_safe_town_has_a_dummy_and_a_vault (res://tests/unit/test_bh019.gd:380)
       [9] _begin (res://tests/unit/test_bh019.gd:317)
ERROR: Not supported by this display server.
   at: keyboard_get_label_from_physical (servers/display/display_server.cpp:1228)
   GDScript backtrace (most recent call first):
       [0] binding_text (res://src/autoload/settings.gd:445)
       [1] _zoom_button (res://src/ui/hud/minimap.gd:207)
       [2] _ready (res://src/ui/hud/minimap.gd:153)
       [3] _build_top_right (res://src/ui/hud/hud.gd:271)
       [4] _ready (res://src/ui/hud/hud.gd:83)
       [5] _ready (res://src/ui/ui_root.gd:35)
       [6] test_dialogue_socket_shop_purchase (res://tests/unit/test_bh020.gd:14)
       [7] _ready (res://tests/run_tests.gd:40)
       [8] test_every_safe_town_has_a_dummy_and_a_vault (res://tests/unit/test_bh019.gd:380)
       [9] _begin (res://tests/unit/test_bh019.gd:317)
WARNING: Can't change the size of a `SubViewport` with a `SubViewportContainer` parent that has `stretch` enabled. Set `SubViewportContainer.stretch` to `false` to allow changing the size manually.
   at: _internal_set_size (scene/main/viewport.cpp:5627)
   GDScript backtrace (most recent call first):
       [0] _on_resized (res://src/ui/widgets/character_preview.gd:113)
       [1] _ready (res://src/ui/widgets/character_preview.gd:109)
       [2] _build (res://src/ui/windows/inventory_window.gd:71)
       [3] _ready (res://src/ui/widgets/ui_window.gd:30)
       [4] _add_window (res://src/ui/ui_root.gd:82)
       [5] _ready (res://src/ui/ui_root.gd:41)
       [6] test_dialogue_socket_shop_purchase (res://tests/unit/test_bh020.gd:14)
       [7] _ready (res://tests/run_tests.gd:40)
       [8] test_every_safe_town_has_a_dummy_and_a_vault (res://tests/unit/test_bh019.gd:380)
       [9] _begin (res://tests/unit/test_bh019.gd:317)
ERROR: Not supported by this display server.
   at: keyboard_get_label_from_physical (servers/display/display_server.cpp:1228)
   GDScript backtrace (most recent call first):
       [0] binding_text (res://src/autoload/settings.gd:445)
       [1] slot_name (res://src/ui/widgets/belt_picker.gd:11)
       [2] _build_bag (res://src/ui/windows/inventory_window.gd:338)
       [3] _build (res://src/ui/windows/inventory_window.gd:72)
       [4] _ready (res://src/ui/widgets/ui_window.gd:30)
       [5] _add_window (res://src/ui/ui_root.gd:82)
       [6] _ready (res://src/ui/ui_root.gd:41)
       [7] test_dialogue_socket_shop_purchase (res://tests/unit/test_bh020.gd:14)
       [8] _ready (res://tests/run_tests.gd:40)
       [9] test_every_safe_town_has_a_dummy_and_a_vault (res://tests/unit/test_bh019.gd:380)
       [10] _begin (res://tests/unit/test_bh019.gd:317)
ERROR: Not supported by this display server.
   at: keyboard_get_label_from_physical (servers/display/display_server.cpp:1228)
   GDScript backtrace (most recent call first):
       [0] binding_text (res://src/autoload/settings.gd:445)
       [1] slot_name (res://src/ui/widgets/belt_picker.gd:11)
       [2] _build_bag (res://src/ui/windows/inventory_window.gd:338)
       [3] _build (res://src/ui/windows/inventory_window.gd:72)
       [4] _ready (res://src/ui/widgets/ui_window.gd:30)
       [5] _add_window (res://src/ui/ui_root.gd:82)
       [6] _ready (res://src/ui/ui_root.gd:41)
       [7] test_dialogue_socket_shop_purchase (res://tests/unit/test_bh020.gd:14)
       [8] _ready (res://tests/run_tests.gd:40)
       [9] test_every_safe_town_has_a_dummy_and_a_vault (res://tests/unit/test_bh019.gd:380)
       [10] _begin (res://tests/unit/test_bh019.gd:317)
WARNING: Can't change the size of a `SubViewport` with a `SubViewportContainer` parent that has `stretch` enabled. Set `SubViewportContainer.stretch` to `false` to allow changing the size manually.
   at: _internal_set_size (scene/main/viewport.cpp:5627)
   GDScript backtrace (most recent call first):
       [0] _on_resized (res://src/ui/widgets/character_preview.gd:113)
       [1] _ready (res://src/ui/widgets/character_preview.gd:109)
       [2] _build (res://src/ui/windows/character_window.gd:53)
       [3] _ready (res://src/ui/widgets/ui_window.gd:30)
       [4] _add_window (res://src/ui/ui_root.gd:82)
       [5] _ready (res://src/ui/ui_root.gd:43)
       [6] test_dialogue_socket_shop_purchase (res://tests/unit/test_bh020.gd:14)
       [7] _ready (res://tests/run_tests.gd:40)
       [8] test_every_safe_town_has_a_dummy_and_a_vault (res://tests/unit/test_bh019.gd:380)
       [9] _begin (res://tests/unit/test_bh019.gd:317)
ERROR: Not supported by this display server.
   at: keyboard_get_label_from_physical (servers/display/display_server.cpp:1228)
   GDScript backtrace (most recent call first):
       [0] binding_text (res://src/autoload/settings.gd:445)
       [1] _controls (res://src/ui/windows/settings_window.gd:189)
       [2] _page (res://src/ui/windows/settings_window.gd:68)
       [3] _build (res://src/ui/windows/settings_window.gd:32)
       [4] _ready (res://src/ui/widgets/ui_window.gd:30)
       [5] _add_window (res://src/ui/ui_root.gd:82)
       [6] _ready (res://src/ui/ui_root.gd:48)
       [7] test_dialogue_socket_shop_purchase (res://tests/unit/test_bh020.gd:14)
       [8] _ready (res://tests/run_tests.gd:40)
       [9] test_every_safe_town_has_a_dummy_and_a_vault (res://tests/unit/test_bh019.gd:380)
       [10] _begin (res://tests/unit/test_bh019.gd:317)
ERROR: Not supported by this display server.
   at: keyboard_get_label_from_physical (servers/display/display_server.cpp:1228)
   GDScript backtrace (most recent call first):
       [0] binding_text (res://src/autoload/settings.gd:445)
       [1] _controls (res://src/ui/windows/settings_window.gd:189)
       [2] _page (res://src/ui/windows/settings_window.gd:68)
       [3] _build (res://src/ui/windows/settings_window.gd:32)
       [4] _ready (res://src/ui/widgets/ui_window.gd:30)
       [5] _add_window (res://src/ui/ui_root.gd:82)
       [6] _ready (res://src/ui/ui_root.gd:48)
       [7] test_dialogue_socket_shop_purchase (res://tests/unit/test_bh020.gd:14)
       [8] _ready (res://tests/run_tests.gd:40)
       [9] test_every_safe_town_has_a_dummy_and_a_vault (res://tests/unit/test_bh019.gd:380)
       [10] _begin (res://tests/unit/test_bh019.gd:317)
ERROR: Not supported by this display server.
   at: keyboard_get_label_from_physical (servers/display/display_server.cpp:1228)
   GDScript backtrace (most recent call first):
       [0] binding_text (res://src/autoload/settings.gd:445)
       [1] _controls (res://src/ui/windows/settings_window.gd:189)
       [2] _page (res://src/ui/windows/settings_window.gd:68)
       [3] _build (res://src/ui/windows/settings_window.gd:32)
       [4] _ready (res://src/ui/widgets/ui_window.gd:30)
       [5] _add_window (res://src/ui/ui_root.gd:82)
       [6] _ready (res://src/ui/ui_root.gd:48)
       [7] test_dialogue_socket_shop_purchase (res://tests/unit/test_bh020.gd:14)
       [8] _ready (res://tests/run_tests.gd:40)
       [9] test_every_safe_town_has_a_dummy_and_a_vault (res://tests/unit/test_bh019.gd:380)
       [10] _begin (res://tests/unit/test_bh019.gd:317)
ERROR: Not supported by this display server.
   at: keyboard_get_label_from_physical (servers/display/display_server.cpp:1228)
   GDScript backtrace (most recent call first):
       [0] binding_text (res://src/autoload/settings.gd:445)
       [1] _controls (res://src/ui/windows/settings_window.gd:189)
       [2] _page (res://src/ui/windows/settings_window.gd:68)
       [3] _build (res://src/ui/windows/settings_window.gd:32)
       [4] _ready (res://src/ui/widgets/ui_window.gd:30)
       [5] _add_window (res://src/ui/ui_root.gd:82)
       [6] _ready (res://src/ui/ui_root.gd:48)
       [7] test_dialogue_socket_shop_purchase (res://tests/unit/test_bh020.gd:14)
       [8] _ready (res://tests/run_tests.gd:40)
       [9] test_every_safe_town_has_a_dummy_and_a_vault (res://tests/unit/test_bh019.gd:380)
       [10] _begin (res://tests/unit/test_bh019.gd:317)
ERROR: Not supported by this display server.
   at: keyboard_get_label_from_physical (servers/display/display_server.cpp:1228)
   GDScript backtrace (most recent call first):
       [0] binding_text (res://src/autoload/settings.gd:445)
       [1] _controls (res://src/ui/windows/settings_window.gd:189)
       [2] _page (res://src/ui/windows/settings_window.gd:68)
       [3] _build (res://src/ui/windows/settings_window.gd:32)
       [4] _ready (res://src/ui/widgets/ui_window.gd:30)
       [5] _add_window (res://src/ui/ui_root.gd:82)
       [6] _ready (res://src/ui/ui_root.gd:48)
       [7] test_dialogue_socket_shop_purchase (res://tests/unit/test_bh020.gd:14)
       [8] _ready (res://tests/run_tests.gd:40)
       [9] test_every_safe_town_has_a_dummy_and_a_vault (res://tests/unit/test_bh019.gd:380)
       [10] _begin (res://tests/unit/test_bh019.gd:317)
ERROR: Not supported by this display server.
   at: keyboard_get_label_from_physical (servers/display/display_server.cpp:1228)
   GDScript backtrace (most recent call first):
       [0] binding_text (res://src/autoload/settings.gd:445)
       [1] _controls (res://src/ui/windows/settings_window.gd:189)
       [2] _page (res://src/ui/windows/settings_window.gd:68)
       [3] _build (res://src/ui/windows/settings_window.gd:32)
       [4] _ready (res://src/ui/widgets/ui_window.gd:30)
       [5] _add_window (res://src/ui/ui_root.gd:82)
       [6] _ready (res://src/ui/ui_root.gd:48)
       [7] test_dialogue_socket_shop_purchase (res://tests/unit/test_bh020.gd:14)
       [8] _ready (res://tests/run_tests.gd:40)
       [9] test_every_safe_town_has_a_dummy_and_a_vault (res://tests/unit/test_bh019.gd:380)
       [10] _begin (res://tests/unit/test_bh019.gd:317)
ERROR: Not supported by this display server.
   at: keyboard_get_label_from_physical (servers/display/display_server.cpp:1228)
   GDScript backtrace (most recent call first):
       [0] binding_text (res://src/autoload/settings.gd:445)
       [1] _controls (res://src/ui/windows/settings_window.gd:189)
       [2] _page (res://src/ui/windows/settings_window.gd:68)
       [3] _build (res://src/ui/windows/settings_window.gd:32)
       [4] _ready (res://src/ui/widgets/ui_window.gd:30)
       [5] _add_window (res://src/ui/ui_root.gd:82)
       [6] _ready (res://src/ui/ui_root.gd:48)
       [7] test_dialogue_socket_shop_purchase (res://tests/unit/test_bh020.gd:14)
       [8] _ready (res://tests/run_tests.gd:40)
       [9] test_every_safe_town_has_a_dummy_and_a_vault (res://tests/unit/test_bh019.gd:380)
       [10] _begin (res://tests/unit/test_bh019.gd:317)
ERROR: Not supported by this display server.
   at: keyboard_get_label_from_physical (servers/display/display_server.cpp:1228)
   GDScript backtrace (most recent call first):
       [0] binding_text (res://src/autoload/settings.gd:445)
       [1] _controls (res://src/ui/windows/settings_window.gd:189)
       [2] _page (res://src/ui/windows/settings_window.gd:68)
       [3] _build (res://src/ui/windows/settings_window.gd:32)
       [4] _ready (res://src/ui/widgets/ui_window.gd:30)
       [5] _add_window (res://src/ui/ui_root.gd:82)
       [6] _ready (res://src/ui/ui_root.gd:48)
       [7] test_dialogue_socket_shop_purchase (res://tests/unit/test_bh020.gd:14)
       [8] _ready (res://tests/run_tests.gd:40)
       [9] test_every_safe_town_has_a_dummy_and_a_vault (res://tests/unit/test_bh019.gd:380)
       [10] _begin (res://tests/unit/test_bh019.gd:317)
ERROR: Not supported by this display server.
   at: keyboard_get_label_from_physical (servers/display/display_server.cpp:1228)
   GDScript backtrace (most recent call first):
       [0] binding_text (res://src/autoload/settings.gd:445)
       [1] _controls (res://src/ui/windows/settings_window.gd:189)
       [2] _page (res://src/ui/windows/settings_window.gd:68)
       [3] _build (res://src/ui/windows/settings_window.gd:32)
       [4] _ready (res://src/ui/widgets/ui_window.gd:30)
       [5] _add_window (res://src/ui/ui_root.gd:82)
       [6] _ready (res://src/ui/ui_root.gd:48)
       [7] test_dialogue_socket_shop_purchase (res://tests/unit/test_bh020.gd:14)
       [8] _ready (res://tests/run_tests.gd:40)
       [9] test_every_safe_town_has_a_dummy_and_a_vault (res://tests/unit/test_bh019.gd:380)
       [10] _begin (res://tests/unit/test_bh019.gd:317)
ERROR: Not supported by this display server.
   at: keyboard_get_label_from_physical (servers/display/display_server.cpp:1228)
   GDScript backtrace (most recent call first):
       [0] binding_text (res://src/autoload/settings.gd:445)
       [1] _controls (res://src/ui/windows/settings_window.gd:189)
       [2] _page (res://src/ui/windows/settings_window.gd:68)
       [3] _build (res://src/ui/windows/settings_window.gd:32)
       [4] _ready (res://src/ui/widgets/ui_window.gd:30)
       [5] _add_window (res://src/ui/ui_root.gd:82)
       [6] _ready (res://src/ui/ui_root.gd:48)
       [7] test_dialogue_socket_shop_purchase (res://tests/unit/test_bh020.gd:14)
       [8] _ready (res://tests/run_tests.gd:40)
       [9] test_every_safe_town_has_a_dummy_and_a_vault (res://tests/unit/test_bh019.gd:380)
       [10] _begin (res://tests/unit/test_bh019.gd:317)
ERROR: Not supported by this display server.
   at: keyboard_get_label_from_physical (servers/display/display_server.cpp:1228)
   GDScript backtrace (most recent call first):
       [0] binding_text (res://src/autoload/settings.gd:445)
       [1] _controls (res://src/ui/windows/settings_window.gd:189)
       [2] _page (res://src/ui/windows/settings_window.gd:68)
       [3] _build (res://src/ui/windows/settings_window.gd:32)
       [4] _ready (res://src/ui/widgets/ui_window.gd:30)
       [5] _add_window (res://src/ui/ui_root.gd:82)
       [6] _ready (res://src/ui/ui_root.gd:48)
       [7] test_dialogue_socket_shop_purchase (res://tests/unit/test_bh020.gd:14)
       [8] _ready (res://tests/run_tests.gd:40)
       [9] test_every_safe_town_has_a_dummy_and_a_vault (res://tests/unit/test_bh019.gd:380)
       [10] _begin (res://tests/unit/test_bh019.gd:317)
ERROR: Not supported by this display server.
   at: keyboard_get_label_from_physical (servers/display/display_server.cpp:1228)
   GDScript backtrace (most recent call first):
       [0] binding_text (res://src/autoload/settings.gd:445)
       [1] _controls (res://src/ui/windows/settings_window.gd:189)
       [2] _page (res://src/ui/windows/settings_window.gd:68)
       [3] _build (res://src/ui/windows/settings_window.gd:32)
       [4] _ready (res://src/ui/widgets/ui_window.gd:30)
       [5] _add_window (res://src/ui/ui_root.gd:82)
       [6] _ready (res://src/ui/ui_root.gd:48)
       [7] test_dialogue_socket_shop_purchase (res://tests/unit/test_bh020.gd:14)
       [8] _ready (res://tests/run_tests.gd:40)
       [9] test_every_safe_town_has_a_dummy_and_a_vault (res://tests/unit/test_bh019.gd:380)
       [10] _begin (res://tests/unit/test_bh019.gd:317)
ERROR: Not supported by this display server.
   at: keyboard_get_label_from_physical (servers/display/display_server.cpp:1228)
   GDScript backtrace (most recent call first):
       [0] binding_text (res://src/autoload/settings.gd:445)
       [1] _controls (res://src/ui/windows/settings_window.gd:189)
       [2] _page (res://src/ui/windows/settings_window.gd:68)
       [3] _build (res://src/ui/windows/settings_window.gd:32)
       [4] _ready (res://src/ui/widgets/ui_window.gd:30)
       [5] _add_window (res://src/ui/ui_root.gd:82)
       [6] _ready (res://src/ui/ui_root.gd:48)
       [7] test_dialogue_socket_shop_purchase (res://tests/unit/test_bh020.gd:14)
       [8] _ready (res://tests/run_tests.gd:40)
       [9] test_every_safe_town_has_a_dummy_and_a_vault (res://tests/unit/test_bh019.gd:380)
       [10] _begin (res://tests/unit/test_bh019.gd:317)
ERROR: Not supported by this display server.
   at: keyboard_get_label_from_physical (servers/display/display_server.cpp:1228)
   GDScript backtrace (most recent call first):
       [0] binding_text (res://src/autoload/settings.gd:445)
       [1] _controls (res://src/ui/windows/settings_window.gd:189)
       [2] _page (res://src/ui/windows/settings_window.gd:68)
       [3] _build (res://src/ui/windows/settings_window.gd:32)
       [4] _ready (res://src/ui/widgets/ui_window.gd:30)
       [5] _add_window (res://src/ui/ui_root.gd:82)
       [6] _ready (res://src/ui/ui_root.gd:48)
       [7] test_dialogue_socket_shop_purchase (res://tests/unit/test_bh020.gd:14)
       [8] _ready (res://tests/run_tests.gd:40)
       [9] test_every_safe_town_has_a_dummy_and_a_vault (res://tests/unit/test_bh019.gd:380)
       [10] _begin (res://tests/unit/test_bh019.gd:317)
ERROR: Not supported by this display server.
   at: keyboard_get_label_from_physical (servers/display/display_server.cpp:1228)
   GDScript backtrace (most recent call first):
       [0] binding_text (res://src/autoload/settings.gd:445)
       [1] _controls (res://src/ui/windows/settings_window.gd:189)
       [2] _page (res://src/ui/windows/settings_window.gd:68)
       [3] _build (res://src/ui/windows/settings_window.gd:32)
       [4] _ready (res://src/ui/widgets/ui_window.gd:30)
       [5] _add_window (res://src/ui/ui_root.gd:82)
       [6] _ready (res://src/ui/ui_root.gd:48)
       [7] test_dialogue_socket_shop_purchase (res://tests/unit/test_bh020.gd:14)
       [8] _ready (res://tests/run_tests.gd:40)
       [9] test_every_safe_town_has_a_dummy_and_a_vault (res://tests/unit/test_bh019.gd:380)
       [10] _begin (res://tests/unit/test_bh019.gd:317)
ERROR: Not supported by this display server.
   at: keyboard_get_label_from_physical (servers/display/display_server.cpp:1228)
   GDScript backtrace (most recent call first):
       [0] binding_text (res://src/autoload/settings.gd:445)
       [1] _controls (res://src/ui/windows/settings_window.gd:189)
       [2] _page (res://src/ui/windows/settings_window.gd:68)
       [3] _build (res://src/ui/windows/settings_window.gd:32)
       [4] _ready (res://src/ui/widgets/ui_window.gd:30)
       [5] _add_window (res://src/ui/ui_root.gd:82)
       [6] _ready (res://src/ui/ui_root.gd:48)
       [7] test_dialogue_socket_shop_purchase (res://tests/unit/test_bh020.gd:14)
       [8] _ready (res://tests/run_tests.gd:40)
       [9] test_every_safe_town_has_a_dummy_and_a_vault (res://tests/unit/test_bh019.gd:380)
       [10] _begin (res://tests/unit/test_bh019.gd:317)
ERROR: Not supported by this display server.
   at: keyboard_get_label_from_physical (servers/display/display_server.cpp:1228)
   GDScript backtrace (most recent call first):
       [0] binding_text (res://src/autoload/settings.gd:445)
       [1] _controls (res://src/ui/windows/settings_window.gd:189)
       [2] _page (res://src/ui/windows/settings_window.gd:68)
       [3] _build (res://src/ui/windows/settings_window.gd:32)
       [4] _ready (res://src/ui/widgets/ui_window.gd:30)
       [5] _add_window (res://src/ui/ui_root.gd:82)
       [6] _ready (res://src/ui/ui_root.gd:48)
       [7] test_dialogue_socket_shop_purchase (res://tests/unit/test_bh020.gd:14)
       [8] _ready (res://tests/run_tests.gd:40)
       [9] test_every_safe_town_has_a_dummy_and_a_vault (res://tests/unit/test_bh019.gd:380)
       [10] _begin (res://tests/unit/test_bh019.gd:317)
ERROR: Not supported by this display server.
   at: keyboard_get_label_from_physical (servers/display/display_server.cpp:1228)
   GDScript backtrace (most recent call first):
       [0] binding_text (res://src/autoload/settings.gd:445)
       [1] _controls (res://src/ui/windows/settings_window.gd:189)
       [2] _page (res://src/ui/windows/settings_window.gd:68)
       [3] _build (res://src/ui/windows/settings_window.gd:32)
       [4] _ready (res://src/ui/widgets/ui_window.gd:30)
       [5] _add_window (res://src/ui/ui_root.gd:82)
       [6] _ready (res://src/ui/ui_root.gd:48)
       [7] test_dialogue_socket_shop_purchase (res://tests/unit/test_bh020.gd:14)
       [8] _ready (res://tests/run_tests.gd:40)
       [9] test_every_safe_town_has_a_dummy_and_a_vault (res://tests/unit/test_bh019.gd:380)
       [10] _begin (res://tests/unit/test_bh019.gd:317)
ERROR: Not supported by this display server.
   at: keyboard_get_label_from_physical (servers/display/display_server.cpp:1228)
   GDScript backtrace (most recent call first):
       [0] binding_text (res://src/autoload/settings.gd:445)
       [1] _controls (res://src/ui/windows/settings_window.gd:189)
       [2] _page (res://src/ui/windows/settings_window.gd:68)
       [3] _build (res://src/ui/windows/settings_window.gd:32)
       [4] _ready (res://src/ui/widgets/ui_window.gd:30)
       [5] _add_window (res://src/ui/ui_root.gd:82)
       [6] _ready (res://src/ui/ui_root.gd:48)
       [7] test_dialogue_socket_shop_purchase (res://tests/unit/test_bh020.gd:14)
       [8] _ready (res://tests/run_tests.gd:40)
       [9] test_every_safe_town_has_a_dummy_and_a_vault (res://tests/unit/test_bh019.gd:380)
       [10] _begin (res://tests/unit/test_bh019.gd:317)
ERROR: Not supported by this display server.
   at: keyboard_get_label_from_physical (servers/display/display_server.cpp:1228)
   GDScript backtrace (most recent call first):
       [0] binding_text (res://src/autoload/settings.gd:445)
       [1] _controls (res://src/ui/windows/settings_window.gd:189)
       [2] _page (res://src/ui/windows/settings_window.gd:68)
       [3] _build (res://src/ui/windows/settings_window.gd:32)
       [4] _ready (res://src/ui/widgets/ui_window.gd:30)
       [5] _add_window (res://src/ui/ui_root.gd:82)
       [6] _ready (res://src/ui/ui_root.gd:48)
       [7] test_dialogue_socket_shop_purchase (res://tests/unit/test_bh020.gd:14)
       [8] _ready (res://tests/run_tests.gd:40)
       [9] test_every_safe_town_has_a_dummy_and_a_vault (res://tests/unit/test_bh019.gd:380)
       [10] _begin (res://tests/unit/test_bh019.gd:317)
ERROR: Not supported by this display server.
   at: keyboard_get_label_from_physical (servers/display/display_server.cpp:1228)
   GDScript backtrace (most recent call first):
       [0] binding_text (res://src/autoload/settings.gd:445)
       [1] _controls (res://src/ui/windows/settings_window.gd:189)
       [2] _page (res://src/ui/windows/settings_window.gd:68)
       [3] _build (res://src/ui/windows/settings_window.gd:32)
       [4] _ready (res://src/ui/widgets/ui_window.gd:30)
       [5] _add_window (res://src/ui/ui_root.gd:82)
       [6] _ready (res://src/ui/ui_root.gd:48)
       [7] test_dialogue_socket_shop_purchase (res://tests/unit/test_bh020.gd:14)
       [8] _ready (res://tests/run_tests.gd:40)
       [9] test_every_safe_town_has_a_dummy_and_a_vault (res://tests/unit/test_bh019.gd:380)
       [10] _begin (res://tests/unit/test_bh019.gd:317)
ERROR: Not supported by this display server.
   at: keyboard_get_label_from_physical (servers/display/display_server.cpp:1228)
   GDScript backtrace (most recent call first):
       [0] binding_text (res://src/autoload/settings.gd:445)
       [1] _controls (res://src/ui/windows/settings_window.gd:189)
       [2] _page (res://src/ui/windows/settings_window.gd:68)
       [3] _build (res://src/ui/windows/settings_window.gd:32)
       [4] _ready (res://src/ui/widgets/ui_window.gd:30)
       [5] _add_window (res://src/ui/ui_root.gd:82)
       [6] _ready (res://src/ui/ui_root.gd:48)
       [7] test_dialogue_socket_shop_purchase (res://tests/unit/test_bh020.gd:14)
       [8] _ready (res://tests/run_tests.gd:40)
       [9] test_every_safe_town_has_a_dummy_and_a_vault (res://tests/unit/test_bh019.gd:380)
       [10] _begin (res://tests/unit/test_bh019.gd:317)
ERROR: Not supported by this display server.
   at: keyboard_get_label_from_physical (servers/display/display_server.cpp:1228)
   GDScript backtrace (most recent call first):
       [0] binding_text (res://src/autoload/settings.gd:445)
       [1] _controls (res://src/ui/windows/settings_window.gd:189)
       [2] _page (res://src/ui/windows/settings_window.gd:68)
       [3] _build (res://src/ui/windows/settings_window.gd:32)
       [4] _ready (res://src/ui/widgets/ui_window.gd:30)
       [5] _add_window (res://src/ui/ui_root.gd:82)
       [6] _ready (res://src/ui/ui_root.gd:48)
       [7] test_dialogue_socket_shop_purchase (res://tests/unit/test_bh020.gd:14)
       [8] _ready (res://tests/run_tests.gd:40)
       [9] test_every_safe_town_has_a_dummy_and_a_vault (res://tests/unit/test_bh019.gd:380)
       [10] _begin (res://tests/unit/test_bh019.gd:317)
ERROR: Not supported by this display server.
   at: keyboard_get_label_from_physical (servers/display/display_server.cpp:1228)
   GDScript backtrace (most recent call first):
       [0] binding_text (res://src/autoload/settings.gd:445)
       [1] _controls (res://src/ui/windows/settings_window.gd:189)
       [2] _page (res://src/ui/windows/settings_window.gd:68)
       [3] _build (res://src/ui/windows/settings_window.gd:32)
       [4] _ready (res://src/ui/widgets/ui_window.gd:30)
       [5] _add_window (res://src/ui/ui_root.gd:82)
       [6] _ready (res://src/ui/ui_root.gd:48)
       [7] test_dialogue_socket_shop_purchase (res://tests/unit/test_bh020.gd:14)
       [8] _ready (res://tests/run_tests.gd:40)
       [9] test_every_safe_town_has_a_dummy_and_a_vault (res://tests/unit/test_bh019.gd:380)
       [10] _begin (res://tests/unit/test_bh019.gd:317)
ERROR: Not supported by this display server.
   at: keyboard_get_label_from_physical (servers/display/display_server.cpp:1228)
   GDScript backtrace (most recent call first):
       [0] binding_text (res://src/autoload/settings.gd:445)
       [1] _controls (res://src/ui/windows/settings_window.gd:189)
       [2] _page (res://src/ui/windows/settings_window.gd:68)
       [3] _build (res://src/ui/windows/settings_window.gd:32)
       [4] _ready (res://src/ui/widgets/ui_window.gd:30)
       [5] _add_window (res://src/ui/ui_root.gd:82)
       [6] _ready (res://src/ui/ui_root.gd:48)
       [7] test_dialogue_socket_shop_purchase (res://tests/unit/test_bh020.gd:14)
       [8] _ready (res://tests/run_tests.gd:40)
       [9] test_every_safe_town_has_a_dummy_and_a_vault (res://tests/unit/test_bh019.gd:380)
       [10] _begin (res://tests/unit/test_bh019.gd:317)
ERROR: Not supported by this display server.
   at: keyboard_get_label_from_physical (servers/display/display_server.cpp:1228)
   GDScript backtrace (most recent call first):
       [0] binding_text (res://src/autoload/settings.gd:445)
       [1] _controls (res://src/ui/windows/settings_window.gd:189)
       [2] _page (res://src/ui/windows/settings_window.gd:68)
       [3] _build (res://src/ui/windows/settings_window.gd:32)
       [4] _ready (res://src/ui/widgets/ui_window.gd:30)
       [5] _add_window (res://src/ui/ui_root.gd:82)
       [6] _ready (res://src/ui/ui_root.gd:48)
       [7] test_dialogue_socket_shop_purchase (res://tests/unit/test_bh020.gd:14)
       [8] _ready (res://tests/run_tests.gd:40)
       [9] test_every_safe_town_has_a_dummy_and_a_vault (res://tests/unit/test_bh019.gd:380)
       [10] _begin (res://tests/unit/test_bh019.gd:317)
ERROR: Not supported by this display server.
   at: keyboard_get_label_from_physical (servers/display/display_server.cpp:1228)
   GDScript backtrace (most recent call first):
       [0] binding_text (res://src/autoload/settings.gd:445)
       [1] _controls (res://src/ui/windows/settings_window.gd:189)
       [2] _page (res://src/ui/windows/settings_window.gd:68)
       [3] _build (res://src/ui/windows/settings_window.gd:32)
       [4] _ready (res://src/ui/widgets/ui_window.gd:30)
       [5] _add_window (res://src/ui/ui_root.gd:82)
       [6] _ready (res://src/ui/ui_root.gd:48)
       [7] test_dialogue_socket_shop_purchase (res://tests/unit/test_bh020.gd:14)
       [8] _ready (res://tests/run_tests.gd:40)
       [9] test_every_safe_town_has_a_dummy_and_a_vault (res://tests/unit/test_bh019.gd:380)
       [10] _begin (res://tests/unit/test_bh019.gd:317)
ERROR: Not supported by this display server.
   at: keyboard_get_label_from_physical (servers/display/display_server.cpp:1228)
   GDScript backtrace (most recent call first):
       [0] binding_text (res://src/autoload/settings.gd:445)
       [1] _controls (res://src/ui/windows/settings_window.gd:189)
       [2] _page (res://src/ui/windows/settings_window.gd:68)
       [3] _build (res://src/ui/windows/settings_window.gd:32)
       [4] _ready (res://src/ui/widgets/ui_window.gd:30)
       [5] _add_window (res://src/ui/ui_root.gd:82)
       [6] _ready (res://src/ui/ui_root.gd:48)
       [7] test_dialogue_socket_shop_purchase (res://tests/unit/test_bh020.gd:14)
       [8] _ready (res://tests/run_tests.gd:40)
       [9] test_every_safe_town_has_a_dummy_and_a_vault (res://tests/unit/test_bh019.gd:380)
       [10] _begin (res://tests/unit/test_bh019.gd:317)
ERROR: Not supported by this display server.
   at: keyboard_get_label_from_physical (servers/display/display_server.cpp:1228)
   GDScript backtrace (most recent call first):
       [0] binding_text (res://src/autoload/settings.gd:445)
       [1] _controls (res://src/ui/windows/settings_window.gd:189)
       [2] _page (res://src/ui/windows/settings_window.gd:68)
       [3] _build (res://src/ui/windows/settings_window.gd:32)
       [4] _ready (res://src/ui/widgets/ui_window.gd:30)
       [5] _add_window (res://src/ui/ui_root.gd:82)
       [6] _ready (res://src/ui/ui_root.gd:48)
       [7] test_dialogue_socket_shop_purchase (res://tests/unit/test_bh020.gd:14)
       [8] _ready (res://tests/run_tests.gd:40)
       [9] test_every_safe_town_has_a_dummy_and_a_vault (res://tests/unit/test_bh019.gd:380)
       [10] _begin (res://tests/unit/test_bh019.gd:317)
ERROR: Not supported by this display server.
   at: keyboard_get_label_from_physical (servers/display/display_server.cpp:1228)
   GDScript backtrace (most recent call first):
       [0] binding_text (res://src/autoload/settings.gd:445)
       [1] _controls (res://src/ui/windows/settings_window.gd:189)
       [2] _page (res://src/ui/windows/settings_window.gd:68)
       [3] _build (res://src/ui/windows/settings_window.gd:32)
       [4] _ready (res://src/ui/widgets/ui_window.gd:30)
       [5] _add_window (res://src/ui/ui_root.gd:82)
       [6] _ready (res://src/ui/ui_root.gd:48)
       [7] test_dialogue_socket_shop_purchase (res://tests/unit/test_bh020.gd:14)
       [8] _ready (res://tests/run_tests.gd:40)
       [9] test_every_safe_town_has_a_dummy_and_a_vault (res://tests/unit/test_bh019.gd:380)
       [10] _begin (res://tests/unit/test_bh019.gd:317)
ERROR: Not supported by this display server.
   at: keyboard_get_label_from_physical (servers/display/display_server.cpp:1228)
   GDScript backtrace (most recent call first):
       [0] binding_text (res://src/autoload/settings.gd:445)
       [1] _controls (res://src/ui/windows/settings_window.gd:189)
       [2] _page (res://src/ui/windows/settings_window.gd:68)
       [3] _build (res://src/ui/windows/settings_window.gd:32)
       [4] _ready (res://src/ui/widgets/ui_window.gd:30)
       [5] _add_window (res://src/ui/ui_root.gd:82)
       [6] _ready (res://src/ui/ui_root.gd:48)
       [7] test_dialogue_socket_shop_purchase (res://tests/unit/test_bh020.gd:14)
       [8] _ready (res://tests/run_tests.gd:40)
       [9] test_every_safe_town_has_a_dummy_and_a_vault (res://tests/unit/test_bh019.gd:380)
       [10] _begin (res://tests/unit/test_bh019.gd:317)
ERROR: Not supported by this display server.
   at: keyboard_get_label_from_physical (servers/display/display_server.cpp:1228)
   GDScript backtrace (most recent call first):
       [0] binding_text (res://src/autoload/settings.gd:445)
       [1] _controls (res://src/ui/windows/settings_window.gd:189)
       [2] _page (res://src/ui/windows/settings_window.gd:68)
       [3] _build (res://src/ui/windows/settings_window.gd:32)
       [4] _ready (res://src/ui/widgets/ui_window.gd:30)
       [5] _add_window (res://src/ui/ui_root.gd:82)
       [6] _ready (res://src/ui/ui_root.gd:48)
       [7] test_dialogue_socket_shop_purchase (res://tests/unit/test_bh020.gd:14)
       [8] _ready (res://tests/run_tests.gd:40)
       [9] test_every_safe_town_has_a_dummy_and_a_vault (res://tests/unit/test_bh019.gd:380)
       [10] _begin (res://tests/unit/test_bh019.gd:317)
ERROR: Not supported by this display server.
   at: keyboard_get_label_from_physical (servers/display/display_server.cpp:1228)
   GDScript backtrace (most recent call first):
       [0] binding_text (res://src/autoload/settings.gd:445)
       [1] _controls (res://src/ui/windows/settings_window.gd:189)
       [2] _page (res://src/ui/windows/settings_window.gd:68)
       [3] _build (res://src/ui/windows/settings_window.gd:32)
       [4] _ready (res://src/ui/widgets/ui_window.gd:30)
       [5] _add_window (res://src/ui/ui_root.gd:82)
       [6] _ready (res://src/ui/ui_root.gd:48)
       [7] test_dialogue_socket_shop_purchase (res://tests/unit/test_bh020.gd:14)
       [8] _ready (res://tests/run_tests.gd:40)
       [9] test_every_safe_town_has_a_dummy_and_a_vault (res://tests/unit/test_bh019.gd:380)
       [10] _begin (res://tests/unit/test_bh019.gd:317)
ERROR: Not supported by this display server.
   at: keyboard_get_label_from_physical (servers/display/display_server.cpp:1228)
   GDScript backtrace (most recent call first):
       [0] binding_text (res://src/autoload/settings.gd:445)
       [1] _controls (res://src/ui/windows/settings_window.gd:189)
       [2] _page (res://src/ui/windows/settings_window.gd:68)
       [3] _build (res://src/ui/windows/settings_window.gd:32)
       [4] _ready (res://src/ui/widgets/ui_window.gd:30)
       [5] _add_window (res://src/ui/ui_root.gd:82)
       [6] _ready (res://src/ui/ui_root.gd:48)
       [7] test_dialogue_socket_shop_purchase (res://tests/unit/test_bh020.gd:14)
       [8] _ready (res://tests/run_tests.gd:40)
       [9] test_every_safe_town_has_a_dummy_and_a_vault (res://tests/unit/test_bh019.gd:380)
       [10] _begin (res://tests/unit/test_bh019.gd:317)
ERROR: Not supported by this display server.
   at: keyboard_get_label_from_physical (servers/display/display_server.cpp:1228)
   GDScript backtrace (most recent call first):
       [0] binding_text (res://src/autoload/settings.gd:445)
       [1] _controls (res://src/ui/windows/settings_window.gd:189)
       [2] _page (res://src/ui/windows/settings_window.gd:68)
       [3] _build (res://src/ui/windows/settings_window.gd:32)
       [4] _ready (res://src/ui/widgets/ui_window.gd:30)
       [5] _add_window (res://src/ui/ui_root.gd:82)
       [6] _ready (res://src/ui/ui_root.gd:48)
       [7] test_dialogue_socket_shop_purchase (res://tests/unit/test_bh020.gd:14)
       [8] _ready (res://tests/run_tests.gd:40)
       [9] test_every_safe_town_has_a_dummy_and_a_vault (res://tests/unit/test_bh019.gd:380)
       [10] _begin (res://tests/unit/test_bh019.gd:317)
ERROR: Not supported by this display server.
   at: keyboard_get_label_from_physical (servers/display/display_server.cpp:1228)
   GDScript backtrace (most recent call first):
       [0] binding_text (res://src/autoload/settings.gd:445)
       [1] _controls (res://src/ui/windows/settings_window.gd:189)
       [2] _page (res://src/ui/windows/settings_window.gd:68)
       [3] _build (res://src/ui/windows/settings_window.gd:32)
       [4] _ready (res://src/ui/widgets/ui_window.gd:30)
       [5] _add_window (res://src/ui/ui_root.gd:82)
       [6] _ready (res://src/ui/ui_root.gd:48)
       [7] test_dialogue_socket_shop_purchase (res://tests/unit/test_bh020.gd:14)
       [8] _ready (res://tests/run_tests.gd:40)
       [9] test_every_safe_town_has_a_dummy_and_a_vault (res://tests/unit/test_bh019.gd:380)
       [10] _begin (res://tests/unit/test_bh019.gd:317)
ERROR: Not supported by this display server.
   at: keyboard_get_label_from_physical (servers/display/display_server.cpp:1228)
   GDScript backtrace (most recent call first):
       [0] binding_text (res://src/autoload/settings.gd:445)
       [1] _controls (res://src/ui/windows/settings_window.gd:189)
       [2] _page (res://src/ui/windows/settings_window.gd:68)
       [3] _build (res://src/ui/windows/settings_window.gd:32)
       [4] _ready (res://src/ui/widgets/ui_window.gd:30)
       [5] _add_window (res://src/ui/ui_root.gd:82)
       [6] _ready (res://src/ui/ui_root.gd:48)
       [7] test_dialogue_socket_shop_purchase (res://tests/unit/test_bh020.gd:14)
       [8] _ready (res://tests/run_tests.gd:40)
       [9] test_every_safe_town_has_a_dummy_and_a_vault (res://tests/unit/test_bh019.gd:380)
       [10] _begin (res://tests/unit/test_bh019.gd:317)
ERROR: Not supported by this display server.
   at: keyboard_get_label_from_physical (servers/display/display_server.cpp:1228)
   GDScript backtrace (most recent call first):
       [0] binding_text (res://src/autoload/settings.gd:445)
       [1] _controls (res://src/ui/windows/settings_window.gd:189)
       [2] _page (res://src/ui/windows/settings_window.gd:68)
       [3] _build (res://src/ui/windows/settings_window.gd:32)
       [4] _ready (res://src/ui/widgets/ui_window.gd:30)
       [5] _add_window (res://src/ui/ui_root.gd:82)
       [6] _ready (res://src/ui/ui_root.gd:48)
       [7] test_dialogue_socket_shop_purchase (res://tests/unit/test_bh020.gd:14)
       [8] _ready (res://tests/run_tests.gd:40)
       [9] test_every_safe_town_has_a_dummy_and_a_vault (res://tests/unit/test_bh019.gd:380)
       [10] _begin (res://tests/unit/test_bh019.gd:317)
ERROR: Not supported by this display server.
   at: keyboard_get_label_from_physical (servers/display/display_server.cpp:1228)
   GDScript backtrace (most recent call first):
       [0] binding_text (res://src/autoload/settings.gd:445)
       [1] _controls (res://src/ui/windows/settings_window.gd:189)
       [2] _page (res://src/ui/windows/settings_window.gd:68)
       [3] _build (res://src/ui/windows/settings_window.gd:32)
       [4] _ready (res://src/ui/widgets/ui_window.gd:30)
       [5] _add_window (res://src/ui/ui_root.gd:82)
       [6] _ready (res://src/ui/ui_root.gd:48)
       [7] test_dialogue_socket_shop_purchase (res://tests/unit/test_bh020.gd:14)
       [8] _ready (res://tests/run_tests.gd:40)
       [9] test_every_safe_town_has_a_dummy_and_a_vault (res://tests/unit/test_bh019.gd:380)
       [10] _begin (res://tests/unit/test_bh019.gd:317)
ERROR: Not supported by this display server.
   at: keyboard_get_label_from_physical (servers/display/display_server.cpp:1228)
   GDScript backtrace (most recent call first):
       [0] binding_text (res://src/autoload/settings.gd:445)
       [1] _controls (res://src/ui/windows/settings_window.gd:189)
       [2] _page (res://src/ui/windows/settings_window.gd:68)
       [3] _build (res://src/ui/windows/settings_window.gd:32)
       [4] _ready (res://src/ui/widgets/ui_window.gd:30)
       [5] _add_window (res://src/ui/ui_root.gd:82)
       [6] _ready (res://src/ui/ui_root.gd:48)
       [7] test_dialogue_socket_shop_purchase (res://tests/unit/test_bh020.gd:14)
       [8] _ready (res://tests/run_tests.gd:40)
       [9] test_every_safe_town_has_a_dummy_and_a_vault (res://tests/unit/test_bh019.gd:380)
       [10] _begin (res://tests/unit/test_bh019.gd:317)
ERROR: Not supported by this display server.
   at: keyboard_get_label_from_physical (servers/display/display_server.cpp:1228)
   GDScript backtrace (most recent call first):
       [0] binding_text (res://src/autoload/settings.gd:445)
       [1] _controls (res://src/ui/windows/settings_window.gd:189)
       [2] _page (res://src/ui/windows/settings_window.gd:68)
       [3] _build (res://src/ui/windows/settings_window.gd:32)
       [4] _ready (res://src/ui/widgets/ui_window.gd:30)
       [5] _add_window (res://src/ui/ui_root.gd:82)
       [6] _ready (res://src/ui/ui_root.gd:48)
       [7] test_dialogue_socket_shop_purchase (res://tests/unit/test_bh020.gd:14)
       [8] _ready (res://tests/run_tests.gd:40)
       [9] test_every_safe_town_has_a_dummy_and_a_vault (res://tests/unit/test_bh019.gd:380)
       [10] _begin (res://tests/unit/test_bh019.gd:317)
ERROR: Not supported by this display server.
   at: keyboard_get_label_from_physical (servers/display/display_server.cpp:1228)
   GDScript backtrace (most recent call first):
       [0] binding_text (res://src/autoload/settings.gd:445)
       [1] _controls (res://src/ui/windows/settings_window.gd:189)
       [2] _page (res://src/ui/windows/settings_window.gd:68)
       [3] _build (res://src/ui/windows/settings_window.gd:32)
       [4] _ready (res://src/ui/widgets/ui_window.gd:30)
       [5] _add_window (res://src/ui/ui_root.gd:82)
       [6] _ready (res://src/ui/ui_root.gd:48)
       [7] test_dialogue_socket_shop_purchase (res://tests/unit/test_bh020.gd:14)
       [8] _ready (res://tests/run_tests.gd:40)
       [9] test_every_safe_town_has_a_dummy_and_a_vault (res://tests/unit/test_bh019.gd:380)
       [10] _begin (res://tests/unit/test_bh019.gd:317)
ERROR: Not supported by this display server.
   at: keyboard_get_label_from_physical (servers/display/display_server.cpp:1228)
   GDScript backtrace (most recent call first):
       [0] binding_text (res://src/autoload/settings.gd:445)
       [1] _controls (res://src/ui/windows/settings_window.gd:189)
       [2] _page (res://src/ui/windows/settings_window.gd:68)
       [3] _build (res://src/ui/windows/settings_window.gd:32)
       [4] _ready (res://src/ui/widgets/ui_window.gd:30)
       [5] _add_window (res://src/ui/ui_root.gd:82)
       [6] _ready (res://src/ui/ui_root.gd:48)
       [7] test_dialogue_socket_shop_purchase (res://tests/unit/test_bh020.gd:14)
       [8] _ready (res://tests/run_tests.gd:40)
       [9] test_every_safe_town_has_a_dummy_and_a_vault (res://tests/unit/test_bh019.gd:380)
       [10] _begin (res://tests/unit/test_bh019.gd:317)
ERROR: Not supported by this display server.
   at: keyboard_get_label_from_physical (servers/display/display_server.cpp:1228)
   GDScript backtrace (most recent call first):
       [0] binding_text (res://src/autoload/settings.gd:445)
       [1] _controls (res://src/ui/windows/settings_window.gd:189)
       [2] _page (res://src/ui/windows/settings_window.gd:68)
       [3] _build (res://src/ui/windows/settings_window.gd:32)
       [4] _ready (res://src/ui/widgets/ui_window.gd:30)
       [5] _add_window (res://src/ui/ui_root.gd:82)
       [6] _ready (res://src/ui/ui_root.gd:48)
       [7] test_dialogue_socket_shop_purchase (res://tests/unit/test_bh020.gd:14)
       [8] _ready (res://tests/run_tests.gd:40)
       [9] test_every_safe_town_has_a_dummy_and_a_vault (res://tests/unit/test_bh019.gd:380)
       [10] _begin (res://tests/unit/test_bh019.gd:317)
ERROR: Not supported by this display server.
   at: keyboard_get_label_from_physical (servers/display/display_server.cpp:1228)
   GDScript backtrace (most recent call first):
       [0] binding_text (res://src/autoload/settings.gd:445)
       [1] _controls (res://src/ui/windows/settings_window.gd:189)
       [2] _page (res://src/ui/windows/settings_window.gd:68)
       [3] _build (res://src/ui/windows/settings_window.gd:32)
       [4] _ready (res://src/ui/widgets/ui_window.gd:30)
       [5] _add_window (res://src/ui/ui_root.gd:82)
       [6] _ready (res://src/ui/ui_root.gd:48)
       [7] test_dialogue_socket_shop_purchase (res://tests/unit/test_bh020.gd:14)
       [8] _ready (res://tests/run_tests.gd:40)
       [9] test_every_safe_town_has_a_dummy_and_a_vault (res://tests/unit/test_bh019.gd:380)
       [10] _begin (res://tests/unit/test_bh019.gd:317)
ERROR: Not supported by this display server.
   at: keyboard_get_label_from_physical (servers/display/display_server.cpp:1228)
   GDScript backtrace (most recent call first):
       [0] binding_text (res://src/autoload/settings.gd:445)
       [1] _controls (res://src/ui/windows/settings_window.gd:189)
       [2] _page (res://src/ui/windows/settings_window.gd:68)
       [3] _build (res://src/ui/windows/settings_window.gd:32)
       [4] _ready (res://src/ui/widgets/ui_window.gd:30)
       [5] _add_window (res://src/ui/ui_root.gd:82)
       [6] _ready (res://src/ui/ui_root.gd:48)
       [7] test_dialogue_socket_shop_purchase (res://tests/unit/test_bh020.gd:14)
       [8] _ready (res://tests/run_tests.gd:40)
       [9] test_every_safe_town_has_a_dummy_and_a_vault (res://tests/unit/test_bh019.gd:380)
       [10] _begin (res://tests/unit/test_bh019.gd:317)
ERROR: Not supported by this display server.
   at: keyboard_get_label_from_physical (servers/display/display_server.cpp:1228)
   GDScript backtrace (most recent call first):
       [0] binding_text (res://src/autoload/settings.gd:445)
       [1] _controls (res://src/ui/windows/settings_window.gd:189)
       [2] _page (res://src/ui/windows/settings_window.gd:68)
       [3] _build (res://src/ui/windows/settings_window.gd:32)
       [4] _ready (res://src/ui/widgets/ui_window.gd:30)
       [5] _add_window (res://src/ui/ui_root.gd:82)
       [6] _ready (res://src/ui/ui_root.gd:48)
       [7] test_dialogue_socket_shop_purchase (res://tests/unit/test_bh020.gd:14)
       [8] _ready (res://tests/run_tests.gd:40)
       [9] test_every_safe_town_has_a_dummy_and_a_vault (res://tests/unit/test_bh019.gd:380)
       [10] _begin (res://tests/unit/test_bh019.gd:317)
ERROR: Not supported by this display server.
   at: keyboard_get_label_from_physical (servers/display/display_server.cpp:1228)
   GDScript backtrace (most recent call first):
       [0] binding_text (res://src/autoload/settings.gd:445)
       [1] _controls (res://src/ui/windows/settings_window.gd:189)
       [2] _page (res://src/ui/windows/settings_window.gd:68)
       [3] _build (res://src/ui/windows/settings_window.gd:32)
       [4] _ready (res://src/ui/widgets/ui_window.gd:30)
       [5] _add_window (res://src/ui/ui_root.gd:82)
       [6] _ready (res://src/ui/ui_root.gd:48)
       [7] test_dialogue_socket_shop_purchase (res://tests/unit/test_bh020.gd:14)
       [8] _ready (res://tests/run_tests.gd:40)
       [9] test_every_safe_town_has_a_dummy_and_a_vault (res://tests/unit/test_bh019.gd:380)
       [10] _begin (res://tests/unit/test_bh019.gd:317)
ERROR: Not supported by this display server.
   at: keyboard_get_label_from_physical (servers/display/display_server.cpp:1228)
   GDScript backtrace (most recent call first):
       [0] binding_text (res://src/autoload/settings.gd:445)
       [1] _controls (res://src/ui/windows/settings_window.gd:189)
       [2] _page (res://src/ui/windows/settings_window.gd:68)
       [3] _build (res://src/ui/windows/settings_window.gd:32)
       [4] _ready (res://src/ui/widgets/ui_window.gd:30)
       [5] _add_window (res://src/ui/ui_root.gd:82)
       [6] _ready (res://src/ui/ui_root.gd:48)
       [7] test_dialogue_socket_shop_purchase (res://tests/unit/test_bh020.gd:14)
       [8] _ready (res://tests/run_tests.gd:40)
       [9] test_every_safe_town_has_a_dummy_and_a_vault (res://tests/unit/test_bh019.gd:380)
       [10] _begin (res://tests/unit/test_bh019.gd:317)
ERROR: Not supported by this display server.
   at: keyboard_get_label_from_physical (servers/display/display_server.cpp:1228)
   GDScript backtrace (most recent call first):
       [0] binding_text (res://src/autoload/settings.gd:445)
       [1] _controls (res://src/ui/windows/settings_window.gd:189)
       [2] _page (res://src/ui/windows/settings_window.gd:68)
       [3] _build (res://src/ui/windows/settings_window.gd:32)
       [4] _ready (res://src/ui/widgets/ui_window.gd:30)
       [5] _add_window (res://src/ui/ui_root.gd:82)
       [6] _ready (res://src/ui/ui_root.gd:48)
       [7] test_dialogue_socket_shop_purchase (res://tests/unit/test_bh020.gd:14)
       [8] _ready (res://tests/run_tests.gd:40)
       [9] test_every_safe_town_has_a_dummy_and_a_vault (res://tests/unit/test_bh019.gd:380)
       [10] _begin (res://tests/unit/test_bh019.gd:317)
ERROR: Not supported by this display server.
   at: keyboard_get_label_from_physical (servers/display/display_server.cpp:1228)
   GDScript backtrace (most recent call first):
       [0] binding_text (res://src/autoload/settings.gd:445)
       [1] _controls (res://src/ui/windows/settings_window.gd:189)
       [2] _page (res://src/ui/windows/settings_window.gd:68)
       [3] _build (res://src/ui/windows/settings_window.gd:32)
       [4] _ready (res://src/ui/widgets/ui_window.gd:30)
       [5] _add_window (res://src/ui/ui_root.gd:82)
       [6] _ready (res://src/ui/ui_root.gd:48)
       [7] test_dialogue_socket_shop_purchase (res://tests/unit/test_bh020.gd:14)
       [8] _ready (res://tests/run_tests.gd:40)
       [9] test_every_safe_town_has_a_dummy_and_a_vault (res://tests/unit/test_bh019.gd:380)
       [10] _begin (res://tests/unit/test_bh019.gd:317)
ERROR: Not supported by this display server.
   at: keyboard_get_label_from_physical (servers/display/display_server.cpp:1228)
   GDScript backtrace (most recent call first):
       [0] binding_text (res://src/autoload/settings.gd:445)
       [1] _controls (res://src/ui/windows/settings_window.gd:189)
       [2] _page (res://src/ui/windows/settings_window.gd:68)
       [3] _build (res://src/ui/windows/settings_window.gd:32)
       [4] _ready (res://src/ui/widgets/ui_window.gd:30)
       [5] _add_window (res://src/ui/ui_root.gd:82)
       [6] _ready (res://src/ui/ui_root.gd:48)
       [7] test_dialogue_socket_shop_purchase (res://tests/unit/test_bh020.gd:14)
       [8] _ready (res://tests/run_tests.gd:40)
       [9] test_every_safe_town_has_a_dummy_and_a_vault (res://tests/unit/test_bh019.gd:380)
       [10] _begin (res://tests/unit/test_bh019.gd:317)
ERROR: Not supported by this display server.
   at: keyboard_get_label_from_physical (servers/display/display_server.cpp:1228)
   GDScript backtrace (most recent call first):
       [0] binding_text (res://src/autoload/settings.gd:445)
       [1] _controls (res://src/ui/windows/settings_window.gd:189)
       [2] _page (res://src/ui/windows/settings_window.gd:68)
       [3] _build (res://src/ui/windows/settings_window.gd:32)
       [4] _ready (res://src/ui/widgets/ui_window.gd:30)
       [5] _add_window (res://src/ui/ui_root.gd:82)
       [6] _ready (res://src/ui/ui_root.gd:48)
       [7] test_dialogue_socket_shop_purchase (res://tests/unit/test_bh020.gd:14)
       [8] _ready (res://tests/run_tests.gd:40)
       [9] test_every_safe_town_has_a_dummy_and_a_vault (res://tests/unit/test_bh019.gd:380)
       [10] _begin (res://tests/unit/test_bh019.gd:317)
ERROR: Not supported by this display server.
   at: keyboard_get_label_from_physical (servers/display/display_server.cpp:1228)
   GDScript backtrace (most recent call first):
       [0] binding_text (res://src/autoload/settings.gd:445)
       [1] _controls (res://src/ui/windows/settings_window.gd:189)
       [2] _page (res://src/ui/windows/settings_window.gd:68)
       [3] _build (res://src/ui/windows/settings_window.gd:32)
       [4] _ready (res://src/ui/widgets/ui_window.gd:30)
       [5] _add_window (res://src/ui/ui_root.gd:82)
       [6] _ready (res://src/ui/ui_root.gd:48)
       [7] test_dialogue_socket_shop_purchase (res://tests/unit/test_bh020.gd:14)
       [8] _ready (res://tests/run_tests.gd:40)
       [9] test_every_safe_town_has_a_dummy_and_a_vault (res://tests/unit/test_bh019.gd:380)
       [10] _begin (res://tests/unit/test_bh019.gd:317)
ERROR: Not supported by this display server.
   at: keyboard_get_label_from_physical (servers/display/display_server.cpp:1228)
   GDScript backtrace (most recent call first):
       [0] binding_text (res://src/autoload/settings.gd:445)
       [1] _controls (res://src/ui/windows/settings_window.gd:189)
       [2] _page (res://src/ui/windows/settings_window.gd:68)
       [3] _build (res://src/ui/windows/settings_window.gd:32)
       [4] _ready (res://src/ui/widgets/ui_window.gd:30)
       [5] _add_window (res://src/ui/ui_root.gd:82)
       [6] _ready (res://src/ui/ui_root.gd:48)
       [7] test_dialogue_socket_shop_purchase (res://tests/unit/test_bh020.gd:14)
       [8] _ready (res://tests/run_tests.gd:40)
       [9] test_every_safe_town_has_a_dummy_and_a_vault (res://tests/unit/test_bh019.gd:380)
       [10] _begin (res://tests/unit/test_bh019.gd:317)
ERROR: Not supported by this display server.
   at: keyboard_get_label_from_physical (servers/display/display_server.cpp:1228)
   GDScript backtrace (most recent call first):
       [0] binding_text (res://src/autoload/settings.gd:445)
       [1] _controls (res://src/ui/windows/settings_window.gd:189)
       [2] _page (res://src/ui/windows/settings_window.gd:68)
       [3] _build (res://src/ui/windows/settings_window.gd:32)
       [4] _ready (res://src/ui/widgets/ui_window.gd:30)
       [5] _add_window (res://src/ui/ui_root.gd:82)
       [6] _ready (res://src/ui/ui_root.gd:48)
       [7] test_dialogue_socket_shop_purchase (res://tests/unit/test_bh020.gd:14)
       [8] _ready (res://tests/run_tests.gd:40)
       [9] test_every_safe_town_has_a_dummy_and_a_vault (res://tests/unit/test_bh019.gd:380)
       [10] _begin (res://tests/unit/test_bh019.gd:317)
ERROR: Not supported by this display server.
   at: keyboard_get_label_from_physical (servers/display/display_server.cpp:1228)
   GDScript backtrace (most recent call first):
       [0] binding_text (res://src/autoload/settings.gd:445)
       [1] _controls (res://src/ui/windows/settings_window.gd:189)
       [2] _page (res://src/ui/windows/settings_window.gd:68)
       [3] _build (res://src/ui/windows/settings_window.gd:32)
       [4] _ready (res://src/ui/widgets/ui_window.gd:30)
       [5] _add_window (res://src/ui/ui_root.gd:82)
       [6] _ready (res://src/ui/ui_root.gd:48)
       [7] test_dialogue_socket_shop_purchase (res://tests/unit/test_bh020.gd:14)
       [8] _ready (res://tests/run_tests.gd:40)
       [9] test_every_safe_town_has_a_dummy_and_a_vault (res://tests/unit/test_bh019.gd:380)
       [10] _begin (res://tests/unit/test_bh019.gd:317)
ERROR: Not supported by this display server.
   at: keyboard_get_label_from_physical (servers/display/display_server.cpp:1228)
   GDScript backtrace (most recent call first):
       [0] binding_text (res://src/autoload/settings.gd:445)
       [1] _controls (res://src/ui/windows/settings_window.gd:189)
       [2] _page (res://src/ui/windows/settings_window.gd:68)
       [3] _build (res://src/ui/windows/settings_window.gd:32)
       [4] _ready (res://src/ui/widgets/ui_window.gd:30)
       [5] _add_window (res://src/ui/ui_root.gd:82)
       [6] _ready (res://src/ui/ui_root.gd:48)
       [7] test_dialogue_socket_shop_purchase (res://tests/unit/test_bh020.gd:14)
       [8] _ready (res://tests/run_tests.gd:40)
       [9] test_every_safe_town_has_a_dummy_and_a_vault (res://tests/unit/test_bh019.gd:380)
       [10] _begin (res://tests/unit/test_bh019.gd:317)
ERROR: Not supported by this display server.
   at: keyboard_get_label_from_physical (servers/display/display_server.cpp:1228)
   GDScript backtrace (most recent call first):
       [0] binding_text (res://src/autoload/settings.gd:445)
       [1] _controls (res://src/ui/windows/settings_window.gd:189)
       [2] _page (res://src/ui/windows/settings_window.gd:68)
       [3] _build (res://src/ui/windows/settings_window.gd:32)
       [4] _ready (res://src/ui/widgets/ui_window.gd:30)
       [5] _add_window (res://src/ui/ui_root.gd:82)
       [6] _ready (res://src/ui/ui_root.gd:48)
       [7] test_dialogue_socket_shop_purchase (res://tests/unit/test_bh020.gd:14)
       [8] _ready (res://tests/run_tests.gd:40)
       [9] test_every_safe_town_has_a_dummy_and_a_vault (res://tests/unit/test_bh019.gd:380)
       [10] _begin (res://tests/unit/test_bh019.gd:317)
ERROR: Not supported by this display server.
   at: keyboard_get_label_from_physical (servers/display/display_server.cpp:1228)
   GDScript backtrace (most recent call first):
       [0] binding_text (res://src/autoload/settings.gd:445)
       [1] _controls (res://src/ui/windows/settings_window.gd:189)
       [2] _page (res://src/ui/windows/settings_window.gd:68)
       [3] _build (res://src/ui/windows/settings_window.gd:32)
       [4] _ready (res://src/ui/widgets/ui_window.gd:30)
       [5] _add_window (res://src/ui/ui_root.gd:82)
       [6] _ready (res://src/ui/ui_root.gd:48)
       [7] test_dialogue_socket_shop_purchase (res://tests/unit/test_bh020.gd:14)
       [8] _ready (res://tests/run_tests.gd:40)
       [9] test_every_safe_town_has_a_dummy_and_a_vault (res://tests/unit/test_bh019.gd:380)
       [10] _begin (res://tests/unit/test_bh019.gd:317)
WARNING: Can't change the size of a `SubViewport` with a `SubViewportContainer` parent that has `stretch` enabled. Set `SubViewportContainer.stretch` to `false` to allow changing the size manually.
   at: _internal_set_size (scene/main/viewport.cpp:5627)
   GDScript backtrace (most recent call first):
       [0] _on_resized (res://src/ui/widgets/character_preview.gd:113)
       [1] _ready (res://src/ui/widgets/character_preview.gd:109)
       [2] _build (res://src/ui/windows/tempo_window.gd:58)
       [3] _ready (res://src/ui/widgets/ui_window.gd:30)
       [4] _add_window (res://src/ui/ui_root.gd:82)
       [5] _ready (res://src/ui/ui_root.gd:49)
       [6] test_dialogue_socket_shop_purchase (res://tests/unit/test_bh020.gd:14)
       [7] _ready (res://tests/run_tests.gd:40)
       [8] test_every_safe_town_has_a_dummy_and_a_vault (res://tests/unit/test_bh019.gd:380)
       [9] _begin (res://tests/unit/test_bh019.gd:317)
ERROR: Not supported by this display server.
   at: keyboard_get_label_from_physical (servers/display/display_server.cpp:1228)
   GDScript backtrace (most recent call first):
       [0] binding_text (res://src/autoload/settings.gd:445)
       [1] _draw (res://src/ui/hud/skill_button.gd:142)
ERROR: Not supported by this display server.
   at: keyboard_get_label_from_physical (servers/display/display_server.cpp:1228)
   GDScript backtrace (most recent call first):
       [0] binding_text (res://src/autoload/settings.gd:445)
       [1] _draw (res://src/ui/hud/skill_button.gd:142)
ERROR: Not supported by this display server.
   at: keyboard_get_label_from_physical (servers/display/display_server.cpp:1228)
   GDScript backtrace (most recent call first):
       [0] binding_text (res://src/autoload/settings.gd:445)
       [1] _draw (res://src/ui/hud/skill_button.gd:142)
ERROR: Not supported by this display server.
   at: keyboard_get_label_from_physical (servers/display/display_server.cpp:1228)
   GDScript backtrace (most recent call first):
       [0] binding_text (res://src/autoload/settings.gd:445)
       [1] _draw (res://src/ui/hud/skill_button.gd:142)
ERROR: Not supported by this display server.
   at: keyboard_get_label_from_physical (servers/display/display_server.cpp:1228)
   GDScript backtrace (most recent call first):
       [0] binding_text (res://src/autoload/settings.gd:445)
       [1] _draw (res://src/ui/hud/skill_button.gd:142)
ERROR: Not supported by this display server.
   at: keyboard_get_label_from_physical (servers/display/display_server.cpp:1228)
   GDScript backtrace (most recent call first):
       [0] binding_text (res://src/autoload/settings.gd:445)
       [1] _draw (res://src/ui/hud/skill_button.gd:142)
ERROR: Not supported by this display server.
   at: keyboard_get_label_from_physical (servers/display/display_server.cpp:1228)
   GDScript backtrace (most recent call first):
       [0] binding_text (res://src/autoload/settings.gd:445)
       [1] _draw (res://src/ui/hud/skill_button.gd:142)
ERROR: Not supported by this display server.
   at: keyboard_get_label_from_physical (servers/display/display_server.cpp:1228)
   GDScript backtrace (most recent call first):
       [0] binding_text (res://src/autoload/settings.gd:445)
       [1] _draw (res://src/ui/hud/skill_button.gd:142)
[PASS] test_bh020.gd — 2 tests, 41 checks, 0 failures (853.4 ms)
ERROR: Not supported by this display server.
   at: keyboard_get_label_from_physical (servers/display/display_server.cpp:1228)
   GDScript backtrace (most recent call first):
       [0] binding_text (res://src/autoload/settings.gd:445)
       [1] fill_keys (res://src/core/dialogue/dialogue.gd:232)
       [2] fill (res://src/core/dialogue/dialogue.gd:192)
       [3] _show_line (res://src/core/dialogue/dialogue_session.gd:63)
       [4] advance (res://src/core/dialogue/dialogue_session.gd:76)
       [5] test_opening_errand_flow (res://tests/unit/test_bh021.gd:114)
       [6] _ready (res://tests/run_tests.gd:40)
       [7] test_dialogue_socket_shop_purchase (res://tests/unit/test_bh020.gd:50)
[PASS] test_bh021.gd — 13 tests, 379 checks, 0 failures (1694.2 ms)
ERROR: Resumed function '_settle()' after await, but class instance is gone. At script: res://src/npc/npc.gd:100
   at: resume (modules/gdscript/gdscript_function.cpp:323)
ERROR: Resumed function '_settle()' after await, but class instance is gone. At script: res://src/npc/npc.gd:100
   at: resume (modules/gdscript/gdscript_function.cpp:323)
ERROR: Resumed function '_settle()' after await, but class instance is gone. At script: res://src/npc/npc.gd:100
   at: resume (modules/gdscript/gdscript_function.cpp:323)
ERROR: Resumed function '_settle()' after await, but class instance is gone. At script: res://src/npc/npc.gd:100
   at: resume (modules/gdscript/gdscript_function.cpp:323)
ERROR: Resumed function '_settle()' after await, but class instance is gone. At script: res://src/npc/npc.gd:100
   at: resume (modules/gdscript/gdscript_function.cpp:323)
ERROR: Resumed function '_settle()' after await, but class instance is gone. At script: res://src/npc/npc.gd:100
   at: resume (modules/gdscript/gdscript_function.cpp:323)
ERROR: Resumed function '_settle()' after await, but class instance is gone. At script: res://src/npc/npc.gd:100
   at: resume (modules/gdscript/gdscript_function.cpp:323)
ERROR: Resumed function '_settle()' after await, but class instance is gone. At script: res://src/npc/npc.gd:100
   at: resume (modules/gdscript/gdscript_function.cpp:323)
[PASS] test_chat.gd — 8 tests, 44 checks, 0 failures (1061.1 ms)
GROWTH {"class":"knight","enemy_hp":66,"hit":15,"hits_to_kill":4.3,"level":5,"skill_hit":29,"weapon":"wayfarer_blade","weapon_max":16,"weapon_min":9}
GROWTH {"class":"knight","enemy_hp":205,"hit":51,"hits_to_kill":4.1,"level":10,"skill_hit":96,"weapon":"knights_arming_sword","weapon_max":32,"weapon_min":20}
GROWTH {"class":"knight","enemy_hp":472,"hit":118,"hits_to_kill":4.0,"level":15,"skill_hit":225,"weapon":"duelist_sabre","weapon_max":52,"weapon_min":29}
GROWTH {"class":"knight","enemy_hp":920,"hit":299,"hits_to_kill":3.1,"level":20,"skill_hit":568,"weapon":"runed_sword","weapon_max":96,"weapon_min":62}
GROWTH {"class":"knight","enemy_hp":1611,"hit":405,"hits_to_kill":4.0,"level":25,"skill_hit":770,"weapon":"bastard_sword","weapon_max":176,"weapon_min":96}
GROWTH {"class":"knight","enemy_hp":2617,"hit":502,"hits_to_kill":5.2,"level":30,"skill_hit":953,"weapon":"gravewatch_longsword","weapon_max":226,"weapon_min":121}
GROWTH {"class":"knight","enemy_hp":8360,"hit":1855,"hits_to_kill":4.5,"level":45,"skill_hit":3525,"weapon":"starfall_sabre","weapon_max":467,"weapon_min":254}
GROWTH {"class":"knight","enemy_hp":20336,"hit":3360,"hits_to_kill":6.1,"level":60,"skill_hit":6384,"weapon":"kingsbane","weapon_max":1028,"weapon_min":557}
GROWTH {"class":"mage","enemy_hp":66,"hit":18,"hits_to_kill":3.6,"level":5,"skill_hit":44,"weapon":"pilgrims_staff","weapon_max":18,"weapon_min":9}
GROWTH {"class":"mage","enemy_hp":205,"hit":67,"hits_to_kill":3.1,"level":10,"skill_hit":87,"weapon":"storm_staff","weapon_max":36,"weapon_min":21}
GROWTH {"class":"mage","enemy_hp":472,"hit":197,"hits_to_kill":2.4,"level":15,"skill_hit":175,"weapon":"storm_staff","weapon_max":65,"weapon_min":37}
GROWTH {"class":"mage","enemy_hp":920,"hit":305,"hits_to_kill":3.0,"level":20,"skill_hit":297,"weapon":"frost_staff","weapon_max":91,"weapon_min":54}
GROWTH {"class":"mage","enemy_hp":1611,"hit":494,"hits_to_kill":3.3,"level":25,"skill_hit":465,"weapon":"frost_staff","weapon_max":137,"weapon_min":82}
GROWTH {"class":"mage","enemy_hp":2617,"hit":893,"hits_to_kill":2.9,"level":30,"skill_hit":622,"weapon":"deepwater_staff","weapon_max":226,"weapon_min":121}
GROWTH {"class":"mage","enemy_hp":8360,"hit":1101,"hits_to_kill":7.6,"level":45,"skill_hit":1394,"weapon":"gloamspire_staff","weapon_max":577,"weapon_min":309}
GROWTH {"class":"mage","enemy_hp":20336,"hit":12679,"hits_to_kill":1.6,"level":60,"skill_hit":2748,"weapon":"sunspire_staff","weapon_max":1050,"weapon_min":568}
GROWTH {"class":"ranger","enemy_hp":66,"hit":16,"hits_to_kill":4.1,"level":5,"skill_hit":30,"weapon":"fowling_bow","weapon_max":20,"weapon_min":9}
GROWTH {"class":"ranger","enemy_hp":205,"hit":41,"hits_to_kill":5.0,"level":10,"skill_hit":78,"weapon":"composite_bow","weapon_max":38,"weapon_min":20}
GROWTH {"class":"ranger","enemy_hp":472,"hit":105,"hits_to_kill":4.5,"level":15,"skill_hit":200,"weapon":"hornbow","weapon_max":82,"weapon_min":39}
GROWTH {"class":"ranger","enemy_hp":920,"hit":168,"hits_to_kill":5.5,"level":20,"skill_hit":319,"weapon":"warden_longbow","weapon_max":109,"weapon_min":57}
GROWTH {"class":"ranger","enemy_hp":1611,"hit":382,"hits_to_kill":4.2,"level":25,"skill_hit":725,"weapon":"siege_greatbow","weapon_max":272,"weapon_min":131}
GROWTH {"class":"ranger","enemy_hp":2617,"hit":441,"hits_to_kill":5.9,"level":30,"skill_hit":838,"weapon":"thornback_bow","weapon_max":272,"weapon_min":132}
GROWTH {"class":"ranger","enemy_hp":8360,"hit":1161,"hits_to_kill":7.2,"level":45,"skill_hit":2206,"weapon":"frostwing_bow","weapon_max":645,"weapon_min":309}
GROWTH {"class":"ranger","enemy_hp":20336,"hit":3421,"hits_to_kill":5.9,"level":60,"skill_hit":6500,"weapon":"stormstring_greatbow","weapon_max":1736,"weapon_min":831}
GROWTH {"class":"shadowblade","enemy_hp":66,"hit":8,"hits_to_kill":8.2,"level":5,"skill_hit":15,"weapon":"cutpurse_knife","weapon_max":10,"weapon_min":6}
GROWTH {"class":"shadowblade","enemy_hp":205,"hit":25,"hits_to_kill":8.3,"level":10,"skill_hit":47,"weapon":"shadow_kris","weapon_max":25,"weapon_min":13}
GROWTH {"class":"shadowblade","enemy_hp":472,"hit":71,"hits_to_kill":6.7,"level":15,"skill_hit":134,"weapon":"kukri","weapon_max":43,"weapon_min":25}
GROWTH {"class":"shadowblade","enemy_hp":920,"hit":127,"hits_to_kill":7.2,"level":20,"skill_hit":242,"weapon":"aether_stiletto","weapon_max":72,"weapon_min":37}
GROWTH {"class":"shadowblade","enemy_hp":1611,"hit":165,"hits_to_kill":9.8,"level":25,"skill_hit":313,"weapon":"viper_fang","weapon_max":93,"weapon_min":58}
GROWTH {"class":"shadowblade","enemy_hp":2617,"hit":285,"hits_to_kill":9.2,"level":30,"skill_hit":542,"weapon":"emberfang_dirk","weapon_max":140,"weapon_min":83}
GROWTH {"class":"shadowblade","enemy_hp":8360,"hit":727,"hits_to_kill":11.5,"level":45,"skill_hit":1382,"weapon":"stormneedle","weapon_max":316,"weapon_min":188}
GROWTH {"class":"shadowblade","enemy_hp":20336,"hit":1314,"hits_to_kill":15.5,"level":60,"skill_hit":2496,"weapon":"nightwhisper","weapon_max":642,"weapon_min":389}
[PASS] test_combat_growth.gd — 5 tests, 130 checks, 0 failures (1584.1 ms)
ERROR: Resumed function '_settle()' after await, but class instance is gone. At script: res://src/npc/npc.gd:100
   at: resume (modules/gdscript/gdscript_function.cpp:323)
ERROR: Resumed function '_settle()' after await, but class instance is gone. At script: res://src/npc/npc.gd:100
   at: resume (modules/gdscript/gdscript_function.cpp:323)
ERROR: Resumed function '_settle()' after await, but class instance is gone. At script: res://src/npc/npc.gd:100
   at: resume (modules/gdscript/gdscript_function.cpp:323)
ERROR: Resumed function '_settle()' after await, but class instance is gone. At script: res://src/npc/npc.gd:100
   at: resume (modules/gdscript/gdscript_function.cpp:323)
ERROR: Resumed function '_settle()' after await, but class instance is gone. At script: res://src/npc/npc.gd:100
   at: resume (modules/gdscript/gdscript_function.cpp:323)
ERROR: Resumed function '_settle()' after await, but class instance is gone. At script: res://src/npc/npc.gd:100
   at: resume (modules/gdscript/gdscript_function.cpp:323)
ERROR: Resumed function '_settle()' after await, but class instance is gone. At script: res://src/npc/npc.gd:100
   at: resume (modules/gdscript/gdscript_function.cpp:323)
ERROR: Resumed function '_settle()' after await, but class instance is gone. At script: res://src/npc/npc.gd:100
   at: resume (modules/gdscript/gdscript_function.cpp:323)
[PASS] test_crafting.gd — 11 tests, 680 checks, 0 failures (16568.8 ms)
[PASS] test_damage.gd — 13 tests, 60 checks, 0 failures (211.1 ms)
[FAIL] test_enemies.gd — 6 tests, 464 checks, 1 failures (1834.0 ms)
ERROR: Condition "slot >= slot_max" is true. Returning: nullptr
   at: get_instance (./core/object/object.h:912)
   GDScript backtrace (most recent call first):
       [0] _physics_process (res://src/combat/area_effects.gd:189)
ERROR: Condition "slot >= slot_max" is true. Returning: nullptr
   at: get_instance (./core/object/object.h:912)
   GDScript backtrace (most recent call first):
       [0] _physics_process (res://src/combat/area_effects.gd:189)
ERROR: Condition "slot >= slot_max" is true. Returning: nullptr
   at: get_instance (./core/object/object.h:912)
   GDScript backtrace (most recent call first):
       [0] _physics_process (res://src/combat/area_effects.gd:189)
ERROR: Condition "slot >= slot_max" is true. Returning: nullptr
   at: get_instance (./core/object/object.h:912)
   GDScript backtrace (most recent call first):
       [0] _physics_process (res://src/combat/area_effects.gd:189)
ERROR: Condition "slot >= slot_max" is true. Returning: nullptr
   at: get_instance (./core/object/object.h:912)
   GDScript backtrace (most recent call first):
       [0] _physics_process (res://src/combat/area_effects.gd:189)
ERROR: Condition "slot >= slot_max" is true. Returning: nullptr
   at: get_instance (./core/object/object.h:912)
   GDScript backtrace (most recent call first):
       [0] _physics_process (res://src/combat/area_effects.gd:189)
ERROR: Condition "slot >= slot_max" is true. Returning: nullptr
   at: get_instance (./core/object/object.h:912)
   GDScript backtrace (most recent call first):
       [0] _physics_process (res://src/combat/area_effects.gd:189)
ERROR: Condition "slot >= slot_max" is true. Returning: nullptr
   at: get_instance (./core/object/object.h:912)
   GDScript backtrace (most recent call first):
       [0] _physics_process (res://src/combat/area_effects.gd:189)
ERROR: Condition "slot >= slot_max" is true. Returning: nullptr
   at: get_instance (./core/object/object.h:912)
   GDScript backtrace (most recent call first):
       [0] _physics_process (res://src/combat/area_effects.gd:189)
ERROR: Condition "slot >= slot_max" is true. Returning: nullptr
   at: get_instance (./core/object/object.h:912)
   GDScript backtrace (most recent call first):
       [0] _physics_process (res://src/combat/area_effects.gd:189)
ERROR: Condition "slot >= slot_max" is true. Returning: nullptr
   at: get_instance (./core/object/object.h:912)
   GDScript backtrace (most recent call first):
       [0] _physics_process (res://src/combat/area_effects.gd:189)
ERROR: Condition "slot >= slot_max" is true. Returning: nullptr
   at: get_instance (./core/object/object.h:912)
   GDScript backtrace (most recent call first):
       [0] _physics_process (res://src/combat/area_effects.gd:189)
ERROR: Condition "slot >= slot_max" is true. Returning: nullptr
   at: get_instance (./core/object/object.h:912)
   GDScript backtrace (most recent call first):
       [0] _physics_process (res://src/combat/area_effects.gd:189)
ERROR: Condition "slot >= slot_max" is true. Returning: nullptr
   at: get_instance (./core/object/object.h:912)
   GDScript backtrace (most recent call first):
       [0] _physics_process (res://src/combat/area_effects.gd:189)
ERROR: Condition "slot >= slot_max" is true. Returning: nullptr
   at: get_instance (./core/object/object.h:912)
   GDScript backtrace (most recent call first):
       [0] _physics_process (res://src/combat/area_effects.gd:189)
ERROR: Condition "slot >= slot_max" is true. Returning: nullptr
   at: get_instance (./core/object/object.h:912)
   GDScript backtrace (most recent call first):
       [0] _physics_process (res://src/combat/area_effects.gd:189)
ERROR: Condition "slot >= slot_max" is true. Returning: nullptr
   at: get_instance (./core/object/object.h:912)
   GDScript backtrace (most recent call first):
       [0] _physics_process (res://src/combat/area_effects.gd:189)
ERROR: Condition "slot >= slot_max" is true. Returning: nullptr
   at: get_instance (./core/object/object.h:912)
   GDScript backtrace (most recent call first):
       [0] _physics_process (res://src/combat/area_effects.gd:189)
ERROR: Condition "slot >= slot_max" is true. Returning: nullptr
   at: get_instance (./core/object/object.h:912)
   GDScript backtrace (most recent call first):
       [0] _physics_process (res://src/combat/area_effects.gd:189)
ERROR: Condition "slot >= slot_max" is true. Returning: nullptr
   at: get_instance (./core/object/object.h:912)
   GDScript backtrace (most recent call first):
       [0] _physics_process (res://src/combat/area_effects.gd:189)
ERROR: Condition "slot >= slot_max" is true. Returning: nullptr
   at: get_instance (./core/object/object.h:912)
   GDScript backtrace (most recent call first):
       [0] _physics_process (res://src/combat/area_effects.gd:189)
ERROR: Condition "slot >= slot_max" is true. Returning: nullptr
   at: get_instance (./core/object/object.h:912)
   GDScript backtrace (most recent call first):
       [0] _physics_process (res://src/combat/area_effects.gd:189)
ERROR: Condition "slot >= slot_max" is true. Returning: nullptr
   at: get_instance (./core/object/object.h:912)
   GDScript backtrace (most recent call first):
       [0] _physics_process (res://src/combat/area_effects.gd:189)
ERROR: Condition "slot >= slot_max" is true. Returning: nullptr
   at: get_instance (./core/object/object.h:912)
   GDScript backtrace (most recent call first):
       [0] _physics_process (res://src/combat/area_effects.gd:189)
ERROR: Condition "slot >= slot_max" is true. Returning: nullptr
   at: get_instance (./core/object/object.h:912)
   GDScript backtrace (most recent call first):
       [0] _physics_process (res://src/combat/area_effects.gd:189)
ERROR: Condition "slot >= slot_max" is true. Returning: nullptr
   at: get_instance (./core/object/object.h:912)
   GDScript backtrace (most recent call first):
       [0] _physics_process (res://src/combat/area_effects.gd:189)
ERROR: Condition "slot >= slot_max" is true. Returning: nullptr
   at: get_instance (./core/object/object.h:912)
   GDScript backtrace (most recent call first):
       [0] _physics_process (res://src/combat/area_effects.gd:189)
ERROR: Condition "slot >= slot_max" is true. Returning: nullptr
   at: get_instance (./core/object/object.h:912)
   GDScript backtrace (most recent call first):
       [0] _physics_process (res://src/combat/area_effects.gd:189)
ERROR: Condition "slot >= slot_max" is true. Returning: nullptr
   at: get_instance (./core/object/object.h:912)
   GDScript backtrace (most recent call first):
       [0] _physics_process (res://src/combat/area_effects.gd:189)
ERROR: Condition "slot >= slot_max" is true. Returning: nullptr
   at: get_instance (./core/object/object.h:912)
   GDScript backtrace (most recent call first):
       [0] _physics_process (res://src/combat/area_effects.gd:189)
ERROR: Condition "slot >= slot_max" is true. Returning: nullptr
   at: get_instance (./core/object/object.h:912)
   GDScript backtrace (most recent call first):
       [0] _physics_process (res://src/combat/area_effects.gd:189)
ERROR: Condition "slot >= slot_max" is true. Returning: nullptr
   at: get_instance (./core/object/object.h:912)
   GDScript backtrace (most recent call first):
       [0] _physics_process (res://src/combat/area_effects.gd:189)
ERROR: Condition "slot >= slot_max" is true. Returning: nullptr
   at: get_instance (./core/object/object.h:912)
   GDScript backtrace (most recent call first):
       [0] _physics_process (res://src/combat/area_effects.gd:189)
[FAIL] test_enemies2.gd — 19 tests, 598 checks, 8 failures (29166.9 ms)
ERROR: Not supported by this display server.
   at: keyboard_get_label_from_physical (servers/display/display_server.cpp:1228)
   GDScript backtrace (most recent call first):
       [0] binding_text (res://src/autoload/settings.gd:445)
       [1] fill_keys (res://src/core/dialogue/dialogue.gd:232)
       [2] fill (res://src/core/dialogue/dialogue.gd:192)
       [3] _show_line (res://src/core/dialogue/dialogue_session.gd:63)
       [4] advance (res://src/core/dialogue/dialogue_session.gd:76)
       [5] _walk (res://tests/unit/test_guide.gd:80)
       [6] test_full_walkthrough (res://tests/unit/test_guide.gd:87)
       [7] _ready (res://tests/run_tests.gd:40)
       [8] test_web_spit_roots_the_hero (res://tests/unit/test_enemies2.gd:466)
       [9] _frames (res://tests/unit/test_enemies2.gd:35)
ERROR: Not supported by this display server.
   at: keyboard_get_label_from_physical (servers/display/display_server.cpp:1228)
   GDScript backtrace (most recent call first):
       [0] binding_text (res://src/autoload/settings.gd:445)
       [1] fill_keys (res://src/core/dialogue/dialogue.gd:232)
       [2] fill (res://src/core/dialogue/dialogue.gd:192)
       [3] _show_line (res://src/core/dialogue/dialogue_session.gd:63)
       [4] _enter (res://src/core/dialogue/dialogue_session.gd:57)
       [5] _after_lines (res://src/core/dialogue/dialogue_session.gd:89)
       [6] advance (res://src/core/dialogue/dialogue_session.gd:80)
       [7] _walk (res://tests/unit/test_guide.gd:80)
       [8] test_full_walkthrough (res://tests/unit/test_guide.gd:87)
       [9] _ready (res://tests/run_tests.gd:40)
       [10] test_web_spit_roots_the_hero (res://tests/unit/test_enemies2.gd:466)
       [11] _frames (res://tests/unit/test_enemies2.gd:35)
ERROR: Not supported by this display server.
   at: keyboard_get_label_from_physical (servers/display/display_server.cpp:1228)
   GDScript backtrace (most recent call first):
       [0] binding_text (res://src/autoload/settings.gd:445)
       [1] fill_keys (res://src/core/dialogue/dialogue.gd:232)
       [2] fill (res://src/core/dialogue/dialogue.gd:192)
       [3] _show_line (res://src/core/dialogue/dialogue_session.gd:63)
       [4] _enter (res://src/core/dialogue/dialogue_session.gd:57)
       [5] _after_lines (res://src/core/dialogue/dialogue_session.gd:89)
       [6] advance (res://src/core/dialogue/dialogue_session.gd:80)
       [7] _walk (res://tests/unit/test_guide.gd:80)
       [8] test_full_walkthrough (res://tests/unit/test_guide.gd:87)
       [9] _ready (res://tests/run_tests.gd:40)
       [10] test_web_spit_roots_the_hero (res://tests/unit/test_enemies2.gd:466)
       [11] _frames (res://tests/unit/test_enemies2.gd:35)
ERROR: Not supported by this display server.
   at: keyboard_get_label_from_physical (servers/display/display_server.cpp:1228)
   GDScript backtrace (most recent call first):
       [0] binding_text (res://src/autoload/settings.gd:445)
       [1] fill_keys (res://src/core/dialogue/dialogue.gd:232)
       [2] fill (res://src/core/dialogue/dialogue.gd:192)
       [3] _show_line (res://src/core/dialogue/dialogue_session.gd:63)
       [4] _enter (res://src/core/dialogue/dialogue_session.gd:57)
       [5] _after_lines (res://src/core/dialogue/dialogue_session.gd:89)
       [6] advance (res://src/core/dialogue/dialogue_session.gd:80)
       [7] _walk (res://tests/unit/test_guide.gd:80)
       [8] test_full_walkthrough (res://tests/unit/test_guide.gd:87)
       [9] _ready (res://tests/run_tests.gd:40)
       [10] test_web_spit_roots_the_hero (res://tests/unit/test_enemies2.gd:466)
       [11] _frames (res://tests/unit/test_enemies2.gd:35)
ERROR: Not supported by this display server.
   at: keyboard_get_label_from_physical (servers/display/display_server.cpp:1228)
   GDScript backtrace (most recent call first):
       [0] binding_text (res://src/autoload/settings.gd:445)
       [1] fill_keys (res://src/core/dialogue/dialogue.gd:232)
       [2] fill (res://src/core/dialogue/dialogue.gd:192)
       [3] _show_line (res://src/core/dialogue/dialogue_session.gd:63)
       [4] _enter (res://src/core/dialogue/dialogue_session.gd:57)
       [5] _after_lines (res://src/core/dialogue/dialogue_session.gd:89)
       [6] advance (res://src/core/dialogue/dialogue_session.gd:80)
       [7] _walk (res://tests/unit/test_guide.gd:80)
       [8] test_full_walkthrough (res://tests/unit/test_guide.gd:87)
       [9] _ready (res://tests/run_tests.gd:40)
       [10] test_web_spit_roots_the_hero (res://tests/unit/test_enemies2.gd:466)
       [11] _frames (res://tests/unit/test_enemies2.gd:35)
ERROR: Not supported by this display server.
   at: keyboard_get_label_from_physical (servers/display/display_server.cpp:1228)
   GDScript backtrace (most recent call first):
       [0] binding_text (res://src/autoload/settings.gd:445)
       [1] fill_keys (res://src/core/dialogue/dialogue.gd:232)
       [2] fill (res://src/core/dialogue/dialogue.gd:192)
       [3] _show_line (res://src/core/dialogue/dialogue_session.gd:63)
       [4] advance (res://src/core/dialogue/dialogue_session.gd:76)
       [5] _walk (res://tests/unit/test_guide.gd:80)
       [6] test_full_walkthrough (res://tests/unit/test_guide.gd:87)
       [7] _ready (res://tests/run_tests.gd:40)
       [8] test_web_spit_roots_the_hero (res://tests/unit/test_enemies2.gd:466)
       [9] _frames (res://tests/unit/test_enemies2.gd:35)
ERROR: Not supported by this display server.
   at: keyboard_get_label_from_physical (servers/display/display_server.cpp:1228)
   GDScript backtrace (most recent call first):
       [0] binding_text (res://src/autoload/settings.gd:445)
       [1] fill_keys (res://src/core/dialogue/dialogue.gd:232)
       [2] fill (res://src/core/dialogue/dialogue.gd:192)
       [3] _show_line (res://src/core/dialogue/dialogue_session.gd:63)
       [4] advance (res://src/core/dialogue/dialogue_session.gd:76)
       [5] _walk (res://tests/unit/test_guide.gd:80)
       [6] test_full_walkthrough (res://tests/unit/test_guide.gd:87)
       [7] _ready (res://tests/run_tests.gd:40)
       [8] test_web_spit_roots_the_hero (res://tests/unit/test_enemies2.gd:466)
       [9] _frames (res://tests/unit/test_enemies2.gd:35)
ERROR: Not supported by this display server.
   at: keyboard_get_label_from_physical (servers/display/display_server.cpp:1228)
   GDScript backtrace (most recent call first):
       [0] binding_text (res://src/autoload/settings.gd:445)
       [1] fill_keys (res://src/core/dialogue/dialogue.gd:232)
       [2] fill (res://src/core/dialogue/dialogue.gd:192)
       [3] _show_line (res://src/core/dialogue/dialogue_session.gd:63)
       [4] _enter (res://src/core/dialogue/dialogue_session.gd:57)
       [5] _after_lines (res://src/core/dialogue/dialogue_session.gd:89)
       [6] advance (res://src/core/dialogue/dialogue_session.gd:80)
       [7] _walk (res://tests/unit/test_guide.gd:80)
       [8] test_full_walkthrough (res://tests/unit/test_guide.gd:87)
       [9] _ready (res://tests/run_tests.gd:40)
       [10] test_web_spit_roots_the_hero (res://tests/unit/test_enemies2.gd:466)
       [11] _frames (res://tests/unit/test_enemies2.gd:35)
ERROR: Not supported by this display server.
   at: keyboard_get_label_from_physical (servers/display/display_server.cpp:1228)
   GDScript backtrace (most recent call first):
       [0] binding_text (res://src/autoload/settings.gd:445)
       [1] fill_keys (res://src/core/dialogue/dialogue.gd:232)
       [2] fill (res://src/core/dialogue/dialogue.gd:192)
       [3] _show_line (res://src/core/dialogue/dialogue_session.gd:63)
       [4] _enter (res://src/core/dialogue/dialogue_session.gd:57)
       [5] _after_lines (res://src/core/dialogue/dialogue_session.gd:89)
       [6] advance (res://src/core/dialogue/dialogue_session.gd:80)
       [7] _walk (res://tests/unit/test_guide.gd:80)
       [8] test_full_walkthrough (res://tests/unit/test_guide.gd:87)
       [9] _ready (res://tests/run_tests.gd:40)
       [10] test_web_spit_roots_the_hero (res://tests/unit/test_enemies2.gd:466)
       [11] _frames (res://tests/unit/test_enemies2.gd:35)
ERROR: Not supported by this display server.
   at: keyboard_get_label_from_physical (servers/display/display_server.cpp:1228)
   GDScript backtrace (most recent call first):
       [0] binding_text (res://src/autoload/settings.gd:445)
       [1] fill_keys (res://src/core/dialogue/dialogue.gd:232)
       [2] fill (res://src/core/dialogue/dialogue.gd:192)
       [3] _show_line (res://src/core/dialogue/dialogue_session.gd:63)
       [4] _enter (res://src/core/dialogue/dialogue_session.gd:57)
       [5] _after_lines (res://src/core/dialogue/dialogue_session.gd:89)
       [6] advance (res://src/core/dialogue/dialogue_session.gd:80)
       [7] _walk (res://tests/unit/test_guide.gd:80)
       [8] test_full_walkthrough (res://tests/unit/test_guide.gd:87)
       [9] _ready (res://tests/run_tests.gd:40)
       [10] test_web_spit_roots_the_hero (res://tests/unit/test_enemies2.gd:466)
       [11] _frames (res://tests/unit/test_enemies2.gd:35)
ERROR: Not supported by this display server.
   at: keyboard_get_label_from_physical (servers/display/display_server.cpp:1228)
   GDScript backtrace (most recent call first):
       [0] binding_text (res://src/autoload/settings.gd:445)
       [1] fill_keys (res://src/core/dialogue/dialogue.gd:232)
       [2] fill (res://src/core/dialogue/dialogue.gd:192)
       [3] _show_line (res://src/core/dialogue/dialogue_session.gd:63)
       [4] _enter (res://src/core/dialogue/dialogue_session.gd:57)
       [5] _after_lines (res://src/core/dialogue/dialogue_session.gd:89)
       [6] advance (res://src/core/dialogue/dialogue_session.gd:80)
       [7] _walk (res://tests/unit/test_guide.gd:80)
       [8] test_full_walkthrough (res://tests/unit/test_guide.gd:87)
       [9] _ready (res://tests/run_tests.gd:40)
       [10] test_web_spit_roots_the_hero (res://tests/unit/test_enemies2.gd:466)
       [11] _frames (res://tests/unit/test_enemies2.gd:35)
ERROR: Not supported by this display server.
   at: keyboard_get_label_from_physical (servers/display/display_server.cpp:1228)
   GDScript backtrace (most recent call first):
       [0] binding_text (res://src/autoload/settings.gd:445)
       [1] fill_keys (res://src/core/dialogue/dialogue.gd:232)
       [2] fill (res://src/core/dialogue/dialogue.gd:192)
       [3] _show_line (res://src/core/dialogue/dialogue_session.gd:63)
       [4] advance (res://src/core/dialogue/dialogue_session.gd:76)
       [5] _walk (res://tests/unit/test_guide.gd:80)
       [6] test_full_walkthrough (res://tests/unit/test_guide.gd:87)
       [7] _ready (res://tests/run_tests.gd:40)
       [8] test_web_spit_roots_the_hero (res://tests/unit/test_enemies2.gd:466)
       [9] _frames (res://tests/unit/test_enemies2.gd:35)
ERROR: Not supported by this display server.
   at: keyboard_get_label_from_physical (servers/display/display_server.cpp:1228)
   GDScript backtrace (most recent call first):
       [0] binding_text (res://src/autoload/settings.gd:445)
       [1] fill_keys (res://src/core/dialogue/dialogue.gd:232)
       [2] fill (res://src/core/dialogue/dialogue.gd:192)
       [3] _show_line (res://src/core/dialogue/dialogue_session.gd:63)
       [4] advance (res://src/core/dialogue/dialogue_session.gd:76)
       [5] _walk (res://tests/unit/test_guide.gd:80)
       [6] test_full_walkthrough (res://tests/unit/test_guide.gd:87)
       [7] _ready (res://tests/run_tests.gd:40)
       [8] test_web_spit_roots_the_hero (res://tests/unit/test_enemies2.gd:466)
       [9] _frames (res://tests/unit/test_enemies2.gd:35)
ERROR: Not supported by this display server.
   at: keyboard_get_label_from_physical (servers/display/display_server.cpp:1228)
   GDScript backtrace (most recent call first):
       [0] binding_text (res://src/autoload/settings.gd:445)
       [1] fill_keys (res://src/core/dialogue/dialogue.gd:232)
       [2] fill (res://src/core/dialogue/dialogue.gd:192)
       [3] _show_line (res://src/core/dialogue/dialogue_session.gd:63)
       [4] _enter (res://src/core/dialogue/dialogue_session.gd:57)
       [5] _after_lines (res://src/core/dialogue/dialogue_session.gd:89)
       [6] advance (res://src/core/dialogue/dialogue_session.gd:80)
       [7] _walk (res://tests/unit/test_guide.gd:80)
       [8] test_full_walkthrough (res://tests/unit/test_guide.gd:87)
       [9] _ready (res://tests/run_tests.gd:40)
       [10] test_web_spit_roots_the_hero (res://tests/unit/test_enemies2.gd:466)
       [11] _frames (res://tests/unit/test_enemies2.gd:35)
ERROR: Not supported by this display server.
   at: keyboard_get_label_from_physical (servers/display/display_server.cpp:1228)
   GDScript backtrace (most recent call first):
       [0] binding_text (res://src/autoload/settings.gd:445)
       [1] fill_keys (res://src/core/dialogue/dialogue.gd:232)
       [2] fill (res://src/core/dialogue/dialogue.gd:192)
       [3] _show_line (res://src/core/dialogue/dialogue_session.gd:63)
       [4] _enter (res://src/core/dialogue/dialogue_session.gd:57)
       [5] _after_lines (res://src/core/dialogue/dialogue_session.gd:89)
       [6] advance (res://src/core/dialogue/dialogue_session.gd:80)
       [7] _walk (res://tests/unit/test_guide.gd:80)
       [8] test_full_walkthrough (res://tests/unit/test_guide.gd:87)
       [9] _ready (res://tests/run_tests.gd:40)
       [10] test_web_spit_roots_the_hero (res://tests/unit/test_enemies2.gd:466)
       [11] _frames (res://tests/unit/test_enemies2.gd:35)
ERROR: Not supported by this display server.
   at: keyboard_get_label_from_physical (servers/display/display_server.cpp:1228)
   GDScript backtrace (most recent call first):
       [0] binding_text (res://src/autoload/settings.gd:445)
       [1] fill_keys (res://src/core/dialogue/dialogue.gd:232)
       [2] fill (res://src/core/dialogue/dialogue.gd:192)
       [3] _show_line (res://src/core/dialogue/dialogue_session.gd:63)
       [4] _enter (res://src/core/dialogue/dialogue_session.gd:57)
       [5] _after_lines (res://src/core/dialogue/dialogue_session.gd:89)
       [6] advance (res://src/core/dialogue/dialogue_session.gd:80)
       [7] _walk (res://tests/unit/test_guide.gd:80)
       [8] test_full_walkthrough (res://tests/unit/test_guide.gd:87)
       [9] _ready (res://tests/run_tests.gd:40)
       [10] test_web_spit_roots_the_hero (res://tests/unit/test_enemies2.gd:466)
       [11] _frames (res://tests/unit/test_enemies2.gd:35)
ERROR: Not supported by this display server.
   at: keyboard_get_label_from_physical (servers/display/display_server.cpp:1228)
   GDScript backtrace (most recent call first):
       [0] binding_text (res://src/autoload/settings.gd:445)
       [1] fill_keys (res://src/core/dialogue/dialogue.gd:232)
       [2] fill (res://src/core/dialogue/dialogue.gd:192)
       [3] _show_line (res://src/core/dialogue/dialogue_session.gd:63)
       [4] _enter (res://src/core/dialogue/dialogue_session.gd:57)
       [5] _after_lines (res://src/core/dialogue/dialogue_session.gd:89)
       [6] advance (res://src/core/dialogue/dialogue_session.gd:80)
       [7] _walk (res://tests/unit/test_guide.gd:80)
       [8] test_full_walkthrough (res://tests/unit/test_guide.gd:87)
       [9] _ready (res://tests/run_tests.gd:40)
       [10] test_web_spit_roots_the_hero (res://tests/unit/test_enemies2.gd:466)
       [11] _frames (res://tests/unit/test_enemies2.gd:35)
ERROR: Not supported by this display server.
   at: keyboard_get_label_from_physical (servers/display/display_server.cpp:1228)
   GDScript backtrace (most recent call first):
       [0] binding_text (res://src/autoload/settings.gd:445)
       [1] fill_keys (res://src/core/dialogue/dialogue.gd:232)
       [2] fill (res://src/core/dialogue/dialogue.gd:192)
       [3] _show_line (res://src/core/dialogue/dialogue_session.gd:63)
       [4] _enter (res://src/core/dialogue/dialogue_session.gd:57)
       [5] _after_lines (res://src/core/dialogue/dialogue_session.gd:89)
       [6] advance (res://src/core/dialogue/dialogue_session.gd:80)
       [7] _walk (res://tests/unit/test_guide.gd:80)
       [8] test_full_walkthrough (res://tests/unit/test_guide.gd:87)
       [9] _ready (res://tests/run_tests.gd:40)
       [10] test_web_spit_roots_the_hero (res://tests/unit/test_enemies2.gd:466)
       [11] _frames (res://tests/unit/test_enemies2.gd:35)
ERROR: Not supported by this display server.
   at: keyboard_get_label_from_physical (servers/display/display_server.cpp:1228)
   GDScript backtrace (most recent call first):
       [0] binding_text (res://src/autoload/settings.gd:445)
       [1] fill_keys (res://src/core/dialogue/dialogue.gd:232)
       [2] fill (res://src/core/dialogue/dialogue.gd:192)
       [3] _show_line (res://src/core/dialogue/dialogue_session.gd:63)
       [4] _enter (res://src/core/dialogue/dialogue_session.gd:57)
       [5] _after_lines (res://src/core/dialogue/dialogue_session.gd:89)
       [6] advance (res://src/core/dialogue/dialogue_session.gd:80)
       [7] _walk (res://tests/unit/test_guide.gd:80)
       [8] test_full_walkthrough (res://tests/unit/test_guide.gd:87)
       [9] _ready (res://tests/run_tests.gd:40)
       [10] test_web_spit_roots_the_hero (res://tests/unit/test_enemies2.gd:466)
       [11] _frames (res://tests/unit/test_enemies2.gd:35)
ERROR: Not supported by this display server.
   at: keyboard_get_label_from_physical (servers/display/display_server.cpp:1228)
   GDScript backtrace (most recent call first):
       [0] binding_text (res://src/autoload/settings.gd:445)
       [1] fill_keys (res://src/core/dialogue/dialogue.gd:232)
       [2] fill (res://src/core/dialogue/dialogue.gd:192)
       [3] _show_line (res://src/core/dialogue/dialogue_session.gd:63)
       [4] _enter (res://src/core/dialogue/dialogue_session.gd:57)
       [5] _after_lines (res://src/core/dialogue/dialogue_session.gd:89)
       [6] advance (res://src/core/dialogue/dialogue_session.gd:80)
       [7] _walk (res://tests/unit/test_guide.gd:80)
       [8] test_full_walkthrough (res://tests/unit/test_guide.gd:87)
       [9] _ready (res://tests/run_tests.gd:40)
       [10] test_web_spit_roots_the_hero (res://tests/unit/test_enemies2.gd:466)
       [11] _frames (res://tests/unit/test_enemies2.gd:35)
ERROR: Not supported by this display server.
   at: keyboard_get_label_from_physical (servers/display/display_server.cpp:1228)
   GDScript backtrace (most recent call first):
       [0] binding_text (res://src/autoload/settings.gd:445)
       [1] fill_keys (res://src/core/dialogue/dialogue.gd:232)
       [2] fill (res://src/core/dialogue/dialogue.gd:192)
       [3] _show_line (res://src/core/dialogue/dialogue_session.gd:63)
       [4] _enter (res://src/core/dialogue/dialogue_session.gd:57)
       [5] _after_lines (res://src/core/dialogue/dialogue_session.gd:89)
       [6] advance (res://src/core/dialogue/dialogue_session.gd:80)
       [7] _walk (res://tests/unit/test_guide.gd:80)
       [8] test_full_walkthrough (res://tests/unit/test_guide.gd:87)
       [9] _ready (res://tests/run_tests.gd:40)
       [10] test_web_spit_roots_the_hero (res://tests/unit/test_enemies2.gd:466)
       [11] _frames (res://tests/unit/test_enemies2.gd:35)
ERROR: Not supported by this display server.
   at: keyboard_get_label_from_physical (servers/display/display_server.cpp:1228)
   GDScript backtrace (most recent call first):
       [0] binding_text (res://src/autoload/settings.gd:445)
       [1] fill_keys (res://src/core/dialogue/dialogue.gd:232)
       [2] fill (res://src/core/dialogue/dialogue.gd:192)
       [3] _show_line (res://src/core/dialogue/dialogue_session.gd:63)
       [4] advance (res://src/core/dialogue/dialogue_session.gd:76)
       [5] _walk (res://tests/unit/test_guide.gd:80)
       [6] test_full_walkthrough (res://tests/unit/test_guide.gd:87)
       [7] _ready (res://tests/run_tests.gd:40)
       [8] test_web_spit_roots_the_hero (res://tests/unit/test_enemies2.gd:466)
       [9] _frames (res://tests/unit/test_enemies2.gd:35)
ERROR: Not supported by this display server.
   at: keyboard_get_label_from_physical (servers/display/display_server.cpp:1228)
   GDScript backtrace (most recent call first):
       [0] binding_text (res://src/autoload/settings.gd:445)
       [1] test_graph_is_consistent (res://tests/unit/test_guide.gd:41)
       [2] _ready (res://tests/run_tests.gd:40)
       [3] test_web_spit_roots_the_hero (res://tests/unit/test_enemies2.gd:466)
       [4] _frames (res://tests/unit/test_enemies2.gd:35)
ERROR: Not supported by this display server.
   at: keyboard_get_label_from_physical (servers/display/display_server.cpp:1228)
   GDScript backtrace (most recent call first):
       [0] binding_text (res://src/autoload/settings.gd:445)
       [1] test_graph_is_consistent (res://tests/unit/test_guide.gd:41)
       [2] _ready (res://tests/run_tests.gd:40)
       [3] test_web_spit_roots_the_hero (res://tests/unit/test_enemies2.gd:466)
       [4] _frames (res://tests/unit/test_enemies2.gd:35)
ERROR: Not supported by this display server.
   at: keyboard_get_label_from_physical (servers/display/display_server.cpp:1228)
   GDScript backtrace (most recent call first):
       [0] binding_text (res://src/autoload/settings.gd:445)
       [1] test_graph_is_consistent (res://tests/unit/test_guide.gd:41)
       [2] _ready (res://tests/run_tests.gd:40)
       [3] test_web_spit_roots_the_hero (res://tests/unit/test_enemies2.gd:466)
       [4] _frames (res://tests/unit/test_enemies2.gd:35)
ERROR: Not supported by this display server.
   at: keyboard_get_label_from_physical (servers/display/display_server.cpp:1228)
   GDScript backtrace (most recent call first):
       [0] binding_text (res://src/autoload/settings.gd:445)
       [1] test_graph_is_consistent (res://tests/unit/test_guide.gd:41)
       [2] _ready (res://tests/run_tests.gd:40)
       [3] test_web_spit_roots_the_hero (res://tests/unit/test_enemies2.gd:466)
       [4] _frames (res://tests/unit/test_enemies2.gd:35)
ERROR: Not supported by this display server.
   at: keyboard_get_label_from_physical (servers/display/display_server.cpp:1228)
   GDScript backtrace (most recent call first):
       [0] binding_text (res://src/autoload/settings.gd:445)
       [1] test_graph_is_consistent (res://tests/unit/test_guide.gd:41)
       [2] _ready (res://tests/run_tests.gd:40)
       [3] test_web_spit_roots_the_hero (res://tests/unit/test_enemies2.gd:466)
       [4] _frames (res://tests/unit/test_enemies2.gd:35)
ERROR: Not supported by this display server.
   at: keyboard_get_label_from_physical (servers/display/display_server.cpp:1228)
   GDScript backtrace (most recent call first):
       [0] binding_text (res://src/autoload/settings.gd:445)
       [1] test_graph_is_consistent (res://tests/unit/test_guide.gd:41)
       [2] _ready (res://tests/run_tests.gd:40)
       [3] test_web_spit_roots_the_hero (res://tests/unit/test_enemies2.gd:466)
       [4] _frames (res://tests/unit/test_enemies2.gd:35)
ERROR: Not supported by this display server.
   at: keyboard_get_label_from_physical (servers/display/display_server.cpp:1228)
   GDScript backtrace (most recent call first):
       [0] binding_text (res://src/autoload/settings.gd:445)
       [1] test_graph_is_consistent (res://tests/unit/test_guide.gd:41)
       [2] _ready (res://tests/run_tests.gd:40)
       [3] test_web_spit_roots_the_hero (res://tests/unit/test_enemies2.gd:466)
       [4] _frames (res://tests/unit/test_enemies2.gd:35)
ERROR: Not supported by this display server.
   at: keyboard_get_label_from_physical (servers/display/display_server.cpp:1228)
   GDScript backtrace (most recent call first):
       [0] binding_text (res://src/autoload/settings.gd:445)
       [1] test_graph_is_consistent (res://tests/unit/test_guide.gd:41)
       [2] _ready (res://tests/run_tests.gd:40)
       [3] test_web_spit_roots_the_hero (res://tests/unit/test_enemies2.gd:466)
       [4] _frames (res://tests/unit/test_enemies2.gd:35)
ERROR: Not supported by this display server.
   at: keyboard_get_label_from_physical (servers/display/display_server.cpp:1228)
   GDScript backtrace (most recent call first):
       [0] binding_text (res://src/autoload/settings.gd:445)
       [1] test_graph_is_consistent (res://tests/unit/test_guide.gd:41)
       [2] _ready (res://tests/run_tests.gd:40)
       [3] test_web_spit_roots_the_hero (res://tests/unit/test_enemies2.gd:466)
       [4] _frames (res://tests/unit/test_enemies2.gd:35)
ERROR: Not supported by this display server.
   at: keyboard_get_label_from_physical (servers/display/display_server.cpp:1228)
   GDScript backtrace (most recent call first):
       [0] binding_text (res://src/autoload/settings.gd:445)
       [1] test_graph_is_consistent (res://tests/unit/test_guide.gd:41)
       [2] _ready (res://tests/run_tests.gd:40)
       [3] test_web_spit_roots_the_hero (res://tests/unit/test_enemies2.gd:466)
       [4] _frames (res://tests/unit/test_enemies2.gd:35)
ERROR: Not supported by this display server.
   at: keyboard_get_label_from_physical (servers/display/display_server.cpp:1228)
   GDScript backtrace (most recent call first):
       [0] binding_text (res://src/autoload/settings.gd:445)
       [1] test_graph_is_consistent (res://tests/unit/test_guide.gd:41)
       [2] _ready (res://tests/run_tests.gd:40)
       [3] test_web_spit_roots_the_hero (res://tests/unit/test_enemies2.gd:466)
       [4] _frames (res://tests/unit/test_enemies2.gd:35)
ERROR: Not supported by this display server.
   at: keyboard_get_label_from_physical (servers/display/display_server.cpp:1228)
   GDScript backtrace (most recent call first):
       [0] binding_text (res://src/autoload/settings.gd:445)
       [1] test_graph_is_consistent (res://tests/unit/test_guide.gd:41)
       [2] _ready (res://tests/run_tests.gd:40)
       [3] test_web_spit_roots_the_hero (res://tests/unit/test_enemies2.gd:466)
       [4] _frames (res://tests/unit/test_enemies2.gd:35)
ERROR: Not supported by this display server.
   at: keyboard_get_label_from_physical (servers/display/display_server.cpp:1228)
   GDScript backtrace (most recent call first):
       [0] binding_text (res://src/autoload/settings.gd:445)
       [1] test_graph_is_consistent (res://tests/unit/test_guide.gd:41)
       [2] _ready (res://tests/run_tests.gd:40)
       [3] test_web_spit_roots_the_hero (res://tests/unit/test_enemies2.gd:466)
       [4] _frames (res://tests/unit/test_enemies2.gd:35)
ERROR: Not supported by this display server.
   at: keyboard_get_label_from_physical (servers/display/display_server.cpp:1228)
   GDScript backtrace (most recent call first):
       [0] binding_text (res://src/autoload/settings.gd:445)
       [1] test_graph_is_consistent (res://tests/unit/test_guide.gd:41)
       [2] _ready (res://tests/run_tests.gd:40)
       [3] test_web_spit_roots_the_hero (res://tests/unit/test_enemies2.gd:466)
       [4] _frames (res://tests/unit/test_enemies2.gd:35)
ERROR: Not supported by this display server.
   at: keyboard_get_label_from_physical (servers/display/display_server.cpp:1228)
   GDScript backtrace (most recent call first):
       [0] binding_text (res://src/autoload/settings.gd:445)
       [1] test_graph_is_consistent (res://tests/unit/test_guide.gd:41)
       [2] _ready (res://tests/run_tests.gd:40)
       [3] test_web_spit_roots_the_hero (res://tests/unit/test_enemies2.gd:466)
       [4] _frames (res://tests/unit/test_enemies2.gd:35)
ERROR: Not supported by this display server.
   at: keyboard_get_label_from_physical (servers/display/display_server.cpp:1228)
   GDScript backtrace (most recent call first):
       [0] binding_text (res://src/autoload/settings.gd:445)
       [1] test_graph_is_consistent (res://tests/unit/test_guide.gd:41)
       [2] _ready (res://tests/run_tests.gd:40)
       [3] test_web_spit_roots_the_hero (res://tests/unit/test_enemies2.gd:466)
       [4] _frames (res://tests/unit/test_enemies2.gd:35)
ERROR: Not supported by this display server.
   at: keyboard_get_label_from_physical (servers/display/display_server.cpp:1228)
   GDScript backtrace (most recent call first):
       [0] binding_text (res://src/autoload/settings.gd:445)
       [1] test_graph_is_consistent (res://tests/unit/test_guide.gd:41)
       [2] _ready (res://tests/run_tests.gd:40)
       [3] test_web_spit_roots_the_hero (res://tests/unit/test_enemies2.gd:466)
       [4] _frames (res://tests/unit/test_enemies2.gd:35)
ERROR: Not supported by this display server.
   at: keyboard_get_label_from_physical (servers/display/display_server.cpp:1228)
   GDScript backtrace (most recent call first):
       [0] binding_text (res://src/autoload/settings.gd:445)
       [1] test_graph_is_consistent (res://tests/unit/test_guide.gd:41)
       [2] _ready (res://tests/run_tests.gd:40)
       [3] test_web_spit_roots_the_hero (res://tests/unit/test_enemies2.gd:466)
       [4] _frames (res://tests/unit/test_enemies2.gd:35)
ERROR: Not supported by this display server.
   at: keyboard_get_label_from_physical (servers/display/display_server.cpp:1228)
   GDScript backtrace (most recent call first):
       [0] binding_text (res://src/autoload/settings.gd:445)
       [1] test_graph_is_consistent (res://tests/unit/test_guide.gd:41)
       [2] _ready (res://tests/run_tests.gd:40)
       [3] test_web_spit_roots_the_hero (res://tests/unit/test_enemies2.gd:466)
       [4] _frames (res://tests/unit/test_enemies2.gd:35)
ERROR: Not supported by this display server.
   at: keyboard_get_label_from_physical (servers/display/display_server.cpp:1228)
   GDScript backtrace (most recent call first):
       [0] binding_text (res://src/autoload/settings.gd:445)
       [1] test_graph_is_consistent (res://tests/unit/test_guide.gd:41)
       [2] _ready (res://tests/run_tests.gd:40)
       [3] test_web_spit_roots_the_hero (res://tests/unit/test_enemies2.gd:466)
       [4] _frames (res://tests/unit/test_enemies2.gd:35)
ERROR: Not supported by this display server.
   at: keyboard_get_label_from_physical (servers/display/display_server.cpp:1228)
   GDScript backtrace (most recent call first):
       [0] binding_text (res://src/autoload/settings.gd:445)
       [1] test_graph_is_consistent (res://tests/unit/test_guide.gd:41)
       [2] _ready (res://tests/run_tests.gd:40)
       [3] test_web_spit_roots_the_hero (res://tests/unit/test_enemies2.gd:466)
       [4] _frames (res://tests/unit/test_enemies2.gd:35)
ERROR: Not supported by this display server.
   at: keyboard_get_label_from_physical (servers/display/display_server.cpp:1228)
   GDScript backtrace (most recent call first):
       [0] binding_text (res://src/autoload/settings.gd:445)
       [1] fill_keys (res://src/core/dialogue/dialogue.gd:232)
       [2] test_key_placeholders_follow_rebinding (res://tests/unit/test_guide.gd:52)
       [3] _ready (res://tests/run_tests.gd:40)
       [4] test_web_spit_roots_the_hero (res://tests/unit/test_enemies2.gd:466)
       [5] _frames (res://tests/unit/test_enemies2.gd:35)
ERROR: Not supported by this display server.
   at: keyboard_get_label_from_physical (servers/display/display_server.cpp:1228)
   GDScript backtrace (most recent call first):
       [0] binding_text (res://src/autoload/settings.gd:445)
       [1] test_key_placeholders_follow_rebinding (res://tests/unit/test_guide.gd:53)
       [2] _ready (res://tests/run_tests.gd:40)
       [3] test_web_spit_roots_the_hero (res://tests/unit/test_enemies2.gd:466)
       [4] _frames (res://tests/unit/test_enemies2.gd:35)
ERROR: Not supported by this display server.
   at: keyboard_get_label_from_physical (servers/display/display_server.cpp:1228)
   GDScript backtrace (most recent call first):
       [0] binding_text (res://src/autoload/settings.gd:445)
       [1] fill_keys (res://src/core/dialogue/dialogue.gd:232)
       [2] test_key_placeholders_follow_rebinding (res://tests/unit/test_guide.gd:60)
       [3] _ready (res://tests/run_tests.gd:40)
       [4] test_web_spit_roots_the_hero (res://tests/unit/test_enemies2.gd:466)
       [5] _frames (res://tests/unit/test_enemies2.gd:35)
ERROR: Not supported by this display server.
   at: keyboard_get_label_from_physical (servers/display/display_server.cpp:1228)
   GDScript backtrace (most recent call first):
       [0] binding_text (res://src/autoload/settings.gd:445)
       [1] test_key_placeholders_follow_rebinding (res://tests/unit/test_guide.gd:60)
       [2] _ready (res://tests/run_tests.gd:40)
       [3] test_web_spit_roots_the_hero (res://tests/unit/test_enemies2.gd:466)
       [4] _frames (res://tests/unit/test_enemies2.gd:35)
ERROR: Not supported by this display server.
   at: keyboard_get_label_from_physical (servers/display/display_server.cpp:1228)
   GDScript backtrace (most recent call first):
       [0] binding_text (res://src/autoload/settings.gd:445)
       [1] fill_keys (res://src/core/dialogue/dialogue.gd:232)
       [2] test_key_placeholders_follow_rebinding (res://tests/unit/test_guide.gd:61)
       [3] _ready (res://tests/run_tests.gd:40)
       [4] test_web_spit_roots_the_hero (res://tests/unit/test_enemies2.gd:466)
       [5] _frames (res://tests/unit/test_enemies2.gd:35)
ERROR: Not supported by this display server.
   at: keyboard_get_label_from_physical (servers/display/display_server.cpp:1228)
   GDScript backtrace (most recent call first):
       [0] binding_text (res://src/autoload/settings.gd:445)
       [1] fill_keys (res://src/core/dialogue/dialogue.gd:232)
       [2] fill (res://src/core/dialogue/dialogue.gd:192)
       [3] test_key_placeholders_follow_rebinding (res://tests/unit/test_guide.gd:67)
       [4] _ready (res://tests/run_tests.gd:40)
       [5] test_web_spit_roots_the_hero (res://tests/unit/test_enemies2.gd:466)
       [6] _frames (res://tests/unit/test_enemies2.gd:35)
ERROR: Not supported by this display server.
   at: keyboard_get_label_from_physical (servers/display/display_server.cpp:1228)
   GDScript backtrace (most recent call first):
       [0] binding_text (res://src/autoload/settings.gd:445)
       [1] _zoom_button (res://src/ui/hud/minimap.gd:207)
       [2] _ready (res://src/ui/hud/minimap.gd:152)
       [3] _build_top_right (res://src/ui/hud/hud.gd:271)
       [4] _ready (res://src/ui/hud/hud.gd:83)
       [5] _ready (res://src/ui/ui_root.gd:35)
       [6] test_opens_once_per_hero (res://tests/unit/test_guide.gd:114)
       [7] _ready (res://tests/run_tests.gd:40)
       [8] test_web_spit_roots_the_hero (res://tests/unit/test_enemies2.gd:466)
       [9] _frames (res://tests/unit/test_enemies2.gd:35)
ERROR: Not supported by this display server.
   at: keyboard_get_label_from_physical (servers/display/display_server.cpp:1228)
   GDScript backtrace (most recent call first):
       [0] binding_text (res://src/autoload/settings.gd:445)
       [1] _zoom_button (res://src/ui/hud/minimap.gd:207)
       [2] _ready (res://src/ui/hud/minimap.gd:153)
       [3] _build_top_right (res://src/ui/hud/hud.gd:271)
       [4] _ready (res://src/ui/hud/hud.gd:83)
       [5] _ready (res://src/ui/ui_root.gd:35)
       [6] test_opens_once_per_hero (res://tests/unit/test_guide.gd:114)
       [7] _ready (res://tests/run_tests.gd:40)
       [8] test_web_spit_roots_the_hero (res://tests/unit/test_enemies2.gd:466)
       [9] _frames (res://tests/unit/test_enemies2.gd:35)
WARNING: Can't change the size of a `SubViewport` with a `SubViewportContainer` parent that has `stretch` enabled. Set `SubViewportContainer.stretch` to `false` to allow changing the size manually.
   at: _internal_set_size (scene/main/viewport.cpp:5627)
   GDScript backtrace (most recent call first):
       [0] _on_resized (res://src/ui/widgets/character_preview.gd:113)
       [1] _ready (res://src/ui/widgets/character_preview.gd:109)
       [2] _build (res://src/ui/windows/inventory_window.gd:71)
       [3] _ready (res://src/ui/widgets/ui_window.gd:30)
       [4] _add_window (res://src/ui/ui_root.gd:82)
       [5] _ready (res://src/ui/ui_root.gd:41)
       [6] test_opens_once_per_hero (res://tests/unit/test_guide.gd:114)
       [7] _ready (res://tests/run_tests.gd:40)
       [8] test_web_spit_roots_the_hero (res://tests/unit/test_enemies2.gd:466)
       [9] _frames (res://tests/unit/test_enemies2.gd:35)
ERROR: Not supported by this display server.
   at: keyboard_get_label_from_physical (servers/display/display_server.cpp:1228)
   GDScript backtrace (most recent call first):
       [0] binding_text (res://src/autoload/settings.gd:445)
       [1] slot_name (res://src/ui/widgets/belt_picker.gd:11)
       [2] _build_bag (res://src/ui/windows/inventory_window.gd:338)
       [3] _build (res://src/ui/windows/inventory_window.gd:72)
       [4] _ready (res://src/ui/widgets/ui_window.gd:30)
       [5] _add_window (res://src/ui/ui_root.gd:82)
       [6] _ready (res://src/ui/ui_root.gd:41)
       [7] test_opens_once_per_hero (res://tests/unit/test_guide.gd:114)
       [8] _ready (res://tests/run_tests.gd:40)
       [9] test_web_spit_roots_the_hero (res://tests/unit/test_enemies2.gd:466)
       [10] _frames (res://tests/unit/test_enemies2.gd:35)
ERROR: Not supported by this display server.
   at: keyboard_get_label_from_physical (servers/display/display_server.cpp:1228)
   GDScript backtrace (most recent call first):
       [0] binding_text (res://src/autoload/settings.gd:445)
       [1] slot_name (res://src/ui/widgets/belt_picker.gd:11)
       [2] _build_bag (res://src/ui/windows/inventory_window.gd:338)
       [3] _build (res://src/ui/windows/inventory_window.gd:72)
       [4] _ready (res://src/ui/widgets/ui_window.gd:30)
       [5] _add_window (res://src/ui/ui_root.gd:82)
       [6] _ready (res://src/ui/ui_root.gd:41)
       [7] test_opens_once_per_hero (res://tests/unit/test_guide.gd:114)
       [8] _ready (res://tests/run_tests.gd:40)
       [9] test_web_spit_roots_the_hero (res://tests/unit/test_enemies2.gd:466)
       [10] _frames (res://tests/unit/test_enemies2.gd:35)
WARNING: Can't change the size of a `SubViewport` with a `SubViewportContainer` parent that has `stretch` enabled. Set `SubViewportContainer.stretch` to `false` to allow changing the size manually.
   at: _internal_set_size (scene/main/viewport.cpp:5627)
   GDScript backtrace (most recent call first):
       [0] _on_resized (res://src/ui/widgets/character_preview.gd:113)
       [1] _ready (res://src/ui/widgets/character_preview.gd:109)
       [2] _build (res://src/ui/windows/character_window.gd:53)
       [3] _ready (res://src/ui/widgets/ui_window.gd:30)
       [4] _add_window (res://src/ui/ui_root.gd:82)
       [5] _ready (res://src/ui/ui_root.gd:43)
       [6] test_opens_once_per_hero (res://tests/unit/test_guide.gd:114)
       [7] _ready (res://tests/run_tests.gd:40)
       [8] test_web_spit_roots_the_hero (res://tests/unit/test_enemies2.gd:466)
       [9] _frames (res://tests/unit/test_enemies2.gd:35)
ERROR: Not supported by this display server.
   at: keyboard_get_label_from_physical (servers/display/display_server.cpp:1228)
   GDScript backtrace (most recent call first):
       [0] binding_text (res://src/autoload/settings.gd:445)
       [1] _controls (res://src/ui/windows/settings_window.gd:189)
       [2] _page (res://src/ui/windows/settings_window.gd:68)
       [3] _build (res://src/ui/windows/settings_window.gd:32)
       [4] _ready (res://src/ui/widgets/ui_window.gd:30)
       [5] _add_window (res://src/ui/ui_root.gd:82)
       [6] _ready (res://src/ui/ui_root.gd:48)
       [7] test_opens_once_per_hero (res://tests/unit/test_guide.gd:114)
       [8] _ready (res://tests/run_tests.gd:40)
       [9] test_web_spit_roots_the_hero (res://tests/unit/test_enemies2.gd:466)
       [10] _frames (res://tests/unit/test_enemies2.gd:35)
ERROR: Not supported by this display server.
   at: keyboard_get_label_from_physical (servers/display/display_server.cpp:1228)
   GDScript backtrace (most recent call first):
       [0] binding_text (res://src/autoload/settings.gd:445)
       [1] _controls (res://src/ui/windows/settings_window.gd:189)
       [2] _page (res://src/ui/windows/settings_window.gd:68)
       [3] _build (res://src/ui/windows/settings_window.gd:32)
       [4] _ready (res://src/ui/widgets/ui_window.gd:30)
       [5] _add_window (res://src/ui/ui_root.gd:82)
       [6] _ready (res://src/ui/ui_root.gd:48)
       [7] test_opens_once_per_hero (res://tests/unit/test_guide.gd:114)
       [8] _ready (res://tests/run_tests.gd:40)
       [9] test_web_spit_roots_the_hero (res://tests/unit/test_enemies2.gd:466)
       [10] _frames (res://tests/unit/test_enemies2.gd:35)
ERROR: Not supported by this display server.
   at: keyboard_get_label_from_physical (servers/display/display_server.cpp:1228)
   GDScript backtrace (most recent call first):
       [0] binding_text (res://src/autoload/settings.gd:445)
       [1] _controls (res://src/ui/windows/settings_window.gd:189)
       [2] _page (res://src/ui/windows/settings_window.gd:68)
       [3] _build (res://src/ui/windows/settings_window.gd:32)
       [4] _ready (res://src/ui/widgets/ui_window.gd:30)
       [5] _add_window (res://src/ui/ui_root.gd:82)
       [6] _ready (res://src/ui/ui_root.gd:48)
       [7] test_opens_once_per_hero (res://tests/unit/test_guide.gd:114)
       [8] _ready (res://tests/run_tests.gd:40)
       [9] test_web_spit_roots_the_hero (res://tests/unit/test_enemies2.gd:466)
       [10] _frames (res://tests/unit/test_enemies2.gd:35)
ERROR: Not supported by this display server.
   at: keyboard_get_label_from_physical (servers/display/display_server.cpp:1228)
   GDScript backtrace (most recent call first):
       [0] binding_text (res://src/autoload/settings.gd:445)
       [1] _controls (res://src/ui/windows/settings_window.gd:189)
       [2] _page (res://src/ui/windows/settings_window.gd:68)
       [3] _build (res://src/ui/windows/settings_window.gd:32)
       [4] _ready (res://src/ui/widgets/ui_window.gd:30)
       [5] _add_window (res://src/ui/ui_root.gd:82)
       [6] _ready (res://src/ui/ui_root.gd:48)
       [7] test_opens_once_per_hero (res://tests/unit/test_guide.gd:114)
       [8] _ready (res://tests/run_tests.gd:40)
       [9] test_web_spit_roots_the_hero (res://tests/unit/test_enemies2.gd:466)
       [10] _frames (res://tests/unit/test_enemies2.gd:35)
ERROR: Not supported by this display server.
   at: keyboard_get_label_from_physical (servers/display/display_server.cpp:1228)
   GDScript backtrace (most recent call first):
       [0] binding_text (res://src/autoload/settings.gd:445)
       [1] _controls (res://src/ui/windows/settings_window.gd:189)
       [2] _page (res://src/ui/windows/settings_window.gd:68)
       [3] _build (res://src/ui/windows/settings_window.gd:32)
       [4] _ready (res://src/ui/widgets/ui_window.gd:30)
       [5] _add_window (res://src/ui/ui_root.gd:82)
       [6] _ready (res://src/ui/ui_root.gd:48)
       [7] test_opens_once_per_hero (res://tests/unit/test_guide.gd:114)
       [8] _ready (res://tests/run_tests.gd:40)
       [9] test_web_spit_roots_the_hero (res://tests/unit/test_enemies2.gd:466)
       [10] _frames (res://tests/unit/test_enemies2.gd:35)
ERROR: Not supported by this display server.
   at: keyboard_get_label_from_physical (servers/display/display_server.cpp:1228)
   GDScript backtrace (most recent call first):
       [0] binding_text (res://src/autoload/settings.gd:445)
       [1] _controls (res://src/ui/windows/settings_window.gd:189)
       [2] _page (res://src/ui/windows/settings_window.gd:68)
       [3] _build (res://src/ui/windows/settings_window.gd:32)
       [4] _ready (res://src/ui/widgets/ui_window.gd:30)
       [5] _add_window (res://src/ui/ui_root.gd:82)
       [6] _ready (res://src/ui/ui_root.gd:48)
       [7] test_opens_once_per_hero (res://tests/unit/test_guide.gd:114)
       [8] _ready (res://tests/run_tests.gd:40)
       [9] test_web_spit_roots_the_hero (res://tests/unit/test_enemies2.gd:466)
       [10] _frames (res://tests/unit/test_enemies2.gd:35)
ERROR: Not supported by this display server.
   at: keyboard_get_label_from_physical (servers/display/display_server.cpp:1228)
   GDScript backtrace (most recent call first):
       [0] binding_text (res://src/autoload/settings.gd:445)
       [1] _controls (res://src/ui/windows/settings_window.gd:189)
       [2] _page (res://src/ui/windows/settings_window.gd:68)
       [3] _build (res://src/ui/windows/settings_window.gd:32)
       [4] _ready (res://src/ui/widgets/ui_window.gd:30)
       [5] _add_window (res://src/ui/ui_root.gd:82)
       [6] _ready (res://src/ui/ui_root.gd:48)
       [7] test_opens_once_per_hero (res://tests/unit/test_guide.gd:114)
       [8] _ready (res://tests/run_tests.gd:40)
       [9] test_web_spit_roots_the_hero (res://tests/unit/test_enemies2.gd:466)
       [10] _frames (res://tests/unit/test_enemies2.gd:35)
ERROR: Not supported by this display server.
   at: keyboard_get_label_from_physical (servers/display/display_server.cpp:1228)
   GDScript backtrace (most recent call first):
       [0] binding_text (res://src/autoload/settings.gd:445)
       [1] _controls (res://src/ui/windows/settings_window.gd:189)
       [2] _page (res://src/ui/windows/settings_window.gd:68)
       [3] _build (res://src/ui/windows/settings_window.gd:32)
       [4] _ready (res://src/ui/widgets/ui_window.gd:30)
       [5] _add_window (res://src/ui/ui_root.gd:82)
       [6] _ready (res://src/ui/ui_root.gd:48)
       [7] test_opens_once_per_hero (res://tests/unit/test_guide.gd:114)
       [8] _ready (res://tests/run_tests.gd:40)
       [9] test_web_spit_roots_the_hero (res://tests/unit/test_enemies2.gd:466)
       [10] _frames (res://tests/unit/test_enemies2.gd:35)
ERROR: Not supported by this display server.
   at: keyboard_get_label_from_physical (servers/display/display_server.cpp:1228)
   GDScript backtrace (most recent call first):
       [0] binding_text (res://src/autoload/settings.gd:445)
       [1] _controls (res://src/ui/windows/settings_window.gd:189)
       [2] _page (res://src/ui/windows/settings_window.gd:68)
       [3] _build (res://src/ui/windows/settings_window.gd:32)
       [4] _ready (res://src/ui/widgets/ui_window.gd:30)
       [5] _add_window (res://src/ui/ui_root.gd:82)
       [6] _ready (res://src/ui/ui_root.gd:48)
       [7] test_opens_once_per_hero (res://tests/unit/test_guide.gd:114)
       [8] _ready (res://tests/run_tests.gd:40)
       [9] test_web_spit_roots_the_hero (res://tests/unit/test_enemies2.gd:466)
       [10] _frames (res://tests/unit/test_enemies2.gd:35)
ERROR: Not supported by this display server.
   at: keyboard_get_label_from_physical (servers/display/display_server.cpp:1228)
   GDScript backtrace (most recent call first):
       [0] binding_text (res://src/autoload/settings.gd:445)
       [1] _controls (res://src/ui/windows/settings_window.gd:189)
       [2] _page (res://src/ui/windows/settings_window.gd:68)
       [3] _build (res://src/ui/windows/settings_window.gd:32)
       [4] _ready (res://src/ui/widgets/ui_window.gd:30)
       [5] _add_window (res://src/ui/ui_root.gd:82)
       [6] _ready (res://src/ui/ui_root.gd:48)
       [7] test_opens_once_per_hero (res://tests/unit/test_guide.gd:114)
       [8] _ready (res://tests/run_tests.gd:40)
       [9] test_web_spit_roots_the_hero (res://tests/unit/test_enemies2.gd:466)
       [10] _frames (res://tests/unit/test_enemies2.gd:35)
ERROR: Not supported by this display server.
   at: keyboard_get_label_from_physical (servers/display/display_server.cpp:1228)
   GDScript backtrace (most recent call first):
       [0] binding_text (res://src/autoload/settings.gd:445)
       [1] _controls (res://src/ui/windows/settings_window.gd:189)
       [2] _page (res://src/ui/windows/settings_window.gd:68)
       [3] _build (res://src/ui/windows/settings_window.gd:32)
       [4] _ready (res://src/ui/widgets/ui_window.gd:30)
       [5] _add_window (res://src/ui/ui_root.gd:82)
       [6] _ready (res://src/ui/ui_root.gd:48)
       [7] test_opens_once_per_hero (res://tests/unit/test_guide.gd:114)
       [8] _ready (res://tests/run_tests.gd:40)
       [9] test_web_spit_roots_the_hero (res://tests/unit/test_enemies2.gd:466)
       [10] _frames (res://tests/unit/test_enemies2.gd:35)
ERROR: Not supported by this display server.
   at: keyboard_get_label_from_physical (servers/display/display_server.cpp:1228)
   GDScript backtrace (most recent call first):
       [0] binding_text (res://src/autoload/settings.gd:445)
       [1] _controls (res://src/ui/windows/settings_window.gd:189)
       [2] _page (res://src/ui/windows/settings_window.gd:68)
       [3] _build (res://src/ui/windows/settings_window.gd:32)
       [4] _ready (res://src/ui/widgets/ui_window.gd:30)
       [5] _add_window (res://src/ui/ui_root.gd:82)
       [6] _ready (res://src/ui/ui_root.gd:48)
       [7] test_opens_once_per_hero (res://tests/unit/test_guide.gd:114)
       [8] _ready (res://tests/run_tests.gd:40)
       [9] test_web_spit_roots_the_hero (res://tests/unit/test_enemies2.gd:466)
       [10] _frames (res://tests/unit/test_enemies2.gd:35)
ERROR: Not supported by this display server.
   at: keyboard_get_label_from_physical (servers/display/display_server.cpp:1228)
   GDScript backtrace (most recent call first):
       [0] binding_text (res://src/autoload/settings.gd:445)
       [1] _controls (res://src/ui/windows/settings_window.gd:189)
       [2] _page (res://src/ui/windows/settings_window.gd:68)
       [3] _build (res://src/ui/windows/settings_window.gd:32)
       [4] _ready (res://src/ui/widgets/ui_window.gd:30)
       [5] _add_window (res://src/ui/ui_root.gd:82)
       [6] _ready (res://src/ui/ui_root.gd:48)
       [7] test_opens_once_per_hero (res://tests/unit/test_guide.gd:114)
       [8] _ready (res://tests/run_tests.gd:40)
       [9] test_web_spit_roots_the_hero (res://tests/unit/test_enemies2.gd:466)
       [10] _frames (res://tests/unit/test_enemies2.gd:35)
ERROR: Not supported by this display server.
   at: keyboard_get_label_from_physical (servers/display/display_server.cpp:1228)
   GDScript backtrace (most recent call first):
       [0] binding_text (res://src/autoload/settings.gd:445)
       [1] _controls (res://src/ui/windows/settings_window.gd:189)
       [2] _page (res://src/ui/windows/settings_window.gd:68)
       [3] _build (res://src/ui/windows/settings_window.gd:32)
       [4] _ready (res://src/ui/widgets/ui_window.gd:30)
       [5] _add_window (res://src/ui/ui_root.gd:82)
       [6] _ready (res://src/ui/ui_root.gd:48)
       [7] test_opens_once_per_hero (res://tests/unit/test_guide.gd:114)
       [8] _ready (res://tests/run_tests.gd:40)
       [9] test_web_spit_roots_the_hero (res://tests/unit/test_enemies2.gd:466)
       [10] _frames (res://tests/unit/test_enemies2.gd:35)
ERROR: Not supported by this display server.
   at: keyboard_get_label_from_physical (servers/display/display_server.cpp:1228)
   GDScript backtrace (most recent call first):
       [0] binding_text (res://src/autoload/settings.gd:445)
       [1] _controls (res://src/ui/windows/settings_window.gd:189)
       [2] _page (res://src/ui/windows/settings_window.gd:68)
       [3] _build (res://src/ui/windows/settings_window.gd:32)
       [4] _ready (res://src/ui/widgets/ui_window.gd:30)
       [5] _add_window (res://src/ui/ui_root.gd:82)
       [6] _ready (res://src/ui/ui_root.gd:48)
       [7] test_opens_once_per_hero (res://tests/unit/test_guide.gd:114)
       [8] _ready (res://tests/run_tests.gd:40)
       [9] test_web_spit_roots_the_hero (res://tests/unit/test_enemies2.gd:466)
       [10] _frames (res://tests/unit/test_enemies2.gd:35)
ERROR: Not supported by this display server.
   at: keyboard_get_label_from_physical (servers/display/display_server.cpp:1228)
   GDScript backtrace (most recent call first):
       [0] binding_text (res://src/autoload/settings.gd:445)
       [1] _controls (res://src/ui/windows/settings_window.gd:189)
       [2] _page (res://src/ui/windows/settings_window.gd:68)
       [3] _build (res://src/ui/windows/settings_window.gd:32)
       [4] _ready (res://src/ui/widgets/ui_window.gd:30)
       [5] _add_window (res://src/ui/ui_root.gd:82)
       [6] _ready (res://src/ui/ui_root.gd:48)
       [7] test_opens_once_per_hero (res://tests/unit/test_guide.gd:114)
       [8] _ready (res://tests/run_tests.gd:40)
       [9] test_web_spit_roots_the_hero (res://tests/unit/test_enemies2.gd:466)
       [10] _frames (res://tests/unit/test_enemies2.gd:35)
ERROR: Not supported by this display server.
   at: keyboard_get_label_from_physical (servers/display/display_server.cpp:1228)
   GDScript backtrace (most recent call first):
       [0] binding_text (res://src/autoload/settings.gd:445)
       [1] _controls (res://src/ui/windows/settings_window.gd:189)
       [2] _page (res://src/ui/windows/settings_window.gd:68)
       [3] _build (res://src/ui/windows/settings_window.gd:32)
       [4] _ready (res://src/ui/widgets/ui_window.gd:30)
       [5] _add_window (res://src/ui/ui_root.gd:82)
       [6] _ready (res://src/ui/ui_root.gd:48)
       [7] test_opens_once_per_hero (res://tests/unit/test_guide.gd:114)
       [8] _ready (res://tests/run_tests.gd:40)
       [9] test_web_spit_roots_the_hero (res://tests/unit/test_enemies2.gd:466)
       [10] _frames (res://tests/unit/test_enemies2.gd:35)
ERROR: Not supported by this display server.
   at: keyboard_get_label_from_physical (servers/display/display_server.cpp:1228)
   GDScript backtrace (most recent call first):
       [0] binding_text (res://src/autoload/settings.gd:445)
       [1] _controls (res://src/ui/windows/settings_window.gd:189)
       [2] _page (res://src/ui/windows/settings_window.gd:68)
       [3] _build (res://src/ui/windows/settings_window.gd:32)
       [4] _ready (res://src/ui/widgets/ui_window.gd:30)
       [5] _add_window (res://src/ui/ui_root.gd:82)
       [6] _ready (res://src/ui/ui_root.gd:48)
       [7] test_opens_once_per_hero (res://tests/unit/test_guide.gd:114)
       [8] _ready (res://tests/run_tests.gd:40)
       [9] test_web_spit_roots_the_hero (res://tests/unit/test_enemies2.gd:466)
       [10] _frames (res://tests/unit/test_enemies2.gd:35)
ERROR: Not supported by this display server.
   at: keyboard_get_label_from_physical (servers/display/display_server.cpp:1228)
   GDScript backtrace (most recent call first):
       [0] binding_text (res://src/autoload/settings.gd:445)
       [1] _controls (res://src/ui/windows/settings_window.gd:189)
       [2] _page (res://src/ui/windows/settings_window.gd:68)
       [3] _build (res://src/ui/windows/settings_window.gd:32)
       [4] _ready (res://src/ui/widgets/ui_window.gd:30)
       [5] _add_window (res://src/ui/ui_root.gd:82)
       [6] _ready (res://src/ui/ui_root.gd:48)
       [7] test_opens_once_per_hero (res://tests/unit/test_guide.gd:114)
       [8] _ready (res://tests/run_tests.gd:40)
       [9] test_web_spit_roots_the_hero (res://tests/unit/test_enemies2.gd:466)
       [10] _frames (res://tests/unit/test_enemies2.gd:35)
ERROR: Not supported by this display server.
   at: keyboard_get_label_from_physical (servers/display/display_server.cpp:1228)
   GDScript backtrace (most recent call first):
       [0] binding_text (res://src/autoload/settings.gd:445)
       [1] _controls (res://src/ui/windows/settings_window.gd:189)
       [2] _page (res://src/ui/windows/settings_window.gd:68)
       [3] _build (res://src/ui/windows/settings_window.gd:32)
       [4] _ready (res://src/ui/widgets/ui_window.gd:30)
       [5] _add_window (res://src/ui/ui_root.gd:82)
       [6] _ready (res://src/ui/ui_root.gd:48)
       [7] test_opens_once_per_hero (res://tests/unit/test_guide.gd:114)
       [8] _ready (res://tests/run_tests.gd:40)
       [9] test_web_spit_roots_the_hero (res://tests/unit/test_enemies2.gd:466)
       [10] _frames (res://tests/unit/test_enemies2.gd:35)
ERROR: Not supported by this display server.
   at: keyboard_get_label_from_physical (servers/display/display_server.cpp:1228)
   GDScript backtrace (most recent call first):
       [0] binding_text (res://src/autoload/settings.gd:445)
       [1] _controls (res://src/ui/windows/settings_window.gd:189)
       [2] _page (res://src/ui/windows/settings_window.gd:68)
       [3] _build (res://src/ui/windows/settings_window.gd:32)
       [4] _ready (res://src/ui/widgets/ui_window.gd:30)
       [5] _add_window (res://src/ui/ui_root.gd:82)
       [6] _ready (res://src/ui/ui_root.gd:48)
       [7] test_opens_once_per_hero (res://tests/unit/test_guide.gd:114)
       [8] _ready (res://tests/run_tests.gd:40)
       [9] test_web_spit_roots_the_hero (res://tests/unit/test_enemies2.gd:466)
       [10] _frames (res://tests/unit/test_enemies2.gd:35)
ERROR: Not supported by this display server.
   at: keyboard_get_label_from_physical (servers/display/display_server.cpp:1228)
   GDScript backtrace (most recent call first):
       [0] binding_text (res://src/autoload/settings.gd:445)
       [1] _controls (res://src/ui/windows/settings_window.gd:189)
       [2] _page (res://src/ui/windows/settings_window.gd:68)
       [3] _build (res://src/ui/windows/settings_window.gd:32)
       [4] _ready (res://src/ui/widgets/ui_window.gd:30)
       [5] _add_window (res://src/ui/ui_root.gd:82)
       [6] _ready (res://src/ui/ui_root.gd:48)
       [7] test_opens_once_per_hero (res://tests/unit/test_guide.gd:114)
       [8] _ready (res://tests/run_tests.gd:40)
       [9] test_web_spit_roots_the_hero (res://tests/unit/test_enemies2.gd:466)
       [10] _frames (res://tests/unit/test_enemies2.gd:35)
ERROR: Not supported by this display server.
   at: keyboard_get_label_from_physical (servers/display/display_server.cpp:1228)
   GDScript backtrace (most recent call first):
       [0] binding_text (res://src/autoload/settings.gd:445)
       [1] _controls (res://src/ui/windows/settings_window.gd:189)
       [2] _page (res://src/ui/windows/settings_window.gd:68)
       [3] _build (res://src/ui/windows/settings_window.gd:32)
       [4] _ready (res://src/ui/widgets/ui_window.gd:30)
       [5] _add_window (res://src/ui/ui_root.gd:82)
       [6] _ready (res://src/ui/ui_root.gd:48)
       [7] test_opens_once_per_hero (res://tests/unit/test_guide.gd:114)
       [8] _ready (res://tests/run_tests.gd:40)
       [9] test_web_spit_roots_the_hero (res://tests/unit/test_enemies2.gd:466)
       [10] _frames (res://tests/unit/test_enemies2.gd:35)
ERROR: Not supported by this display server.
   at: keyboard_get_label_from_physical (servers/display/display_server.cpp:1228)
   GDScript backtrace (most recent call first):
       [0] binding_text (res://src/autoload/settings.gd:445)
       [1] _controls (res://src/ui/windows/settings_window.gd:189)
       [2] _page (res://src/ui/windows/settings_window.gd:68)
       [3] _build (res://src/ui/windows/settings_window.gd:32)
       [4] _ready (res://src/ui/widgets/ui_window.gd:30)
       [5] _add_window (res://src/ui/ui_root.gd:82)
       [6] _ready (res://src/ui/ui_root.gd:48)
       [7] test_opens_once_per_hero (res://tests/unit/test_guide.gd:114)
       [8] _ready (res://tests/run_tests.gd:40)
       [9] test_web_spit_roots_the_hero (res://tests/unit/test_enemies2.gd:466)
       [10] _frames (res://tests/unit/test_enemies2.gd:35)
ERROR: Not supported by this display server.
   at: keyboard_get_label_from_physical (servers/display/display_server.cpp:1228)
   GDScript backtrace (most recent call first):
       [0] binding_text (res://src/autoload/settings.gd:445)
       [1] _controls (res://src/ui/windows/settings_window.gd:189)
       [2] _page (res://src/ui/windows/settings_window.gd:68)
       [3] _build (res://src/ui/windows/settings_window.gd:32)
       [4] _ready (res://src/ui/widgets/ui_window.gd:30)
       [5] _add_window (res://src/ui/ui_root.gd:82)
       [6] _ready (res://src/ui/ui_root.gd:48)
       [7] test_opens_once_per_hero (res://tests/unit/test_guide.gd:114)
       [8] _ready (res://tests/run_tests.gd:40)
       [9] test_web_spit_roots_the_hero (res://tests/unit/test_enemies2.gd:466)
       [10] _frames (res://tests/unit/test_enemies2.gd:35)
ERROR: Not supported by this display server.
   at: keyboard_get_label_from_physical (servers/display/display_server.cpp:1228)
   GDScript backtrace (most recent call first):
       [0] binding_text (res://src/autoload/settings.gd:445)
       [1] _controls (res://src/ui/windows/settings_window.gd:189)
       [2] _page (res://src/ui/windows/settings_window.gd:68)
       [3] _build (res://src/ui/windows/settings_window.gd:32)
       [4] _ready (res://src/ui/widgets/ui_window.gd:30)
       [5] _add_window (res://src/ui/ui_root.gd:82)
       [6] _ready (res://src/ui/ui_root.gd:48)
       [7] test_opens_once_per_hero (res://tests/unit/test_guide.gd:114)
       [8] _ready (res://tests/run_tests.gd:40)
       [9] test_web_spit_roots_the_hero (res://tests/unit/test_enemies2.gd:466)
       [10] _frames (res://tests/unit/test_enemies2.gd:35)
ERROR: Not supported by this display server.
   at: keyboard_get_label_from_physical (servers/display/display_server.cpp:1228)
   GDScript backtrace (most recent call first):
       [0] binding_text (res://src/autoload/settings.gd:445)
       [1] _controls (res://src/ui/windows/settings_window.gd:189)
       [2] _page (res://src/ui/windows/settings_window.gd:68)
       [3] _build (res://src/ui/windows/settings_window.gd:32)
       [4] _ready (res://src/ui/widgets/ui_window.gd:30)
       [5] _add_window (res://src/ui/ui_root.gd:82)
       [6] _ready (res://src/ui/ui_root.gd:48)
       [7] test_opens_once_per_hero (res://tests/unit/test_guide.gd:114)
       [8] _ready (res://tests/run_tests.gd:40)
       [9] test_web_spit_roots_the_hero (res://tests/unit/test_enemies2.gd:466)
       [10] _frames (res://tests/unit/test_enemies2.gd:35)
ERROR: Not supported by this display server.
   at: keyboard_get_label_from_physical (servers/display/display_server.cpp:1228)
   GDScript backtrace (most recent call first):
       [0] binding_text (res://src/autoload/settings.gd:445)
       [1] _controls (res://src/ui/windows/settings_window.gd:189)
       [2] _page (res://src/ui/windows/settings_window.gd:68)
       [3] _build (res://src/ui/windows/settings_window.gd:32)
       [4] _ready (res://src/ui/widgets/ui_window.gd:30)
       [5] _add_window (res://src/ui/ui_root.gd:82)
       [6] _ready (res://src/ui/ui_root.gd:48)
       [7] test_opens_once_per_hero (res://tests/unit/test_guide.gd:114)
       [8] _ready (res://tests/run_tests.gd:40)
       [9] test_web_spit_roots_the_hero (res://tests/unit/test_enemies2.gd:466)
       [10] _frames (res://tests/unit/test_enemies2.gd:35)
ERROR: Not supported by this display server.
   at: keyboard_get_label_from_physical (servers/display/display_server.cpp:1228)
   GDScript backtrace (most recent call first):
       [0] binding_text (res://src/autoload/settings.gd:445)
       [1] _controls (res://src/ui/windows/settings_window.gd:189)
       [2] _page (res://src/ui/windows/settings_window.gd:68)
       [3] _build (res://src/ui/windows/settings_window.gd:32)
       [4] _ready (res://src/ui/widgets/ui_window.gd:30)
       [5] _add_window (res://src/ui/ui_root.gd:82)
       [6] _ready (res://src/ui/ui_root.gd:48)
       [7] test_opens_once_per_hero (res://tests/unit/test_guide.gd:114)
       [8] _ready (res://tests/run_tests.gd:40)
       [9] test_web_spit_roots_the_hero (res://tests/unit/test_enemies2.gd:466)
       [10] _frames (res://tests/unit/test_enemies2.gd:35)
ERROR: Not supported by this display server.
   at: keyboard_get_label_from_physical (servers/display/display_server.cpp:1228)
   GDScript backtrace (most recent call first):
       [0] binding_text (res://src/autoload/settings.gd:445)
       [1] _controls (res://src/ui/windows/settings_window.gd:189)
       [2] _page (res://src/ui/windows/settings_window.gd:68)
       [3] _build (res://src/ui/windows/settings_window.gd:32)
       [4] _ready (res://src/ui/widgets/ui_window.gd:30)
       [5] _add_window (res://src/ui/ui_root.gd:82)
       [6] _ready (res://src/ui/ui_root.gd:48)
       [7] test_opens_once_per_hero (res://tests/unit/test_guide.gd:114)
       [8] _ready (res://tests/run_tests.gd:40)
       [9] test_web_spit_roots_the_hero (res://tests/unit/test_enemies2.gd:466)
       [10] _frames (res://tests/unit/test_enemies2.gd:35)
ERROR: Not supported by this display server.
   at: keyboard_get_label_from_physical (servers/display/display_server.cpp:1228)
   GDScript backtrace (most recent call first):
       [0] binding_text (res://src/autoload/settings.gd:445)
       [1] _controls (res://src/ui/windows/settings_window.gd:189)
       [2] _page (res://src/ui/windows/settings_window.gd:68)
       [3] _build (res://src/ui/windows/settings_window.gd:32)
       [4] _ready (res://src/ui/widgets/ui_window.gd:30)
       [5] _add_window (res://src/ui/ui_root.gd:82)
       [6] _ready (res://src/ui/ui_root.gd:48)
       [7] test_opens_once_per_hero (res://tests/unit/test_guide.gd:114)
       [8] _ready (res://tests/run_tests.gd:40)
       [9] test_web_spit_roots_the_hero (res://tests/unit/test_enemies2.gd:466)
       [10] _frames (res://tests/unit/test_enemies2.gd:35)
ERROR: Not supported by this display server.
   at: keyboard_get_label_from_physical (servers/display/display_server.cpp:1228)
   GDScript backtrace (most recent call first):
       [0] binding_text (res://src/autoload/settings.gd:445)
       [1] _controls (res://src/ui/windows/settings_window.gd:189)
       [2] _page (res://src/ui/windows/settings_window.gd:68)
       [3] _build (res://src/ui/windows/settings_window.gd:32)
       [4] _ready (res://src/ui/widgets/ui_window.gd:30)
       [5] _add_window (res://src/ui/ui_root.gd:82)
       [6] _ready (res://src/ui/ui_root.gd:48)
       [7] test_opens_once_per_hero (res://tests/unit/test_guide.gd:114)
       [8] _ready (res://tests/run_tests.gd:40)
       [9] test_web_spit_roots_the_hero (res://tests/unit/test_enemies2.gd:466)
       [10] _frames (res://tests/unit/test_enemies2.gd:35)
ERROR: Not supported by this display server.
   at: keyboard_get_label_from_physical (servers/display/display_server.cpp:1228)
   GDScript backtrace (most recent call first):
       [0] binding_text (res://src/autoload/settings.gd:445)
       [1] _controls (res://src/ui/windows/settings_window.gd:189)
       [2] _page (res://src/ui/windows/settings_window.gd:68)
       [3] _build (res://src/ui/windows/settings_window.gd:32)
       [4] _ready (res://src/ui/widgets/ui_window.gd:30)
       [5] _add_window (res://src/ui/ui_root.gd:82)
       [6] _ready (res://src/ui/ui_root.gd:48)
       [7] test_opens_once_per_hero (res://tests/unit/test_guide.gd:114)
       [8] _ready (res://tests/run_tests.gd:40)
       [9] test_web_spit_roots_the_hero (res://tests/unit/test_enemies2.gd:466)
       [10] _frames (res://tests/unit/test_enemies2.gd:35)
ERROR: Not supported by this display server.
   at: keyboard_get_label_from_physical (servers/display/display_server.cpp:1228)
   GDScript backtrace (most recent call first):
       [0] binding_text (res://src/autoload/settings.gd:445)
       [1] _controls (res://src/ui/windows/settings_window.gd:189)
       [2] _page (res://src/ui/windows/settings_window.gd:68)
       [3] _build (res://src/ui/windows/settings_window.gd:32)
       [4] _ready (res://src/ui/widgets/ui_window.gd:30)
       [5] _add_window (res://src/ui/ui_root.gd:82)
       [6] _ready (res://src/ui/ui_root.gd:48)
       [7] test_opens_once_per_hero (res://tests/unit/test_guide.gd:114)
       [8] _ready (res://tests/run_tests.gd:40)
       [9] test_web_spit_roots_the_hero (res://tests/unit/test_enemies2.gd:466)
       [10] _frames (res://tests/unit/test_enemies2.gd:35)
ERROR: Not supported by this display server.
   at: keyboard_get_label_from_physical (servers/display/display_server.cpp:1228)
   GDScript backtrace (most recent call first):
       [0] binding_text (res://src/autoload/settings.gd:445)
       [1] _controls (res://src/ui/windows/settings_window.gd:189)
       [2] _page (res://src/ui/windows/settings_window.gd:68)
       [3] _build (res://src/ui/windows/settings_window.gd:32)
       [4] _ready (res://src/ui/widgets/ui_window.gd:30)
       [5] _add_window (res://src/ui/ui_root.gd:82)
       [6] _ready (res://src/ui/ui_root.gd:48)
       [7] test_opens_once_per_hero (res://tests/unit/test_guide.gd:114)
       [8] _ready (res://tests/run_tests.gd:40)
       [9] test_web_spit_roots_the_hero (res://tests/unit/test_enemies2.gd:466)
       [10] _frames (res://tests/unit/test_enemies2.gd:35)
ERROR: Not supported by this display server.
   at: keyboard_get_label_from_physical (servers/display/display_server.cpp:1228)
   GDScript backtrace (most recent call first):
       [0] binding_text (res://src/autoload/settings.gd:445)
       [1] _controls (res://src/ui/windows/settings_window.gd:189)
       [2] _page (res://src/ui/windows/settings_window.gd:68)
       [3] _build (res://src/ui/windows/settings_window.gd:32)
       [4] _ready (res://src/ui/widgets/ui_window.gd:30)
       [5] _add_window (res://src/ui/ui_root.gd:82)
       [6] _ready (res://src/ui/ui_root.gd:48)
       [7] test_opens_once_per_hero (res://tests/unit/test_guide.gd:114)
       [8] _ready (res://tests/run_tests.gd:40)
       [9] test_web_spit_roots_the_hero (res://tests/unit/test_enemies2.gd:466)
       [10] _frames (res://tests/unit/test_enemies2.gd:35)
ERROR: Not supported by this display server.
   at: keyboard_get_label_from_physical (servers/display/display_server.cpp:1228)
   GDScript backtrace (most recent call first):
       [0] binding_text (res://src/autoload/settings.gd:445)
       [1] _controls (res://src/ui/windows/settings_window.gd:189)
       [2] _page (res://src/ui/windows/settings_window.gd:68)
       [3] _build (res://src/ui/windows/settings_window.gd:32)
       [4] _ready (res://src/ui/widgets/ui_window.gd:30)
       [5] _add_window (res://src/ui/ui_root.gd:82)
       [6] _ready (res://src/ui/ui_root.gd:48)
       [7] test_opens_once_per_hero (res://tests/unit/test_guide.gd:114)
       [8] _ready (res://tests/run_tests.gd:40)
       [9] test_web_spit_roots_the_hero (res://tests/unit/test_enemies2.gd:466)
       [10] _frames (res://tests/unit/test_enemies2.gd:35)
ERROR: Not supported by this display server.
   at: keyboard_get_label_from_physical (servers/display/display_server.cpp:1228)
   GDScript backtrace (most recent call first):
       [0] binding_text (res://src/autoload/settings.gd:445)
       [1] _controls (res://src/ui/windows/settings_window.gd:189)
       [2] _page (res://src/ui/windows/settings_window.gd:68)
       [3] _build (res://src/ui/windows/settings_window.gd:32)
       [4] _ready (res://src/ui/widgets/ui_window.gd:30)
       [5] _add_window (res://src/ui/ui_root.gd:82)
       [6] _ready (res://src/ui/ui_root.gd:48)
       [7] test_opens_once_per_hero (res://tests/unit/test_guide.gd:114)
       [8] _ready (res://tests/run_tests.gd:40)
       [9] test_web_spit_roots_the_hero (res://tests/unit/test_enemies2.gd:466)
       [10] _frames (res://tests/unit/test_enemies2.gd:35)
ERROR: Not supported by this display server.
   at: keyboard_get_label_from_physical (servers/display/display_server.cpp:1228)
   GDScript backtrace (most recent call first):
       [0] binding_text (res://src/autoload/settings.gd:445)
       [1] _controls (res://src/ui/windows/settings_window.gd:189)
       [2] _page (res://src/ui/windows/settings_window.gd:68)
       [3] _build (res://src/ui/windows/settings_window.gd:32)
       [4] _ready (res://src/ui/widgets/ui_window.gd:30)
       [5] _add_window (res://src/ui/ui_root.gd:82)
       [6] _ready (res://src/ui/ui_root.gd:48)
       [7] test_opens_once_per_hero (res://tests/unit/test_guide.gd:114)
       [8] _ready (res://tests/run_tests.gd:40)
       [9] test_web_spit_roots_the_hero (res://tests/unit/test_enemies2.gd:466)
       [10] _frames (res://tests/unit/test_enemies2.gd:35)
ERROR: Not supported by this display server.
   at: keyboard_get_label_from_physical (servers/display/display_server.cpp:1228)
   GDScript backtrace (most recent call first):
       [0] binding_text (res://src/autoload/settings.gd:445)
       [1] _controls (res://src/ui/windows/settings_window.gd:189)
       [2] _page (res://src/ui/windows/settings_window.gd:68)
       [3] _build (res://src/ui/windows/settings_window.gd:32)
       [4] _ready (res://src/ui/widgets/ui_window.gd:30)
       [5] _add_window (res://src/ui/ui_root.gd:82)
       [6] _ready (res://src/ui/ui_root.gd:48)
       [7] test_opens_once_per_hero (res://tests/unit/test_guide.gd:114)
       [8] _ready (res://tests/run_tests.gd:40)
       [9] test_web_spit_roots_the_hero (res://tests/unit/test_enemies2.gd:466)
       [10] _frames (res://tests/unit/test_enemies2.gd:35)
ERROR: Not supported by this display server.
   at: keyboard_get_label_from_physical (servers/display/display_server.cpp:1228)
   GDScript backtrace (most recent call first):
       [0] binding_text (res://src/autoload/settings.gd:445)
       [1] _controls (res://src/ui/windows/settings_window.gd:189)
       [2] _page (res://src/ui/windows/settings_window.gd:68)
       [3] _build (res://src/ui/windows/settings_window.gd:32)
       [4] _ready (res://src/ui/widgets/ui_window.gd:30)
       [5] _add_window (res://src/ui/ui_root.gd:82)
       [6] _ready (res://src/ui/ui_root.gd:48)
       [7] test_opens_once_per_hero (res://tests/unit/test_guide.gd:114)
       [8] _ready (res://tests/run_tests.gd:40)
       [9] test_web_spit_roots_the_hero (res://tests/unit/test_enemies2.gd:466)
       [10] _frames (res://tests/unit/test_enemies2.gd:35)
ERROR: Not supported by this display server.
   at: keyboard_get_label_from_physical (servers/display/display_server.cpp:1228)
   GDScript backtrace (most recent call first):
       [0] binding_text (res://src/autoload/settings.gd:445)
       [1] _controls (res://src/ui/windows/settings_window.gd:189)
       [2] _page (res://src/ui/windows/settings_window.gd:68)
       [3] _build (res://src/ui/windows/settings_window.gd:32)
       [4] _ready (res://src/ui/widgets/ui_window.gd:30)
       [5] _add_window (res://src/ui/ui_root.gd:82)
       [6] _ready (res://src/ui/ui_root.gd:48)
       [7] test_opens_once_per_hero (res://tests/unit/test_guide.gd:114)
       [8] _ready (res://tests/run_tests.gd:40)
       [9] test_web_spit_roots_the_hero (res://tests/unit/test_enemies2.gd:466)
       [10] _frames (res://tests/unit/test_enemies2.gd:35)
ERROR: Not supported by this display server.
   at: keyboard_get_label_from_physical (servers/display/display_server.cpp:1228)
   GDScript backtrace (most recent call first):
       [0] binding_text (res://src/autoload/settings.gd:445)
       [1] _controls (res://src/ui/windows/settings_window.gd:189)
       [2] _page (res://src/ui/windows/settings_window.gd:68)
       [3] _build (res://src/ui/windows/settings_window.gd:32)
       [4] _ready (res://src/ui/widgets/ui_window.gd:30)
       [5] _add_window (res://src/ui/ui_root.gd:82)
       [6] _ready (res://src/ui/ui_root.gd:48)
       [7] test_opens_once_per_hero (res://tests/unit/test_guide.gd:114)
       [8] _ready (res://tests/run_tests.gd:40)
       [9] test_web_spit_roots_the_hero (res://tests/unit/test_enemies2.gd:466)
       [10] _frames (res://tests/unit/test_enemies2.gd:35)
ERROR: Not supported by this display server.
   at: keyboard_get_label_from_physical (servers/display/display_server.cpp:1228)
   GDScript backtrace (most recent call first):
       [0] binding_text (res://src/autoload/settings.gd:445)
       [1] _controls (res://src/ui/windows/settings_window.gd:189)
       [2] _page (res://src/ui/windows/settings_window.gd:68)
       [3] _build (res://src/ui/windows/settings_window.gd:32)
       [4] _ready (res://src/ui/widgets/ui_window.gd:30)
       [5] _add_window (res://src/ui/ui_root.gd:82)
       [6] _ready (res://src/ui/ui_root.gd:48)
       [7] test_opens_once_per_hero (res://tests/unit/test_guide.gd:114)
       [8] _ready (res://tests/run_tests.gd:40)
       [9] test_web_spit_roots_the_hero (res://tests/unit/test_enemies2.gd:466)
       [10] _frames (res://tests/unit/test_enemies2.gd:35)
ERROR: Not supported by this display server.
   at: keyboard_get_label_from_physical (servers/display/display_server.cpp:1228)
   GDScript backtrace (most recent call first):
       [0] binding_text (res://src/autoload/settings.gd:445)
       [1] _controls (res://src/ui/windows/settings_window.gd:189)
       [2] _page (res://src/ui/windows/settings_window.gd:68)
       [3] _build (res://src/ui/windows/settings_window.gd:32)
       [4] _ready (res://src/ui/widgets/ui_window.gd:30)
       [5] _add_window (res://src/ui/ui_root.gd:82)
       [6] _ready (res://src/ui/ui_root.gd:48)
       [7] test_opens_once_per_hero (res://tests/unit/test_guide.gd:114)
       [8] _ready (res://tests/run_tests.gd:40)
       [9] test_web_spit_roots_the_hero (res://tests/unit/test_enemies2.gd:466)
       [10] _frames (res://tests/unit/test_enemies2.gd:35)
ERROR: Not supported by this display server.
   at: keyboard_get_label_from_physical (servers/display/display_server.cpp:1228)
   GDScript backtrace (most recent call first):
       [0] binding_text (res://src/autoload/settings.gd:445)
       [1] _controls (res://src/ui/windows/settings_window.gd:189)
       [2] _page (res://src/ui/windows/settings_window.gd:68)
       [3] _build (res://src/ui/windows/settings_window.gd:32)
       [4] _ready (res://src/ui/widgets/ui_window.gd:30)
       [5] _add_window (res://src/ui/ui_root.gd:82)
       [6] _ready (res://src/ui/ui_root.gd:48)
       [7] test_opens_once_per_hero (res://tests/unit/test_guide.gd:114)
       [8] _ready (res://tests/run_tests.gd:40)
       [9] test_web_spit_roots_the_hero (res://tests/unit/test_enemies2.gd:466)
       [10] _frames (res://tests/unit/test_enemies2.gd:35)
ERROR: Not supported by this display server.
   at: keyboard_get_label_from_physical (servers/display/display_server.cpp:1228)
   GDScript backtrace (most recent call first):
       [0] binding_text (res://src/autoload/settings.gd:445)
       [1] _controls (res://src/ui/windows/settings_window.gd:189)
       [2] _page (res://src/ui/windows/settings_window.gd:68)
       [3] _build (res://src/ui/windows/settings_window.gd:32)
       [4] _ready (res://src/ui/widgets/ui_window.gd:30)
       [5] _add_window (res://src/ui/ui_root.gd:82)
       [6] _ready (res://src/ui/ui_root.gd:48)
       [7] test_opens_once_per_hero (res://tests/unit/test_guide.gd:114)
       [8] _ready (res://tests/run_tests.gd:40)
       [9] test_web_spit_roots_the_hero (res://tests/unit/test_enemies2.gd:466)
       [10] _frames (res://tests/unit/test_enemies2.gd:35)
ERROR: Not supported by this display server.
   at: keyboard_get_label_from_physical (servers/display/display_server.cpp:1228)
   GDScript backtrace (most recent call first):
       [0] binding_text (res://src/autoload/settings.gd:445)
       [1] _controls (res://src/ui/windows/settings_window.gd:189)
       [2] _page (res://src/ui/windows/settings_window.gd:68)
       [3] _build (res://src/ui/windows/settings_window.gd:32)
       [4] _ready (res://src/ui/widgets/ui_window.gd:30)
       [5] _add_window (res://src/ui/ui_root.gd:82)
       [6] _ready (res://src/ui/ui_root.gd:48)
       [7] test_opens_once_per_hero (res://tests/unit/test_guide.gd:114)
       [8] _ready (res://tests/run_tests.gd:40)
       [9] test_web_spit_roots_the_hero (res://tests/unit/test_enemies2.gd:466)
       [10] _frames (res://tests/unit/test_enemies2.gd:35)
ERROR: Not supported by this display server.
   at: keyboard_get_label_from_physical (servers/display/display_server.cpp:1228)
   GDScript backtrace (most recent call first):
       [0] binding_text (res://src/autoload/settings.gd:445)
       [1] _controls (res://src/ui/windows/settings_window.gd:189)
       [2] _page (res://src/ui/windows/settings_window.gd:68)
       [3] _build (res://src/ui/windows/settings_window.gd:32)
       [4] _ready (res://src/ui/widgets/ui_window.gd:30)
       [5] _add_window (res://src/ui/ui_root.gd:82)
       [6] _ready (res://src/ui/ui_root.gd:48)
       [7] test_opens_once_per_hero (res://tests/unit/test_guide.gd:114)
       [8] _ready (res://tests/run_tests.gd:40)
       [9] test_web_spit_roots_the_hero (res://tests/unit/test_enemies2.gd:466)
       [10] _frames (res://tests/unit/test_enemies2.gd:35)
ERROR: Not supported by this display server.
   at: keyboard_get_label_from_physical (servers/display/display_server.cpp:1228)
   GDScript backtrace (most recent call first):
       [0] binding_text (res://src/autoload/settings.gd:445)
       [1] _controls (res://src/ui/windows/settings_window.gd:189)
       [2] _page (res://src/ui/windows/settings_window.gd:68)
       [3] _build (res://src/ui/windows/settings_window.gd:32)
       [4] _ready (res://src/ui/widgets/ui_window.gd:30)
       [5] _add_window (res://src/ui/ui_root.gd:82)
       [6] _ready (res://src/ui/ui_root.gd:48)
       [7] test_opens_once_per_hero (res://tests/unit/test_guide.gd:114)
       [8] _ready (res://tests/run_tests.gd:40)
       [9] test_web_spit_roots_the_hero (res://tests/unit/test_enemies2.gd:466)
       [10] _frames (res://tests/unit/test_enemies2.gd:35)
ERROR: Not supported by this display server.
   at: keyboard_get_label_from_physical (servers/display/display_server.cpp:1228)
   GDScript backtrace (most recent call first):
       [0] binding_text (res://src/autoload/settings.gd:445)
       [1] _controls (res://src/ui/windows/settings_window.gd:189)
       [2] _page (res://src/ui/windows/settings_window.gd:68)
       [3] _build (res://src/ui/windows/settings_window.gd:32)
       [4] _ready (res://src/ui/widgets/ui_window.gd:30)
       [5] _add_window (res://src/ui/ui_root.gd:82)
       [6] _ready (res://src/ui/ui_root.gd:48)
       [7] test_opens_once_per_hero (res://tests/unit/test_guide.gd:114)
       [8] _ready (res://tests/run_tests.gd:40)
       [9] test_web_spit_roots_the_hero (res://tests/unit/test_enemies2.gd:466)
       [10] _frames (res://tests/unit/test_enemies2.gd:35)
ERROR: Not supported by this display server.
   at: keyboard_get_label_from_physical (servers/display/display_server.cpp:1228)
   GDScript backtrace (most recent call first):
       [0] binding_text (res://src/autoload/settings.gd:445)
       [1] _controls (res://src/ui/windows/settings_window.gd:189)
       [2] _page (res://src/ui/windows/settings_window.gd:68)
       [3] _build (res://src/ui/windows/settings_window.gd:32)
       [4] _ready (res://src/ui/widgets/ui_window.gd:30)
       [5] _add_window (res://src/ui/ui_root.gd:82)
       [6] _ready (res://src/ui/ui_root.gd:48)
       [7] test_opens_once_per_hero (res://tests/unit/test_guide.gd:114)
       [8] _ready (res://tests/run_tests.gd:40)
       [9] test_web_spit_roots_the_hero (res://tests/unit/test_enemies2.gd:466)
       [10] _frames (res://tests/unit/test_enemies2.gd:35)
ERROR: Not supported by this display server.
   at: keyboard_get_label_from_physical (servers/display/display_server.cpp:1228)
   GDScript backtrace (most recent call first):
       [0] binding_text (res://src/autoload/settings.gd:445)
       [1] _controls (res://src/ui/windows/settings_window.gd:189)
       [2] _page (res://src/ui/windows/settings_window.gd:68)
       [3] _build (res://src/ui/windows/settings_window.gd:32)
       [4] _ready (res://src/ui/widgets/ui_window.gd:30)
       [5] _add_window (res://src/ui/ui_root.gd:82)
       [6] _ready (res://src/ui/ui_root.gd:48)
       [7] test_opens_once_per_hero (res://tests/unit/test_guide.gd:114)
       [8] _ready (res://tests/run_tests.gd:40)
       [9] test_web_spit_roots_the_hero (res://tests/unit/test_enemies2.gd:466)
       [10] _frames (res://tests/unit/test_enemies2.gd:35)
ERROR: Not supported by this display server.
   at: keyboard_get_label_from_physical (servers/display/display_server.cpp:1228)
   GDScript backtrace (most recent call first):
       [0] binding_text (res://src/autoload/settings.gd:445)
       [1] _controls (res://src/ui/windows/settings_window.gd:189)
       [2] _page (res://src/ui/windows/settings_window.gd:68)
       [3] _build (res://src/ui/windows/settings_window.gd:32)
       [4] _ready (res://src/ui/widgets/ui_window.gd:30)
       [5] _add_window (res://src/ui/ui_root.gd:82)
       [6] _ready (res://src/ui/ui_root.gd:48)
       [7] test_opens_once_per_hero (res://tests/unit/test_guide.gd:114)
       [8] _ready (res://tests/run_tests.gd:40)
       [9] test_web_spit_roots_the_hero (res://tests/unit/test_enemies2.gd:466)
       [10] _frames (res://tests/unit/test_enemies2.gd:35)
ERROR: Not supported by this display server.
   at: keyboard_get_label_from_physical (servers/display/display_server.cpp:1228)
   GDScript backtrace (most recent call first):
       [0] binding_text (res://src/autoload/settings.gd:445)
       [1] _controls (res://src/ui/windows/settings_window.gd:189)
       [2] _page (res://src/ui/windows/settings_window.gd:68)
       [3] _build (res://src/ui/windows/settings_window.gd:32)
       [4] _ready (res://src/ui/widgets/ui_window.gd:30)
       [5] _add_window (res://src/ui/ui_root.gd:82)
       [6] _ready (res://src/ui/ui_root.gd:48)
       [7] test_opens_once_per_hero (res://tests/unit/test_guide.gd:114)
       [8] _ready (res://tests/run_tests.gd:40)
       [9] test_web_spit_roots_the_hero (res://tests/unit/test_enemies2.gd:466)
       [10] _frames (res://tests/unit/test_enemies2.gd:35)
ERROR: Not supported by this display server.
   at: keyboard_get_label_from_physical (servers/display/display_server.cpp:1228)
   GDScript backtrace (most recent call first):
       [0] binding_text (res://src/autoload/settings.gd:445)
       [1] _controls (res://src/ui/windows/settings_window.gd:189)
       [2] _page (res://src/ui/windows/settings_window.gd:68)
       [3] _build (res://src/ui/windows/settings_window.gd:32)
       [4] _ready (res://src/ui/widgets/ui_window.gd:30)
       [5] _add_window (res://src/ui/ui_root.gd:82)
       [6] _ready (res://src/ui/ui_root.gd:48)
       [7] test_opens_once_per_hero (res://tests/unit/test_guide.gd:114)
       [8] _ready (res://tests/run_tests.gd:40)
       [9] test_web_spit_roots_the_hero (res://tests/unit/test_enemies2.gd:466)
       [10] _frames (res://tests/unit/test_enemies2.gd:35)
ERROR: Not supported by this display server.
   at: keyboard_get_label_from_physical (servers/display/display_server.cpp:1228)
   GDScript backtrace (most recent call first):
       [0] binding_text (res://src/autoload/settings.gd:445)
       [1] _controls (res://src/ui/windows/settings_window.gd:189)
       [2] _page (res://src/ui/windows/settings_window.gd:68)
       [3] _build (res://src/ui/windows/settings_window.gd:32)
       [4] _ready (res://src/ui/widgets/ui_window.gd:30)
       [5] _add_window (res://src/ui/ui_root.gd:82)
       [6] _ready (res://src/ui/ui_root.gd:48)
       [7] test_opens_once_per_hero (res://tests/unit/test_guide.gd:114)
       [8] _ready (res://tests/run_tests.gd:40)
       [9] test_web_spit_roots_the_hero (res://tests/unit/test_enemies2.gd:466)
       [10] _frames (res://tests/unit/test_enemies2.gd:35)
ERROR: Not supported by this display server.
   at: keyboard_get_label_from_physical (servers/display/display_server.cpp:1228)
   GDScript backtrace (most recent call first):
       [0] binding_text (res://src/autoload/settings.gd:445)
       [1] _controls (res://src/ui/windows/settings_window.gd:189)
       [2] _page (res://src/ui/windows/settings_window.gd:68)
       [3] _build (res://src/ui/windows/settings_window.gd:32)
       [4] _ready (res://src/ui/widgets/ui_window.gd:30)
       [5] _add_window (res://src/ui/ui_root.gd:82)
       [6] _ready (res://src/ui/ui_root.gd:48)
       [7] test_opens_once_per_hero (res://tests/unit/test_guide.gd:114)
       [8] _ready (res://tests/run_tests.gd:40)
       [9] test_web_spit_roots_the_hero (res://tests/unit/test_enemies2.gd:466)
       [10] _frames (res://tests/unit/test_enemies2.gd:35)
ERROR: Not supported by this display server.
   at: keyboard_get_label_from_physical (servers/display/display_server.cpp:1228)
   GDScript backtrace (most recent call first):
       [0] binding_text (res://src/autoload/settings.gd:445)
       [1] _controls (res://src/ui/windows/settings_window.gd:189)
       [2] _page (res://src/ui/windows/settings_window.gd:68)
       [3] _build (res://src/ui/windows/settings_window.gd:32)
       [4] _ready (res://src/ui/widgets/ui_window.gd:30)
       [5] _add_window (res://src/ui/ui_root.gd:82)
       [6] _ready (res://src/ui/ui_root.gd:48)
       [7] test_opens_once_per_hero (res://tests/unit/test_guide.gd:114)
       [8] _ready (res://tests/run_tests.gd:40)
       [9] test_web_spit_roots_the_hero (res://tests/unit/test_enemies2.gd:466)
       [10] _frames (res://tests/unit/test_enemies2.gd:35)
ERROR: Not supported by this display server.
   at: keyboard_get_label_from_physical (servers/display/display_server.cpp:1228)
   GDScript backtrace (most recent call first):
       [0] binding_text (res://src/autoload/settings.gd:445)
       [1] _controls (res://src/ui/windows/settings_window.gd:189)
       [2] _page (res://src/ui/windows/settings_window.gd:68)
       [3] _build (res://src/ui/windows/settings_window.gd:32)
       [4] _ready (res://src/ui/widgets/ui_window.gd:30)
       [5] _add_window (res://src/ui/ui_root.gd:82)
       [6] _ready (res://src/ui/ui_root.gd:48)
       [7] test_opens_once_per_hero (res://tests/unit/test_guide.gd:114)
       [8] _ready (res://tests/run_tests.gd:40)
       [9] test_web_spit_roots_the_hero (res://tests/unit/test_enemies2.gd:466)
       [10] _frames (res://tests/unit/test_enemies2.gd:35)
WARNING: Can't change the size of a `SubViewport` with a `SubViewportContainer` parent that has `stretch` enabled. Set `SubViewportContainer.stretch` to `false` to allow changing the size manually.
   at: _internal_set_size (scene/main/viewport.cpp:5627)
   GDScript backtrace (most recent call first):
       [0] _on_resized (res://src/ui/widgets/character_preview.gd:113)
       [1] _ready (res://src/ui/widgets/character_preview.gd:109)
       [2] _build (res://src/ui/windows/tempo_window.gd:58)
       [3] _ready (res://src/ui/widgets/ui_window.gd:30)
       [4] _add_window (res://src/ui/ui_root.gd:82)
       [5] _ready (res://src/ui/ui_root.gd:49)
       [6] test_opens_once_per_hero (res://tests/unit/test_guide.gd:114)
       [7] _ready (res://tests/run_tests.gd:40)
       [8] test_web_spit_roots_the_hero (res://tests/unit/test_enemies2.gd:466)
       [9] _frames (res://tests/unit/test_enemies2.gd:35)
ERROR: Not supported by this display server.
   at: keyboard_get_label_from_physical (servers/display/display_server.cpp:1228)
   GDScript backtrace (most recent call first):
       [0] binding_text (res://src/autoload/settings.gd:445)
       [1] keys_text (res://src/ui/windows/guide_window.gd:163)
       [2] _controls (res://src/ui/windows/guide_window.gd:192)
       [3] refresh (res://src/ui/windows/guide_window.gd:91)
       [4] open (res://src/ui/widgets/ui_window.gd:122)
       [5] open (res://src/ui/ui_root.gd:127)
       [6] test_opens_once_per_hero (res://tests/unit/test_guide.gd:130)
       [7] _ready (res://tests/run_tests.gd:40)
       [8] test_web_spit_roots_the_hero (res://tests/unit/test_enemies2.gd:466)
       [9] _frames (res://tests/unit/test_enemies2.gd:35)
ERROR: Not supported by this display server.
   at: keyboard_get_label_from_physical (servers/display/display_server.cpp:1228)
   GDScript backtrace (most recent call first):
       [0] binding_text (res://src/autoload/settings.gd:445)
       [1] keys_text (res://src/ui/windows/guide_window.gd:163)
       [2] _controls (res://src/ui/windows/guide_window.gd:192)
       [3] refresh (res://src/ui/windows/guide_window.gd:91)
       [4] open (res://src/ui/widgets/ui_window.gd:122)
       [5] open (res://src/ui/ui_root.gd:127)
       [6] test_opens_once_per_hero (res://tests/unit/test_guide.gd:130)
       [7] _ready (res://tests/run_tests.gd:40)
       [8] test_web_spit_roots_the_hero (res://tests/unit/test_enemies2.gd:466)
       [9] _frames (res://tests/unit/test_enemies2.gd:35)
ERROR: Not supported by this display server.
   at: keyboard_get_label_from_physical (servers/display/display_server.cpp:1228)
   GDScript backtrace (most recent call first):
       [0] binding_text (res://src/autoload/settings.gd:445)
       [1] keys_text (res://src/ui/windows/guide_window.gd:163)
       [2] _controls (res://src/ui/windows/guide_window.gd:192)
       [3] refresh (res://src/ui/windows/guide_window.gd:91)
       [4] open (res://src/ui/widgets/ui_window.gd:122)
       [5] open (res://src/ui/ui_root.gd:127)
       [6] test_opens_once_per_hero (res://tests/unit/test_guide.gd:130)
       [7] _ready (res://tests/run_tests.gd:40)
       [8] test_web_spit_roots_the_hero (res://tests/unit/test_enemies2.gd:466)
       [9] _frames (res://tests/unit/test_enemies2.gd:35)
ERROR: Not supported by this display server.
   at: keyboard_get_label_from_physical (servers/display/display_server.cpp:1228)
   GDScript backtrace (most recent call first):
       [0] binding_text (res://src/autoload/settings.gd:445)
       [1] keys_text (res://src/ui/windows/guide_window.gd:163)
       [2] _controls (res://src/ui/windows/guide_window.gd:192)
       [3] refresh (res://src/ui/windows/guide_window.gd:91)
       [4] open (res://src/ui/widgets/ui_window.gd:122)
       [5] open (res://src/ui/ui_root.gd:127)
       [6] test_opens_once_per_hero (res://tests/unit/test_guide.gd:130)
       [7] _ready (res://tests/run_tests.gd:40)
       [8] test_web_spit_roots_the_hero (res://tests/unit/test_enemies2.gd:466)
       [9] _frames (res://tests/unit/test_enemies2.gd:35)
ERROR: Not supported by this display server.
   at: keyboard_get_label_from_physical (servers/display/display_server.cpp:1228)
   GDScript backtrace (most recent call first):
       [0] binding_text (res://src/autoload/settings.gd:445)
       [1] keys_text (res://src/ui/windows/guide_window.gd:163)
       [2] _controls (res://src/ui/windows/guide_window.gd:192)
       [3] refresh (res://src/ui/windows/guide_window.gd:91)
       [4] open (res://src/ui/widgets/ui_window.gd:122)
       [5] open (res://src/ui/ui_root.gd:127)
       [6] test_opens_once_per_hero (res://tests/unit/test_guide.gd:130)
       [7] _ready (res://tests/run_tests.gd:40)
       [8] test_web_spit_roots_the_hero (res://tests/unit/test_enemies2.gd:466)
       [9] _frames (res://tests/unit/test_enemies2.gd:35)
ERROR: Not supported by this display server.
   at: keyboard_get_label_from_physical (servers/display/display_server.cpp:1228)
   GDScript backtrace (most recent call first):
       [0] binding_text (res://src/autoload/settings.gd:445)
       [1] keys_text (res://src/ui/windows/guide_window.gd:163)
       [2] _controls (res://src/ui/windows/guide_window.gd:192)
       [3] refresh (res://src/ui/windows/guide_window.gd:91)
       [4] open (res://src/ui/widgets/ui_window.gd:122)
       [5] open (res://src/ui/ui_root.gd:127)
       [6] test_opens_once_per_hero (res://tests/unit/test_guide.gd:130)
       [7] _ready (res://tests/run_tests.gd:40)
       [8] test_web_spit_roots_the_hero (res://tests/unit/test_enemies2.gd:466)
       [9] _frames (res://tests/unit/test_enemies2.gd:35)
ERROR: Not supported by this display server.
   at: keyboard_get_label_from_physical (servers/display/display_server.cpp:1228)
   GDScript backtrace (most recent call first):
       [0] binding_text (res://src/autoload/settings.gd:445)
       [1] keys_text (res://src/ui/windows/guide_window.gd:163)
       [2] _controls (res://src/ui/windows/guide_window.gd:192)
       [3] refresh (res://src/ui/windows/guide_window.gd:91)
       [4] open (res://src/ui/widgets/ui_window.gd:122)
       [5] open (res://src/ui/ui_root.gd:127)
       [6] test_opens_once_per_hero (res://tests/unit/test_guide.gd:130)
       [7] _ready (res://tests/run_tests.gd:40)
       [8] test_web_spit_roots_the_hero (res://tests/unit/test_enemies2.gd:466)
       [9] _frames (res://tests/unit/test_enemies2.gd:35)
ERROR: Not supported by this display server.
   at: keyboard_get_label_from_physical (servers/display/display_server.cpp:1228)
   GDScript backtrace (most recent call first):
       [0] binding_text (res://src/autoload/settings.gd:445)
       [1] keys_text (res://src/ui/windows/guide_window.gd:163)
       [2] _controls (res://src/ui/windows/guide_window.gd:192)
       [3] refresh (res://src/ui/windows/guide_window.gd:91)
       [4] open (res://src/ui/widgets/ui_window.gd:122)
       [5] open (res://src/ui/ui_root.gd:127)
       [6] test_opens_once_per_hero (res://tests/unit/test_guide.gd:130)
       [7] _ready (res://tests/run_tests.gd:40)
       [8] test_web_spit_roots_the_hero (res://tests/unit/test_enemies2.gd:466)
       [9] _frames (res://tests/unit/test_enemies2.gd:35)
ERROR: Not supported by this display server.
   at: keyboard_get_label_from_physical (servers/display/display_server.cpp:1228)
   GDScript backtrace (most recent call first):
       [0] binding_text (res://src/autoload/settings.gd:445)
       [1] keys_text (res://src/ui/windows/guide_window.gd:163)
       [2] _controls (res://src/ui/windows/guide_window.gd:192)
       [3] refresh (res://src/ui/windows/guide_window.gd:91)
       [4] open (res://src/ui/widgets/ui_window.gd:122)
       [5] open (res://src/ui/ui_root.gd:127)
       [6] test_opens_once_per_hero (res://tests/unit/test_guide.gd:130)
       [7] _ready (res://tests/run_tests.gd:40)
       [8] test_web_spit_roots_the_hero (res://tests/unit/test_enemies2.gd:466)
       [9] _frames (res://tests/unit/test_enemies2.gd:35)
ERROR: Not supported by this display server.
   at: keyboard_get_label_from_physical (servers/display/display_server.cpp:1228)
   GDScript backtrace (most recent call first):
       [0] binding_text (res://src/autoload/settings.gd:445)
       [1] keys_text (res://src/ui/windows/guide_window.gd:163)
       [2] _controls (res://src/ui/windows/guide_window.gd:192)
       [3] refresh (res://src/ui/windows/guide_window.gd:91)
       [4] open (res://src/ui/widgets/ui_window.gd:122)
       [5] open (res://src/ui/ui_root.gd:127)
       [6] test_opens_once_per_hero (res://tests/unit/test_guide.gd:130)
       [7] _ready (res://tests/run_tests.gd:40)
       [8] test_web_spit_roots_the_hero (res://tests/unit/test_enemies2.gd:466)
       [9] _frames (res://tests/unit/test_enemies2.gd:35)
ERROR: Not supported by this display server.
   at: keyboard_get_label_from_physical (servers/display/display_server.cpp:1228)
   GDScript backtrace (most recent call first):
       [0] binding_text (res://src/autoload/settings.gd:445)
       [1] keys_text (res://src/ui/windows/guide_window.gd:163)
       [2] _controls (res://src/ui/windows/guide_window.gd:192)
       [3] refresh (res://src/ui/windows/guide_window.gd:91)
       [4] open (res://src/ui/widgets/ui_window.gd:122)
       [5] open (res://src/ui/ui_root.gd:127)
       [6] test_opens_once_per_hero (res://tests/unit/test_guide.gd:130)
       [7] _ready (res://tests/run_tests.gd:40)
       [8] test_web_spit_roots_the_hero (res://tests/unit/test_enemies2.gd:466)
       [9] _frames (res://tests/unit/test_enemies2.gd:35)
ERROR: Not supported by this display server.
   at: keyboard_get_label_from_physical (servers/display/display_server.cpp:1228)
   GDScript backtrace (most recent call first):
       [0] binding_text (res://src/autoload/settings.gd:445)
       [1] keys_text (res://src/ui/windows/guide_window.gd:163)
       [2] _controls (res://src/ui/windows/guide_window.gd:192)
       [3] refresh (res://src/ui/windows/guide_window.gd:91)
       [4] open (res://src/ui/widgets/ui_window.gd:122)
       [5] open (res://src/ui/ui_root.gd:127)
       [6] test_opens_once_per_hero (res://tests/unit/test_guide.gd:130)
       [7] _ready (res://tests/run_tests.gd:40)
       [8] test_web_spit_roots_the_hero (res://tests/unit/test_enemies2.gd:466)
       [9] _frames (res://tests/unit/test_enemies2.gd:35)
ERROR: Not supported by this display server.
   at: keyboard_get_label_from_physical (servers/display/display_server.cpp:1228)
   GDScript backtrace (most recent call first):
       [0] binding_text (res://src/autoload/settings.gd:445)
       [1] keys_text (res://src/ui/windows/guide_window.gd:163)
       [2] _controls (res://src/ui/windows/guide_window.gd:192)
       [3] refresh (res://src/ui/windows/guide_window.gd:91)
       [4] open (res://src/ui/widgets/ui_window.gd:122)
       [5] open (res://src/ui/ui_root.gd:127)
       [6] test_opens_once_per_hero (res://tests/unit/test_guide.gd:130)
       [7] _ready (res://tests/run_tests.gd:40)
       [8] test_web_spit_roots_the_hero (res://tests/unit/test_enemies2.gd:466)
       [9] _frames (res://tests/unit/test_enemies2.gd:35)
ERROR: Not supported by this display server.
   at: keyboard_get_label_from_physical (servers/display/display_server.cpp:1228)
   GDScript backtrace (most recent call first):
       [0] binding_text (res://src/autoload/settings.gd:445)
       [1] keys_text (res://src/ui/windows/guide_window.gd:163)
       [2] _controls (res://src/ui/windows/guide_window.gd:192)
       [3] refresh (res://src/ui/windows/guide_window.gd:91)
       [4] open (res://src/ui/widgets/ui_window.gd:122)
       [5] open (res://src/ui/ui_root.gd:127)
       [6] test_opens_once_per_hero (res://tests/unit/test_guide.gd:130)
       [7] _ready (res://tests/run_tests.gd:40)
       [8] test_web_spit_roots_the_hero (res://tests/unit/test_enemies2.gd:466)
       [9] _frames (res://tests/unit/test_enemies2.gd:35)
ERROR: Not supported by this display server.
   at: keyboard_get_label_from_physical (servers/display/display_server.cpp:1228)
   GDScript backtrace (most recent call first):
       [0] binding_text (res://src/autoload/settings.gd:445)
       [1] keys_text (res://src/ui/windows/guide_window.gd:163)
       [2] _controls (res://src/ui/windows/guide_window.gd:192)
       [3] refresh (res://src/ui/windows/guide_window.gd:91)
       [4] open (res://src/ui/widgets/ui_window.gd:122)
       [5] open (res://src/ui/ui_root.gd:127)
       [6] test_opens_once_per_hero (res://tests/unit/test_guide.gd:130)
       [7] _ready (res://tests/run_tests.gd:40)
       [8] test_web_spit_roots_the_hero (res://tests/unit/test_enemies2.gd:466)
       [9] _frames (res://tests/unit/test_enemies2.gd:35)
ERROR: Not supported by this display server.
   at: keyboard_get_label_from_physical (servers/display/display_server.cpp:1228)
   GDScript backtrace (most recent call first):
       [0] binding_text (res://src/autoload/settings.gd:445)
       [1] keys_text (res://src/ui/windows/guide_window.gd:163)
       [2] _controls (res://src/ui/windows/guide_window.gd:192)
       [3] refresh (res://src/ui/windows/guide_window.gd:91)
       [4] open (res://src/ui/widgets/ui_window.gd:122)
       [5] open (res://src/ui/ui_root.gd:127)
       [6] test_opens_once_per_hero (res://tests/unit/test_guide.gd:130)
       [7] _ready (res://tests/run_tests.gd:40)
       [8] test_web_spit_roots_the_hero (res://tests/unit/test_enemies2.gd:466)
       [9] _frames (res://tests/unit/test_enemies2.gd:35)
ERROR: Not supported by this display server.
   at: keyboard_get_label_from_physical (servers/display/display_server.cpp:1228)
   GDScript backtrace (most recent call first):
       [0] binding_text (res://src/autoload/settings.gd:445)
       [1] keys_text (res://src/ui/windows/guide_window.gd:163)
       [2] _controls (res://src/ui/windows/guide_window.gd:192)
       [3] refresh (res://src/ui/windows/guide_window.gd:91)
       [4] open (res://src/ui/widgets/ui_window.gd:122)
       [5] open (res://src/ui/ui_root.gd:127)
       [6] test_opens_once_per_hero (res://tests/unit/test_guide.gd:130)
       [7] _ready (res://tests/run_tests.gd:40)
       [8] test_web_spit_roots_the_hero (res://tests/unit/test_enemies2.gd:466)
       [9] _frames (res://tests/unit/test_enemies2.gd:35)
ERROR: Not supported by this display server.
   at: keyboard_get_label_from_physical (servers/display/display_server.cpp:1228)
   GDScript backtrace (most recent call first):
       [0] binding_text (res://src/autoload/settings.gd:445)
       [1] keys_text (res://src/ui/windows/guide_window.gd:163)
       [2] _controls (res://src/ui/windows/guide_window.gd:192)
       [3] refresh (res://src/ui/windows/guide_window.gd:91)
       [4] open (res://src/ui/widgets/ui_window.gd:122)
       [5] open (res://src/ui/ui_root.gd:127)
       [6] test_opens_once_per_hero (res://tests/unit/test_guide.gd:130)
       [7] _ready (res://tests/run_tests.gd:40)
       [8] test_web_spit_roots_the_hero (res://tests/unit/test_enemies2.gd:466)
       [9] _frames (res://tests/unit/test_enemies2.gd:35)
ERROR: Not supported by this display server.
   at: keyboard_get_label_from_physical (servers/display/display_server.cpp:1228)
   GDScript backtrace (most recent call first):
       [0] binding_text (res://src/autoload/settings.gd:445)
       [1] keys_text (res://src/ui/windows/guide_window.gd:163)
       [2] _controls (res://src/ui/windows/guide_window.gd:192)
       [3] refresh (res://src/ui/windows/guide_window.gd:91)
       [4] open (res://src/ui/widgets/ui_window.gd:122)
       [5] open (res://src/ui/ui_root.gd:127)
       [6] test_opens_once_per_hero (res://tests/unit/test_guide.gd:130)
       [7] _ready (res://tests/run_tests.gd:40)
       [8] test_web_spit_roots_the_hero (res://tests/unit/test_enemies2.gd:466)
       [9] _frames (res://tests/unit/test_enemies2.gd:35)
ERROR: Not supported by this display server.
   at: keyboard_get_label_from_physical (servers/display/display_server.cpp:1228)
   GDScript backtrace (most recent call first):
       [0] binding_text (res://src/autoload/settings.gd:445)
       [1] keys_text (res://src/ui/windows/guide_window.gd:163)
       [2] _controls (res://src/ui/windows/guide_window.gd:192)
       [3] refresh (res://src/ui/windows/guide_window.gd:91)
       [4] open (res://src/ui/widgets/ui_window.gd:122)
       [5] open (res://src/ui/ui_root.gd:127)
       [6] test_opens_once_per_hero (res://tests/unit/test_guide.gd:130)
       [7] _ready (res://tests/run_tests.gd:40)
       [8] test_web_spit_roots_the_hero (res://tests/unit/test_enemies2.gd:466)
       [9] _frames (res://tests/unit/test_enemies2.gd:35)
ERROR: Not supported by this display server.
   at: keyboard_get_label_from_physical (servers/display/display_server.cpp:1228)
   GDScript backtrace (most recent call first):
       [0] binding_text (res://src/autoload/settings.gd:445)
       [1] keys_text (res://src/ui/windows/guide_window.gd:163)
       [2] _controls (res://src/ui/windows/guide_window.gd:192)
       [3] refresh (res://src/ui/windows/guide_window.gd:91)
       [4] open (res://src/ui/widgets/ui_window.gd:122)
       [5] open (res://src/ui/ui_root.gd:127)
       [6] test_opens_once_per_hero (res://tests/unit/test_guide.gd:130)
       [7] _ready (res://tests/run_tests.gd:40)
       [8] test_web_spit_roots_the_hero (res://tests/unit/test_enemies2.gd:466)
       [9] _frames (res://tests/unit/test_enemies2.gd:35)
ERROR: Not supported by this display server.
   at: keyboard_get_label_from_physical (servers/display/display_server.cpp:1228)
   GDScript backtrace (most recent call first):
       [0] binding_text (res://src/autoload/settings.gd:445)
       [1] keys_text (res://src/ui/windows/guide_window.gd:163)
       [2] _controls (res://src/ui/windows/guide_window.gd:192)
       [3] refresh (res://src/ui/windows/guide_window.gd:91)
       [4] open (res://src/ui/widgets/ui_window.gd:122)
       [5] open (res://src/ui/ui_root.gd:127)
       [6] test_opens_once_per_hero (res://tests/unit/test_guide.gd:130)
       [7] _ready (res://tests/run_tests.gd:40)
       [8] test_web_spit_roots_the_hero (res://tests/unit/test_enemies2.gd:466)
       [9] _frames (res://tests/unit/test_enemies2.gd:35)
ERROR: Not supported by this display server.
   at: keyboard_get_label_from_physical (servers/display/display_server.cpp:1228)
   GDScript backtrace (most recent call first):
       [0] binding_text (res://src/autoload/settings.gd:445)
       [1] keys_text (res://src/ui/windows/guide_window.gd:163)
       [2] _controls (res://src/ui/windows/guide_window.gd:192)
       [3] refresh (res://src/ui/windows/guide_window.gd:91)
       [4] open (res://src/ui/widgets/ui_window.gd:122)
       [5] open (res://src/ui/ui_root.gd:127)
       [6] test_opens_once_per_hero (res://tests/unit/test_guide.gd:130)
       [7] _ready (res://tests/run_tests.gd:40)
       [8] test_web_spit_roots_the_hero (res://tests/unit/test_enemies2.gd:466)
       [9] _frames (res://tests/unit/test_enemies2.gd:35)
ERROR: Not supported by this display server.
   at: keyboard_get_label_from_physical (servers/display/display_server.cpp:1228)
   GDScript backtrace (most recent call first):
       [0] binding_text (res://src/autoload/settings.gd:445)
       [1] keys_text (res://src/ui/windows/guide_window.gd:163)
       [2] _controls (res://src/ui/windows/guide_window.gd:192)
       [3] refresh (res://src/ui/windows/guide_window.gd:91)
       [4] open (res://src/ui/widgets/ui_window.gd:122)
       [5] open (res://src/ui/ui_root.gd:127)
       [6] test_opens_once_per_hero (res://tests/unit/test_guide.gd:130)
       [7] _ready (res://tests/run_tests.gd:40)
       [8] test_web_spit_roots_the_hero (res://tests/unit/test_enemies2.gd:466)
       [9] _frames (res://tests/unit/test_enemies2.gd:35)
ERROR: Not supported by this display server.
   at: keyboard_get_label_from_physical (servers/display/display_server.cpp:1228)
   GDScript backtrace (most recent call first):
       [0] binding_text (res://src/autoload/settings.gd:445)
       [1] keys_text (res://src/ui/windows/guide_window.gd:163)
       [2] _controls (res://src/ui/windows/guide_window.gd:192)
       [3] refresh (res://src/ui/windows/guide_window.gd:91)
       [4] open (res://src/ui/widgets/ui_window.gd:122)
       [5] open (res://src/ui/ui_root.gd:127)
       [6] test_opens_once_per_hero (res://tests/unit/test_guide.gd:130)
       [7] _ready (res://tests/run_tests.gd:40)
       [8] test_web_spit_roots_the_hero (res://tests/unit/test_enemies2.gd:466)
       [9] _frames (res://tests/unit/test_enemies2.gd:35)
ERROR: Not supported by this display server.
   at: keyboard_get_label_from_physical (servers/display/display_server.cpp:1228)
   GDScript backtrace (most recent call first):
       [0] binding_text (res://src/autoload/settings.gd:445)
       [1] keys_text (res://src/ui/windows/guide_window.gd:163)
       [2] _controls (res://src/ui/windows/guide_window.gd:192)
       [3] refresh (res://src/ui/windows/guide_window.gd:91)
       [4] open (res://src/ui/widgets/ui_window.gd:122)
       [5] open (res://src/ui/ui_root.gd:127)
       [6] test_opens_once_per_hero (res://tests/unit/test_guide.gd:130)
       [7] _ready (res://tests/run_tests.gd:40)
       [8] test_web_spit_roots_the_hero (res://tests/unit/test_enemies2.gd:466)
       [9] _frames (res://tests/unit/test_enemies2.gd:35)
ERROR: Not supported by this display server.
   at: keyboard_get_label_from_physical (servers/display/display_server.cpp:1228)
   GDScript backtrace (most recent call first):
       [0] binding_text (res://src/autoload/settings.gd:445)
       [1] _controls (res://src/ui/windows/guide_window.gd:204)
       [2] refresh (res://src/ui/windows/guide_window.gd:91)
       [3] open (res://src/ui/widgets/ui_window.gd:122)
       [4] open (res://src/ui/ui_root.gd:127)
       [5] test_opens_once_per_hero (res://tests/unit/test_guide.gd:130)
       [6] _ready (res://tests/run_tests.gd:40)
       [7] test_web_spit_roots_the_hero (res://tests/unit/test_enemies2.gd:466)
       [8] _frames (res://tests/unit/test_enemies2.gd:35)
ERROR: Not supported by this display server.
   at: keyboard_get_label_from_physical (servers/display/display_server.cpp:1228)
   GDScript backtrace (most recent call first):
       [0] binding_text (res://src/autoload/settings.gd:445)
       [1] _tempos (res://src/ui/windows/guide_window.gd:210)
       [2] refresh (res://src/ui/windows/guide_window.gd:92)
       [3] <anonymous lambda> (res://src/ui/windows/guide_window.gd:68)
       [4] test_opens_once_per_hero (res://tests/unit/test_guide.gd:133)
       [5] _ready (res://tests/run_tests.gd:40)
       [6] test_web_spit_roots_the_hero (res://tests/unit/test_enemies2.gd:466)
       [7] _frames (res://tests/unit/test_enemies2.gd:35)
ERROR: Not supported by this display server.
   at: keyboard_get_label_from_physical (servers/display/display_server.cpp:1228)
   GDScript backtrace (most recent call first):
       [0] binding_text (res://src/autoload/settings.gd:445)
       [1] _draw (res://src/ui/hud/skill_button.gd:142)
ERROR: Not supported by this display server.
   at: keyboard_get_label_from_physical (servers/display/display_server.cpp:1228)
   GDScript backtrace (most recent call first):
       [0] binding_text (res://src/autoload/settings.gd:445)
       [1] _draw (res://src/ui/hud/skill_button.gd:142)
ERROR: Not supported by this display server.
   at: keyboard_get_label_from_physical (servers/display/display_server.cpp:1228)
   GDScript backtrace (most recent call first):
       [0] binding_text (res://src/autoload/settings.gd:445)
       [1] _draw (res://src/ui/hud/skill_button.gd:142)
ERROR: Not supported by this display server.
   at: keyboard_get_label_from_physical (servers/display/display_server.cpp:1228)
   GDScript backtrace (most recent call first):
       [0] binding_text (res://src/autoload/settings.gd:445)
       [1] _draw (res://src/ui/hud/skill_button.gd:142)
ERROR: Not supported by this display server.
   at: keyboard_get_label_from_physical (servers/display/display_server.cpp:1228)
   GDScript backtrace (most recent call first):
       [0] binding_text (res://src/autoload/settings.gd:445)
       [1] _draw (res://src/ui/hud/skill_button.gd:142)
ERROR: Not supported by this display server.
   at: keyboard_get_label_from_physical (servers/display/display_server.cpp:1228)
   GDScript backtrace (most recent call first):
       [0] binding_text (res://src/autoload/settings.gd:445)
       [1] _draw (res://src/ui/hud/skill_button.gd:142)
ERROR: Not supported by this display server.
   at: keyboard_get_label_from_physical (servers/display/display_server.cpp:1228)
   GDScript backtrace (most recent call first):
       [0] binding_text (res://src/autoload/settings.gd:445)
       [1] _draw (res://src/ui/hud/skill_button.gd:142)
ERROR: Not supported by this display server.
   at: keyboard_get_label_from_physical (servers/display/display_server.cpp:1228)
   GDScript backtrace (most recent call first):
       [0] binding_text (res://src/autoload/settings.gd:445)
       [1] _draw (res://src/ui/hud/skill_button.gd:142)
ERROR: Not supported by this display server.
   at: keyboard_get_label_from_physical (servers/display/display_server.cpp:1228)
   GDScript backtrace (most recent call first):
       [0] binding_text (res://src/autoload/settings.gd:445)
       [1] fill_keys (res://src/core/dialogue/dialogue.gd:232)
       [2] fill (res://src/core/dialogue/dialogue.gd:192)
       [3] _show_line (res://src/core/dialogue/dialogue_session.gd:63)
       [4] _enter (res://src/core/dialogue/dialogue_session.gd:57)
       [5] choose (res://src/core/dialogue/dialogue_session.gd:101)
       [6] _walk (res://tests/unit/test_guide.gd:78)
       [7] test_short_walkthrough (res://tests/unit/test_guide.gd:101)
       [8] _ready (res://tests/run_tests.gd:40)
       [9] test_opens_once_per_hero (res://tests/unit/test_guide.gd:149)
ERROR: Not supported by this display server.
   at: keyboard_get_label_from_physical (servers/display/display_server.cpp:1228)
   GDScript backtrace (most recent call first):
       [0] binding_text (res://src/autoload/settings.gd:445)
       [1] fill_keys (res://src/core/dialogue/dialogue.gd:232)
       [2] fill (res://src/core/dialogue/dialogue.gd:192)
       [3] _show_line (res://src/core/dialogue/dialogue_session.gd:63)
       [4] _enter (res://src/core/dialogue/dialogue_session.gd:57)
       [5] choose (res://src/core/dialogue/dialogue_session.gd:101)
       [6] _walk (res://tests/unit/test_guide.gd:78)
       [7] test_short_walkthrough (res://tests/unit/test_guide.gd:101)
       [8] _ready (res://tests/run_tests.gd:40)
       [9] test_opens_once_per_hero (res://tests/unit/test_guide.gd:149)
ERROR: Not supported by this display server.
   at: keyboard_get_label_from_physical (servers/display/display_server.cpp:1228)
   GDScript backtrace (most recent call first):
       [0] binding_text (res://src/autoload/settings.gd:445)
       [1] fill_keys (res://src/core/dialogue/dialogue.gd:232)
       [2] fill (res://src/core/dialogue/dialogue.gd:192)
       [3] _show_line (res://src/core/dialogue/dialogue_session.gd:63)
       [4] _enter (res://src/core/dialogue/dialogue_session.gd:57)
       [5] choose (res://src/core/dialogue/dialogue_session.gd:101)
       [6] _walk (res://tests/unit/test_guide.gd:78)
       [7] test_short_walkthrough (res://tests/unit/test_guide.gd:101)
       [8] _ready (res://tests/run_tests.gd:40)
       [9] test_opens_once_per_hero (res://tests/unit/test_guide.gd:149)
ERROR: Not supported by this display server.
   at: keyboard_get_label_from_physical (servers/display/display_server.cpp:1228)
   GDScript backtrace (most recent call first):
       [0] binding_text (res://src/autoload/settings.gd:445)
       [1] fill_keys (res://src/core/dialogue/dialogue.gd:232)
       [2] fill (res://src/core/dialogue/dialogue.gd:192)
       [3] _show_line (res://src/core/dialogue/dialogue_session.gd:63)
       [4] _enter (res://src/core/dialogue/dialogue_session.gd:57)
       [5] choose (res://src/core/dialogue/dialogue_session.gd:101)
       [6] _walk (res://tests/unit/test_guide.gd:78)
       [7] test_short_walkthrough (res://tests/unit/test_guide.gd:101)
       [8] _ready (res://tests/run_tests.gd:40)
       [9] test_opens_once_per_hero (res://tests/unit/test_guide.gd:149)
ERROR: Not supported by this display server.
   at: keyboard_get_label_from_physical (servers/display/display_server.cpp:1228)
   GDScript backtrace (most recent call first):
       [0] binding_text (res://src/autoload/settings.gd:445)
       [1] fill_keys (res://src/core/dialogue/dialogue.gd:232)
       [2] fill (res://src/core/dialogue/dialogue.gd:192)
       [3] _show_line (res://src/core/dialogue/dialogue_session.gd:63)
       [4] _enter (res://src/core/dialogue/dialogue_session.gd:57)
       [5] choose (res://src/core/dialogue/dialogue_session.gd:101)
       [6] _walk (res://tests/unit/test_guide.gd:78)
       [7] test_short_walkthrough (res://tests/unit/test_guide.gd:101)
       [8] _ready (res://tests/run_tests.gd:40)
       [9] test_opens_once_per_hero (res://tests/unit/test_guide.gd:149)
ERROR: Not supported by this display server.
   at: keyboard_get_label_from_physical (servers/display/display_server.cpp:1228)
   GDScript backtrace (most recent call first):
       [0] binding_text (res://src/autoload/settings.gd:445)
       [1] fill_keys (res://src/core/dialogue/dialogue.gd:232)
       [2] fill (res://src/core/dialogue/dialogue.gd:192)
       [3] _show_line (res://src/core/dialogue/dialogue_session.gd:63)
       [4] _enter (res://src/core/dialogue/dialogue_session.gd:57)
       [5] choose (res://src/core/dialogue/dialogue_session.gd:101)
       [6] _walk (res://tests/unit/test_guide.gd:78)
       [7] test_short_walkthrough (res://tests/unit/test_guide.gd:101)
       [8] _ready (res://tests/run_tests.gd:40)
       [9] test_opens_once_per_hero (res://tests/unit/test_guide.gd:149)
ERROR: Not supported by this display server.
   at: keyboard_get_label_from_physical (servers/display/display_server.cpp:1228)
   GDScript backtrace (most recent call first):
       [0] binding_text (res://src/autoload/settings.gd:445)
       [1] fill_keys (res://src/core/dialogue/dialogue.gd:232)
       [2] fill (res://src/core/dialogue/dialogue.gd:192)
       [3] _show_line (res://src/core/dialogue/dialogue_session.gd:63)
       [4] advance (res://src/core/dialogue/dialogue_session.gd:76)
       [5] _walk (res://tests/unit/test_guide.gd:80)
       [6] test_short_walkthrough (res://tests/unit/test_guide.gd:101)
       [7] _ready (res://tests/run_tests.gd:40)
       [8] test_opens_once_per_hero (res://tests/unit/test_guide.gd:149)
ERROR: Not supported by this display server.
   at: keyboard_get_label_from_physical (servers/display/display_server.cpp:1228)
   GDScript backtrace (most recent call first):
       [0] binding_text (res://src/autoload/settings.gd:445)
       [1] fill_keys (res://src/core/dialogue/dialogue.gd:232)
       [2] fill (res://src/core/dialogue/dialogue.gd:192)
       [3] _show_line (res://src/core/dialogue/dialogue_session.gd:63)
       [4] advance (res://src/core/dialogue/dialogue_session.gd:76)
       [5] _walk (res://tests/unit/test_guide.gd:80)
       [6] test_short_walkthrough (res://tests/unit/test_guide.gd:101)
       [7] _ready (res://tests/run_tests.gd:40)
       [8] test_opens_once_per_hero (res://tests/unit/test_guide.gd:149)
ERROR: Not supported by this display server.
   at: keyboard_get_label_from_physical (servers/display/display_server.cpp:1228)
   GDScript backtrace (most recent call first):
       [0] binding_text (res://src/autoload/settings.gd:445)
       [1] test_short_walkthrough (res://tests/unit/test_guide.gd:105)
       [2] _ready (res://tests/run_tests.gd:40)
       [3] test_opens_once_per_hero (res://tests/unit/test_guide.gd:149)
[PASS] test_guide.gd — 5 tests, 140 checks, 0 failures (1079.3 ms)
[PASS] test_guilds.gd — 8 tests, 100 checks, 0 failures (37.1 ms)
[PASS] test_inventory_overhaul.gd — 6 tests, 1917 checks, 0 failures (55.1 ms)
WARNING: Navigation region synchronization had 32 edge error(s).
More than 2 edges tried to occupy the same map rasterization space.
This causes a logical error in the navigation mesh geometry and is commonly caused by overlap or too densely placed edges.
Consider baking with a higher 'cell_size', greater geometry margin, and less detailed bake objects to cause fewer edges.
Consider lowering the 'navigation/3d/merge_rasterizer_cell_scale' in the project settings.
This warning can be toggled under 'navigation/3d/warnings/navmesh_edge_merge_errors' in the project settings.
   at: _build_step_find_edge_connection_pairs (modules/navigation_3d/3d/nav_region_builder_3d.cpp:219)
   GDScript backtrace (most recent call first):
       [0] bake_navigation (res://src/world/map_builder.gd:87)
       [1] _map (res://tests/unit/test_island.gd:33)
       [2] test_aa_build_surface_maps (res://tests/unit/test_island.gd:44)
       [3] _ready (res://tests/run_tests.gd:40)
       [4] test_opens_once_per_hero (res://tests/unit/test_guide.gd:149)
WARNING: Navigation region synchronization had 80 edge error(s).
More than 2 edges tried to occupy the same map rasterization space.
This causes a logical error in the navigation mesh geometry and is commonly caused by overlap or too densely placed edges.
Consider baking with a higher 'cell_size', greater geometry margin, and less detailed bake objects to cause fewer edges.
Consider lowering the 'navigation/3d/merge_rasterizer_cell_scale' in the project settings.
This warning can be toggled under 'navigation/3d/warnings/navmesh_edge_merge_errors' in the project settings.
   at: _build_step_find_edge_connection_pairs (modules/navigation_3d/3d/nav_region_builder_3d.cpp:219)
   GDScript backtrace (most recent call first):
       [0] bake_navigation (res://src/world/map_builder.gd:87)
       [1] _map (res://tests/unit/test_island.gd:33)
       [2] test_aa_build_surface_maps (res://tests/unit/test_island.gd:44)
       [3] _ready (res://tests/run_tests.gd:40)
       [4] test_opens_once_per_hero (res://tests/unit/test_guide.gd:149)
WARNING: Navigation region synchronization had 20 edge error(s).
More than 2 edges tried to occupy the same map rasterization space.
This causes a logical error in the navigation mesh geometry and is commonly caused by overlap or too densely placed edges.
Consider baking with a higher 'cell_size', greater geometry margin, and less detailed bake objects to cause fewer edges.
Consider lowering the 'navigation/3d/merge_rasterizer_cell_scale' in the project settings.
This warning can be toggled under 'navigation/3d/warnings/navmesh_edge_merge_errors' in the project settings.
   at: _build_step_find_edge_connection_pairs (modules/navigation_3d/3d/nav_region_builder_3d.cpp:219)
   GDScript backtrace (most recent call first):
       [0] bake_navigation (res://src/world/map_builder.gd:87)
       [1] _map (res://tests/unit/test_island.gd:33)
       [2] test_aa_build_surface_maps (res://tests/unit/test_island.gd:44)
       [3] _ready (res://tests/run_tests.gd:40)
       [4] test_opens_once_per_hero (res://tests/unit/test_guide.gd:149)
WARNING: Navigation region synchronization had 6 edge error(s).
More than 2 edges tried to occupy the same map rasterization space.
This causes a logical error in the navigation mesh geometry and is commonly caused by overlap or too densely placed edges.
Consider baking with a higher 'cell_size', greater geometry margin, and less detailed bake objects to cause fewer edges.
Consider lowering the 'navigation/3d/merge_rasterizer_cell_scale' in the project settings.
This warning can be toggled under 'navigation/3d/warnings/navmesh_edge_merge_errors' in the project settings.
   at: _build_step_find_edge_connection_pairs (modules/navigation_3d/3d/nav_region_builder_3d.cpp:219)
   GDScript backtrace (most recent call first):
       [0] bake_navigation (res://src/world/map_builder.gd:87)
       [1] _map (res://tests/unit/test_island.gd:33)
       [2] test_aa_build_surface_maps (res://tests/unit/test_island.gd:44)
       [3] _ready (res://tests/run_tests.gd:40)
       [4] test_opens_once_per_hero (res://tests/unit/test_guide.gd:149)
WARNING: Navigation region synchronization had 32 edge error(s).
More than 2 edges tried to occupy the same map rasterization space.
This causes a logical error in the navigation mesh geometry and is commonly caused by overlap or too densely placed edges.
Consider baking with a higher 'cell_size', greater geometry margin, and less detailed bake objects to cause fewer edges.
Consider lowering the 'navigation/3d/merge_rasterizer_cell_scale' in the project settings.
This warning can be toggled under 'navigation/3d/warnings/navmesh_edge_merge_errors' in the project settings.
   at: _build_step_find_edge_connection_pairs (modules/navigation_3d/3d/nav_region_builder_3d.cpp:219)
   GDScript backtrace (most recent call first):
       [0] bake_navigation (res://src/world/map_builder.gd:87)
       [1] test_aa_build_surface_maps (res://tests/unit/test_island.gd:52)
       [2] _ready (res://tests/run_tests.gd:40)
       [3] test_opens_once_per_hero (res://tests/unit/test_guide.gd:149)
ROAD NAV wy_marsh_road from=(36.07008, 0.136794, 7.2) to=(-0.025792, 1.653919, 5.988486) end=(30.75, 1.75, 9.0)
[FAIL] test_island.gd — 13 tests, 1204 checks, 2 failures (5697.3 ms)
[PASS] test_items.gd — 17 tests, 2477 checks, 0 failures (480.1 ms)
[FAIL] test_loot.gd — 17 tests, 1843 checks, 2 failures (17531.4 ms)
WARNING: Navigation region synchronization had 32 edge error(s).
More than 2 edges tried to occupy the same map rasterization space.
This causes a logical error in the navigation mesh geometry and is commonly caused by overlap or too densely placed edges.
Consider baking with a higher 'cell_size', greater geometry margin, and less detailed bake objects to cause fewer edges.
Consider lowering the 'navigation/3d/merge_rasterizer_cell_scale' in the project settings.
This warning can be toggled under 'navigation/3d/warnings/navmesh_edge_merge_errors' in the project settings.
   at: _build_step_find_edge_connection_pairs (modules/navigation_3d/3d/nav_region_builder_3d.cpp:219)
   GDScript backtrace (most recent call first):
       [0] bake_navigation (res://src/world/map_builder.gd:87)
       [1] _map (res://tests/unit/test_maps.gd:32)
       [2] test_aa_build_and_sync_all_maps (res://tests/unit/test_maps.gd:53)
       [3] _ready (res://tests/run_tests.gd:40)
       [4] test_using_consumables (res://tests/unit/test_loot.gd:263)
WARNING: Navigation region synchronization had 80 edge error(s).
More than 2 edges tried to occupy the same map rasterization space.
This causes a logical error in the navigation mesh geometry and is commonly caused by overlap or too densely placed edges.
Consider baking with a higher 'cell_size', greater geometry margin, and less detailed bake objects to cause fewer edges.
Consider lowering the 'navigation/3d/merge_rasterizer_cell_scale' in the project settings.
This warning can be toggled under 'navigation/3d/warnings/navmesh_edge_merge_errors' in the project settings.
   at: _build_step_find_edge_connection_pairs (modules/navigation_3d/3d/nav_region_builder_3d.cpp:219)
   GDScript backtrace (most recent call first):
       [0] bake_navigation (res://src/world/map_builder.gd:87)
       [1] _map (res://tests/unit/test_maps.gd:32)
       [2] test_aa_build_and_sync_all_maps (res://tests/unit/test_maps.gd:53)
       [3] _ready (res://tests/run_tests.gd:40)
       [4] test_using_consumables (res://tests/unit/test_loot.gd:263)
WARNING: Navigation region synchronization had 20 edge error(s).
More than 2 edges tried to occupy the same map rasterization space.
This causes a logical error in the navigation mesh geometry and is commonly caused by overlap or too densely placed edges.
Consider baking with a higher 'cell_size', greater geometry margin, and less detailed bake objects to cause fewer edges.
Consider lowering the 'navigation/3d/merge_rasterizer_cell_scale' in the project settings.
This warning can be toggled under 'navigation/3d/warnings/navmesh_edge_merge_errors' in the project settings.
   at: _build_step_find_edge_connection_pairs (modules/navigation_3d/3d/nav_region_builder_3d.cpp:219)
   GDScript backtrace (most recent call first):
       [0] bake_navigation (res://src/world/map_builder.gd:87)
       [1] _map (res://tests/unit/test_maps.gd:32)
       [2] test_aa_build_and_sync_all_maps (res://tests/unit/test_maps.gd:53)
       [3] _ready (res://tests/run_tests.gd:40)
       [4] test_using_consumables (res://tests/unit/test_loot.gd:263)
WARNING: Navigation region synchronization had 3 edge error(s).
More than 2 edges tried to occupy the same map rasterization space.
This causes a logical error in the navigation mesh geometry and is commonly caused by overlap or too densely placed edges.
Consider baking with a higher 'cell_size', greater geometry margin, and less detailed bake objects to cause fewer edges.
Consider lowering the 'navigation/3d/merge_rasterizer_cell_scale' in the project settings.
This warning can be toggled under 'navigation/3d/warnings/navmesh_edge_merge_errors' in the project settings.
   at: _build_step_find_edge_connection_pairs (modules/navigation_3d/3d/nav_region_builder_3d.cpp:219)
   GDScript backtrace (most recent call first):
       [0] bake_navigation (res://src/world/map_builder.gd:87)
       [1] _map (res://tests/unit/test_maps.gd:32)
       [2] test_aa_build_and_sync_all_maps (res://tests/unit/test_maps.gd:53)
       [3] _ready (res://tests/run_tests.gd:40)
       [4] test_using_consumables (res://tests/unit/test_loot.gd:263)
[PASS] test_maps.gd — 14 tests, 558 checks, 0 failures (10157.1 ms)
[PASS] test_net.gd — 4 tests, 845 checks, 0 failures (3.4 ms)
[PASS] test_npcs.gd — 3 tests, 440 checks, 0 failures (18606.6 ms)
WARNING: Navigation region synchronization had 20 edge error(s).
More than 2 edges tried to occupy the same map rasterization space.
This causes a logical error in the navigation mesh geometry and is commonly caused by overlap or too densely placed edges.
Consider baking with a higher 'cell_size', greater geometry margin, and less detailed bake objects to cause fewer edges.
Consider lowering the 'navigation/3d/merge_rasterizer_cell_scale' in the project settings.
This warning can be toggled under 'navigation/3d/warnings/navmesh_edge_merge_errors' in the project settings.
   at: _build_step_find_edge_connection_pairs (modules/navigation_3d/3d/nav_region_builder_3d.cpp:219)
   GDScript backtrace (most recent call first):
       [0] bake_navigation (res://src/world/map_builder.gd:87)
       [1] test_lite_navigation_matches (res://tests/unit/test_perf.gd:130)
       [2] _ready (res://tests/run_tests.gd:40)
       [3] test_npcs_stand_on_ground_after_travel (res://tests/unit/test_npcs.gd:140)
       [4] _frames (res://tests/unit/test_npcs.gd:18)
WARNING: Navigation region synchronization had 20 edge error(s).
More than 2 edges tried to occupy the same map rasterization space.
This causes a logical error in the navigation mesh geometry and is commonly caused by overlap or too densely placed edges.
Consider baking with a higher 'cell_size', greater geometry margin, and less detailed bake objects to cause fewer edges.
Consider lowering the 'navigation/3d/merge_rasterizer_cell_scale' in the project settings.
This warning can be toggled under 'navigation/3d/warnings/navmesh_edge_merge_errors' in the project settings.
   at: _build_step_find_edge_connection_pairs (modules/navigation_3d/3d/nav_region_builder_3d.cpp:219)
   GDScript backtrace (most recent call first):
       [0] bake_navigation (res://src/world/map_builder.gd:87)
       [1] test_lite_navigation_matches (res://tests/unit/test_perf.gd:130)
       [2] _ready (res://tests/run_tests.gd:40)
       [3] test_npcs_stand_on_ground_after_travel (res://tests/unit/test_npcs.gd:140)
       [4] _frames (res://tests/unit/test_npcs.gd:18)
[PASS] test_perf.gd — 7 tests, 243 checks, 0 failures (7435.2 ms)
[PASS] test_progression.gd — 7 tests, 51 checks, 0 failures (6.7 ms)
SCRIPT ERROR: Out of bounds get index '3' (on base: 'Array')
   at: test_dialogue_session_flow (res://tests/unit/test_shops_dialogue.gd:256)
   GDScript backtrace (most recent call first):
       [0] test_dialogue_session_flow (res://tests/unit/test_shops_dialogue.gd:256)
       [1] _ready (res://tests/run_tests.gd:40)
       [2] test_npcs_stand_on_ground_after_travel (res://tests/unit/test_npcs.gd:140)
       [3] _frames (res://tests/unit/test_npcs.gd:18)
[FAIL] test_shops_dialogue.gd — 10 tests, 1168 checks, 5 failures (637.6 ms)
[PASS] test_skills.gd — 11 tests, 3285 checks, 0 failures (46822.4 ms)
[PASS] test_stats.gd — 8 tests, 159 checks, 0 failures (22.0 ms)
[PASS] test_status.gd — 8 tests, 24 checks, 0 failures (69.9 ms)
WARNING: Can't change the size of a `SubViewport` with a `SubViewportContainer` parent that has `stretch` enabled. Set `SubViewportContainer.stretch` to `false` to allow changing the size manually.
   at: _internal_set_size (scene/main/viewport.cpp:5627)
   GDScript backtrace (most recent call first):
       [0] _on_resized (res://src/ui/widgets/character_preview.gd:113)
       [1] _ready (res://src/ui/widgets/character_preview.gd:109)
       [2] _build (res://src/ui/windows/tempo_window.gd:58)
       [3] _ready (res://src/ui/widgets/ui_window.gd:30)
       [4] test_windows_open_with_tempos (res://tests/unit/test_tempos.gd:659)
       [5] _ready (res://tests/run_tests.gd:40)
       [6] test_every_skill_works_live (res://tests/unit/test_tempos.gd:646)
       [7] _until (res://tests/unit/test_tempos.gd:96)
[PASS] test_tempos.gd — 16 tests, 3537 checks, 0 failures (21195.9 ms)
  FAIL test_bh015.test_quest_locator: a new hero's objective is the forest — expected forest, got awaken
  FAIL test_bh015.test_quest_locator: in town it points at the way on, not the spot
  FAIL test_bh015.test_quest_locator: with a trail along the town's roads (0 points)
  FAIL test_bh015.test_quest_locator: after the Warden: back to Maelis — expected after, got awaken
  FAIL test_enemies.test_roster_definitions: sixteen enemies — expected 16, got 96
  FAIL test_enemies2.test_balance_against_the_roster: war_totem HP 40 within 125% of goblin_skulker (24)
  FAIL test_enemies2.test_balance_against_the_roster: war_totem defense 25 near goblin_skulker (4)
  FAIL test_enemies2.test_bloater_burst_hurts_heroes_and_monsters: the burst hurts the hero (167 -> 180)
  FAIL test_enemies2.test_bombardier_lights_its_keg: the blast hurts the hero (167 -> 184)
  FAIL test_enemies2.test_chain_lightning_strikes: chain lightning reaches the hero
  FAIL test_enemies2.test_chain_lightning_strikes: and hurts (167 -> 167)
  FAIL test_enemies2.test_mimic_sleeps_then_ambushes: the tongue pulls the hero toward the Mimic
  FAIL test_enemies2.test_web_spit_roots_the_hero: a web spit that connects applies Webbed
  FAIL test_island.test_data_is_consistent: olv_lake_path ends on olv_paul
  FAIL test_island.test_roads_are_walkable_on_the_navmesh: wy_marsh_road: wy_marsh_gate reaches wy_camp on foot
  FAIL test_loot.test_every_item_has_a_model_and_icon: quest_lance_shard has its own model
  FAIL test_loot.test_every_item_has_a_model_and_icon: quest_chain_seal has its own model
  FAIL test_shops_dialogue.test_dialogue_reacts_to_world: first meeting — expected first, got orders
  FAIL test_shops_dialogue.test_dialogue_reacts_to_world: afterwards the hub — expected hub, got orders
  FAIL test_shops_dialogue.test_dialogue_reacts_to_world: reacts to the catacombs — expected ritual, got orders
  FAIL test_shops_dialogue.test_dialogue_session_flow: choices offered after the last line — expected 1, got 0
  FAIL test_shops_dialogue.test_dialogue_session_flow: aborted before done() (script error?)
TOTAL: 35823 checks, 22 failures
ERROR: 33 RID allocations of type '8NavMap3D' were leaked at exit.
ERROR: 139 RID allocations of type 'P11JoltShape3D' were leaked at exit.
ERROR: 1 RID allocations of type 'P10JoltBody3D' were leaked at exit.
ERROR: 2094 RID allocations of type 'N13RendererDummy15MaterialStorage13DummyMaterialE' were leaked at exit.
ERROR: 49 RID allocations of type 'N13RendererDummy15MaterialStorage11DummyShaderE' were leaked at exit.
ERROR: 552 RID allocations of type 'N13RendererDummy9DummyMeshE' were leaked at exit.
ERROR: 283 RID allocations of type 'PN13RendererDummy14TextureStorage12DummyTextureE' were leaked at exit.
ERROR: 13 RID allocations of type 'PN18TextServerAdvanced22ShapedTextDataAdvancedE' were leaked at exit.
ERROR: 4 RID allocations of type 'PN18TextServerAdvanced12FontAdvancedE' were leaked at exit.
WARNING: 4350 ObjectDB instances were leaked at exit (run with `--verbose` for details).
   at: cleanup (core/object/object.cpp:2536)
ERROR: 2334 resources still in use at exit (run with --verbose for details).
   at: clear (core/io/resource.cpp:822)
ERROR: Pages in use exist at exit in PagedAllocator: N12VariantPools12BucketMediumE
   at: ~PagedAllocator (./core/templates/paged_allocator.h:170)
ERROR: Pages in use exist at exit in PagedAllocator: N12VariantPools11BucketSmallE
   at: ~PagedAllocator (./core/templates/paged_allocator.h:170)
