Godot Engine v4.7.2.stable.official.ed1daf0bf - https://godotengine.org

[   0% ] first_scan_filesystem | Started Project initialization (5 steps)
[   0% ] first_scan_filesystem | Scanning file structure...
[  16% ] first_scan_filesystem | Loading global class names...
[  33% ] first_scan_filesystem | Verifying GDExtensions...
[  50% ] first_scan_filesystem | Creating autoload scripts...
[  66% ] first_scan_filesystem | Initializing plugins...
[  83% ] first_scan_filesystem | Starting file scan...
[ DONE ] first_scan_filesystem

[   0% ] update_scripts_classes | Started Registering global classes... (9 steps)
[   0% ] update_scripts_classes | 
[  10% ] update_scripts_classes | NetWorld
[  20% ] update_scripts_classes | MiniMap
[  30% ] update_scripts_classes | 
[  40% ] update_scripts_classes | 
[  50% ] update_scripts_classes | 
[  60% ] update_scripts_classes | 
[  70% ] update_scripts_classes | 
[  80% ] update_scripts_classes | 
[ DONE ] update_scripts_classes

[   0% ] savepack | Started Packing (102 steps)
[   1% ] savepack | Storing File: res://.godot/imported/amb_arena.wav-277d59522f85ac76931cde8456087f4e.sample
[   1% ] savepack | Storing File: res://assets/audio/music/amb_arena.wav.import
[   1% ] savepack | Storing File: res://.godot/imported/amb_catacombs.wav-37b34d9f34af9b59f354e4efe0be7c00.sample
[   1% ] savepack | Storing File: res://assets/audio/music/amb_catacombs.wav.import
[   1% ] savepack | Storing File: res://.godot/imported/amb_forest.wav-48fadf541997d2b9a17b0e955d4932c2.sample
[   1% ] savepack | Storing File: res://assets/audio/music/amb_forest.wav.import
[   1% ] savepack | Storing File: res://.godot/imported/amb_temple.wav-ba2a00bd1c92c6ce9419341dbe90718b.sample
[   1% ] savepack | Storing File: res://assets/audio/music/amb_temple.wav.import
[   1% ] savepack | Storing File: res://.godot/imported/amb_town.wav-3a35a25f6c603c43c642feaf41ec638d.sample
[   1% ] savepack | Storing File: res://assets/audio/music/amb_town.wav.import
[   1% ] savepack | Storing File: res://.godot/imported/music_boss.wav-9efe297cd48e7ef7e126fc1b9862781e.sample
[   1% ] savepack | Storing File: res://assets/audio/music/music_boss.wav.import
[   1% ] savepack | Storing File: res://.godot/imported/music_dungeon.wav-7af8837d6401873f039b3833f8e1569f.sample
[   1% ] savepack | Storing File: res://assets/audio/music/music_dungeon.wav.import
[   1% ] savepack | Storing File: res://.godot/imported/music_legend.wav-b6cd03947b0e3d91d3e9dbcc7c261140.sample
[   1% ] savepack | Storing File: res://assets/audio/music/music_legend.wav.import
[   1% ] savepack | Storing File: res://.godot/imported/music_menu.wav-7d19ae11fbd516a17b9dc9bf9019f3d0.sample
[   1% ] savepack | Storing File: res://assets/audio/music/music_menu.wav.import
[   1% ] savepack | Storing File: res://.godot/imported/music_town.wav-dbff4ef7fe03b5afe01c83d002e240cf.sample
[   1% ] savepack | Storing File: res://assets/audio/music/music_town.wav.import
[   1% ] savepack | Storing File: res://.godot/imported/arcane_charge.wav-1271b94bf72066e617df3d3f943950bd.sample
[   1% ] savepack | Storing File: res://assets/audio/sfx/arcane_charge.wav.import
[   1% ] savepack | Storing File: res://.godot/imported/arcane_surge.wav-192c6190e8f5096e40a7d28e1c897cdc.sample
[   1% ] savepack | Storing File: res://assets/audio/sfx/arcane_surge.wav.import
[   1% ] savepack | Storing File: res://.godot/imported/armor_rustle_1.wav-d62bc51a8273eeda159ecb1f17a9cc68.sample
[   1% ] savepack | Storing File: res://assets/audio/sfx/armor_rustle_1.wav.import
[   1% ] savepack | Storing File: res://.godot/imported/armor_rustle_2.wav-a6825ee203ee8708e3ad58dd0565b5bc.sample
[   1% ] savepack | Storing File: res://assets/audio/sfx/armor_rustle_2.wav.import
[   1% ] savepack | Storing File: res://.godot/imported/arrow_impact_1.wav-02dc57a63561fa91435db499e8bf02d4.sample
[   1% ] savepack | Storing File: res://assets/audio/sfx/arrow_impact_1.wav.import
[   1% ] savepack | Storing File: res://.godot/imported/arrow_impact_2.wav-26b87ce9e40981aa4cd12cd024deb51d.sample
[   1% ] savepack | Storing File: res://assets/audio/sfx/arrow_impact_2.wav.import
[   1% ] savepack | Storing File: res://.godot/imported/blink.wav-d3f600d5f2baa1427db4d55e03079cf5.sample
[   1% ] savepack | Storing File: res://assets/audio/sfx/blink.wav.import
[   1% ] savepack | Storing File: res://.godot/imported/block_1.wav-84b93bed282e468afff9b777a07d87a1.sample
[   1% ] savepack | Storing File: res://assets/audio/sfx/block_1.wav.import
[   1% ] savepack | Storing File: res://.godot/imported/block_2.wav-4533465fddf050cf06a2221c509e104e.sample
[   1% ] savepack | Storing File: res://assets/audio/sfx/block_2.wav.import
[   2% ] savepack | Storing File: res://.godot/imported/body_fall.wav-94cf98a45f1668aadd62eae625c767c2.sample
[   2% ] savepack | Storing File: res://assets/audio/sfx/body_fall.wav.import
[   2% ] savepack | Storing File: res://.godot/imported/boss_charge.wav-c9ddce129cd64184eccf67555463114f.sample
[   2% ] savepack | Storing File: res://assets/audio/sfx/boss_charge.wav.import
[   2% ] savepack | Storing File: res://.godot/imported/boss_phase.wav-6cf03c0a06d8ed0b53f17860777f3167.sample
[   2% ] savepack | Storing File: res://assets/audio/sfx/boss_phase.wav.import
[   2% ] savepack | Storing File: res://.godot/imported/boss_roar.wav-8a52a39694d9223b595a66eb8578ad00.sample
[   2% ] savepack | Storing File: res://assets/audio/sfx/boss_roar.wav.import
[   2% ] savepack | Storing File: res://.godot/imported/boss_slam.wav-48309ab76eb40dfb2b5dc6fde01987cc.sample
[   2% ] savepack | Storing File: res://assets/audio/sfx/boss_slam.wav.import
[   2% ] savepack | Storing File: res://.godot/imported/bow_draw.wav-a2d43946f74957a562164b23abf8f9b5.sample
[   2% ] savepack | Storing File: res://assets/audio/sfx/bow_draw.wav.import
[   2% ] savepack | Storing File: res://.godot/imported/bow_release.wav-7834e75c34409d5a3cccc86bd07d2d2d.sample
[   2% ] savepack | Storing File: res://assets/audio/sfx/bow_release.wav.import
[   2% ] savepack | Storing File: res://.godot/imported/break_pottery_1.wav-9598ed4fc8c55fe9fad2bac35fe504f5.sample
[   2% ] savepack | Storing File: res://assets/audio/sfx/break_pottery_1.wav.import
[   2% ] savepack | Storing File: res://.godot/imported/break_pottery_2.wav-a66937daa43b119b304776a176a800e0.sample
[   2% ] savepack | Storing File: res://assets/audio/sfx/break_pottery_2.wav.import
[   2% ] savepack | Storing File: res://.godot/imported/break_stone.wav-d1ea2b0c105922117e58e21161d54b54.sample
[   2% ] savepack | Storing File: res://assets/audio/sfx/break_stone.wav.import
[   2% ] savepack | Storing File: res://.godot/imported/break_wood_1.wav-72906126b8e02a22f42b2b91eb95d28e.sample
[   2% ] savepack | Storing File: res://assets/audio/sfx/break_wood_1.wav.import
[   2% ] savepack | Storing File: res://.godot/imported/break_wood_2.wav-f3d9a8a75ae787fe55621dd9bd00ceb3.sample
[   2% ] savepack | Storing File: res://assets/audio/sfx/break_wood_2.wav.import
[   2% ] savepack | Storing File: res://.godot/imported/burn_loop.wav-5237a71f920e0617fb499ddaed13aea1.sample
[   2% ] savepack | Storing File: res://assets/audio/sfx/burn_loop.wav.import
[   2% ] savepack | Storing File: res://.godot/imported/cast_earth.wav-058dca3f1a4e4b9ff3e514b572d7f5cd.sample
[   2% ] savepack | Storing File: res://assets/audio/sfx/cast_earth.wav.import
[   2% ] savepack | Storing File: res://.godot/imported/cast_fire.wav-44af08405a599bbac7e93182a3673a1c.sample
[   2% ] savepack | Storing File: res://assets/audio/sfx/cast_fire.wav.import
[   2% ] savepack | Storing File: res://.godot/imported/cast_ice.wav-5b911899e360bc6ce33cd17cbff7d64e.sample
[   2% ] savepack | Storing File: res://assets/audio/sfx/cast_ice.wav.import
[   2% ] savepack | Storing File: res://.godot/imported/cast_lightning.wav-f5b43c64fa84dad03f9d991c57c54e9d.sample
[   2% ] savepack | Storing File: res://assets/audio/sfx/cast_lightning.wav.import
[   2% ] savepack | Storing File: res://.godot/imported/chest_open.wav-689d673a31dd2e0d6cb0fc278d307b3e.sample
[   2% ] savepack | Storing File: res://assets/audio/sfx/chest_open.wav.import
[   2% ] savepack | Storing File: res://.godot/imported/crit_hit.wav-4b1499758125d52a9673fc0c52e2a6e3.sample
[   2% ] savepack | Storing File: res://assets/audio/sfx/crit_hit.wav.import
[   3% ] savepack | Storing File: res://.godot/imported/cultist_chant.wav-2975bdb70c0f2edcb18400a7659dec45.sample
[   3% ] savepack | Storing File: res://assets/audio/sfx/cultist_chant.wav.import
[   3% ] savepack | Storing File: res://.godot/imported/cultist_death.wav-a2618648f1571a3caea5ee4f885ba1bf.sample
[   3% ] savepack | Storing File: res://assets/audio/sfx/cultist_death.wav.import
[   3% ] savepack | Storing File: res://.godot/imported/dark_cast.wav-6aeb581e831259d6f7ed8f0a9ff2f299.sample
[   3% ] savepack | Storing File: res://assets/audio/sfx/dark_cast.wav.import
[   3% ] savepack | Storing File: res://.godot/imported/dark_curse.wav-8c6762d8d1caf5b9237ca2e657c3e321.sample
[   3% ] savepack | Storing File: res://assets/audio/sfx/dark_curse.wav.import
[   3% ] savepack | Storing File: res://.godot/imported/dodge_roll.wav-c31f20e001cff8e1d34145b4e32076e3.sample
[   3% ] savepack | Storing File: res://assets/audio/sfx/dodge_roll.wav.import
[   3% ] savepack | Storing File: res://.godot/imported/door_gate.wav-4c3c7b7d52dca53f170465c7b1a5277f.sample
[   3% ] savepack | Storing File: res://assets/audio/sfx/door_gate.wav.import
[   3% ] savepack | Storing File: res://.godot/imported/drain.wav-9c083e2991675d6a8dbe0ff3cb17522e.sample
[   3% ] savepack | Storing File: res://assets/audio/sfx/drain.wav.import
[   3% ] savepack | Storing File: res://.godot/imported/earth_quake.wav-ffd883b021730822f41720d64c2d1c3d.sample
[   3% ] savepack | Storing File: res://assets/audio/sfx/earth_quake.wav.import
[   3% ] savepack | Storing File: res://.godot/imported/elite_spawn.wav-881cd450b3c3df2f3faf3cf7ec70ee34.sample
[   3% ] savepack | Storing File: res://assets/audio/sfx/elite_spawn.wav.import
[   3% ] savepack | Storing File: res://.godot/imported/explode.wav-302a3de6d016432bf47477d337a4d553.sample
[   3% ] savepack | Storing File: res://assets/audio/sfx/explode.wav.import
[   3% ] savepack | Storing File: res://.godot/imported/fire_campfire.wav-5a1bedbf729d5a3fec09a326f63d27c3.sample
[   3% ] savepack | Storing File: res://assets/audio/sfx/fire_campfire.wav.import
[   3% ] savepack | Storing File: res://.godot/imported/fire_explode.wav-f858b9bf7b5606fd6b473e54051f2645.sample
[   3% ] savepack | Storing File: res://assets/audio/sfx/fire_explode.wav.import
[   3% ] savepack | Storing File: res://.godot/imported/fire_whoosh.wav-60838554912db2f85cf6e83d0471180a.sample
[   3% ] savepack | Storing File: res://assets/audio/sfx/fire_whoosh.wav.import
[   3% ] savepack | Storing File: res://.godot/imported/footstep_dirt_1.wav-b15cd9193c8277a5ea624b7f52e192c5.sample
[   3% ] savepack | Storing File: res://assets/audio/sfx/footstep_dirt_1.wav.import
[   3% ] savepack | Storing File: res://.godot/imported/footstep_dirt_2.wav-29acf5504bd01999285e0617e5e00c74.sample
[   3% ] savepack | Storing File: res://assets/audio/sfx/footstep_dirt_2.wav.import
[   3% ] savepack | Storing File: res://.godot/imported/footstep_dirt_3.wav-5c1bb512e3a511d730fa218e74f50e45.sample
[   3% ] savepack | Storing File: res://assets/audio/sfx/footstep_dirt_3.wav.import
[   3% ] savepack | Storing File: res://.godot/imported/footstep_dirt_4.wav-61079c494093fd453c848b4788e54058.sample
[   3% ] savepack | Storing File: res://assets/audio/sfx/footstep_dirt_4.wav.import
[   3% ] savepack | Storing File: res://.godot/imported/footstep_grass_1.wav-ff2626e986e8ec1d84dee023181e8d44.sample
[   3% ] savepack | Storing File: res://assets/audio/sfx/footstep_grass_1.wav.import
[   4% ] savepack | Storing File: res://.godot/imported/footstep_grass_2.wav-a80920d42b1b2f28a5b70145e126ebc6.sample
[   4% ] savepack | Storing File: res://assets/audio/sfx/footstep_grass_2.wav.import
[   4% ] savepack | Storing File: res://.godot/imported/footstep_grass_3.wav-754d18bdae7a0e9e17421fb72c4eb793.sample
[   4% ] savepack | Storing File: res://assets/audio/sfx/footstep_grass_3.wav.import
[   4% ] savepack | Storing File: res://.godot/imported/footstep_heavy_1.wav-de7d0048fd58358a9f5307e60580fbaa.sample
[   4% ] savepack | Storing File: res://assets/audio/sfx/footstep_heavy_1.wav.import
[   4% ] savepack | Storing File: res://.godot/imported/footstep_heavy_2.wav-1db016417f09489e15e5838bfc78cd74.sample
[   4% ] savepack | Storing File: res://assets/audio/sfx/footstep_heavy_2.wav.import
[   4% ] savepack | Storing File: res://.godot/imported/footstep_stone_1.wav-d82db18b08ff7d0dcf627c848be2895e.sample
[   4% ] savepack | Storing File: res://assets/audio/sfx/footstep_stone_1.wav.import
[   4% ] savepack | Storing File: res://.godot/imported/footstep_stone_2.wav-049c916b0714232dcb15c44824b0c76f.sample
[   4% ] savepack | Storing File: res://assets/audio/sfx/footstep_stone_2.wav.import
[   4% ] savepack | Storing File: res://.godot/imported/footstep_stone_3.wav-54caa1a782df1c0e15cc8074b508ca70.sample
[   4% ] savepack | Storing File: res://assets/audio/sfx/footstep_stone_3.wav.import
[   4% ] savepack | Storing File: res://.godot/imported/footstep_stone_4.wav-1dcd5a467a240e20fe8c2b501ce4a546.sample
[   4% ] savepack | Storing File: res://assets/audio/sfx/footstep_stone_4.wav.import
[   4% ] savepack | Storing File: res://.godot/imported/freeze.wav-1300aa6b7afe85659c60065acc7bf02c.sample
[   4% ] savepack | Storing File: res://assets/audio/sfx/freeze.wav.import
[   4% ] savepack | Storing File: res://.godot/imported/ghoul_death.wav-c4aa6da81d9673211b4f04791bf9ae9d.sample
[   4% ] savepack | Storing File: res://assets/audio/sfx/ghoul_death.wav.import
[   4% ] savepack | Storing File: res://.godot/imported/ghoul_growl_1.wav-de42c441e99d5bf8be9135d98d4fef65.sample
[   4% ] savepack | Storing File: res://assets/audio/sfx/ghoul_growl_1.wav.import
[   4% ] savepack | Storing File: res://.godot/imported/ghoul_growl_2.wav-7760254b9afbe4b7e143353e017450bb.sample
[   4% ] savepack | Storing File: res://assets/audio/sfx/ghoul_growl_2.wav.import
[   4% ] savepack | Storing File: res://.godot/imported/gold_pickup.wav-775b42ec3a1e2ec9f5efb588a968c4e4.sample
[   4% ] savepack | Storing File: res://assets/audio/sfx/gold_pickup.wav.import
[   4% ] savepack | Storing File: res://.godot/imported/heal.wav-3e84ef6755b2f365f04a6d74faf25f77.sample
[   4% ] savepack | Storing File: res://assets/audio/sfx/heal.wav.import
[   4% ] savepack | Storing File: res://.godot/imported/hit_armor_1.wav-52349301dfb6e99c8facabbd24db8804.sample
[   4% ] savepack | Storing File: res://assets/audio/sfx/hit_armor_1.wav.import
[   4% ] savepack | Storing File: res://.godot/imported/hit_armor_2.wav-ea3c398106294723dda5c74fd710cb28.sample
[   4% ] savepack | Storing File: res://assets/audio/sfx/hit_armor_2.wav.import
[   4% ] savepack | Storing File: res://.godot/imported/hit_armor_3.wav-8842780849d0dff5ef45bba20bcf9f97.sample
[   4% ] savepack | Storing File: res://assets/audio/sfx/hit_armor_3.wav.import
[   4% ] savepack | Storing File: res://.godot/imported/hit_bone_1.wav-33ee54966b4fd0fd886eaee771a18394.sample
[   4% ] savepack | Storing File: res://assets/audio/sfx/hit_bone_1.wav.import
[   4% ] savepack | Storing File: res://.godot/imported/hit_bone_2.wav-1f681b327d46367b746f062888cf6990.sample
[   4% ] savepack | Storing File: res://assets/audio/sfx/hit_bone_2.wav.import
[   5% ] savepack | Storing File: res://.godot/imported/hit_bone_3.wav-7ab6fa442dd01daba94dcbe49a182916.sample
[   5% ] savepack | Storing File: res://assets/audio/sfx/hit_bone_3.wav.import
[   5% ] savepack | Storing File: res://.godot/imported/hit_flesh_1.wav-309dcb6345b390609238ce33572e0ae3.sample
[   5% ] savepack | Storing File: res://assets/audio/sfx/hit_flesh_1.wav.import
[   5% ] savepack | Storing File: res://.godot/imported/hit_flesh_2.wav-a5e3b5714d1e5a45003b6961e2ca0ea2.sample
[   5% ] savepack | Storing File: res://assets/audio/sfx/hit_flesh_2.wav.import
[   5% ] savepack | Storing File: res://.godot/imported/hit_flesh_3.wav-ba7c7847324a8c195632e55f11bb553d.sample
[   5% ] savepack | Storing File: res://assets/audio/sfx/hit_flesh_3.wav.import
[   5% ] savepack | Storing File: res://.godot/imported/hit_heavy_1.wav-da13018f7c543b911a24815bb9e2ae3d.sample
[   5% ] savepack | Storing File: res://assets/audio/sfx/hit_heavy_1.wav.import
[   5% ] savepack | Storing File: res://.godot/imported/hit_heavy_2.wav-d1ab98dec5ea28e99da798c1f674cd39.sample
[   5% ] savepack | Storing File: res://assets/audio/sfx/hit_heavy_2.wav.import
[   5% ] savepack | Storing File: res://.godot/imported/holy_chime.wav-7676a9d41bd0360140d267eb02a5d69e.sample
[   5% ] savepack | Storing File: res://assets/audio/sfx/holy_chime.wav.import
[   5% ] savepack | Storing File: res://.godot/imported/holy_strike.wav-2e1d8755541c601b77042190765eb092.sample
[   5% ] savepack | Storing File: res://assets/audio/sfx/holy_strike.wav.import
[   5% ] savepack | Storing File: res://.godot/imported/ice_nova.wav-61d7815fe4b2e0f1a5d2c580880ebd0d.sample
[   5% ] savepack | Storing File: res://assets/audio/sfx/ice_nova.wav.import
[   5% ] savepack | Storing File: res://.godot/imported/item_pickup.wav-5371dd5b4d80e0cec4d037937a8ae3a3.sample
[   5% ] savepack | Storing File: res://assets/audio/sfx/item_pickup.wav.import
[   5% ] savepack | Storing File: res://.godot/imported/level_up.wav-60e30bfe8ab247d27e7615e99e00b8f1.sample
[   5% ] savepack | Storing File: res://assets/audio/sfx/level_up.wav.import
[   5% ] savepack | Storing File: res://.godot/imported/lightning_zap_1.wav-f9a1108ab008bd59387fa67048c179be.sample
[   5% ] savepack | Storing File: res://assets/audio/sfx/lightning_zap_1.wav.import
[   5% ] savepack | Storing File: res://.godot/imported/lightning_zap_2.wav-54f04718e24745e4d9148b7a68a174bb.sample
[   5% ] savepack | Storing File: res://assets/audio/sfx/lightning_zap_2.wav.import
[   5% ] savepack | Storing File: res://.godot/imported/loot_drop.wav-38b904ae9908619c3946cf3b47465e7d.sample
[   5% ] savepack | Storing File: res://assets/audio/sfx/loot_drop.wav.import
[   5% ] savepack | Storing File: res://.godot/imported/loot_drop_legendary.wav-90e0a07b0ef82fe1ab7442909900a3c8.sample
[   5% ] savepack | Storing File: res://assets/audio/sfx/loot_drop_legendary.wav.import
[   5% ] savepack | Storing File: res://.godot/imported/loot_drop_rare.wav-72c5b96ef17b7fdb168c9abcf3e7aacf.sample
[   5% ] savepack | Storing File: res://assets/audio/sfx/loot_drop_rare.wav.import
[   5% ] savepack | Storing File: res://.godot/imported/meteor_fall.wav-eba0343b333ebe1089a8af3598f6af33.sample
[   5% ] savepack | Storing File: res://assets/audio/sfx/meteor_fall.wav.import
[   5% ] savepack | Storing File: res://.godot/imported/meteor_impact.wav-f068381d6d08d25232c56e1e0b6a1821.sample
[   5% ] savepack | Storing File: res://assets/audio/sfx/meteor_impact.wav.import
[   6% ] savepack | Storing File: res://.godot/imported/parry.wav-bd17b32003f1fc044c326ad83f386707.sample
[   6% ] savepack | Storing File: res://assets/audio/sfx/parry.wav.import
[   6% ] savepack | Storing File: res://.godot/imported/potion_drink.wav-7dfb69769c3afe5c6de506d91e4d44ce.sample
[   6% ] savepack | Storing File: res://assets/audio/sfx/potion_drink.wav.import
[   6% ] savepack | Storing File: res://.godot/imported/rock_impact.wav-58968dfbecc5be668062fac05c42a2d7.sample
[   6% ] savepack | Storing File: res://assets/audio/sfx/rock_impact.wav.import
[   6% ] savepack | Storing File: res://.godot/imported/shade_hiss.wav-fa8a81fca9db8e33e3a697e375468204.sample
[   6% ] savepack | Storing File: res://assets/audio/sfx/shade_hiss.wav.import
[   6% ] savepack | Storing File: res://.godot/imported/shatter_ice.wav-2a5d292331b295c9c76136f2641f7a3e.sample
[   6% ] savepack | Storing File: res://assets/audio/sfx/shatter_ice.wav.import
[   6% ] savepack | Storing File: res://.godot/imported/skeleton_death.wav-5e3bb80d3fba69da361ace2be0b4d875.sample
[   6% ] savepack | Storing File: res://assets/audio/sfx/skeleton_death.wav.import
[   6% ] savepack | Storing File: res://.godot/imported/skeleton_rattle_1.wav-ee042c64adfc174f71a62a361f3a0d85.sample
[   6% ] savepack | Storing File: res://assets/audio/sfx/skeleton_rattle_1.wav.import
[   6% ] savepack | Storing File: res://.godot/imported/skeleton_rattle_2.wav-a3450b595d163dd0bc379ae9615e4d7a.sample
[   6% ] savepack | Storing File: res://assets/audio/sfx/skeleton_rattle_2.wav.import
[   6% ] savepack | Storing File: res://.godot/imported/skill_unlock.wav-7460900a4b387c156e3acaa53f035275.sample
[   6% ] savepack | Storing File: res://assets/audio/sfx/skill_unlock.wav.import
[   6% ] savepack | Storing File: res://.godot/imported/stagger.wav-e4f32a77c89d83a6144b8d6c3da78bba.sample
[   6% ] savepack | Storing File: res://assets/audio/sfx/stagger.wav.import
[   6% ] savepack | Storing File: res://.godot/imported/swing_blunt_1.wav-cef8e9f668f700788a18d367c959c3ca.sample
[   6% ] savepack | Storing File: res://assets/audio/sfx/swing_blunt_1.wav.import
[   6% ] savepack | Storing File: res://.godot/imported/swing_blunt_2.wav-204e0b0b8b7c858664b1a367a446664e.sample
[   6% ] savepack | Storing File: res://assets/audio/sfx/swing_blunt_2.wav.import
[   6% ] savepack | Storing File: res://.godot/imported/swing_dagger_1.wav-50762335169edb8b32b2f82132ce851d.sample
[   6% ] savepack | Storing File: res://assets/audio/sfx/swing_dagger_1.wav.import
[   6% ] savepack | Storing File: res://.godot/imported/swing_dagger_2.wav-d8df3cf6f1a2813200216bd19b1cfb50.sample
[   6% ] savepack | Storing File: res://assets/audio/sfx/swing_dagger_2.wav.import
[   6% ] savepack | Storing File: res://.godot/imported/swing_heavy_1.wav-b727ee2741b5ba060e78636b45b43bd7.sample
[   6% ] savepack | Storing File: res://assets/audio/sfx/swing_heavy_1.wav.import
[   6% ] savepack | Storing File: res://.godot/imported/swing_heavy_2.wav-c073f52b58504320182dca7e86f58698.sample
[   6% ] savepack | Storing File: res://assets/audio/sfx/swing_heavy_2.wav.import
[   6% ] savepack | Storing File: res://.godot/imported/swing_heavy_3.wav-fdc472d67e80f8286bbf4585e5813d5c.sample
[   6% ] savepack | Storing File: res://assets/audio/sfx/swing_heavy_3.wav.import
[   6% ] savepack | Storing File: res://.godot/imported/swing_light_1.wav-eb4ca7f8d76b988ea2393a4f1883bc88.sample
[   6% ] savepack | Storing File: res://assets/audio/sfx/swing_light_1.wav.import
[   6% ] savepack | Storing File: res://.godot/imported/swing_light_2.wav-c87101a28693d0d8f74af7105ec77e4e.sample
[   6% ] savepack | Storing File: res://assets/audio/sfx/swing_light_2.wav.import
[   7% ] savepack | Storing File: res://.godot/imported/swing_light_3.wav-39b435f7d2727eabd130e38fb9df6d39.sample
[   7% ] savepack | Storing File: res://assets/audio/sfx/swing_light_3.wav.import
[   7% ] savepack | Storing File: res://.godot/imported/talent_unlock.wav-ed5908928a8c097c04b5a8e4a98e775a.sample
[   7% ] savepack | Storing File: res://assets/audio/sfx/talent_unlock.wav.import
[   7% ] savepack | Storing File: res://.godot/imported/teleporter_hum.wav-6e6d139fbb43a15d62478beed64903d1.sample
[   7% ] savepack | Storing File: res://assets/audio/sfx/teleporter_hum.wav.import
[   7% ] savepack | Storing File: res://.godot/imported/teleport_charge.wav-f324e3418b701ee197423f9382e0a051.sample
[   7% ] savepack | Storing File: res://assets/audio/sfx/teleport_charge.wav.import
[   7% ] savepack | Storing File: res://.godot/imported/teleport_whoosh.wav-e1b1bdce5caaccee93197d872df2cd9e.sample
[   7% ] savepack | Storing File: res://assets/audio/sfx/teleport_whoosh.wav.import
[   7% ] savepack | Storing File: res://.godot/imported/thunder_strike.wav-dffc5e93b0d74d3439f21f347e0686bd.sample
[   7% ] savepack | Storing File: res://assets/audio/sfx/thunder_strike.wav.import
[   7% ] savepack | Storing File: res://.godot/imported/torch_crackle.wav-977444991bc918ed2ffe2252f29c26c3.sample
[   7% ] savepack | Storing File: res://assets/audio/sfx/torch_crackle.wav.import
[   7% ] savepack | Storing File: res://.godot/imported/ui_click.wav-54748830a592cc10bdad7a9be0146cc6.sample
[   7% ] savepack | Storing File: res://assets/audio/sfx/ui_click.wav.import
[   7% ] savepack | Storing File: res://.godot/imported/ui_close.wav-cd90f14077c4ce3750671b5f68244443.sample
[   7% ] savepack | Storing File: res://assets/audio/sfx/ui_close.wav.import
[   7% ] savepack | Storing File: res://.godot/imported/ui_equip.wav-bb19c4270dfee25b7d694ae570f841f6.sample
[   7% ] savepack | Storing File: res://assets/audio/sfx/ui_equip.wav.import
[   7% ] savepack | Storing File: res://.godot/imported/ui_error.wav-7e011cd889247bd877c76169be1a8ffb.sample
[   7% ] savepack | Storing File: res://assets/audio/sfx/ui_error.wav.import
[   7% ] savepack | Storing File: res://.godot/imported/ui_hover.wav-eacb3655c6edd16c309106c266f283e3.sample
[   7% ] savepack | Storing File: res://assets/audio/sfx/ui_hover.wav.import
[   7% ] savepack | Storing File: res://.godot/imported/ui_open.wav-bccbfe8adb7429095bb36eaa264f21e4.sample
[   7% ] savepack | Storing File: res://assets/audio/sfx/ui_open.wav.import
[   7% ] savepack | Storing File: res://.godot/imported/ui_page.wav-1b37c4310610dc26ac3e0b18fbd18308.sample
[   7% ] savepack | Storing File: res://assets/audio/sfx/ui_page.wav.import
[   7% ] savepack | Storing File: res://.godot/imported/ui_unequip.wav-5e5fe76adabbb0becc640397ec5a8e86.sample
[   7% ] savepack | Storing File: res://assets/audio/sfx/ui_unequip.wav.import
[   7% ] savepack | Storing File: res://.godot/imported/wall_impact_1.wav-3f0dc20e37544da466a0f90b6fa2d166.sample
[   7% ] savepack | Storing File: res://assets/audio/sfx/wall_impact_1.wav.import
[   7% ] savepack | Storing File: res://.godot/imported/wall_impact_2.wav-2e3d78681c15e96c66b83aad292028bb.sample
[   7% ] savepack | Storing File: res://assets/audio/sfx/wall_impact_2.wav.import
[   7% ] savepack | Storing File: res://.godot/imported/war_cry.wav-035efa7af411b67afb5560977fa8e1e2.sample
[   7% ] savepack | Storing File: res://assets/audio/sfx/war_cry.wav.import
[   7% ] savepack | Storing File: res://.godot/imported/water_splash.wav-14c2093ec3be463123561da490244172.sample
[   7% ] savepack | Storing File: res://assets/audio/sfx/water_splash.wav.import
[   8% ] savepack | Storing File: res://.godot/imported/water_wave.wav-bbdf3a5c8c4b55bd45119f161042a235.sample
[   8% ] savepack | Storing File: res://assets/audio/sfx/water_wave.wav.import
[   8% ] savepack | Storing File: res://.godot/imported/whirlwind_loop.wav-8adf9e6ac00b2bc97336092bf1f2d642.sample
[   8% ] savepack | Storing File: res://assets/audio/sfx/whirlwind_loop.wav.import
[   8% ] savepack | Storing File: res://.godot/imported/wind_gust.wav-6ba60b2ccaac98b371505b0af5e02022.sample
[   8% ] savepack | Storing File: res://assets/audio/sfx/wind_gust.wav.import
[   8% ] savepack | Storing File: res://.godot/imported/aegis_acolyte.glb-75a558cc6072da29058d220e995c75df.scn
[   8% ] savepack | Storing File: res://assets/characters/aegis_acolyte.glb.import
[   8% ] savepack | Storing File: res://.godot/imported/aether_sentinel.glb-ce23f402d4cc0eeace8b77ca6ab06867.scn
[   8% ] savepack | Storing File: res://assets/characters/aether_sentinel.glb.import
[   8% ] savepack | Storing File: res://.godot/imported/aether_wisp.glb-1435b42ec3d43b48adf5df7e30b0a4ec.scn
[   8% ] savepack | Storing File: res://assets/characters/aether_wisp.glb.import
[   8% ] savepack | Storing File: res://.godot/imported/aljay.glb-d535cf3d07e3041d06a4498c988329eb.scn
[   8% ] savepack | Storing File: res://assets/characters/aljay.glb.import
[   8% ] savepack | Storing File: res://assets/characters/anim_meta.json
[   8% ] savepack | Storing File: res://.godot/imported/ashen_acolyte.glb-7d08fd04c2119ab7a00e8c14bad549a6.scn
[   8% ] savepack | Storing File: res://assets/characters/ashen_acolyte.glb.import
[   8% ] savepack | Storing File: res://.godot/imported/ashen_cultist.glb-550d70aff4612e283d8bf7fe09c57f9b.scn
[   8% ] savepack | Storing File: res://assets/characters/ashen_cultist.glb.import
[   8% ] savepack | Storing File: res://.godot/imported/astral_duelist.glb-321b71a6149bed5c8edb3b15e617121a.scn
[   8% ] savepack | Storing File: res://assets/characters/astral_duelist.glb.import
[   8% ] savepack | Storing File: res://.godot/imported/astrarch.glb-2198490b043778d565f36b65d75498d7.scn
[   8% ] savepack | Storing File: res://assets/characters/astrarch.glb.import
[   8% ] savepack | Storing File: res://.godot/imported/bandit_bombardier.glb-c5baa773e3f4bfb1ad11ccfb6f8f1863.scn
[   8% ] savepack | Storing File: res://assets/characters/bandit_bombardier.glb.import
[   8% ] savepack | Storing File: res://.godot/imported/bandit_cutthroat.glb-fe068808bfd2e6c854e732e677570e09.scn
[   8% ] savepack | Storing File: res://assets/characters/bandit_cutthroat.glb.import
[   8% ] savepack | Storing File: res://.godot/imported/bandit_marksman.glb-2572608fd0b0f244fc94d55e8b23c575.scn
[   8% ] savepack | Storing File: res://assets/characters/bandit_marksman.glb.import
[   8% ] savepack | Storing File: res://.godot/imported/bard.glb-b61649abcaa16d1069946275f4cdb00b.scn
[   8% ] savepack | Storing File: res://assets/characters/bard.glb.import
[   8% ] savepack | Storing File: res://.godot/imported/barnacle_hulk.glb-1d1ffebad4dcf57e82e666c5b76550b9.scn
[   8% ] savepack | Storing File: res://assets/characters/barnacle_hulk.glb.import
[   8% ] savepack | Storing File: res://.godot/imported/barrow_jarl.glb-aeb3b963fa65716ca0991ab460f93dec.scn
[   8% ] savepack | Storing File: res://assets/characters/barrow_jarl.glb.import
[   9% ] savepack | Storing File: res://.godot/imported/bell_warden.glb-3ae2b1b38438f2c18e7b520d180d10b0.scn
[   9% ] savepack | Storing File: res://assets/characters/bell_warden.glb.import
[   9% ] savepack | Storing File: res://.godot/imported/bloodbinder.glb-e63aa0df911551ecae9e521baaa24f39.scn
[   9% ] savepack | Storing File: res://assets/characters/bloodbinder.glb.import
[   9% ] savepack | Storing File: res://.godot/imported/bonewarden.glb-4720ead20f62d3cfeb899515f17715ad.scn
[   9% ] savepack | Storing File: res://assets/characters/bonewarden.glb.import
[   9% ] savepack | Storing File: res://.godot/imported/boss_warden.glb-4ef3aa2ecab56744173c2176c1e0f930.scn
[   9% ] savepack | Storing File: res://assets/characters/boss_warden.glb.import
[   9% ] savepack | Storing File: res://.godot/imported/briar_lasher.glb-eaada00ff2dbaf21bbfba486c546bee7.scn
[   9% ] savepack | Storing File: res://assets/characters/briar_lasher.glb.import
[   9% ] savepack | Storing File: res://.godot/imported/brinecaller.glb-0c362753e0b4d69250988e1cd3519900.scn
[   9% ] savepack | Storing File: res://assets/characters/brinecaller.glb.import
[   9% ] savepack | Storing File: res://.godot/imported/broodhost.glb-93d497b2c976574541c12eba7a9c5d18.scn
[   9% ] savepack | Storing File: res://assets/characters/broodhost.glb.import
[   9% ] savepack | Storing File: res://.godot/imported/broodmother.glb-b627e1806c87e9fa2a731a714bec8912.scn
[   9% ] savepack | Storing File: res://assets/characters/broodmother.glb.import
[   9% ] savepack | Storing File: res://.godot/imported/cinder_imp.glb-13147d6c4f5b0ac6b64cbff0e60e8805.scn
[   9% ] savepack | Storing File: res://assets/characters/cinder_imp.glb.import
[   9% ] savepack | Storing File: res://.godot/imported/clockwork_sentry.glb-c4bed51e4f841798821805100e6def60.scn
[   9% ] savepack | Storing File: res://assets/characters/clockwork_sentry.glb.import
[   9% ] savepack | Storing File: res://assets/characters/creature_meta.json
[   9% ] savepack | Storing File: res://.godot/imported/dire_wolf.glb-1ebcef3091879981c6e049e46150ccd0.scn
[   9% ] savepack | Storing File: res://assets/characters/dire_wolf.glb.import
[   9% ] savepack | Storing File: res://.godot/imported/drowned_deckhand.glb-2bcda74def8ba2ab6a6dcf6bcf151f3a.scn
[   9% ] savepack | Storing File: res://assets/characters/drowned_deckhand.glb.import
[   9% ] savepack | Storing File: res://.godot/imported/elder.glb-47f82e9f233ff92b4793324419b6bb97.scn
[   9% ] savepack | Storing File: res://assets/characters/elder.glb.import
[   9% ] savepack | Storing File: res://.godot/imported/fisher.glb-1953985592c17c271512ecab2afef158.scn
[   9% ] savepack | Storing File: res://assets/characters/fisher.glb.import
[   9% ] savepack | Storing File: res://.godot/imported/forgemaster.glb-dcb977dd0a045fd3b3979562a00640ec.scn
[   9% ] savepack | Storing File: res://assets/characters/forgemaster.glb.import
[   9% ] savepack | Storing File: res://.godot/imported/forge_thrall.glb-356e4c93412ec2a1f82f9eb192b1bb47.scn
[   9% ] savepack | Storing File: res://assets/characters/forge_thrall.glb.import
[   9% ] savepack | Storing File: res://.godot/imported/frost_revenant.glb-db36c7eabd82f4c51ccae5fd57b559a4.scn
[   9% ] savepack | Storing File: res://assets/characters/frost_revenant.glb.import
[   9% ] savepack | Storing File: res://.godot/imported/ghoul_brute.glb-aa5a36e0cf234b1af5b55498a99a7dab.scn
[   9% ] savepack | Storing File: res://assets/characters/ghoul_brute.glb.import
[  10% ] savepack | Storing File: res://.godot/imported/gloam_ooze.glb-9f8384ed81a67118610659547a7c962d.scn
[  10% ] savepack | Storing File: res://assets/characters/gloam_ooze.glb.import
[  10% ] savepack | Storing File: res://.godot/imported/gloomwraith.glb-931ae52cc6fb09810521465d0c881496.scn
[  10% ] savepack | Storing File: res://assets/characters/gloomwraith.glb.import
[  10% ] savepack | Storing File: res://.godot/imported/goblin_sapper.glb-56859f04b4aafd23c6edd03842284912.scn
[  10% ] savepack | Storing File: res://assets/characters/goblin_sapper.glb.import
[  10% ] savepack | Storing File: res://.godot/imported/goblin_skulker.glb-883838afe8b054b314db76033a80ba40.scn
[  10% ] savepack | Storing File: res://assets/characters/goblin_skulker.glb.import
[  10% ] savepack | Storing File: res://.godot/imported/goblin_summoner.glb-fc1b77318637285a026ed1e05805c974.scn
[  10% ] savepack | Storing File: res://assets/characters/goblin_summoner.glb.import
[  10% ] savepack | Storing File: res://.godot/imported/gravecaller.glb-64fa009a20308708708edcd5fac55970.scn
[  10% ] savepack | Storing File: res://assets/characters/gravecaller.glb.import
[  10% ] savepack | Storing File: res://.godot/imported/grave_archer.glb-c246c00e9923a91a207165bb49822fe8.scn
[  10% ] savepack | Storing File: res://assets/characters/grave_archer.glb.import
[  10% ] savepack | Storing File: res://.godot/imported/hive_drone.glb-7013d917c15b827c90c1661431be23ab.scn
[  10% ] savepack | Storing File: res://assets/characters/hive_drone.glb.import
[  10% ] savepack | Storing File: res://.godot/imported/hive_nest.glb-b922fed841ace4e0e48b341a0c49ad52.scn
[  10% ] savepack | Storing File: res://assets/characters/hive_nest.glb.import
[  10% ] savepack | Storing File: res://.godot/imported/hollow_soldier.glb-27337b9d2a40da42f7528eeb483327cc.scn
[  10% ] savepack | Storing File: res://assets/characters/hollow_soldier.glb.import
[  10% ] savepack | Storing File: res://.godot/imported/ice_wraith.glb-39550b248635194da9c5754576b1e0e4.scn
[  10% ] savepack | Storing File: res://assets/characters/ice_wraith.glb.import
[  10% ] savepack | Storing File: res://.godot/imported/kethrax.glb-7a7f7c0004be8413abf693e2b02fe8a2.scn
[  10% ] savepack | Storing File: res://assets/characters/kethrax.glb.import
[  10% ] savepack | Storing File: res://.godot/imported/knight.glb-0f68c0b33535bda02b8885da39ffda4b.scn
[  10% ] savepack | Storing File: res://assets/characters/knight.glb.import
[  10% ] savepack | Storing File: res://.godot/imported/lape.glb-e6bc74aee8ffe909d4b05f93ba5ac102.scn
[  10% ] savepack | Storing File: res://assets/characters/lape.glb.import
[  10% ] savepack | Storing File: res://.godot/imported/mage.glb-2e30e2385270e983b1c34e6eb386de8a.scn
[  10% ] savepack | Storing File: res://assets/characters/mage.glb.import
[  10% ] savepack | Storing File: res://.godot/imported/magma_golem.glb-6a19e4621a0968df4e5fcce2c8471580.scn
[  10% ] savepack | Storing File: res://assets/characters/magma_golem.glb.import
[  10% ] savepack | Storing File: res://.godot/imported/matron.glb-973519a8a9ac8b70ac2857c8fbdab101.scn
[  10% ] savepack | Storing File: res://assets/characters/matron.glb.import
[  10% ] savepack | Storing File: res://.godot/imported/merchant.glb-e18015037c22cb1859feff62f67f481d.scn
[  10% ] savepack | Storing File: res://assets/characters/merchant.glb.import
[  11% ] savepack | Storing File: res://.godot/imported/mirage_weaver.glb-e37a7cf474edb8b8ca58732d4d17215c.scn
[  11% ] savepack | Storing File: res://assets/characters/mirage_weaver.glb.import
[  11% ] savepack | Storing File: res://.godot/imported/mire_troll.glb-4a247738dd03e0776304396f91f2b70c.scn
[  11% ] savepack | Storing File: res://assets/characters/mire_troll.glb.import
[  11% ] savepack | Storing File: res://.godot/imported/mirror_knight.glb-117fd113d5981b822481dbe1432122f6.scn
[  11% ] savepack | Storing File: res://assets/characters/mirror_knight.glb.import
[  11% ] savepack | Storing File: res://.godot/imported/mycelid_hulk.glb-47e7c74635ff7b74494fc6a39fbda15b.scn
[  11% ] savepack | Storing File: res://assets/characters/mycelid_hulk.glb.import
[  11% ] savepack | Storing File: res://.godot/imported/necromancer.glb-4852b3683d3e97f7f033a2384cebda3a.scn
[  11% ] savepack | Storing File: res://assets/characters/necromancer.glb.import
[  11% ] savepack | Storing File: res://.godot/imported/officer.glb-8fed891fdaa8ddb2f6b5f41cf107b3b6.scn
[  11% ] savepack | Storing File: res://assets/characters/officer.glb.import
[  11% ] savepack | Storing File: res://.godot/imported/ogre_crusher.glb-55e5005b9d3786a90ceb4ab614981bbf.scn
[  11% ] savepack | Storing File: res://assets/characters/ogre_crusher.glb.import
[  11% ] savepack | Storing File: res://.godot/imported/orc_reaver.glb-bb86ef15d2f035d0e191c5ac93b53f32.scn
[  11% ] savepack | Storing File: res://assets/characters/orc_reaver.glb.import
[  11% ] savepack | Storing File: res://.godot/imported/orc_shaman.glb-f23302e960ac8946ef414aa1cb6f253f.scn
[  11% ] savepack | Storing File: res://assets/characters/orc_shaman.glb.import
[  11% ] savepack | Storing File: res://.godot/imported/paul_david.glb-71d14c2eebcdcdadda01e13ae64be029.scn
[  11% ] savepack | Storing File: res://assets/characters/paul_david.glb.import
[  11% ] savepack | Storing File: res://.godot/imported/plague_bloater.glb-cb64656613e335d5c8af964d5c2e690b.scn
[  11% ] savepack | Storing File: res://assets/characters/plague_bloater.glb.import
[  11% ] savepack | Storing File: res://.godot/imported/prism_sentinel.glb-510c22c89129a5e58884af084cbaae70.scn
[  11% ] savepack | Storing File: res://assets/characters/prism_sentinel.glb.import
[  11% ] savepack | Storing File: res://.godot/imported/ranger.glb-7e0cfab3e905069740b63fd4fb257e49.scn
[  11% ] savepack | Storing File: res://assets/characters/ranger.glb.import
[  11% ] savepack | Storing File: res://.godot/imported/reef_crawler.glb-c4bb808f47701de47cc57a526a6eafca.scn
[  11% ] savepack | Storing File: res://assets/characters/reef_crawler.glb.import
[  11% ] savepack | Storing File: res://.godot/imported/riftcaller.glb-ed82308f986515e48d70aca8471649ec.scn
[  11% ] savepack | Storing File: res://assets/characters/riftcaller.glb.import
[  11% ] savepack | Storing File: res://.godot/imported/rime_husk.glb-f7a3fe013cb6f71a31d0d5c46b4896b9.scn
[  11% ] savepack | Storing File: res://assets/characters/rime_husk.glb.import
[  11% ] savepack | Storing File: res://.godot/imported/rime_weaver.glb-806b2663ea3c1ea1050605bc2ec293b0.scn
[  11% ] savepack | Storing File: res://assets/characters/rime_weaver.glb.import
[  11% ] savepack | Storing File: res://.godot/imported/rootback_boar.glb-cfcff7cc3bd5f60b2ae5f51d1d48d3f2.scn
[  11% ] savepack | Storing File: res://assets/characters/rootback_boar.glb.import
[  11% ] savepack | Storing File: res://.godot/imported/rootweaver.glb-72e870f557e0fc9fe8416105432491e7.scn
[  11% ] savepack | Storing File: res://assets/characters/rootweaver.glb.import
[  12% ] savepack | Storing File: res://.godot/imported/rot_mother.glb-1ca3177a13a773ee9238dca5ec367bba.scn
[  12% ] savepack | Storing File: res://assets/characters/rot_mother.glb.import
[  12% ] savepack | Storing File: res://.godot/imported/roydo.glb-51101111ddc9f13fa111de5e741db5b3.scn
[  12% ] savepack | Storing File: res://assets/characters/roydo.glb.import
[  12% ] savepack | Storing File: res://.godot/imported/rune_golem.glb-09538982ca7312ace92a2d3dfb6f0ae9.scn
[  12% ] savepack | Storing File: res://assets/characters/rune_golem.glb.import
[  12% ] savepack | Storing File: res://.godot/imported/scholar.glb-cabd91b596e2a775893539bba18f50a7.scn
[  12% ] savepack | Storing File: res://assets/characters/scholar.glb.import
[  12% ] savepack | Storing File: res://.godot/imported/shade_stalker.glb-6673d0637e5418e820270ffbef25496f.scn
[  12% ] savepack | Storing File: res://assets/characters/shade_stalker.glb.import
[  12% ] savepack | Storing File: res://.godot/imported/shadowblade.glb-522366a107e25d7b561b55ea8c703d1e.scn
[  12% ] savepack | Storing File: res://assets/characters/shadowblade.glb.import
[  12% ] savepack | Storing File: res://.godot/imported/shellback_grinder.glb-a587b2cfe3c9cf96e5161a26f54e52ad.scn
[  12% ] savepack | Storing File: res://assets/characters/shellback_grinder.glb.import
[  12% ] savepack | Storing File: res://.godot/imported/slag_hound.glb-f8bfb842cea1380307f9bdd19a44b328.scn
[  12% ] savepack | Storing File: res://assets/characters/slag_hound.glb.import
[  12% ] savepack | Storing File: res://.godot/imported/smith.glb-3f8602693c39e1d5bdc3b5a69d412b61.scn
[  12% ] savepack | Storing File: res://assets/characters/smith.glb.import
[  12% ] savepack | Storing File: res://.godot/imported/soulbound_twin.glb-b5a358c20aeebf4457dd90901151e440.scn
[  12% ] savepack | Storing File: res://assets/characters/soulbound_twin.glb.import
[  12% ] savepack | Storing File: res://.godot/imported/sporeling.glb-d4532fab4558e54490a9fb99c6ac3bce.scn
[  12% ] savepack | Storing File: res://assets/characters/sporeling.glb.import
[  12% ] savepack | Storing File: res://.godot/imported/star_mote.glb-e8584de5e831a28056c5b7605f7374eb.scn
[  12% ] savepack | Storing File: res://assets/characters/star_mote.glb.import
[  12% ] savepack | Storing File: res://.godot/imported/stonegaze_basilisk.glb-b64fda25a0da38dc050f239a4f047236.scn
[  12% ] savepack | Storing File: res://assets/characters/stonegaze_basilisk.glb.import
[  12% ] savepack | Storing File: res://.godot/imported/storm_herald.glb-52c6f7d7f53b2a9cd8dcbec088816d33.scn
[  12% ] savepack | Storing File: res://assets/characters/storm_herald.glb.import
[  12% ] savepack | Storing File: res://.godot/imported/traveler.glb-ac698a5f1d1605c4bc3227a491adfe59.scn
[  12% ] savepack | Storing File: res://assets/characters/traveler.glb.import
[  12% ] savepack | Storing File: res://.godot/imported/treasure_gremlin.glb-ce96ea44380c043c5103a872bf473f94.scn
[  12% ] savepack | Storing File: res://assets/characters/treasure_gremlin.glb.import
[  12% ] savepack | Storing File: res://.godot/imported/treasure_mimic.glb-0ea05655fbb581344504787ffffe03e4.scn
[  12% ] savepack | Storing File: res://assets/characters/treasure_mimic.glb.import
[  12% ] savepack | Storing File: res://.godot/imported/tunnel_maw.glb-f32ada99a1bfc62dc2447018c81ea591.scn
[  12% ] savepack | Storing File: res://assets/characters/tunnel_maw.glb.import
[  12% ] savepack | Storing File: res://.godot/imported/void_rift.glb-da39916bdd44247e0ea3b3a2bc92d621.scn
[  12% ] savepack | Storing File: res://assets/characters/void_rift.glb.import
[  13% ] savepack | Storing File: res://.godot/imported/void_seer.glb-b2f1f5b803f0953eb4825b3afebf995b.scn
[  13% ] savepack | Storing File: res://assets/characters/void_seer.glb.import
[  13% ] savepack | Storing File: res://.godot/imported/warband_chieftain.glb-7cf9c233f3aaa286821b26ff8c7cca1e.scn
[  13% ] savepack | Storing File: res://assets/characters/warband_chieftain.glb.import
[  13% ] savepack | Storing File: res://.godot/imported/war_totem.glb-6aba871235c4c938da4e32c269294374.scn
[  13% ] savepack | Storing File: res://assets/characters/war_totem.glb.import
[  13% ] savepack | Storing File: res://.godot/imported/winter_crown.glb-a3810f8bb395ca92169f807faac9eb97.scn
[  13% ] savepack | Storing File: res://assets/characters/winter_crown.glb.import
[  13% ] savepack | Storing File: res://.godot/imported/altar.glb-d531505ebd43a799cfd7cf00ab465309.scn
[  13% ] savepack | Storing File: res://assets/environment/altar.glb.import
[  13% ] savepack | Storing File: res://.godot/imported/anchor_giant.glb-6a534639609cf6461c6b12f0319de4d2.scn
[  13% ] savepack | Storing File: res://assets/environment/anchor_giant.glb.import
[  13% ] savepack | Storing File: res://.godot/imported/anvil.glb-8cebd7b8baafabe9eca4edb7710fec8a.scn
[  13% ] savepack | Storing File: res://assets/environment/anvil.glb.import
[  13% ] savepack | Storing File: res://.godot/imported/arch.glb-41a98b953d9da9ee99d22beefcba7784.scn
[  13% ] savepack | Storing File: res://assets/environment/arch.glb.import
[  13% ] savepack | Storing File: res://.godot/imported/arch_quoin.glb-f9965cca3dd97df8e92de19489087d0c.scn
[  13% ] savepack | Storing File: res://assets/environment/arch_quoin.glb.import
[  13% ] savepack | Storing File: res://.godot/imported/armillary_sphere.glb-37ac8388b7d3ab0848f4158d4d4fb63f.scn
[  13% ] savepack | Storing File: res://assets/environment/armillary_sphere.glb.import
[  13% ] savepack | Storing File: res://.godot/imported/armor_stand.glb-1f7e64515f60595adca2bbb714eb6455.scn
[  13% ] savepack | Storing File: res://assets/environment/armor_stand.glb.import
[  13% ] savepack | Storing File: res://.godot/imported/banner_torn.glb-978ce4baeee2444cecc7506547d06f5d.scn
[  13% ] savepack | Storing File: res://assets/environment/banner_torn.glb.import
[  13% ] savepack | Storing File: res://.godot/imported/barnacle_pillar.glb-97e4d4086ddc1d78fbfe750aa20cc1e6.scn
[  13% ] savepack | Storing File: res://assets/environment/barnacle_pillar.glb.import
[  13% ] savepack | Storing File: res://.godot/imported/barrel.glb-b58dae5c33547a0207b547b55cab14e6.scn
[  13% ] savepack | Storing File: res://assets/environment/barrel.glb.import
[  13% ] savepack | Storing File: res://.godot/imported/barrel_fragments.glb-4c3a90a65ee43808355383efa010b795.scn
[  13% ] savepack | Storing File: res://assets/environment/barrel_fragments.glb.import
[  13% ] savepack | Storing File: res://.godot/imported/bar_back_shelf.glb-8be5af4d33d1f172e0412b5274b8486e.scn
[  13% ] savepack | Storing File: res://assets/environment/bar_back_shelf.glb.import
[  13% ] savepack | Storing File: res://.godot/imported/bar_counter.glb-66759d7c8d57d891be46e13f09d7b3dc.scn
[  13% ] savepack | Storing File: res://assets/environment/bar_counter.glb.import
[  13% ] savepack | Storing File: res://.godot/imported/basalt_column.glb-0d7a39f287607c1eeb10668c7a83af45.scn
[  13% ] savepack | Storing File: res://assets/environment/basalt_column.glb.import
[  14% ] savepack | Storing File: res://.godot/imported/bed.glb-190e43eb18c99dbbc337bc695aa655ff.scn
[  14% ] savepack | Storing File: res://assets/environment/bed.glb.import
[  14% ] savepack | Storing File: res://.godot/imported/bedroll.glb-916864e225451c77e511461af1a3a786.scn
[  14% ] savepack | Storing File: res://assets/environment/bedroll.glb.import
[  14% ] savepack | Storing File: res://.godot/imported/bed_double.glb-60d636668ac16ae35061bc980d7754ef.scn
[  14% ] savepack | Storing File: res://assets/environment/bed_double.glb.import
[  14% ] savepack | Storing File: res://.godot/imported/bench.glb-3d60c026cd4114a4b533bfc9fb602876.scn
[  14% ] savepack | Storing File: res://assets/environment/bench.glb.import
[  14% ] savepack | Storing File: res://.godot/imported/boat_rowing.glb-a21914b28c8ce4bd1df634a33306c455.scn
[  14% ] savepack | Storing File: res://assets/environment/boat_rowing.glb.import
[  14% ] savepack | Storing File: res://.godot/imported/bones_scatter.glb-6bdaf85a9163e7f149213ede864bf206.scn
[  14% ] savepack | Storing File: res://assets/environment/bones_scatter.glb.import
[  14% ] savepack | Storing File: res://.godot/imported/bookshelf.glb-451b85ebb927e20afc0cd76dba54c770.scn
[  14% ] savepack | Storing File: res://assets/environment/bookshelf.glb.import
[  14% ] savepack | Storing File: res://.godot/imported/bookshelf_full.glb-5e4846f23947f529a82196043f04f8f7.scn
[  14% ] savepack | Storing File: res://assets/environment/bookshelf_full.glb.import
[  14% ] savepack | Storing File: res://.godot/imported/brass_telescope.glb-f2396fc8b89e3b7ed00a0266efd1a310.scn
[  14% ] savepack | Storing File: res://assets/environment/brass_telescope.glb.import
[  14% ] savepack | Storing File: res://.godot/imported/brazier.glb-67eda45a31a38fac9dfbe941ae352adc.scn
[  14% ] savepack | Storing File: res://assets/environment/brazier.glb.import
[  14% ] savepack | Storing File: res://.godot/imported/bridge_stone.glb-ebba2dfd49c1d7c3de2e97b3528ed61c.scn
[  14% ] savepack | Storing File: res://assets/environment/bridge_stone.glb.import
[  14% ] savepack | Storing File: res://.godot/imported/bridge_wood.glb-1615cef7f3d78055ee292a315d07ca2d.scn
[  14% ] savepack | Storing File: res://assets/environment/bridge_wood.glb.import
[  14% ] savepack | Storing File: res://.godot/imported/bush_a.glb-bf681a1e5a6724687eb4cf3f820cd7e3.scn
[  14% ] savepack | Storing File: res://assets/environment/bush_a.glb.import
[  14% ] savepack | Storing File: res://.godot/imported/bush_b.glb-5ba5b731d9d88172a457d4a73b00f5f9.scn
[  14% ] savepack | Storing File: res://assets/environment/bush_b.glb.import
[  14% ] savepack | Storing File: res://.godot/imported/cabinet.glb-9f34640c550e6666a9a1cd18f8c3e6a5.scn
[  14% ] savepack | Storing File: res://assets/environment/cabinet.glb.import
[  14% ] savepack | Storing File: res://.godot/imported/campfire.glb-f70ad1ab508b60315dc212f99e4e04c0.scn
[  14% ] savepack | Storing File: res://assets/environment/campfire.glb.import
[  14% ] savepack | Storing File: res://.godot/imported/candles_cluster.glb-786c2beebfe9bafc3e02e4084da640d5.scn
[  14% ] savepack | Storing File: res://assets/environment/candles_cluster.glb.import
[  14% ] savepack | Storing File: res://.godot/imported/cart_hay.glb-cd6ec9fa508fbdc086b56a47b861fd27.scn
[  14% ] savepack | Storing File: res://assets/environment/cart_hay.glb.import
[  14% ] savepack | Storing File: res://.godot/imported/ceiling_beam.glb-fe82e7bb161c0451aafcad99f0000aff.scn
[  14% ] savepack | Storing File: res://assets/environment/ceiling_beam.glb.import
[  15% ] savepack | Storing File: res://.godot/imported/chains_hanging.glb-7ec867c9c53c92756b6f8f06ce5858f0.scn
[  15% ] savepack | Storing File: res://assets/environment/chains_hanging.glb.import
[  15% ] savepack | Storing File: res://.godot/imported/chain_hoist.glb-8311a9402852c324dfee1c4f9cb8cb20.scn
[  15% ] savepack | Storing File: res://assets/environment/chain_hoist.glb.import
[  15% ] savepack | Storing File: res://.godot/imported/chair.glb-f2452394425d2b0e1fdca0f0b2630d0f.scn
[  15% ] savepack | Storing File: res://assets/environment/chair.glb.import
[  15% ] savepack | Storing File: res://.godot/imported/chest.glb-53f08e8d96bacf88920bed2c24a6cca5.scn
[  15% ] savepack | Storing File: res://assets/environment/chest.glb.import
[  15% ] savepack | Storing File: res://.godot/imported/cliff_a.glb-ed79f575ff02e98a0dac696a9daff609.scn
[  15% ] savepack | Storing File: res://assets/environment/cliff_a.glb.import
[  15% ] savepack | Storing File: res://.godot/imported/cliff_b.glb-c6187ae1137ca5e361e7db6d5469ae64.scn
[  15% ] savepack | Storing File: res://assets/environment/cliff_b.glb.import
[  15% ] savepack | Storing File: res://.godot/imported/cobweb.glb-bc6d47dfa86e1359c84e96cd5c853990.scn
[  15% ] savepack | Storing File: res://assets/environment/cobweb.glb.import
[  15% ] savepack | Storing File: res://.godot/imported/coffin.glb-fb090eeb5b016fc9c5d1d009fe452f24.scn
[  15% ] savepack | Storing File: res://assets/environment/coffin.glb.import
[  15% ] savepack | Storing File: res://.godot/imported/cooking_hearth.glb-999b62b56b60a6b61813e11dc350dba8.scn
[  15% ] savepack | Storing File: res://assets/environment/cooking_hearth.glb.import
[  15% ] savepack | Storing File: res://.godot/imported/coral_cluster.glb-6a86f5bb19c434c4f6204a7576dd8e4e.scn
[  15% ] savepack | Storing File: res://assets/environment/coral_cluster.glb.import
[  15% ] savepack | Storing File: res://.godot/imported/crate.glb-da97771fc458a3d5a3efce254fa83e52.scn
[  15% ] savepack | Storing File: res://assets/environment/crate.glb.import
[  15% ] savepack | Storing File: res://.godot/imported/crate_fragments.glb-26531d574b5e2a8412fb7be47171f6c8.scn
[  15% ] savepack | Storing File: res://assets/environment/crate_fragments.glb.import
[  15% ] savepack | Storing File: res://.godot/imported/crib.glb-910838548c4e437d6d6ca04e93cee92b.scn
[  15% ] savepack | Storing File: res://assets/environment/crib.glb.import
[  15% ] savepack | Storing File: res://.godot/imported/crystal_pylon.glb-e51fdf71ad674cdcb43f6bac80640399.scn
[  15% ] savepack | Storing File: res://assets/environment/crystal_pylon.glb.import
[  15% ] savepack | Storing File: res://.godot/imported/curtain.glb-123e19454b705cd910ebfb19917b15bf.scn
[  15% ] savepack | Storing File: res://assets/environment/curtain.glb.import
[  15% ] savepack | Storing File: res://.godot/imported/desk_writing.glb-774149bac3cd7b21032d70d21a499b9a.scn
[  15% ] savepack | Storing File: res://assets/environment/desk_writing.glb.import
[  15% ] savepack | Storing File: res://.godot/imported/dock_planks.glb-33ee64c3ace47d2a1296b30a4a9eb998.scn
[  15% ] savepack | Storing File: res://assets/environment/dock_planks.glb.import
[  15% ] savepack | Storing File: res://.godot/imported/fern.glb-f82a4650b1513f93472668a1eb58ba84.scn
[  15% ] savepack | Storing File: res://assets/environment/fern.glb.import
[  16% ] savepack | Storing File: res://.godot/imported/fireplace.glb-382acdfcd3f898323b66986ab08c401c.scn
[  16% ] savepack | Storing File: res://assets/environment/fireplace.glb.import
[  16% ] savepack | Storing File: res://.godot/imported/fishing_nets.glb-9e8adcfe03f7737cd47f7060347d0144.scn
[  16% ] savepack | Storing File: res://assets/environment/fishing_nets.glb.import
[  16% ] savepack | Storing File: res://.godot/imported/fish_rack.glb-cb5da5bad1d7822017066001b566de3b.scn
[  16% ] savepack | Storing File: res://assets/environment/fish_rack.glb.import
[  16% ] savepack | Storing File: res://.godot/imported/floating_rock.glb-675729465f9e0d98ff2644156ec468df.scn
[  16% ] savepack | Storing File: res://assets/environment/floating_rock.glb.import
[  16% ] savepack | Storing File: res://.godot/imported/floor_tile_4m.glb-b5072df8909e325de5071ce8e04ef14c.scn
[  16% ] savepack | Storing File: res://assets/environment/floor_tile_4m.glb.import
[  16% ] savepack | Storing File: res://.godot/imported/forge_furnace.glb-f8f560a0a9d7f44b6ba44eb5b305f152.scn
[  16% ] savepack | Storing File: res://assets/environment/forge_furnace.glb.import
[  16% ] savepack | Storing File: res://.godot/imported/fountain.glb-ca52add75976f5d3ee8bf75b3055b96c.scn
[  16% ] savepack | Storing File: res://assets/environment/fountain.glb.import
[  16% ] savepack | Storing File: res://.godot/imported/frozen_coffin.glb-b8e76300de19a3f80675dcc4ae6aa91c.scn
[  16% ] savepack | Storing File: res://assets/environment/frozen_coffin.glb.import
[  16% ] savepack | Storing File: res://.godot/imported/fungus_shelf.glb-a6aa4ac2a9b845d33be268a00ecee58c.scn
[  16% ] savepack | Storing File: res://assets/environment/fungus_shelf.glb.import
[  16% ] savepack | Storing File: res://.godot/imported/gallery_railing.glb-4b66182bf5df71f3ff2beaa7a562ff8c.scn
[  16% ] savepack | Storing File: res://assets/environment/gallery_railing.glb.import
[  16% ] savepack | Storing File: res://.godot/imported/gate_iron.glb-8e36b3258acbdcb3db63190189af2c84.scn
[  16% ] savepack | Storing File: res://assets/environment/gate_iron.glb.import
[  16% ] savepack | Storing File: res://.godot/imported/grass_clump.glb-eb42d5132998b071d26fc8ee14df8d47.scn
[  16% ] savepack | Storing File: res://assets/environment/grass_clump.glb.import
[  16% ] savepack | Storing File: res://.godot/imported/gravestone_a.glb-1fcbd023af6b61fa99855c650e7e87e1.scn
[  16% ] savepack | Storing File: res://assets/environment/gravestone_a.glb.import
[  16% ] savepack | Storing File: res://.godot/imported/gravestone_b.glb-b015b71723f6b87b02bc102a66852af0.scn
[  16% ] savepack | Storing File: res://assets/environment/gravestone_b.glb.import
[  16% ] savepack | Storing File: res://.godot/imported/guild_banner_lantern.glb-b8391251b4db208093f6e8418650e47e.scn
[  16% ] savepack | Storing File: res://assets/environment/guild_banner_lantern.glb.import
[  16% ] savepack | Storing File: res://.godot/imported/guild_banner_swordfin.glb-56a146ff64304cae38ec2b99031041be.scn
[  16% ] savepack | Storing File: res://assets/environment/guild_banner_swordfin.glb.import
[  16% ] savepack | Storing File: res://.godot/imported/guild_hall_lantern.glb-eea3536f45c62e482c91dc98cea4cfba.scn
[  16% ] savepack | Storing File: res://assets/environment/guild_hall_lantern.glb.import
[  16% ] savepack | Storing File: res://.godot/imported/guild_hall_swordfin.glb-af3860f29680f12a466a79e35daae921.scn
[  16% ] savepack | Storing File: res://assets/environment/guild_hall_swordfin.glb.import
[  16% ] savepack | Storing File: res://.godot/imported/guild_house.glb-276acc48ceeffad70bbc3ccc255da32f.scn
[  16% ] savepack | Storing File: res://assets/environment/guild_house.glb.import
[  17% ] savepack | Storing File: res://.godot/imported/hanging_lantern.glb-9c1974473e45f4bd9aac8375767d85bd.scn
[  17% ] savepack | Storing File: res://assets/environment/hanging_lantern.glb.import
[  17% ] savepack | Storing File: res://.godot/imported/house_destroyed.glb-86dd2f39b3ead83d48a0b48c889a2392.scn
[  17% ] savepack | Storing File: res://assets/environment/house_destroyed.glb.import
[  17% ] savepack | Storing File: res://.godot/imported/house_intact.glb-222afdb4b0ec45f0ff178798d566b595.scn
[  17% ] savepack | Storing File: res://assets/environment/house_intact.glb.import
[  17% ] savepack | Storing File: res://.godot/imported/house_intact_door.glb-b55db6e3fe4cbe539ff97a4c56c40f51.scn
[  17% ] savepack | Storing File: res://assets/environment/house_intact_door.glb.import
[  17% ] savepack | Storing File: res://.godot/imported/ice_crystal_large.glb-ce5d7b17093b7f1414c43bca4b0462e2.scn
[  17% ] savepack | Storing File: res://assets/environment/ice_crystal_large.glb.import
[  17% ] savepack | Storing File: res://.godot/imported/ice_crystal_small.glb-96fa87ef5e73947dc59b8d0b4f884bae.scn
[  17% ] savepack | Storing File: res://assets/environment/ice_crystal_small.glb.import
[  17% ] savepack | Storing File: res://.godot/imported/icicles_hanging.glb-e050b200559eef1668f66f87be174121.scn
[  17% ] savepack | Storing File: res://assets/environment/icicles_hanging.glb.import
[  17% ] savepack | Storing File: res://.godot/imported/int_ceiling_beams.glb-a59ed9ff2d1cd6f769aa1d181d240041.scn
[  17% ] savepack | Storing File: res://assets/environment/int_ceiling_beams.glb.import
[  17% ] savepack | Storing File: res://.godot/imported/int_floor_planks.glb-14aac4d21f23eab435a90d027f34ea5c.scn
[  17% ] savepack | Storing File: res://assets/environment/int_floor_planks.glb.import
[  17% ] savepack | Storing File: res://.godot/imported/int_wall_plaster.glb-7adcca3f20790269b090ae022acba591.scn
[  17% ] savepack | Storing File: res://assets/environment/int_wall_plaster.glb.import
[  17% ] savepack | Storing File: res://.godot/imported/int_wall_plaster_door.glb-056c5b5455ecdf464daacf2365ea532c.scn
[  17% ] savepack | Storing File: res://assets/environment/int_wall_plaster_door.glb.import
[  17% ] savepack | Storing File: res://.godot/imported/int_wall_plaster_low.glb-24da73fb3aebb1e015ee6aa8bfb37557.scn
[  17% ] savepack | Storing File: res://assets/environment/int_wall_plaster_low.glb.import
[  17% ] savepack | Storing File: res://.godot/imported/int_wall_plaster_window.glb-917b25570221fabe4d875d60638d48eb.scn
[  17% ] savepack | Storing File: res://assets/environment/int_wall_plaster_window.glb.import
[  17% ] savepack | Storing File: res://.godot/imported/int_wall_stone.glb-00726aba27a64fede17773d2bffa8b59.scn
[  17% ] savepack | Storing File: res://assets/environment/int_wall_stone.glb.import
[  17% ] savepack | Storing File: res://.godot/imported/int_wall_stone_low.glb-5ba62c5e9eedc3510f7fbe8fd2129f98.scn
[  17% ] savepack | Storing File: res://assets/environment/int_wall_stone_low.glb.import
[  17% ] savepack | Storing File: res://.godot/imported/keg_rack.glb-cacb12528eaff933a04e91a6834b99ff.scn
[  17% ] savepack | Storing File: res://assets/environment/keg_rack.glb.import
[  17% ] savepack | Storing File: res://.godot/imported/kelp_strands.glb-76f3dfb6d5ede0ed454035af44f1928b.scn
[  17% ] savepack | Storing File: res://assets/environment/kelp_strands.glb.import
[  17% ] savepack | Storing File: res://.godot/imported/ladder.glb-829eec32f83fdf2d65e73b5c86174cb4.scn
[  17% ] savepack | Storing File: res://assets/environment/ladder.glb.import
[  17% ] savepack | Storing File: res://.godot/imported/lamp_post.glb-c61749d001e243cdf711dd4e476d2578.scn
[  17% ] savepack | Storing File: res://assets/environment/lamp_post.glb.import
[  18% ] savepack | Storing File: res://.godot/imported/lantern_stand.glb-595af1b451ea93d2be60faddd71efda0.scn
[  18% ] savepack | Storing File: res://assets/environment/lantern_stand.glb.import
[  18% ] savepack | Storing File: res://.godot/imported/lava_crucible.glb-ef684796e81a1c40c578b52aafc77292.scn
[  18% ] savepack | Storing File: res://assets/environment/lava_crucible.glb.import
[  18% ] savepack | Storing File: res://.godot/imported/lectern.glb-1aed8e02bdfacab720e5ebd98249ff6f.scn
[  18% ] savepack | Storing File: res://assets/environment/lectern.glb.import
[  18% ] savepack | Storing File: res://.godot/imported/log_fallen.glb-28f3c108ed0afdbf33478ab1d3b13497.scn
[  18% ] savepack | Storing File: res://assets/environment/log_fallen.glb.import
[  18% ] savepack | Storing File: res://.godot/imported/map_table.glb-4521db7ee2a7ef32192e741e37a06384.scn
[  18% ] savepack | Storing File: res://assets/environment/map_table.glb.import
[  18% ] savepack | Storing File: res://.godot/imported/market_stall.glb-a0d1f452c2056e6d224b73c7dfce3ee1.scn
[  18% ] savepack | Storing File: res://assets/environment/market_stall.glb.import
[  18% ] savepack | Storing File: res://.godot/imported/mushrooms.glb-8336405701a0869cfc732ea94a25f178.scn
[  18% ] savepack | Storing File: res://assets/environment/mushrooms.glb.import
[  18% ] savepack | Storing File: res://.godot/imported/mushroom_giant.glb-84607446a3ff80106d3ce7c2135e2e0c.scn
[  18% ] savepack | Storing File: res://assets/environment/mushroom_giant.glb.import
[  18% ] savepack | Storing File: res://.godot/imported/mushroom_glow_cluster.glb-ac026c036139240235d38f3c20fdd55b.scn
[  18% ] savepack | Storing File: res://assets/environment/mushroom_glow_cluster.glb.import
[  18% ] savepack | Storing File: res://.godot/imported/notice_board.glb-d2e93aacfce7d343818c182ce60b357c.scn
[  18% ] savepack | Storing File: res://assets/environment/notice_board.glb.import
[  18% ] savepack | Storing File: res://.godot/imported/obelisk_corrupted.glb-eac524c9ae9bd9a0c7cb43f563fd415c.scn
[  18% ] savepack | Storing File: res://assets/environment/obelisk_corrupted.glb.import
[  18% ] savepack | Storing File: res://.godot/imported/ore_cart.glb-58dac76a71658df06a6f04b297697481.scn
[  18% ] savepack | Storing File: res://assets/environment/ore_cart.glb.import
[  18% ] savepack | Storing File: res://.godot/imported/palisade_fence.glb-0514c9aa9c54efda49f6fa0e5fe27934.scn
[  18% ] savepack | Storing File: res://assets/environment/palisade_fence.glb.import
[  18% ] savepack | Storing File: res://.godot/imported/pillar.glb-bcf579bed2d07e11769e48cb225e8b23.scn
[  18% ] savepack | Storing File: res://assets/environment/pillar.glb.import
[  18% ] savepack | Storing File: res://.godot/imported/pillar_broken.glb-ea3558b1408f7c1e6fceb5b26fd26d84.scn
[  18% ] savepack | Storing File: res://assets/environment/pillar_broken.glb.import
[  18% ] savepack | Storing File: res://.godot/imported/pillar_quoin.glb-83882bcab47aeccecd016e92434c07cb.scn
[  18% ] savepack | Storing File: res://assets/environment/pillar_quoin.glb.import
[  18% ] savepack | Storing File: res://.godot/imported/practice_dummy.glb-75ab26110aa07e2bad8f776abe4faac1.scn
[  18% ] savepack | Storing File: res://assets/environment/practice_dummy.glb.import
[  18% ] savepack | Storing File: res://.godot/imported/ritual_circle.glb-1a974d226b68172c4517e39b0e79d933.scn
[  18% ] savepack | Storing File: res://assets/environment/ritual_circle.glb.import
[  19% ] savepack | Storing File: res://.godot/imported/rock_large.glb-708b5992e2cebbfed92b48b82e23a64f.scn
[  19% ] savepack | Storing File: res://assets/environment/rock_large.glb.import
[  19% ] savepack | Storing File: res://.godot/imported/rock_medium.glb-e29f08de744fb416a24007be6892b12b.scn
[  19% ] savepack | Storing File: res://assets/environment/rock_medium.glb.import
[  19% ] savepack | Storing File: res://.godot/imported/rock_small.glb-f33938cbf5d49d043cba1f4a3c02474c.scn
[  19% ] savepack | Storing File: res://assets/environment/rock_small.glb.import
[  19% ] savepack | Storing File: res://.godot/imported/roots.glb-ca3680d6c33bbf651cdcee59bb6f4085.scn
[  19% ] savepack | Storing File: res://assets/environment/roots.glb.import
[  19% ] savepack | Storing File: res://.godot/imported/root_arch.glb-92edc0d63857cfb20e3c26bdf8a5c8b2.scn
[  19% ] savepack | Storing File: res://assets/environment/root_arch.glb.import
[  19% ] savepack | Storing File: res://.godot/imported/rubble_pile.glb-2d5d11075e1469b826d7e8a4ad05bf35.scn
[  19% ] savepack | Storing File: res://assets/environment/rubble_pile.glb.import
[  19% ] savepack | Storing File: res://.godot/imported/rubble_spill.glb-f1c87ed3e2655b41cd5a90f9d3a8fe1d.scn
[  19% ] savepack | Storing File: res://assets/environment/rubble_spill.glb.import
[  19% ] savepack | Storing File: res://.godot/imported/rug.glb-ace8f8159b5cb8431bfa8faf24dd67d7.scn
[  19% ] savepack | Storing File: res://assets/environment/rug.glb.import
[  19% ] savepack | Storing File: res://.godot/imported/rug_round.glb-36cd7455babeddcd9b4a966e6672a6bf.scn
[  19% ] savepack | Storing File: res://assets/environment/rug_round.glb.import
[  19% ] savepack | Storing File: res://.godot/imported/ruin_tower.glb-a868b5c4333f2de35cfc9a992a276e42.scn
[  19% ] savepack | Storing File: res://assets/environment/ruin_tower.glb.import
[  19% ] savepack | Storing File: res://.godot/imported/sarcophagus.glb-efd1a6aaf2b7ed0d226b28b97068ec86.scn
[  19% ] savepack | Storing File: res://assets/environment/sarcophagus.glb.import
[  19% ] savepack | Storing File: res://.godot/imported/scaffold_platform.glb-23f148807c513139bd2b07dd56c79e8a.scn
[  19% ] savepack | Storing File: res://assets/environment/scaffold_platform.glb.import
[  19% ] savepack | Storing File: res://.godot/imported/shrine_small.glb-cdbc091bd6ce8a4703e65c6e213cdfdb.scn
[  19% ] savepack | Storing File: res://assets/environment/shrine_small.glb.import
[  19% ] savepack | Storing File: res://.godot/imported/skull_pile.glb-ea65b59a0fdd6d9aefd031d5a8f3a6b1.scn
[  19% ] savepack | Storing File: res://assets/environment/skull_pile.glb.import
[  19% ] savepack | Storing File: res://.godot/imported/snow_drift.glb-d065783ac1082e234059a02ab36fe233.scn
[  19% ] savepack | Storing File: res://assets/environment/snow_drift.glb.import
[  19% ] savepack | Storing File: res://.godot/imported/spikes_trap_plate.glb-661154749648d8b0eabb47ac950b3f02.scn
[  19% ] savepack | Storing File: res://assets/environment/spikes_trap_plate.glb.import
[  19% ] savepack | Storing File: res://.godot/imported/spore_pod.glb-295b75fad35d4c909b181b86c6dcfaa2.scn
[  19% ] savepack | Storing File: res://assets/environment/spore_pod.glb.import
[  19% ] savepack | Storing File: res://.godot/imported/stairs.glb-daf5ad89c94a112da4e1a98ba6450da8.scn
[  19% ] savepack | Storing File: res://assets/environment/stairs.glb.import
[  19% ] savepack | Storing File: res://.godot/imported/stairs_wood.glb-77fd7883ae875e41177240f828354e65.scn
[  19% ] savepack | Storing File: res://assets/environment/stairs_wood.glb.import
[  20% ] savepack | Storing File: res://.godot/imported/stand_apothecary.glb-c3ae3bc3903271ccfa1cf1c36681d009.scn
[  20% ] savepack | Storing File: res://assets/environment/stand_apothecary.glb.import
[  20% ] savepack | Storing File: res://.godot/imported/stand_arcana.glb-60503924370e6e11c763ab846926286f.scn
[  20% ] savepack | Storing File: res://assets/environment/stand_arcana.glb.import
[  20% ] savepack | Storing File: res://.godot/imported/stand_armsbroker.glb-1a50a5ee11de6d7184e670a9e38311da.scn
[  20% ] savepack | Storing File: res://assets/environment/stand_armsbroker.glb.import
[  20% ] savepack | Storing File: res://.godot/imported/stand_crystal_cart.glb-d6e41edc1106b36ebd959d80d6b56688.scn
[  20% ] savepack | Storing File: res://assets/environment/stand_crystal_cart.glb.import
[  20% ] savepack | Storing File: res://.godot/imported/stand_fieldsmith.glb-9cac38bb67a622968c37ea3823bdd202.scn
[  20% ] savepack | Storing File: res://assets/environment/stand_fieldsmith.glb.import
[  20% ] savepack | Storing File: res://.godot/imported/stand_gemcutter.glb-676bf6221438c67062eadb4fe7059d02.scn
[  20% ] savepack | Storing File: res://assets/environment/stand_gemcutter.glb.import
[  20% ] savepack | Storing File: res://.godot/imported/stand_jeweller.glb-16ad3a527027b345fdc9ba5afc6974d3.scn
[  20% ] savepack | Storing File: res://assets/environment/stand_jeweller.glb.import
[  20% ] savepack | Storing File: res://.godot/imported/stand_lape.glb-4f1ed1f0d1ba818b9539589483c9bcbe.scn
[  20% ] savepack | Storing File: res://assets/environment/stand_lape.glb.import
[  20% ] savepack | Storing File: res://.godot/imported/stand_lapidary.glb-b639c968b24c8813d642ac03adf23904.scn
[  20% ] savepack | Storing File: res://assets/environment/stand_lapidary.glb.import
[  20% ] savepack | Storing File: res://.godot/imported/stand_provisions.glb-c0adad61860afa59bbbccd8010fee83d.scn
[  20% ] savepack | Storing File: res://assets/environment/stand_provisions.glb.import
[  20% ] savepack | Storing File: res://.godot/imported/stand_quartermaster.glb-17af91fb5b3636abd3382d353f933f1f.scn
[  20% ] savepack | Storing File: res://assets/environment/stand_quartermaster.glb.import
[  20% ] savepack | Storing File: res://.godot/imported/stand_smithy.glb-ef22e2ff8c6fea74aceabd9cad502302.scn
[  20% ] savepack | Storing File: res://assets/environment/stand_smithy.glb.import
[  20% ] savepack | Storing File: res://.godot/imported/stand_vault.glb-b5121142a9e8873e8cb9af9ac9d1f633.scn
[  20% ] savepack | Storing File: res://assets/environment/stand_vault.glb.import
[  20% ] savepack | Storing File: res://.godot/imported/stand_wagon.glb-0b2b1836626dd5a17a2374cff2ad01ab.scn
[  20% ] savepack | Storing File: res://assets/environment/stand_wagon.glb.import
[  20% ] savepack | Storing File: res://.godot/imported/star_lens_disc.glb-5623cac5dae6eac0fa581496b158c1d9.scn
[  20% ] savepack | Storing File: res://assets/environment/star_lens_disc.glb.import
[  20% ] savepack | Storing File: res://.godot/imported/station_alchemy.glb-fc21e79a8789c145044b93dc557e4137.scn
[  20% ] savepack | Storing File: res://assets/environment/station_alchemy.glb.import
[  20% ] savepack | Storing File: res://.godot/imported/station_forge.glb-4c0ce72a7597563cd129bd9790b89774.scn
[  20% ] savepack | Storing File: res://assets/environment/station_forge.glb.import
[  20% ] savepack | Storing File: res://.godot/imported/station_workbench.glb-9dcd2bcc9e113c7f285f3d945a3e556a.scn
[  20% ] savepack | Storing File: res://assets/environment/station_workbench.glb.import
[  21% ] savepack | Storing File: res://.godot/imported/statue_collapsed.glb-02d56a1f22c68f79665c3a109a4e4991.scn
[  21% ] savepack | Storing File: res://assets/environment/statue_collapsed.glb.import
[  21% ] savepack | Storing File: res://.godot/imported/statue_knight.glb-f57ba01505a2ceb772227481c9cc3c9a.scn
[  21% ] savepack | Storing File: res://assets/environment/statue_knight.glb.import
[  21% ] savepack | Storing File: res://.godot/imported/statue_small.glb-477a2e963cf9144767464e02a20e1a2a.scn
[  21% ] savepack | Storing File: res://assets/environment/statue_small.glb.import
[  21% ] savepack | Storing File: res://.godot/imported/statue_small_fragments.glb-f1777d63d8e12ff7078289f106f79841.scn
[  21% ] savepack | Storing File: res://assets/environment/statue_small_fragments.glb.import
[  21% ] savepack | Storing File: res://.godot/imported/stool.glb-c22364c30516d99a4a863c6e4e9b8298.scn
[  21% ] savepack | Storing File: res://assets/environment/stool.glb.import
[  21% ] savepack | Storing File: res://.godot/imported/stump.glb-993f417d29213a6b142f4b5a824ca327.scn
[  21% ] savepack | Storing File: res://assets/environment/stump.glb.import
[  21% ] savepack | Storing File: res://.godot/imported/sunken_bell.glb-aa09af97d1f1c43ad3abd806ba115433.scn
[  21% ] savepack | Storing File: res://assets/environment/sunken_bell.glb.import
[  21% ] savepack | Storing File: res://.godot/imported/table.glb-7d1839eed1e418415b09f6666941725e.scn
[  21% ] savepack | Storing File: res://assets/environment/table.glb.import
[  21% ] savepack | Storing File: res://.godot/imported/table_long.glb-b642f330ab96b1f41bbdcefd510f26f0.scn
[  21% ] savepack | Storing File: res://assets/environment/table_long.glb.import
[  21% ] savepack | Storing File: res://.godot/imported/table_round.glb-5d3d19e74f21a7732b4a4e1b2ecd6361.scn
[  21% ] savepack | Storing File: res://assets/environment/table_round.glb.import
[  21% ] savepack | Storing File: res://.godot/imported/tavern_exterior.glb-631714dbaa5b4b14e760140d771e81b2.scn
[  21% ] savepack | Storing File: res://assets/environment/tavern_exterior.glb.import
[  21% ] savepack | Storing File: res://.godot/imported/teleporter_destroyed.glb-28d98fd039c7e80ad321b7ec10a16ab5.scn
[  21% ] savepack | Storing File: res://assets/environment/teleporter_destroyed.glb.import
[  21% ] savepack | Storing File: res://.godot/imported/teleporter_platform.glb-b8db202be74ef44211c585bb11531641.scn
[  21% ] savepack | Storing File: res://assets/environment/teleporter_platform.glb.import
[  21% ] savepack | Storing File: res://.godot/imported/temple_facade.glb-4106be4a966e9550969a492179c074db.scn
[  21% ] savepack | Storing File: res://assets/environment/temple_facade.glb.import
[  21% ] savepack | Storing File: res://.godot/imported/tent_old.glb-aad8e66da02eaf440716c05790b87a01.scn
[  21% ] savepack | Storing File: res://assets/environment/tent_old.glb.import
[  21% ] savepack | Storing File: res://.godot/imported/throne.glb-a83c6caf6e6c8b91e3d69e449bf07577.scn
[  21% ] savepack | Storing File: res://assets/environment/throne.glb.import
[  21% ] savepack | Storing File: res://.godot/imported/torch_sconce.glb-8d90bc6669aca82f128a2d9fc149bd49.scn
[  21% ] savepack | Storing File: res://assets/environment/torch_sconce.glb.import
[  21% ] savepack | Storing File: res://.godot/imported/tree_dead_a.glb-e5470a0299ed0a1cb23a1a15664140b3.scn
[  21% ] savepack | Storing File: res://assets/environment/tree_dead_a.glb.import
[  21% ] savepack | Storing File: res://.godot/imported/tree_dead_b.glb-476f903daeea9f12d12834abae63d85e.scn
[  21% ] savepack | Storing File: res://assets/environment/tree_dead_b.glb.import
[  22% ] savepack | Storing File: res://.godot/imported/tree_oak_twisted.glb-bce31ccabb9f409ca1132f7b19b035e0.scn
[  22% ] savepack | Storing File: res://assets/environment/tree_oak_twisted.glb.import
[  22% ] savepack | Storing File: res://.godot/imported/tree_pine.glb-e8b6acd690088bab09e91d9757f7a630.scn
[  22% ] savepack | Storing File: res://assets/environment/tree_pine.glb.import
[  22% ] savepack | Storing File: res://.godot/imported/trunk.glb-073cbe7bec2a7eb52657479db0c5ac48.scn
[  22% ] savepack | Storing File: res://assets/environment/trunk.glb.import
[  22% ] savepack | Storing File: res://.godot/imported/urn.glb-b37d73bc1774503bf183cbeccdf785ee.scn
[  22% ] savepack | Storing File: res://assets/environment/urn.glb.import
[  22% ] savepack | Storing File: res://.godot/imported/urn_fragments.glb-84b59e02a1168d1e7be03fd946aa58eb.scn
[  22% ] savepack | Storing File: res://assets/environment/urn_fragments.glb.import
[  22% ] savepack | Storing File: res://.godot/imported/wagon_broken.glb-930da17ff99c1a5f35b50c0f0f42c54f.scn
[  22% ] savepack | Storing File: res://assets/environment/wagon_broken.glb.import
[  22% ] savepack | Storing File: res://.godot/imported/wall_broken.glb-f9e2092b3c30dc16382e606c1fc0a039.scn
[  22% ] savepack | Storing File: res://assets/environment/wall_broken.glb.import
[  22% ] savepack | Storing File: res://.godot/imported/wall_corner.glb-3a83dc20076cde4c37e9bd55d9f9a0d6.scn
[  22% ] savepack | Storing File: res://assets/environment/wall_corner.glb.import
[  22% ] savepack | Storing File: res://.godot/imported/wall_doorway.glb-363753cdb356d26a34f9fa728fa02717.scn
[  22% ] savepack | Storing File: res://assets/environment/wall_doorway.glb.import
[  22% ] savepack | Storing File: res://.godot/imported/wall_low.glb-9fa7fe0e85f2f37dd530c8aa647cfb77.scn
[  22% ] savepack | Storing File: res://assets/environment/wall_low.glb.import
[  22% ] savepack | Storing File: res://.godot/imported/wall_low_broken.glb-d7d5ceafe65b6da996bf0964b0add23c.scn
[  22% ] savepack | Storing File: res://assets/environment/wall_low_broken.glb.import
[  22% ] savepack | Storing File: res://.godot/imported/wall_stone_capped.glb-b54d4e6305802abd1fd281ee40bae856.scn
[  22% ] savepack | Storing File: res://assets/environment/wall_stone_capped.glb.import
[  22% ] savepack | Storing File: res://.godot/imported/wall_straight.glb-a65e1df1f1ba7f859af33e11e3984a00.scn
[  22% ] savepack | Storing File: res://assets/environment/wall_straight.glb.import
[  22% ] savepack | Storing File: res://.godot/imported/wall_window.glb-f1f10548cc76932fb651013435f6a550.scn
[  22% ] savepack | Storing File: res://assets/environment/wall_window.glb.import
[  22% ] savepack | Storing File: res://.godot/imported/wardrobe.glb-902d0408396a8c81412e75ce6c1aec0d.scn
[  22% ] savepack | Storing File: res://assets/environment/wardrobe.glb.import
[  22% ] savepack | Storing File: res://.godot/imported/washstand.glb-063231dcac8eb49fe5956faadfadc21f.scn
[  22% ] savepack | Storing File: res://assets/environment/washstand.glb.import
[  22% ] savepack | Storing File: res://.godot/imported/weapons_discarded.glb-c4a019093b30a80a2754309552f853ff.scn
[  22% ] savepack | Storing File: res://assets/environment/weapons_discarded.glb.import
[  22% ] savepack | Storing File: res://.godot/imported/weapon_display.glb-8c2199945887d342a9df129e9456b901.scn
[  22% ] savepack | Storing File: res://assets/environment/weapon_display.glb.import
[  23% ] savepack | Storing File: res://.godot/imported/weapon_rack.glb-8266cf43dcbde1460f8d455e03e489ea.scn
[  23% ] savepack | Storing File: res://assets/environment/weapon_rack.glb.import
[  23% ] savepack | Storing File: res://.godot/imported/well.glb-ec3753d51d5dbb58aa1b26fda7fa402b.scn
[  23% ] savepack | Storing File: res://assets/environment/well.glb.import
[  23% ] savepack | Storing File: res://.godot/imported/winch.glb-86f694b213c7183e7e2a25bb29334c85.scn
[  23% ] savepack | Storing File: res://assets/environment/winch.glb.import
[  23% ] savepack | Storing File: res://.godot/imported/wood_fence.glb-f4b66b5d3fc7e9c1433ab0d3558aafc6.scn
[  23% ] savepack | Storing File: res://assets/environment/wood_fence.glb.import
[  23% ] savepack | Storing File: res://.godot/imported/aetherift_crystalline.glb-8a21a13a7aff2802adb2f3d462469fd5.scn
[  23% ] savepack | Storing File: res://assets/items/aetherift_crystalline.glb.import
[  23% ] savepack | Storing File: res://.godot/imported/aetherift_fragment.glb-4285d463f4f40fe2b10ff0f98c81e3cb.scn
[  23% ] savepack | Storing File: res://assets/items/aetherift_fragment.glb.import
[  23% ] savepack | Storing File: res://.godot/imported/aetherift_orbital.glb-1237f9b64af9c36bcb4f10057c4d1250.scn
[  23% ] savepack | Storing File: res://assets/items/aetherift_orbital.glb.import
[  23% ] savepack | Storing File: res://.godot/imported/aetherift_shard.glb-0ba1c96a2e9021e9b5d058243ddaa212.scn
[  23% ] savepack | Storing File: res://assets/items/aetherift_shard.glb.import
[  23% ] savepack | Storing File: res://.godot/imported/aether_shard.glb-e5b23d84cdd1a4bc1c40a2ce8361c29a.scn
[  23% ] savepack | Storing File: res://assets/items/aether_shard.glb.import
[  23% ] savepack | Storing File: res://.godot/imported/aether_stiletto.glb-60b856e97f933646138d6a604ac780ff.scn
[  23% ] savepack | Storing File: res://assets/items/aether_stiletto.glb.import
[  23% ] savepack | Storing File: res://.godot/imported/antidote.glb-ff684bdb9033f8d3e87396f9c04e08fa.scn
[  23% ] savepack | Storing File: res://assets/items/antidote.glb.import
[  23% ] savepack | Storing File: res://.godot/imported/apprentice_robe.glb-1ff8155f80f0c6deb588bfe2030bc5eb.scn
[  23% ] savepack | Storing File: res://assets/items/apprentice_robe.glb.import
[  23% ] savepack | Storing File: res://.godot/imported/aqua_crystalline.glb-36f9f28ff6bc9c37c45b71dca264da57.scn
[  23% ] savepack | Storing File: res://assets/items/aqua_crystalline.glb.import
[  23% ] savepack | Storing File: res://.godot/imported/aqua_fragment.glb-dd4be56750f2befafb6b8ad892f8334e.scn
[  23% ] savepack | Storing File: res://assets/items/aqua_fragment.glb.import
[  23% ] savepack | Storing File: res://.godot/imported/aqua_orbital.glb-a9d0159cabe25256b687e0700ca88352.scn
[  23% ] savepack | Storing File: res://assets/items/aqua_orbital.glb.import
[  23% ] savepack | Storing File: res://.godot/imported/aqua_shard.glb-df4c38a8610055d78b89b32b217211e9.scn
[  23% ] savepack | Storing File: res://assets/items/aqua_shard.glb.import
[  23% ] savepack | Storing File: res://.godot/imported/arcane_dust.glb-dd10e9a7959e9ea64f10a7b9f690bfba.scn
[  23% ] savepack | Storing File: res://assets/items/arcane_dust.glb.import
[  23% ] savepack | Storing File: res://.godot/imported/arcanist_cowl.glb-89bb6c72f6136fa973ed276aef184c83.scn
[  23% ] savepack | Storing File: res://assets/items/arcanist_cowl.glb.import
[  23% ] savepack | Storing File: res://.godot/imported/ashwood_staff.glb-60c72c6276dd0e22284340e5810fcb00.scn
[  23% ] savepack | Storing File: res://assets/items/ashwood_staff.glb.import
[  24% ] savepack | Storing File: res://.godot/imported/ash_sigil.glb-0781b49b649fdd5a3d25eeead0fd5cb5.scn
[  24% ] savepack | Storing File: res://assets/items/ash_sigil.glb.import
[  24% ] savepack | Storing File: res://.godot/imported/ash_spear.glb-a6f19610e3d67ae9c2ec2b296255daa3.scn
[  24% ] savepack | Storing File: res://assets/items/ash_spear.glb.import
[  24% ] savepack | Storing File: res://.godot/imported/barbed_pilum.glb-53b64497271b9ee750b516395f696e5e.scn
[  24% ] savepack | Storing File: res://assets/items/barbed_pilum.glb.import
[  24% ] savepack | Storing File: res://.godot/imported/barbute_helm.glb-b2651d96098c5bda3059fec644593e9d.scn
[  24% ] savepack | Storing File: res://assets/items/barbute_helm.glb.import
[  24% ] savepack | Storing File: res://.godot/imported/bastard_sword.glb-8b1da441a0415bf03399e0493a286ee9.scn
[  24% ] savepack | Storing File: res://assets/items/bastard_sword.glb.import
[  24% ] savepack | Storing File: res://.godot/imported/bearded_axe.glb-d8c869c2dfeddf1aeb2c5d15997c9346.scn
[  24% ] savepack | Storing File: res://assets/items/bearded_axe.glb.import
[  24% ] savepack | Storing File: res://.godot/imported/beast_hide.glb-ee6e0ecedc79c3ba682a7053f5b01cd3.scn
[  24% ] savepack | Storing File: res://assets/items/beast_hide.glb.import
[  24% ] savepack | Storing File: res://.godot/imported/berserker_draught.glb-5aa5e0efc06ec88ba48d698c73797df8.scn
[  24% ] savepack | Storing File: res://assets/items/berserker_draught.glb.import
[  24% ] savepack | Storing File: res://.godot/imported/blinding_flask.glb-3f1f8ad73637e293fbedab530eedd4d3.scn
[  24% ] savepack | Storing File: res://assets/items/blinding_flask.glb.import
[  24% ] savepack | Storing File: res://.godot/imported/bloodrift_crystalline.glb-19b442962b3a4ae3c9a8de56c5b3febb.scn
[  24% ] savepack | Storing File: res://assets/items/bloodrift_crystalline.glb.import
[  24% ] savepack | Storing File: res://.godot/imported/bloodrift_fragment.glb-538c49c0a1dcf29414f7a7b05c42b852.scn
[  24% ] savepack | Storing File: res://assets/items/bloodrift_fragment.glb.import
[  24% ] savepack | Storing File: res://.godot/imported/bloodrift_orbital.glb-12badaa6566ffc7cf60fd8053f4752f0.scn
[  24% ] savepack | Storing File: res://assets/items/bloodrift_orbital.glb.import
[  24% ] savepack | Storing File: res://.godot/imported/bloodrift_shard.glb-00ceb4aa5c8ea63f73326fdc8487f84d.scn
[  24% ] savepack | Storing File: res://assets/items/bloodrift_shard.glb.import
[  24% ] savepack | Storing File: res://.godot/imported/boar_spear.glb-8d96fa1c40a08c53e9ff8a2deba30693.scn
[  24% ] savepack | Storing File: res://assets/items/boar_spear.glb.import
[  24% ] savepack | Storing File: res://.godot/imported/bonebite.glb-e7a757cbb2822f6e0d9fab7390febee4.scn
[  24% ] savepack | Storing File: res://assets/items/bonebite.glb.import
[  24% ] savepack | Storing File: res://.godot/imported/bonecutter.glb-9a131796b388793485d2c0d897a91ac9.scn
[  24% ] savepack | Storing File: res://assets/items/bonecutter.glb.import
[  24% ] savepack | Storing File: res://.godot/imported/bone_amulet.glb-b5b94386aec0f7cbf6709e78ad3537cd.scn
[  24% ] savepack | Storing File: res://assets/items/bone_amulet.glb.import
[  24% ] savepack | Storing File: res://.godot/imported/bone_fragment.glb-7e15c7c14d68d685bbd8229d3ac68cbd.scn
[  24% ] savepack | Storing File: res://assets/items/bone_fragment.glb.import
[  24% ] savepack | Storing File: res://.godot/imported/bone_wand.glb-7b02dff55cdf799cc89534486c57969f.scn
[  24% ] savepack | Storing File: res://assets/items/bone_wand.glb.import
[  25% ] savepack | Storing File: res://.godot/imported/brass_knuckles.glb-d941cd928effb9e285bc4a1f5355967d.scn
[  25% ] savepack | Storing File: res://assets/items/brass_knuckles.glb.import
[  25% ] savepack | Storing File: res://.godot/imported/brigandine.glb-a89bd787f9ea17b2c9948df4f0792afe.scn
[  25% ] savepack | Storing File: res://assets/items/brigandine.glb.import
[  25% ] savepack | Storing File: res://.godot/imported/brightcap.glb-477c6cb8f3e9635a2bed40016259f080.scn
[  25% ] savepack | Storing File: res://assets/items/brightcap.glb.import
[  25% ] savepack | Storing File: res://.godot/imported/chain_shirt.glb-e8edfabdc48874a358591c2f8d66cc0c.scn
[  25% ] savepack | Storing File: res://assets/items/chain_shirt.glb.import
[  25% ] savepack | Storing File: res://.godot/imported/champion_essence.glb-bf6424c69d918a0297c082b949b7288f.scn
[  25% ] savepack | Storing File: res://assets/items/champion_essence.glb.import
[  25% ] savepack | Storing File: res://.godot/imported/cinderheart_staff.glb-cb2fd71ade7f7d624a0157d4d0c2116f.scn
[  25% ] savepack | Storing File: res://assets/items/cinderheart_staff.glb.import
[  25% ] savepack | Storing File: res://.godot/imported/composite_bow.glb-37ec2fbf4bc85aeee77f2d0820fcab37.scn
[  25% ] savepack | Storing File: res://assets/items/composite_bow.glb.import
[  25% ] savepack | Storing File: res://.godot/imported/copper_ring.glb-a915bc2d0baf0fb8d4534711c69d42e8.scn
[  25% ] savepack | Storing File: res://assets/items/copper_ring.glb.import
[  25% ] savepack | Storing File: res://.godot/imported/corsair_harpoon.glb-376ad2bed62f8a6bbc7825fb481af441.scn
[  25% ] savepack | Storing File: res://assets/items/corsair_harpoon.glb.import
[  25% ] savepack | Storing File: res://.godot/imported/crescent_axe.glb-1d78be274bae6d6aa4ef4e375249d392.scn
[  25% ] savepack | Storing File: res://assets/items/crescent_axe.glb.import
[  25% ] savepack | Storing File: res://.godot/imported/cured_leather.glb-ee6eca71906c7a88300c55ec8b28ffae.scn
[  25% ] savepack | Storing File: res://assets/items/cured_leather.glb.import
[  25% ] savepack | Storing File: res://.godot/imported/cutpurse_knife.glb-a5d7ee8c75ffc56b548e244931e68200.scn
[  25% ] savepack | Storing File: res://assets/items/cutpurse_knife.glb.import
[  25% ] savepack | Storing File: res://.godot/imported/dawnfist_gauntlets.glb-d4fc31b48aaf6ebe5e277053d4fb9590.scn
[  25% ] savepack | Storing File: res://assets/items/dawnfist_gauntlets.glb.import
[  25% ] savepack | Storing File: res://.godot/imported/dawnspire_lance.glb-54e872375e0d6d6efad2d00a15ad6b97.scn
[  25% ] savepack | Storing File: res://assets/items/dawnspire_lance.glb.import
[  25% ] savepack | Storing File: res://.godot/imported/deepwater_staff.glb-2a218d17c6d7fb14693071808945616e.scn
[  25% ] savepack | Storing File: res://assets/items/deepwater_staff.glb.import
[  25% ] savepack | Storing File: res://.godot/imported/double_bit_greataxe.glb-7c0b7874ecdf6c0bede074dd6bd1129f.scn
[  25% ] savepack | Storing File: res://assets/items/double_bit_greataxe.glb.import
[  25% ] savepack | Storing File: res://.godot/imported/dragonspine_greatsword.glb-135dd407e02e649482fe37fd7d5aaa66.scn
[  25% ] savepack | Storing File: res://assets/items/dragonspine_greatsword.glb.import
[  25% ] savepack | Storing File: res://.godot/imported/drakescale_rend.glb-42e79ccfbfea12db9a793e2adc76b264.scn
[  25% ] savepack | Storing File: res://assets/items/drakescale_rend.glb.import
[  26% ] savepack | Storing File: res://.godot/imported/duelist_sabre.glb-fc3dce8685a8096a94b0006ea7c4a4c4.scn
[  26% ] savepack | Storing File: res://assets/items/duelist_sabre.glb.import
[  26% ] savepack | Storing File: res://.godot/imported/emberbrand_wand.glb-80d4d804efadf69a4593cc18588dab79.scn
[  26% ] savepack | Storing File: res://assets/items/emberbrand_wand.glb.import
[  26% ] savepack | Storing File: res://.godot/imported/emberfang_dirk.glb-f930a518a3e0d5ca0605c470ee9cc9b9.scn
[  26% ] savepack | Storing File: res://assets/items/emberfang_dirk.glb.import
[  26% ] savepack | Storing File: res://.godot/imported/emberfang_pike.glb-de31e6db34b9d7a1054706e91e9c2401.scn
[  26% ] savepack | Storing File: res://assets/items/emberfang_pike.glb.import
[  26% ] savepack | Storing File: res://.godot/imported/emberheart_mace.glb-d7f762ee7d7b6fbd2dfd9abf40b58e16.scn
[  26% ] savepack | Storing File: res://assets/items/emberheart_mace.glb.import
[  26% ] savepack | Storing File: res://.godot/imported/emberknuckles.glb-f034e14488eab74a82b80b45805e717b.scn
[  26% ] savepack | Storing File: res://assets/items/emberknuckles.glb.import
[  26% ] savepack | Storing File: res://.godot/imported/emberroot.glb-fc32799d2ff04b5f6426e785a685618b.scn
[  26% ] savepack | Storing File: res://assets/items/emberroot.glb.import
[  26% ] savepack | Storing File: res://.godot/imported/emberward_potion.glb-5f8f5481914741e31d5c3268067d0394.scn
[  26% ] savepack | Storing File: res://assets/items/emberward_potion.glb.import
[  26% ] savepack | Storing File: res://.godot/imported/ember_core.glb-373e5b4b4480076bbcd7d0991e0d984f.scn
[  26% ] savepack | Storing File: res://assets/items/ember_core.glb.import
[  26% ] savepack | Storing File: res://.godot/imported/ember_crystalline.glb-8567e2d2963f2b7a617fdba71f911f42.scn
[  26% ] savepack | Storing File: res://assets/items/ember_crystalline.glb.import
[  26% ] savepack | Storing File: res://.godot/imported/ember_fragment.glb-b2be550bc42ec63162334aa6adb6d967.scn
[  26% ] savepack | Storing File: res://assets/items/ember_fragment.glb.import
[  26% ] savepack | Storing File: res://.godot/imported/ember_orbital.glb-881b78c0ff8a2434b6acf188dc61f387.scn
[  26% ] savepack | Storing File: res://assets/items/ember_orbital.glb.import
[  26% ] savepack | Storing File: res://.godot/imported/ember_shard.glb-e7ec8dcba40c9e2b2bfb96c13e949517.scn
[  26% ] savepack | Storing File: res://assets/items/ember_shard.glb.import
[  26% ] savepack | Storing File: res://.godot/imported/essencerift_crystalline.glb-101368eb43bf9ad7f0d632fbc60d543c.scn
[  26% ] savepack | Storing File: res://assets/items/essencerift_crystalline.glb.import
[  26% ] savepack | Storing File: res://.godot/imported/essencerift_fragment.glb-cb33b66f87e11a64132c4a5d9e53ac3f.scn
[  26% ] savepack | Storing File: res://assets/items/essencerift_fragment.glb.import
[  26% ] savepack | Storing File: res://.godot/imported/essencerift_orbital.glb-e5631ede3bcc0c5fab941c9caebb7461.scn
[  26% ] savepack | Storing File: res://assets/items/essencerift_orbital.glb.import
[  26% ] savepack | Storing File: res://.godot/imported/essencerift_shard.glb-867ad0139b05ffd9ba096d4476e29c06.scn
[  26% ] savepack | Storing File: res://assets/items/essencerift_shard.glb.import
[  26% ] savepack | Storing File: res://.godot/imported/executioner_blade.glb-c6cf36d93cd1e962db156c8d8ccdc931.scn
[  26% ] savepack | Storing File: res://assets/items/executioner_blade.glb.import
[  26% ] savepack | Storing File: res://.godot/imported/executioner_moon.glb-8263bd96ebd855284a1b4af55e266c9a.scn
[  26% ] savepack | Storing File: res://assets/items/executioner_moon.glb.import
[  27% ] savepack | Storing File: res://.godot/imported/featherweight_draught.glb-7da7eaef439cf2b17086670d3edb76ee.scn
[  27% ] savepack | Storing File: res://assets/items/featherweight_draught.glb.import
[  27% ] savepack | Storing File: res://.godot/imported/festering_bomb.glb-bb45063c6c3cc230bb3e30ea8479b87f.scn
[  27% ] savepack | Storing File: res://assets/items/festering_bomb.glb.import
[  27% ] savepack | Storing File: res://.godot/imported/firebomb.glb-6ddbbc96211c783e7189c466bec49c43.scn
[  27% ] savepack | Storing File: res://assets/items/firebomb.glb.import
[  27% ] savepack | Storing File: res://.godot/imported/flanged_mace.glb-a7eda1ca7eeb2eb74d91bff43c432030.scn
[  27% ] savepack | Storing File: res://assets/items/flanged_mace.glb.import
[  27% ] savepack | Storing File: res://.godot/imported/flint_javelin.glb-fac01ae9e560fd79043236575f0cf6d8.scn
[  27% ] savepack | Storing File: res://assets/items/flint_javelin.glb.import
[  27% ] savepack | Storing File: res://.godot/imported/fortune_elixir.glb-2e5c8f4d5993b6087393289433021f8b.scn
[  27% ] savepack | Storing File: res://assets/items/fortune_elixir.glb.import
[  27% ] savepack | Storing File: res://.godot/imported/fowlers_dart.glb-d68aab1f2243fb6b50998ed189be5cdb.scn
[  27% ] savepack | Storing File: res://assets/items/fowlers_dart.glb.import
[  27% ] savepack | Storing File: res://.godot/imported/fowling_bow.glb-bf5317855181e56f3207c0ecc91667d9.scn
[  27% ] savepack | Storing File: res://assets/items/fowling_bow.glb.import
[  27% ] savepack | Storing File: res://.godot/imported/frostbite_claws.glb-c0e1bb2c55be6d5c1dcaf2bccca66ec4.scn
[  27% ] savepack | Storing File: res://assets/items/frostbite_claws.glb.import
[  27% ] savepack | Storing File: res://.godot/imported/frostreaver.glb-d3d0ec7d042b9fd71a38159bc5b71b72.scn
[  27% ] savepack | Storing File: res://assets/items/frostreaver.glb.import
[  27% ] savepack | Storing File: res://.godot/imported/frostspike.glb-e776228575cd680dae58bf3a78ec746b.scn
[  27% ] savepack | Storing File: res://assets/items/frostspike.glb.import
[  27% ] savepack | Storing File: res://.godot/imported/frostward_potion.glb-8e5d8f49c41171b7e43fb75c1bcba566.scn
[  27% ] savepack | Storing File: res://assets/items/frostward_potion.glb.import
[  27% ] savepack | Storing File: res://.godot/imported/frostwing_bow.glb-34a357fe33c9e838af4243a3c6bba09c.scn
[  27% ] savepack | Storing File: res://assets/items/frostwing_bow.glb.import
[  27% ] savepack | Storing File: res://.godot/imported/frost_crystal.glb-b881bf368378b9c4ba7bd177cd327fa2.scn
[  27% ] savepack | Storing File: res://assets/items/frost_crystal.glb.import
[  27% ] savepack | Storing File: res://.godot/imported/frost_flask.glb-c7c1f650df11425b894cc178a367d7c7.scn
[  27% ] savepack | Storing File: res://assets/items/frost_flask.glb.import
[  27% ] savepack | Storing File: res://.godot/imported/frost_staff.glb-a4d752cfe71d84af0fa8ac5d57688524.scn
[  27% ] savepack | Storing File: res://assets/items/frost_staff.glb.import
[  27% ] savepack | Storing File: res://.godot/imported/galewing_bow.glb-243aaf559309f3985d318124ee8d0118.scn
[  27% ] savepack | Storing File: res://assets/items/galewing_bow.glb.import
[  27% ] savepack | Storing File: res://.godot/imported/ghoul_bile.glb-5732a8a320a1d4b19f2bf2f7675d1c87.scn
[  27% ] savepack | Storing File: res://assets/items/ghoul_bile.glb.import
[  28% ] savepack | Storing File: res://.godot/imported/glaive.glb-9b44d41427b2efff694c9eeedd3889b3.scn
[  28% ] savepack | Storing File: res://assets/items/glaive.glb.import
[  28% ] savepack | Storing File: res://.godot/imported/gloamspire_staff.glb-41c4f692a04cdc741c53e0a28f491757.scn
[  28% ] savepack | Storing File: res://assets/items/gloamspire_staff.glb.import
[  28% ] savepack | Storing File: res://.godot/imported/glowcap_spore.glb-51a2a34d2c58d84843cf5ae2597db720.scn
[  28% ] savepack | Storing File: res://assets/items/glowcap_spore.glb.import
[  28% ] savepack | Storing File: res://.godot/imported/goblin_resin.glb-2dae6a58fd14452208d449bf77b583f4.scn
[  28% ] savepack | Storing File: res://assets/items/goblin_resin.glb.import
[  28% ] savepack | Storing File: res://.godot/imported/gold_amulet.glb-63bbca8b2edb6146f4d155d0af3c7dbc.scn
[  28% ] savepack | Storing File: res://assets/items/gold_amulet.glb.import
[  28% ] savepack | Storing File: res://.godot/imported/gold_pile.glb-f00cec86b6b5557957795a85c4b7b6b0.scn
[  28% ] savepack | Storing File: res://assets/items/gold_pile.glb.import
[  28% ] savepack | Storing File: res://.godot/imported/gravewarden_axe.glb-226cca554f924ad9905650862e13840d.scn
[  28% ] savepack | Storing File: res://assets/items/gravewarden_axe.glb.import
[  28% ] savepack | Storing File: res://.godot/imported/gravewatch_longsword.glb-5613ffaa8738bf84d908215a45b76e63.scn
[  28% ] savepack | Storing File: res://assets/items/gravewatch_longsword.glb.import
[  28% ] savepack | Storing File: res://.godot/imported/grave_dust.glb-5a75d66a086405388571afa4e265943f.scn
[  28% ] savepack | Storing File: res://assets/items/grave_dust.glb.import
[  28% ] savepack | Storing File: res://.godot/imported/greater_health_potion.glb-64101dd0fdbcb6b9071bd7105929cb3b.scn
[  28% ] savepack | Storing File: res://assets/items/greater_health_potion.glb.import
[  28% ] savepack | Storing File: res://.godot/imported/greater_mana_potion.glb-8e93ced9c96c7a3f1ee107cc73905901.scn
[  28% ] savepack | Storing File: res://assets/items/greater_mana_potion.glb.import
[  28% ] savepack | Storing File: res://.godot/imported/guardian_aegis.glb-60e6ff08c251574352efe784a114305c.scn
[  28% ] savepack | Storing File: res://assets/items/guardian_aegis.glb.import
[  28% ] savepack | Storing File: res://.godot/imported/guardian_gauntlets.glb-1f716e3b42ce0eecdb62e3027d07bea1.scn
[  28% ] savepack | Storing File: res://assets/items/guardian_gauntlets.glb.import
[  28% ] savepack | Storing File: res://.godot/imported/guardian_greaves.glb-670f0763e505cdd8c419b76a8a5bb788.scn
[  28% ] savepack | Storing File: res://assets/items/guardian_greaves.glb.import
[  28% ] savepack | Storing File: res://.godot/imported/guardian_helm.glb-9c250ae37b6d6d7cef9172f938fd7915.scn
[  28% ] savepack | Storing File: res://assets/items/guardian_helm.glb.import
[  28% ] savepack | Storing File: res://.godot/imported/guardian_plate.glb-b22e04f654f3a7fa4cfa2d5e01b0bf16.scn
[  28% ] savepack | Storing File: res://assets/items/guardian_plate.glb.import
[  28% ] savepack | Storing File: res://.godot/imported/hand_axe.glb-ccfe3c2f028a1a41dc09b77f1332e084.scn
[  28% ] savepack | Storing File: res://assets/items/hand_axe.glb.import
[  28% ] savepack | Storing File: res://.godot/imported/headsmans_eclipse.glb-66fbf614091ef27be64b585f58a5e766.scn
[  28% ] savepack | Storing File: res://assets/items/headsmans_eclipse.glb.import
[  28% ] savepack | Storing File: res://.godot/imported/health_potion.glb-ff623f83c6efff1c3da50dbb3a185a74.scn
[  28% ] savepack | Storing File: res://assets/items/health_potion.glb.import
[  29% ] savepack | Storing File: res://.godot/imported/heavenfall_pilum.glb-3cc9e8aa1aad769c29fc107817f37175.scn
[  29% ] savepack | Storing File: res://assets/items/heavenfall_pilum.glb.import
[  29% ] savepack | Storing File: res://.godot/imported/hoarfrost_wand.glb-1349ed2ea16d87254b5355499e62615f.scn
[  29% ] savepack | Storing File: res://assets/items/hoarfrost_wand.glb.import
[  29% ] savepack | Storing File: res://.godot/imported/hookblade_claws.glb-68b75277da05bf4dbc480de9b338cd39.scn
[  29% ] savepack | Storing File: res://assets/items/hookblade_claws.glb.import
[  29% ] savepack | Storing File: res://.godot/imported/hornbow.glb-27b905a98418fa4fbb2c525d1685c2f5.scn
[  29% ] savepack | Storing File: res://assets/items/hornbow.glb.import
[  29% ] savepack | Storing File: res://.godot/imported/hunters_bow.glb-9d42ef5268b917a2ae5ef4a9e2fbb258.scn
[  29% ] savepack | Storing File: res://assets/items/hunters_bow.glb.import
[  29% ] savepack | Storing File: res://.godot/imported/hunters_javelin.glb-0e18db2d3783047be7fa21921f486f89.scn
[  29% ] savepack | Storing File: res://assets/items/hunters_javelin.glb.import
[  29% ] savepack | Storing File: res://.godot/imported/hunting_spear.glb-ce5a178d1830198eb6ffb0ed62f75070.scn
[  29% ] savepack | Storing File: res://assets/items/hunting_spear.glb.import
[  29% ] savepack | Storing File: res://.godot/imported/ironbark_greatblade.glb-b8b59377ce3ebf97bb1780654d1d1180.scn
[  29% ] savepack | Storing File: res://assets/items/ironbark_greatblade.glb.import
[  29% ] savepack | Storing File: res://.godot/imported/ironbound_mace.glb-e81f989ad696d158285af1eb917550bb.scn
[  29% ] savepack | Storing File: res://assets/items/ironbound_mace.glb.import
[  29% ] savepack | Storing File: res://.godot/imported/ironskin_brew.glb-34f03cba626767b222bbe2289c3a7853.scn
[  29% ] savepack | Storing File: res://assets/items/ironskin_brew.glb.import
[  29% ] savepack | Storing File: res://.godot/imported/iron_fistguards.glb-2ecae8b647f08da987d838c2ccad19f1.scn
[  29% ] savepack | Storing File: res://assets/items/iron_fistguards.glb.import
[  29% ] savepack | Storing File: res://.godot/imported/iron_gauntlet.glb-5143a2228f077400f3e8ca904d6a1035.scn
[  29% ] savepack | Storing File: res://assets/items/iron_gauntlet.glb.import
[  29% ] savepack | Storing File: res://.godot/imported/iron_hauberk.glb-503c95435f4884cc73358f10c458c3fc.scn
[  29% ] savepack | Storing File: res://assets/items/iron_hauberk.glb.import
[  29% ] savepack | Storing File: res://.godot/imported/iron_helm.glb-bf9114c7c221a1639d969cd5b377c316.scn
[  29% ] savepack | Storing File: res://assets/items/iron_helm.glb.import
[  29% ] savepack | Storing File: res://.godot/imported/iron_longsword.glb-4b40133b225a69df748050cbe69fd715.scn
[  29% ] savepack | Storing File: res://assets/items/iron_longsword.glb.import
[  29% ] savepack | Storing File: res://.godot/imported/iron_sabaton.glb-a315bd054034a663ecaf79dd7a8f1af9.scn
[  29% ] savepack | Storing File: res://assets/items/iron_sabaton.glb.import
[  29% ] savepack | Storing File: res://.godot/imported/iron_shard.glb-b4ab31f4cfcbee66ea295c4dfa099740.scn
[  29% ] savepack | Storing File: res://assets/items/iron_shard.glb.import
[  29% ] savepack | Storing File: res://.godot/imported/iron_talons.glb-b797bc9ad95209519c24cb5899f3ba97.scn
[  29% ] savepack | Storing File: res://assets/items/iron_talons.glb.import
[  29% ] savepack | Storing File: res://.godot/imported/keen_tonic.glb-4493f521a7924a258e7ec9dbc5c83741.scn
[  29% ] savepack | Storing File: res://assets/items/keen_tonic.glb.import
[  30% ] savepack | Storing File: res://.godot/imported/kingsbane.glb-845a0290e3345263fc5eff90b8d4d9c9.scn
[  30% ] savepack | Storing File: res://assets/items/kingsbane.glb.import
[  30% ] savepack | Storing File: res://.godot/imported/knights_arming_sword.glb-d5bcd543d9a8c8876682c090194fe701.scn
[  30% ] savepack | Storing File: res://assets/items/knights_arming_sword.glb.import
[  30% ] savepack | Storing File: res://.godot/imported/knotwood_club.glb-23d0008d7fcd33a460c90864e05ed3e9.scn
[  30% ] savepack | Storing File: res://assets/items/knotwood_club.glb.import
[  30% ] savepack | Storing File: res://.godot/imported/kukri.glb-ba1f93001110f425d7faeb59d554da48.scn
[  30% ] savepack | Storing File: res://assets/items/kukri.glb.import
[  30% ] savepack | Storing File: res://.godot/imported/linen_hood.glb-ad7169425b0368312a82640c33d9ce7e.scn
[  30% ] savepack | Storing File: res://assets/items/linen_hood.glb.import
[  30% ] savepack | Storing File: res://.godot/imported/lumber_greataxe.glb-a2c7c74f66ece8f0255d52ae79186889.scn
[  30% ] savepack | Storing File: res://assets/items/lumber_greataxe.glb.import
[  30% ] savepack | Storing File: res://.godot/imported/magister_robe.glb-9f80be4c6681dd8767866265c4dcd8c6.scn
[  30% ] savepack | Storing File: res://assets/items/magister_robe.glb.import
[  30% ] savepack | Storing File: res://.godot/imported/mana_potion.glb-d8080f452ac22b065558de1dc23037c1.scn
[  30% ] savepack | Storing File: res://assets/items/mana_potion.glb.import
[  30% ] savepack | Storing File: res://.godot/imported/militia_shortsword.glb-e5ba8fbc1ab92da5ddefcbee52f71d31.scn
[  30% ] savepack | Storing File: res://assets/items/militia_shortsword.glb.import
[  30% ] savepack | Storing File: res://.godot/imported/minor_health_potion.glb-2c2fe194a1e9c167e4c9f3f4f0b3be00.scn
[  30% ] savepack | Storing File: res://assets/items/minor_health_potion.glb.import
[  30% ] savepack | Storing File: res://.godot/imported/minor_mana_potion.glb-7e4aa9da4679fad5634ed60899ac6edb.scn
[  30% ] savepack | Storing File: res://assets/items/minor_mana_potion.glb.import
[  30% ] savepack | Storing File: res://.godot/imported/mirebloom.glb-c7a87723dc3f31c1761d56e445a9a958.scn
[  30% ] savepack | Storing File: res://assets/items/mirebloom.glb.import
[  30% ] savepack | Storing File: res://.godot/imported/moonshard_dagger.glb-47b6320fe89fd7cd4ac8d6d44a21d1d3.scn
[  30% ] savepack | Storing File: res://assets/items/moonshard_dagger.glb.import
[  30% ] savepack | Storing File: res://.godot/imported/morning_star.glb-90721fb28e18f61e70a16f22cddbcc58.scn
[  30% ] savepack | Storing File: res://assets/items/morning_star.glb.import
[  30% ] savepack | Storing File: res://.godot/imported/nightbloom_wand.glb-6bdcfbe41ebdd5c2e809e4ce7a367e33.scn
[  30% ] savepack | Storing File: res://assets/items/nightbloom_wand.glb.import
[  30% ] savepack | Storing File: res://.godot/imported/nightfall_greatsword.glb-9d1d895933fa1316894ca69e223be3de.scn
[  30% ] savepack | Storing File: res://assets/items/nightfall_greatsword.glb.import
[  30% ] savepack | Storing File: res://.godot/imported/nightstalker_claw.glb-5c06e3dc304169e731201b69af73a43f.scn
[  30% ] savepack | Storing File: res://assets/items/nightstalker_claw.glb.import
[  30% ] savepack | Storing File: res://.godot/imported/nightwhisper.glb-f488de0bba2b13885d8032c03f063298.scn
[  30% ] savepack | Storing File: res://assets/items/nightwhisper.glb.import
[  31% ] savepack | Storing File: res://.godot/imported/northman_greataxe.glb-b9154486a13561cca600de6f13792a4c.scn
[  31% ] savepack | Storing File: res://assets/items/northman_greataxe.glb.import
[  31% ] savepack | Storing File: res://.godot/imported/nova_crystalline.glb-db518523b85a6de0d22a9927d0fd4e4a.scn
[  31% ] savepack | Storing File: res://assets/items/nova_crystalline.glb.import
[  31% ] savepack | Storing File: res://.godot/imported/nova_fragment.glb-4c21f56b4c57d2955ba8e1618ac849ea.scn
[  31% ] savepack | Storing File: res://assets/items/nova_fragment.glb.import
[  31% ] savepack | Storing File: res://.godot/imported/nova_orbital.glb-88866eafe9790eecb519ad899a3ea54d.scn
[  31% ] savepack | Storing File: res://assets/items/nova_orbital.glb.import
[  31% ] savepack | Storing File: res://.godot/imported/nova_shard.glb-a7bcc55cb6da2d04d210f64dbd855ec9.scn
[  31% ] savepack | Storing File: res://assets/items/nova_shard.glb.import
[  31% ] savepack | Storing File: res://.godot/imported/oak_cudgel.glb-90f61ccccc00e5ce89ec4c9725b7b95a.scn
[  31% ] savepack | Storing File: res://assets/items/oak_cudgel.glb.import
[  31% ] savepack | Storing File: res://.godot/imported/oathkeeper_greatsword.glb-a273b2f0a05ee379ad080d0351bb5af0.scn
[  31% ] savepack | Storing File: res://assets/items/oathkeeper_greatsword.glb.import
[  31% ] savepack | Storing File: res://.godot/imported/ogre_sinew.glb-b2c9e43074dba1d642801e19b5009ef6.scn
[  31% ] savepack | Storing File: res://assets/items/ogre_sinew.glb.import
[  31% ] savepack | Storing File: res://.godot/imported/orc_tusk.glb-cce46e071470a714f17bd0db89bd7c6d.scn
[  31% ] savepack | Storing File: res://assets/items/orc_tusk.glb.import
[  31% ] savepack | Storing File: res://.godot/imported/padded_gambeson.glb-916c5fc1d5753ef4864685f2b4f6ab47.scn
[  31% ] savepack | Storing File: res://assets/items/padded_gambeson.glb.import
[  31% ] savepack | Storing File: res://.godot/imported/parrying_dirk.glb-f20c340b6d2a7b14ac62f533d070c188.scn
[  31% ] savepack | Storing File: res://assets/items/parrying_dirk.glb.import
[  31% ] savepack | Storing File: res://.godot/imported/partisan.glb-d5f744c6c09cf76bfcea24d869701bf6.scn
[  31% ] savepack | Storing File: res://assets/items/partisan.glb.import
[  31% ] savepack | Storing File: res://.godot/imported/phoenix_feather.glb-894ea1062f7b4ab6cf7b49c4f949d6a1.scn
[  31% ] savepack | Storing File: res://assets/items/phoenix_feather.glb.import
[  31% ] savepack | Storing File: res://.godot/imported/pilgrims_staff.glb-d11a94ac40b61cdb191646be812b1bfa.scn
[  31% ] savepack | Storing File: res://assets/items/pilgrims_staff.glb.import
[  31% ] savepack | Storing File: res://.godot/imported/pit_fighter_wraps.glb-5e992411949ffb18a9ace37ea4d33f45.scn
[  31% ] savepack | Storing File: res://assets/items/pit_fighter_wraps.glb.import
[  31% ] savepack | Storing File: res://.godot/imported/quest_chain_seal.glb-e3af9669078f9beab3a80810a5059194.scn
[  31% ] savepack | Storing File: res://assets/items/quest_chain_seal.glb.import
[  31% ] savepack | Storing File: res://.godot/imported/quest_crown_fragment.glb-9c784469355119331d30cd35ae60b20b.scn
[  31% ] savepack | Storing File: res://assets/items/quest_crown_fragment.glb.import
[  31% ] savepack | Storing File: res://.godot/imported/quest_lance_shard.glb-f5293c4020494fafbd5f437aa42d3a23.scn
[  31% ] savepack | Storing File: res://assets/items/quest_lance_shard.glb.import
[  31% ] savepack | Storing File: res://.godot/imported/quest_seal_key.glb-606e7feb6b842cadcb84008c99202c5c.scn
[  31% ] savepack | Storing File: res://assets/items/quest_seal_key.glb.import
[  32% ] savepack | Storing File: res://.godot/imported/quest_tablet.glb-33bab9df09f8c39a70f36388f10db0f8.scn
[  32% ] savepack | Storing File: res://assets/items/quest_tablet.glb.import
[  32% ] savepack | Storing File: res://.godot/imported/raider_tomahawk.glb-95538aaa87a789561510360b867ed414.scn
[  32% ] savepack | Storing File: res://assets/items/raider_tomahawk.glb.import
[  32% ] savepack | Storing File: res://.godot/imported/raptor_talons.glb-fcc71740f3d83fec8ce1bb65403ea7e0.scn
[  32% ] savepack | Storing File: res://assets/items/raptor_talons.glb.import
[  32% ] savepack | Storing File: res://.godot/imported/recipe_aetherforged.glb-071e0df84c83ec1186628bf6025dc396.scn
[  32% ] savepack | Storing File: res://assets/items/recipe_aetherforged.glb.import
[  32% ] savepack | Storing File: res://.godot/imported/recipe_berserker.glb-76319939946cd776a5ddca5b98fc1206.scn
[  32% ] savepack | Storing File: res://assets/items/recipe_berserker.glb.import
[  32% ] savepack | Storing File: res://.godot/imported/recipe_champion_armor.glb-df1e2272347d5f17957451d8bbe9c0c8.scn
[  32% ] savepack | Storing File: res://assets/items/recipe_champion_armor.glb.import
[  32% ] savepack | Storing File: res://.godot/imported/recipe_champion_trinket.glb-111fa475607c03d42000c51ff64f5e31.scn
[  32% ] savepack | Storing File: res://assets/items/recipe_champion_trinket.glb.import
[  32% ] savepack | Storing File: res://.godot/imported/recipe_champion_weapon.glb-8cb30aa8ab7e8d87e8382c6c4d687418.scn
[  32% ] savepack | Storing File: res://assets/items/recipe_champion_weapon.glb.import
[  32% ] savepack | Storing File: res://.godot/imported/recipe_fortune.glb-73f745f8a17b93e9fd75f21a7227c9a0.scn
[  32% ] savepack | Storing File: res://assets/items/recipe_fortune.glb.import
[  32% ] savepack | Storing File: res://.godot/imported/recipe_phoenix.glb-56b095ea15d24bfa64e6eda5b5f970ab.scn
[  32% ] savepack | Storing File: res://assets/items/recipe_phoenix.glb.import
[  32% ] savepack | Storing File: res://.godot/imported/recipe_sage.glb-5fbdf6de15fef013fb738f38729e9e4c.scn
[  32% ] savepack | Storing File: res://assets/items/recipe_sage.glb.import
[  32% ] savepack | Storing File: res://.godot/imported/recurve_bow.glb-072aff66b016d7fb7f1e2e4355d8e56c.scn
[  32% ] savepack | Storing File: res://assets/items/recurve_bow.glb.import
[  32% ] savepack | Storing File: res://.godot/imported/reed_javelin.glb-bc6767158cb366ff0dbf6b7126a600f6.scn
[  32% ] savepack | Storing File: res://assets/items/reed_javelin.glb.import
[  32% ] savepack | Storing File: res://.godot/imported/rejuvenation_elixir.glb-f5c930fbef1f3074fe085af206402e60.scn
[  32% ] savepack | Storing File: res://assets/items/rejuvenation_elixir.glb.import
[  32% ] savepack | Storing File: res://.godot/imported/relic_cache_gilded.glb-32f981fa223cb804a0997c9eb9ce1c2c.scn
[  32% ] savepack | Storing File: res://assets/items/relic_cache_gilded.glb.import
[  32% ] savepack | Storing File: res://.godot/imported/relic_cache_radiant.glb-c2f2345b875deffb1f8bf5258f87ddff.scn
[  32% ] savepack | Storing File: res://assets/items/relic_cache_radiant.glb.import
[  32% ] savepack | Storing File: res://.godot/imported/relic_cache_worn.glb-19de739a582e3fe1289bc01028e6fd3a.scn
[  32% ] savepack | Storing File: res://assets/items/relic_cache_worn.glb.import
[  32% ] savepack | Storing File: res://.godot/imported/return_scroll.glb-ca68cbc01bb78091890e0478a51e7bb3.scn
[  32% ] savepack | Storing File: res://assets/items/return_scroll.glb.import
[  33% ] savepack | Storing File: res://.godot/imported/rimebite_axe.glb-28d55b2c713bf8bef59870826e18821b.scn
[  33% ] savepack | Storing File: res://assets/items/rimebite_axe.glb.import
[  33% ] savepack | Storing File: res://.godot/imported/rime_shard.glb-c8290b441393b0162304313e809a5edd.scn
[  33% ] savepack | Storing File: res://assets/items/rime_shard.glb.import
[  33% ] savepack | Storing File: res://.godot/imported/riverguard_falchion.glb-e4d8c5ece4cc19993647c64d43f3616a.scn
[  33% ] savepack | Storing File: res://assets/items/riverguard_falchion.glb.import
[  33% ] savepack | Storing File: res://.godot/imported/rondel_dagger.glb-6adebe558f6cb40ac2573fe9ea171f1e.scn
[  33% ] savepack | Storing File: res://assets/items/rondel_dagger.glb.import
[  33% ] savepack | Storing File: res://.godot/imported/runed_glove.glb-4d0a4d4c37fd581d098c67d0ec92fc5f.scn
[  33% ] savepack | Storing File: res://assets/items/runed_glove.glb.import
[  33% ] savepack | Storing File: res://.godot/imported/runed_sword.glb-8706616936a0f0ced44634182eedc21f.scn
[  33% ] savepack | Storing File: res://assets/items/runed_sword.glb.import
[  33% ] savepack | Storing File: res://.godot/imported/runeweave_vest.glb-e5e23dac829ddc4de1dd498a25c45410.scn
[  33% ] savepack | Storing File: res://assets/items/runeweave_vest.glb.import
[  33% ] savepack | Storing File: res://.godot/imported/rune_charm.glb-9db3154ef83353dc3a3acc3102249f1d.scn
[  33% ] savepack | Storing File: res://assets/items/rune_charm.glb.import
[  33% ] savepack | Storing File: res://.godot/imported/rune_cleaver.glb-08954a65b16db3792bdaf651216ba908.scn
[  33% ] savepack | Storing File: res://assets/items/rune_cleaver.glb.import
[  33% ] savepack | Storing File: res://.godot/imported/rune_plate.glb-1679800709dbcae97fb68e8032d89633.scn
[  33% ] savepack | Storing File: res://assets/items/rune_plate.glb.import
[  33% ] savepack | Storing File: res://.godot/imported/rusted_claymore.glb-d976877516954ab5a3f02d5816ed4200.scn
[  33% ] savepack | Storing File: res://assets/items/rusted_claymore.glb.import
[  33% ] savepack | Storing File: res://.godot/imported/sages_infusion.glb-0741eb37d4f9e16c23e719171fd6786b.scn
[  33% ] savepack | Storing File: res://assets/items/sages_infusion.glb.import
[  33% ] savepack | Storing File: res://.godot/imported/sage_boots.glb-794a6edc594582e59ac4ead413fcf631.scn
[  33% ] savepack | Storing File: res://assets/items/sage_boots.glb.import
[  33% ] savepack | Storing File: res://.godot/imported/sage_gloves.glb-65bee417ade422bf7ac362610c702ac5.scn
[  33% ] savepack | Storing File: res://assets/items/sage_gloves.glb.import
[  33% ] savepack | Storing File: res://.godot/imported/sage_hood.glb-6bf84b234ef31d696ad9073cd110189d.scn
[  33% ] savepack | Storing File: res://assets/items/sage_hood.glb.import
[  33% ] savepack | Storing File: res://.godot/imported/sage_robe.glb-adf5915524263d9986bae1b918faa76c.scn
[  33% ] savepack | Storing File: res://assets/items/sage_robe.glb.import
[  33% ] savepack | Storing File: res://.godot/imported/sage_staff.glb-61c4de0e9a4939de45232f32f315a5bf.scn
[  33% ] savepack | Storing File: res://assets/items/sage_staff.glb.import
[  33% ] savepack | Storing File: res://.godot/imported/saltmarsh_cutlass.glb-b2defe078c834cd11e32bdbd8f36a1d8.scn
[  33% ] savepack | Storing File: res://assets/items/saltmarsh_cutlass.glb.import
[  33% ] savepack | Storing File: res://.godot/imported/scholars_tea.glb-bb6c53193bc6ba4828ff8f8dd1556f80.scn
[  33% ] savepack | Storing File: res://assets/items/scholars_tea.glb.import
[  33% ] savepack | Storing File: res://.godot/imported/scrappers_hooks.glb-cabd914bdaed0ef575e31a5126788292.scn
[  33% ] savepack | Storing File: res://assets/items/scrappers_hooks.glb.import
[  33% ] savepack | Storing File: res://.godot/imported/seers_circlet.glb-02f317d064c2e7e38fcfd37b7c13691d.scn
[  33% ] savepack | Storing File: res://assets/items/seers_circlet.glb.import
[  33% ] savepack | Storing File: res://.godot/imported/shadow_kris.glb-76b9434bad5e3e8c577ebec2cc0160a1.scn
[  33% ] savepack | Storing File: res://assets/items/shadow_kris.glb.import
[  33% ] savepack | Storing File: res://.godot/imported/shadow_silk.glb-70873d61d4245d92af69f6fae0f6ad64.scn
[  33% ] savepack | Storing File: res://assets/items/shadow_silk.glb.import
[  33% ] savepack | Storing File: res://.godot/imported/shortbow.glb-26d3ac054744b6cfef076572b0c15745.scn
[  33% ] savepack | Storing File: res://assets/items/shortbow.glb.import
[  33% ] savepack | Storing File: res://.godot/imported/siege_greatbow.glb-746c7b29ef4ce2eb0a07b9cadff45bee.scn
[  33% ] savepack | Storing File: res://assets/items/siege_greatbow.glb.import
[  33% ] savepack | Storing File: res://.godot/imported/sigil_buckler.glb-c91945cd605f3090e0745627afbef21a.scn
[  33% ] savepack | Storing File: res://assets/items/sigil_buckler.glb.import
[  33% ] savepack | Storing File: res://.godot/imported/sigil_ring.glb-1297a62e65f00ee443db95d4b87c37bf.scn
[  33% ] savepack | Storing File: res://assets/items/sigil_ring.glb.import
[  33% ] savepack | Storing File: res://.godot/imported/silk_glove.glb-77b1e5231f614571445010c788c4568b.scn
[  33% ] savepack | Storing File: res://assets/items/silk_glove.glb.import
[  33% ] savepack | Storing File: res://.godot/imported/silk_undershirt.glb-40a184ea2ececa029a865b35552567a5.scn
[  33% ] savepack | Storing File: res://assets/items/silk_undershirt.glb.import
[  33% ] savepack | Storing File: res://.godot/imported/silverleaf.glb-e77199ff3065ae650aa7588d434451f8.scn
[  33% ] savepack | Storing File: res://assets/items/silverleaf.glb.import
[  33% ] savepack | Storing File: res://.godot/imported/silver_ring.glb-5b56a04db09bf7d52cf623c6f72061d2.scn
[  33% ] savepack | Storing File: res://assets/items/silver_ring.glb.import
[  33% ] savepack | Storing File: res://.godot/imported/skinning_knife.glb-7bf59db9536016db112c52a619de97ea.scn
[  33% ] savepack | Storing File: res://assets/items/skinning_knife.glb.import
[  33% ] savepack | Storing File: res://.godot/imported/skirmisher_axe.glb-68ba7af065af33f264d2218c8488b0ed.scn
[  33% ] savepack | Storing File: res://assets/items/skirmisher_axe.glb.import
[  33% ] savepack | Storing File: res://.godot/imported/skyrender.glb-bc81a4a27f43426239ca2641a784a9ec.scn
[  33% ] savepack | Storing File: res://assets/items/skyrender.glb.import
[  33% ] savepack | Storing File: res://.godot/imported/slag_ember.glb-7068fb596d984f905e0ef35e8e36c790.scn
[  33% ] savepack | Storing File: res://assets/items/slag_ember.glb.import
[  33% ] savepack | Storing File: res://.godot/imported/smiths_warhammer.glb-6ba59a429bdafd83b2ab0836a8c0ae85.scn
[  33% ] savepack | Storing File: res://assets/items/smiths_warhammer.glb.import
[  33% ] savepack | Storing File: res://.godot/imported/smoke_pellet.glb-10c71eeebcc4bf26c197e92fb7974675.scn
[  33% ] savepack | Storing File: res://assets/items/smoke_pellet.glb.import
[  33% ] savepack | Storing File: res://.godot/imported/soft_boot.glb-3a57b84d2dc9c4d7108ff29d1defcb63.scn
[  33% ] savepack | Storing File: res://assets/items/soft_boot.glb.import
[  34% ] savepack | Storing File: res://.godot/imported/soul_ember.glb-27823bff478fc17b31e5915fe69c4b08.scn
[  34% ] savepack | Storing File: res://assets/items/soul_ember.glb.import
[  34% ] savepack | Storing File: res://.godot/imported/spiked_club.glb-72bfe4f4e1e4a605aad9deb9a5fc8675.scn
[  34% ] savepack | Storing File: res://assets/items/spiked_club.glb.import
[  34% ] savepack | Storing File: res://.godot/imported/spiked_gauntlet.glb-8c81caf74b45c60d7206fa7268fdbb8e.scn
[  34% ] savepack | Storing File: res://assets/items/spiked_gauntlet.glb.import
[  34% ] savepack | Storing File: res://.godot/imported/spiked_knucklebars.glb-5c371104fb867eff5c77035530f1c3dd.scn
[  34% ] savepack | Storing File: res://assets/items/spiked_knucklebars.glb.import
[  34% ] savepack | Storing File: res://.godot/imported/spirit_ward_draught.glb-75a7f3c504ac08ceeb61d8955251f972.scn
[  34% ] savepack | Storing File: res://assets/items/spirit_ward_draught.glb.import
[  34% ] savepack | Storing File: res://.godot/imported/starfall_sabre.glb-15324ac0fdf09e6f60f820f1f8232726.scn
[  34% ] savepack | Storing File: res://assets/items/starfall_sabre.glb.import
[  34% ] savepack | Storing File: res://.godot/imported/starhammer.glb-628a07a46047ce9ccc2e02fe91ae0284.scn
[  34% ] savepack | Storing File: res://assets/items/starhammer.glb.import
[  34% ] savepack | Storing File: res://.godot/imported/star_glass.glb-f81f377883f8ffed3e5690a3c6ecdf9c.scn
[  34% ] savepack | Storing File: res://assets/items/star_glass.glb.import
[  34% ] savepack | Storing File: res://.godot/imported/star_pendant.glb-281b1e9521a3df35a54983f8789d15ed.scn
[  34% ] savepack | Storing File: res://assets/items/star_pendant.glb.import
[  34% ] savepack | Storing File: res://.godot/imported/steel_ingot.glb-6a9b18446bc906dc4ce51d449d3ed4e8.scn
[  34% ] savepack | Storing File: res://assets/items/steel_ingot.glb.import
[  34% ] savepack | Storing File: res://.godot/imported/stolen_linen.glb-13eb026c9a69c4dae8ae1471e795e2cb.scn
[  34% ] savepack | Storing File: res://assets/items/stolen_linen.glb.import
[  34% ] savepack | Storing File: res://.godot/imported/stonefist.glb-cc9729b966e9135749130260dc7f017f.scn
[  34% ] savepack | Storing File: res://assets/items/stonefist.glb.import
[  34% ] savepack | Storing File: res://.godot/imported/stormglass_wand.glb-d4b21f4db56db1082b546c03202c2d59.scn
[  34% ] savepack | Storing File: res://assets/items/stormglass_wand.glb.import
[  34% ] savepack | Storing File: res://.godot/imported/stormneedle.glb-aa8183a18fa837b75a881367a9148a55.scn
[  34% ] savepack | Storing File: res://assets/items/stormneedle.glb.import
[  34% ] savepack | Storing File: res://.godot/imported/stormstring_greatbow.glb-b1f46105185d58710517565504fa7648.scn
[  34% ] savepack | Storing File: res://assets/items/stormstring_greatbow.glb.import
[  34% ] savepack | Storing File: res://.godot/imported/stormward_potion.glb-ddacaa9068a8e2c572b0412568da3436.scn
[  34% ] savepack | Storing File: res://assets/items/stormward_potion.glb.import
[  34% ] savepack | Storing File: res://.godot/imported/storm_essence.glb-f1e8657d708b94e0dabd024ee122c133.scn
[  34% ] savepack | Storing File: res://assets/items/storm_essence.glb.import
[  34% ] savepack | Storing File: res://.godot/imported/storm_lance.glb-cc0a1c62867bee10235eacd977b20e0f.scn
[  34% ] savepack | Storing File: res://assets/items/storm_lance.glb.import
[  35% ] savepack | Storing File: res://.godot/imported/storm_staff.glb-4e573ddbdf52cc164e1247e03a8bde4f.scn
[  35% ] savepack | Storing File: res://assets/items/storm_staff.glb.import
[  35% ] savepack | Storing File: res://.godot/imported/studded_cestus.glb-3f4b9aa7aa86cff4dd556cf9b14c592f.scn
[  35% ] savepack | Storing File: res://assets/items/studded_cestus.glb.import
[  35% ] savepack | Storing File: res://.godot/imported/stumpsplitter.glb-747af33d6999d283621c29d49a5ca791.scn
[  35% ] savepack | Storing File: res://assets/items/stumpsplitter.glb.import
[  35% ] savepack | Storing File: res://.godot/imported/sunfire_wand.glb-c06ccb3c89dfc1e15aa6a2d65fbd7271.scn
[  35% ] savepack | Storing File: res://assets/items/sunfire_wand.glb.import
[  35% ] savepack | Storing File: res://.godot/imported/sunpiercer.glb-6d5bbe5a78073c605b85a9d6e419743c.scn
[  35% ] savepack | Storing File: res://assets/items/sunpiercer.glb.import
[  35% ] savepack | Storing File: res://.godot/imported/sunreaver.glb-5b3831d08531dd4ee1b722d3d17b313a.scn
[  35% ] savepack | Storing File: res://assets/items/sunreaver.glb.import
[  35% ] savepack | Storing File: res://.godot/imported/sunspire_staff.glb-7b22b33fac155ecf61add4f29a31d89c.scn
[  35% ] savepack | Storing File: res://assets/items/sunspire_staff.glb.import
[  35% ] savepack | Storing File: res://.godot/imported/sunsteel_blade.glb-f8812f77c9a030a0e997bd15257c9db4.scn
[  35% ] savepack | Storing File: res://assets/items/sunsteel_blade.glb.import
[  35% ] savepack | Storing File: res://.godot/imported/superior_health_potion.glb-184cd077fa664e6b872ddd77acfd2639.scn
[  35% ] savepack | Storing File: res://assets/items/superior_health_potion.glb.import
[  35% ] savepack | Storing File: res://.godot/imported/superior_mana_potion.glb-930d658597030dfa2ddd3ac0fb2fe106.scn
[  35% ] savepack | Storing File: res://assets/items/superior_mana_potion.glb.import
[  35% ] savepack | Storing File: res://.godot/imported/swiftfoot_tonic.glb-9035832000fa09b1e5314ed5a3c40f63.scn
[  35% ] savepack | Storing File: res://assets/items/swiftfoot_tonic.glb.import
[  35% ] savepack | Storing File: res://.godot/imported/tempest_rakes.glb-30aba2903b916f78ef6351037c622151.scn
[  35% ] savepack | Storing File: res://assets/items/tempest_rakes.glb.import
[  35% ] savepack | Storing File: res://.godot/imported/thornback_bow.glb-3462abf41cb0917fd4f5c37765079ffe.scn
[  35% ] savepack | Storing File: res://assets/items/thornback_bow.glb.import
[  35% ] savepack | Storing File: res://.godot/imported/thunderbeak_axe.glb-1a06e0ad5b23b7cf0c143d69b09a8105.scn
[  35% ] savepack | Storing File: res://assets/items/thunderbeak_axe.glb.import
[  35% ] savepack | Storing File: res://.godot/imported/thunderfist_knuckles.glb-e2f9d92edc5737c165b21800c8a3367c.scn
[  35% ] savepack | Storing File: res://assets/items/thunderfist_knuckles.glb.import
[  35% ] savepack | Storing File: res://.godot/imported/thunderhead_javelin.glb-6aac909cb81dfdcae5696d4b3e39e5aa.scn
[  35% ] savepack | Storing File: res://assets/items/thunderhead_javelin.glb.import
[  35% ] savepack | Storing File: res://.godot/imported/thundra_crystalline.glb-1222c9b8e3e52aead88ccb29d9084e7b.scn
[  35% ] savepack | Storing File: res://assets/items/thundra_crystalline.glb.import
[  35% ] savepack | Storing File: res://.godot/imported/thundra_fragment.glb-d1a7a97b6b40e66ec7d0f6672b00e6ba.scn
[  35% ] savepack | Storing File: res://assets/items/thundra_fragment.glb.import
[  35% ] savepack | Storing File: res://.godot/imported/thundra_orbital.glb-7bb1964071d434b34acd1ab7003225e4.scn
[  35% ] savepack | Storing File: res://assets/items/thundra_orbital.glb.import
[  36% ] savepack | Storing File: res://.godot/imported/thundra_shard.glb-86df354c5c7ff7e90c337e0787455a38.scn
[  36% ] savepack | Storing File: res://assets/items/thundra_shard.glb.import
[  36% ] savepack | Storing File: res://.godot/imported/tidecrusher.glb-b13b646ff532ea6a5ecc044797c5899a.scn
[  36% ] savepack | Storing File: res://assets/items/tidecrusher.glb.import
[  36% ] savepack | Storing File: res://.godot/imported/tideguard_trident.glb-04d6f8b48326f808e6ca3a8dfa4b4554.scn
[  36% ] savepack | Storing File: res://assets/items/tideguard_trident.glb.import
[  36% ] savepack | Storing File: res://.godot/imported/tide_pearl.glb-4112a011feaa5924a0e063799c452e5a.scn
[  36% ] savepack | Storing File: res://assets/items/tide_pearl.glb.import
[  36% ] savepack | Storing File: res://.godot/imported/tide_wand.glb-9262f1cd2ebb4ffec05fb6649dcfa9b9.scn
[  36% ] savepack | Storing File: res://assets/items/tide_wand.glb.import
[  36% ] savepack | Storing File: res://.godot/imported/tiger_claw.glb-9280593b67214c29c2049aed14258318.scn
[  36% ] savepack | Storing File: res://assets/items/tiger_claw.glb.import
[  36% ] savepack | Storing File: res://.godot/imported/titanknuckle.glb-9cabead9937d9c7bfd37e504caed4b21.scn
[  36% ] savepack | Storing File: res://assets/items/titanknuckle.glb.import
[  36% ] savepack | Storing File: res://.godot/imported/titan_brew.glb-0bea8460e316c91e310dabb06b2a5c73.scn
[  36% ] savepack | Storing File: res://assets/items/titan_brew.glb.import
[  36% ] savepack | Storing File: res://.godot/imported/titan_greatsword.glb-7b374a295fe5d58f60a13dde37db39c5.scn
[  36% ] savepack | Storing File: res://assets/items/titan_greatsword.glb.import
[  36% ] savepack | Storing File: res://.godot/imported/tower_shield.glb-1217c1396369dce98bb9f4922a1a688b.scn
[  36% ] savepack | Storing File: res://assets/items/tower_shield.glb.import
[  36% ] savepack | Storing File: res://.godot/imported/town_portal.glb-d32493e4e2046da977fb1f5da2197aa1.scn
[  36% ] savepack | Storing File: res://assets/items/town_portal.glb.import
[  36% ] savepack | Storing File: res://.godot/imported/traveler_coat.glb-fe1aea7e1d5a4c5f66dd67894651bf0e.scn
[  36% ] savepack | Storing File: res://assets/items/traveler_coat.glb.import
[  36% ] savepack | Storing File: res://.godot/imported/tuskbreaker.glb-88ef42da342a6e74a9a8b4272d560b19.scn
[  36% ] savepack | Storing File: res://assets/items/tuskbreaker.glb.import
[  36% ] savepack | Storing File: res://.godot/imported/u_band_of_stillness.glb-5d4a731b696f8ec760d04d5011a34f7b.scn
[  36% ] savepack | Storing File: res://assets/items/u_band_of_stillness.glb.import
[  36% ] savepack | Storing File: res://.godot/imported/u_dawnbreaker.glb-3338a98c4e92f20c0bd05f0c538fc19c.scn
[  36% ] savepack | Storing File: res://assets/items/u_dawnbreaker.glb.import
[  36% ] savepack | Storing File: res://.godot/imported/u_heart_of_aether.glb-3110707847cbb22c8ac4b93cb76bb8ff.scn
[  36% ] savepack | Storing File: res://assets/items/u_heart_of_aether.glb.import
[  36% ] savepack | Storing File: res://.godot/imported/u_riftblade.glb-900033dd3a8de5536fb02ba030eef7b5.scn
[  36% ] savepack | Storing File: res://assets/items/u_riftblade.glb.import
[  36% ] savepack | Storing File: res://.godot/imported/u_starwhisper.glb-a6144e28ef97235f2f8d15323b724ce4.scn
[  36% ] savepack | Storing File: res://assets/items/u_starwhisper.glb.import
[  37% ] savepack | Storing File: res://.godot/imported/u_winters_heart.glb-928236a6f45262bc7ac2ec9342571d68.scn
[  37% ] savepack | Storing File: res://assets/items/u_winters_heart.glb.import
[  37% ] savepack | Storing File: res://.godot/imported/vigor_draught.glb-6a9e0ac8db6eb165f844ce73285ff5f6.scn
[  37% ] savepack | Storing File: res://assets/items/vigor_draught.glb.import
[  37% ] savepack | Storing File: res://.godot/imported/vipera_crystalline.glb-3f2f9bda20079ba81b5ae4a224b7cb55.scn
[  37% ] savepack | Storing File: res://assets/items/vipera_crystalline.glb.import
[  37% ] savepack | Storing File: res://.godot/imported/vipera_fragment.glb-e517a81b0d725d819bc0f2879f821112.scn
[  37% ] savepack | Storing File: res://assets/items/vipera_fragment.glb.import
[  37% ] savepack | Storing File: res://.godot/imported/vipera_orbital.glb-e90116255620deb30071b90867b92031.scn
[  37% ] savepack | Storing File: res://assets/items/vipera_orbital.glb.import
[  37% ] savepack | Storing File: res://.godot/imported/vipera_shard.glb-dc7a245491673dd90c5381cd9ec0578d.scn
[  37% ] savepack | Storing File: res://assets/items/vipera_shard.glb.import
[  37% ] savepack | Storing File: res://.godot/imported/viper_fang.glb-8b61ea5dfb0f5e21b0c943daf4dd3018.scn
[  37% ] savepack | Storing File: res://assets/items/viper_fang.glb.import
[  37% ] savepack | Storing File: res://.godot/imported/visored_greathelm.glb-2d7b2cd95ca75deb4e16a74b1acc179b.scn
[  37% ] savepack | Storing File: res://assets/items/visored_greathelm.glb.import
[  37% ] savepack | Storing File: res://.godot/imported/warden_greave.glb-07f00562c6f1f8d58e76ad1ca89df60f.scn
[  37% ] savepack | Storing File: res://assets/items/warden_greave.glb.import
[  37% ] savepack | Storing File: res://.godot/imported/warden_kite_shield.glb-20b1c0827e0b3fe4ffda976f3731bc92.scn
[  37% ] savepack | Storing File: res://assets/items/warden_kite_shield.glb.import
[  37% ] savepack | Storing File: res://.godot/imported/warden_longbow.glb-338d745b7bcfe99da547d8a914f6db99.scn
[  37% ] savepack | Storing File: res://assets/items/warden_longbow.glb.import
[  37% ] savepack | Storing File: res://.godot/imported/warden_plate.glb-41d1fa80c35bdac000279475bcb53509.scn
[  37% ] savepack | Storing File: res://assets/items/warden_plate.glb.import
[  37% ] savepack | Storing File: res://.godot/imported/warlord_cleaver.glb-3a60fad7f66afd222e166e1c176da026.scn
[  37% ] savepack | Storing File: res://assets/items/warlord_cleaver.glb.import
[  37% ] savepack | Storing File: res://.godot/imported/war_talisman.glb-6ffff3a0cba0d1d5f090ef138e05f0a1.scn
[  37% ] savepack | Storing File: res://assets/items/war_talisman.glb.import
[  37% ] savepack | Storing File: res://.godot/imported/watchmans_halberd.glb-952e7cde456d616a9e0a9e4e0545d0db.scn
[  37% ] savepack | Storing File: res://assets/items/watchmans_halberd.glb.import
[  37% ] savepack | Storing File: res://.godot/imported/wavecrest_flamberge.glb-93c085515b54c069b349f00e3c7173d1.scn
[  37% ] savepack | Storing File: res://assets/items/wavecrest_flamberge.glb.import
[  37% ] savepack | Storing File: res://.godot/imported/wayfarer_blade.glb-a7657593293d8f91862dba5e72498827.scn
[  37% ] savepack | Storing File: res://assets/items/wayfarer_blade.glb.import
[  37% ] savepack | Storing File: res://.godot/imported/wayfarer_boot.glb-ee4b031f8593c59c815bade07bdd43ee.scn
[  37% ] savepack | Storing File: res://assets/items/wayfarer_boot.glb.import
[  37% ] savepack | Storing File: res://.godot/imported/whetstone.glb-7aa0240bcc46be85b32b7077e9737d17.scn
[  37% ] savepack | Storing File: res://assets/items/whetstone.glb.import
[  38% ] savepack | Storing File: res://.godot/imported/willow_wand.glb-f80e23d6ae7b5e06de8286025f26a212.scn
[  38% ] savepack | Storing File: res://assets/items/willow_wand.glb.import
[  38% ] savepack | Storing File: res://.godot/imported/windrunner_javelin.glb-80d9c52ce2968282e9b1edb7f1b6ea7a.scn
[  38% ] savepack | Storing File: res://assets/items/windrunner_javelin.glb.import
[  38% ] savepack | Storing File: res://.godot/imported/windstep_tonic.glb-4d9b0c7d1ce48141b7962617088c241d.scn
[  38% ] savepack | Storing File: res://assets/items/windstep_tonic.glb.import
[  38% ] savepack | Storing File: res://.godot/imported/winged_spear.glb-9a0bf3e3c3ec8be9e4e512570e03ff0c.scn
[  38% ] savepack | Storing File: res://assets/items/winged_spear.glb.import
[  38% ] savepack | Storing File: res://.godot/imported/wisp_mote.glb-9cda3fa30d245d53d9e888995fb63745.scn
[  38% ] savepack | Storing File: res://assets/items/wisp_mote.glb.import
[  38% ] savepack | Storing File: res://.godot/imported/wolf_fang.glb-61a3239f30a0f237dd552e2300825c07.scn
[  38% ] savepack | Storing File: res://assets/items/wolf_fang.glb.import
[  38% ] savepack | Storing File: res://.godot/imported/woodcutter_hatchet.glb-e798581b8b7608071381e91c719972a5.scn
[  38% ] savepack | Storing File: res://assets/items/woodcutter_hatchet.glb.import
[  38% ] savepack | Storing File: res://.godot/imported/worldsplitter.glb-ae633fb23e7da0d318b0154c8b1763de.scn
[  38% ] savepack | Storing File: res://assets/items/worldsplitter.glb.import
[  38% ] savepack | Storing File: res://.godot/imported/wyrmqueen_talons.glb-a89453d108278098e2e66bdd76d8c903.scn
[  38% ] savepack | Storing File: res://assets/items/wyrmqueen_talons.glb.import
[  38% ] savepack | Storing File: res://.godot/imported/wyrmtooth_lance.glb-38d73d8b8f57da4fbedfa545865ed217.scn
[  38% ] savepack | Storing File: res://assets/items/wyrmtooth_lance.glb.import
[  38% ] savepack | Storing File: res://.godot/imported/yew_longbow.glb-310ce432805d14abff2b42d94ba7dfc0.scn
[  38% ] savepack | Storing File: res://assets/items/yew_longbow.glb.import
[  38% ] savepack | Storing File: res://.godot/imported/chainmail_albedo.png-438e9f6748828317b2af6ff3ce0eae64.ctex
[  38% ] savepack | Storing File: res://assets/textures/legend/chainmail_albedo.png.import
[  38% ] savepack | Storing File: res://.godot/imported/chainmail_normal.png-4c6a3960a17ec8855a1d32de723ed4c2.ctex
[  38% ] savepack | Storing File: res://assets/textures/legend/chainmail_normal.png.import
[  38% ] savepack | Storing File: res://.godot/imported/chainmail_rough.png-2f9042fe041b440f52004bdc1761236f.ctex
[  38% ] savepack | Storing File: res://assets/textures/legend/chainmail_rough.png.import
[  38% ] savepack | Storing File: res://.godot/imported/dragon_scale_albedo.png-42e438f39042c0800d292d7ea6919995.ctex
[  38% ] savepack | Storing File: res://assets/textures/legend/dragon_scale_albedo.png.import
[  38% ] savepack | Storing File: res://.godot/imported/dragon_scale_normal.png-f78506d486368a0e999b1ec4b0e848a1.ctex
[  38% ] savepack | Storing File: res://assets/textures/legend/dragon_scale_normal.png.import
[  38% ] savepack | Storing File: res://.godot/imported/dragon_scale_rough.png-5e087de92416c154154e16e11483f988.ctex
[  38% ] savepack | Storing File: res://assets/textures/legend/dragon_scale_rough.png.import
[  38% ] savepack | Storing File: res://.godot/imported/engraved_plate_albedo.png-9baab9e8fe7c89d5f9769bd59fc13cd5.ctex
[  38% ] savepack | Storing File: res://assets/textures/legend/engraved_plate_albedo.png.import
[  38% ] savepack | Storing File: res://.godot/imported/engraved_plate_normal.png-366e3673caba4ecee6ddf70d57ebbda7.ctex
[  38% ] savepack | Storing File: res://assets/textures/legend/engraved_plate_normal.png.import
[  39% ] savepack | Storing File: res://.godot/imported/engraved_plate_rough.png-1b80cd81dc2078e1afb2ecda89dc7ea0.ctex
[  39% ] savepack | Storing File: res://assets/textures/legend/engraved_plate_rough.png.import
[  39% ] savepack | Storing File: res://.godot/imported/forsaken_iron_albedo.png-3945b15304f4db876b2eda11fcda9999.ctex
[  39% ] savepack | Storing File: res://assets/textures/legend/forsaken_iron_albedo.png.import
[  39% ] savepack | Storing File: res://.godot/imported/forsaken_iron_normal.png-2bb2c0552a97bbf212bbe81575fc5f3d.ctex
[  39% ] savepack | Storing File: res://assets/textures/legend/forsaken_iron_normal.png.import
[  39% ] savepack | Storing File: res://.godot/imported/forsaken_iron_rough.png-46c1c9480a697d4340f1271213537d89.ctex
[  39% ] savepack | Storing File: res://assets/textures/legend/forsaken_iron_rough.png.import
[  39% ] savepack | Storing File: res://.godot/imported/leather_worn_albedo.png-763baaa90e036b9707c020e98c560b07.ctex
[  39% ] savepack | Storing File: res://assets/textures/legend/leather_worn_albedo.png.import
[  39% ] savepack | Storing File: res://.godot/imported/leather_worn_normal.png-66b6432175ba369663040701db0b4e3d.ctex
[  39% ] savepack | Storing File: res://assets/textures/legend/leather_worn_normal.png.import
[  39% ] savepack | Storing File: res://.godot/imported/leather_worn_rough.png-e1429696add3301b8c85293639518187.ctex
[  39% ] savepack | Storing File: res://assets/textures/legend/leather_worn_rough.png.import
[  39% ] savepack | Storing File: res://.godot/imported/storm_wool_albedo.png-8f9d111750fd9e7ae26da971c5b47fc9.ctex
[  39% ] savepack | Storing File: res://assets/textures/legend/storm_wool_albedo.png.import
[  39% ] savepack | Storing File: res://.godot/imported/storm_wool_normal.png-d2057aede71ec854f3bfa02735a5ad74.ctex
[  39% ] savepack | Storing File: res://assets/textures/legend/storm_wool_normal.png.import
[  39% ] savepack | Storing File: res://.godot/imported/storm_wool_rough.png-37bd24073b270b8ae06d2dee24a278dc.ctex
[  39% ] savepack | Storing File: res://assets/textures/legend/storm_wool_rough.png.import
[  39% ] savepack | Storing File: res://.godot/imported/tyrant_bone_albedo.png-fe383fedb3e29e8cdf83631b6aaec5e9.ctex
[  39% ] savepack | Storing File: res://assets/textures/legend/tyrant_bone_albedo.png.import
[  39% ] savepack | Storing File: res://.godot/imported/tyrant_bone_normal.png-1d0b97d8f4115d233517d978842b9f2d.ctex
[  39% ] savepack | Storing File: res://assets/textures/legend/tyrant_bone_normal.png.import
[  39% ] savepack | Storing File: res://.godot/imported/tyrant_bone_rough.png-7a4340a940bbfdda4f1e1e0ef58c624c.ctex
[  39% ] savepack | Storing File: res://assets/textures/legend/tyrant_bone_rough.png.import
[  39% ] savepack | Storing File: res://.godot/imported/bark_albedo.png-3d9706c7ff765da2efbd3e61765822dd.ctex
[  39% ] savepack | Storing File: res://assets/textures/bark_albedo.png.import
[  39% ] savepack | Storing File: res://.godot/imported/bark_normal.png-140fe8fd1d05b5bf13ea8fac2c014ed1.ctex
[  39% ] savepack | Storing File: res://assets/textures/bark_normal.png.import
[  39% ] savepack | Storing File: res://.godot/imported/bark_rough.png-21eda1c7723bd89c688a2ac14891818b.ctex
[  39% ] savepack | Storing File: res://assets/textures/bark_rough.png.import
[  39% ] savepack | Storing File: res://.godot/imported/basalt_albedo.png-ba20dfbf5613cefe9ca433b8d7d20987.ctex
[  39% ] savepack | Storing File: res://assets/textures/basalt_albedo.png.import
[  39% ] savepack | Storing File: res://.godot/imported/basalt_normal.png-30677957016f00ceb56e80f214076082.ctex
[  39% ] savepack | Storing File: res://assets/textures/basalt_normal.png.import
[  40% ] savepack | Storing File: res://.godot/imported/basalt_rough.png-12c00b1486d9eae7a0ac6b55e025d67e.ctex
[  40% ] savepack | Storing File: res://assets/textures/basalt_rough.png.import
[  40% ] savepack | Storing File: res://.godot/imported/brick_albedo.png-af334ecd0a425986b8e95a9da211afab.ctex
[  40% ] savepack | Storing File: res://assets/textures/brick_albedo.png.import
[  40% ] savepack | Storing File: res://.godot/imported/brick_normal.png-9bce3cb8a7a87880799aed43e0aaaee9.ctex
[  40% ] savepack | Storing File: res://assets/textures/brick_normal.png.import
[  40% ] savepack | Storing File: res://.godot/imported/brick_rough.png-179b2641506a149754df67b970b118b8.ctex
[  40% ] savepack | Storing File: res://assets/textures/brick_rough.png.import
[  40% ] savepack | Storing File: res://.godot/imported/cloth_albedo.png-06a931c33c4d8f81313ee7ffa5fd72b2.ctex
[  40% ] savepack | Storing File: res://assets/textures/cloth_albedo.png.import
[  40% ] savepack | Storing File: res://.godot/imported/cloth_normal.png-b66e14e79872e9d4763431de2d595273.ctex
[  40% ] savepack | Storing File: res://assets/textures/cloth_normal.png.import
[  40% ] savepack | Storing File: res://.godot/imported/cloth_rough.png-b963b5d1d6d2c7d13d83ff12f7d83521.ctex
[  40% ] savepack | Storing File: res://assets/textures/cloth_rough.png.import
[  40% ] savepack | Storing File: res://.godot/imported/cobblestone_albedo.png-e9eaecc6e58a0e1845d7ea55b7c3705f.ctex
[  40% ] savepack | Storing File: res://assets/textures/cobblestone_albedo.png.import
[  40% ] savepack | Storing File: res://.godot/imported/cobblestone_normal.png-2076295cb196129e1d68ef27a029e5e6.ctex
[  40% ] savepack | Storing File: res://assets/textures/cobblestone_normal.png.import
[  40% ] savepack | Storing File: res://.godot/imported/cobblestone_rough.png-87ca06c1e7479da67537199b6c79acef.ctex
[  40% ] savepack | Storing File: res://assets/textures/cobblestone_rough.png.import
[  40% ] savepack | Storing File: res://.godot/imported/dirt_albedo.png-31fd57d73f3b47c4b68132b22f881468.ctex
[  40% ] savepack | Storing File: res://assets/textures/dirt_albedo.png.import
[  40% ] savepack | Storing File: res://.godot/imported/dirt_normal.png-96058a3d21ba76d7b1944fa32f508991.ctex
[  40% ] savepack | Storing File: res://assets/textures/dirt_normal.png.import
[  40% ] savepack | Storing File: res://.godot/imported/dirt_rough.png-9829c55dee340c42ff2cf25d431d17b9.ctex
[  40% ] savepack | Storing File: res://assets/textures/dirt_rough.png.import
[  40% ] savepack | Storing File: res://.godot/imported/forest_floor_albedo.png-ff4bdc219e83b16e78286e1af9b334d3.ctex
[  40% ] savepack | Storing File: res://assets/textures/forest_floor_albedo.png.import
[  40% ] savepack | Storing File: res://.godot/imported/forest_floor_normal.png-337dfe4c0eceaecd08deb928cd485b0f.ctex
[  40% ] savepack | Storing File: res://assets/textures/forest_floor_normal.png.import
[  40% ] savepack | Storing File: res://.godot/imported/forest_floor_rough.png-5fa805ea6b20112960f0852f70c8d844.ctex
[  40% ] savepack | Storing File: res://assets/textures/forest_floor_rough.png.import
[  40% ] savepack | Storing File: res://.godot/imported/fungal_stone_albedo.png-486d171c6f5d421fff090f14297fa569.ctex
[  40% ] savepack | Storing File: res://assets/textures/fungal_stone_albedo.png.import
[  40% ] savepack | Storing File: res://.godot/imported/fungal_stone_normal.png-6c2a8fea1135674f3d4b8e230a576c6c.ctex
[  40% ] savepack | Storing File: res://assets/textures/fungal_stone_normal.png.import
[  40% ] savepack | Storing File: res://.godot/imported/fungal_stone_rough.png-6b6060b751388a5db414cde0a66421a3.ctex
[  40% ] savepack | Storing File: res://assets/textures/fungal_stone_rough.png.import
[  41% ] savepack | Storing File: res://.godot/imported/grass_albedo.png-04a7e4555aae8789132c0bcc887b21de.ctex
[  41% ] savepack | Storing File: res://assets/textures/grass_albedo.png.import
[  41% ] savepack | Storing File: res://.godot/imported/grass_blades.png-a089a8a9aae5c3532300862e6a546ec8.ctex
[  41% ] savepack | Storing File: res://assets/textures/grass_blades.png.import
[  41% ] savepack | Storing File: res://.godot/imported/grass_normal.png-469e34492d95850956d3053612bbfb61.ctex
[  41% ] savepack | Storing File: res://assets/textures/grass_normal.png.import
[  41% ] savepack | Storing File: res://.godot/imported/grass_rough.png-d3b019a1077ff1f77e5f554e452a8b01.ctex
[  41% ] savepack | Storing File: res://assets/textures/grass_rough.png.import
[  41% ] savepack | Storing File: res://.godot/imported/leaves_atlas.png-712e2c8d026ee4413d33c12dc269818d.ctex
[  41% ] savepack | Storing File: res://assets/textures/leaves_atlas.png.import
[  41% ] savepack | Storing File: res://.godot/imported/marble_albedo.png-a04988573906a889d0b1e485e3065bd3.ctex
[  41% ] savepack | Storing File: res://assets/textures/marble_albedo.png.import
[  41% ] savepack | Storing File: res://.godot/imported/marble_normal.png-3a2060c6ef71851d6a53c2da47126897.ctex
[  41% ] savepack | Storing File: res://assets/textures/marble_normal.png.import
[  41% ] savepack | Storing File: res://.godot/imported/marble_rough.png-25ac31592f21771e7cd6e1f2ee8ea148.ctex
[  41% ] savepack | Storing File: res://assets/textures/marble_rough.png.import
[  41% ] savepack | Storing File: res://.godot/imported/metal_iron_albedo.png-6f6c28ba4632cfdacc6dc6a60afb1f7f.ctex
[  41% ] savepack | Storing File: res://assets/textures/metal_iron_albedo.png.import
[  41% ] savepack | Storing File: res://.godot/imported/metal_iron_normal.png-37183c93d82d6a37c3002bd12d7c54a5.ctex
[  41% ] savepack | Storing File: res://assets/textures/metal_iron_normal.png.import
[  41% ] savepack | Storing File: res://.godot/imported/metal_iron_rough.png-90afe97a097a654def089f0162d5c44d.ctex
[  41% ] savepack | Storing File: res://assets/textures/metal_iron_rough.png.import
[  41% ] savepack | Storing File: res://.godot/imported/moss_albedo.png-d9b9e0cfaee69161a4c076bd688b37d4.ctex
[  41% ] savepack | Storing File: res://assets/textures/moss_albedo.png.import
[  41% ] savepack | Storing File: res://.godot/imported/moss_normal.png-2fcdd956fcaa917362571cffde78e2a1.ctex
[  41% ] savepack | Storing File: res://assets/textures/moss_normal.png.import
[  41% ] savepack | Storing File: res://.godot/imported/moss_rough.png-c8fdef114fcc2667fa8f118155887bf8.ctex
[  41% ] savepack | Storing File: res://assets/textures/moss_rough.png.import
[  41% ] savepack | Storing File: res://.godot/imported/mud_albedo.png-e1dfb03f4175b000397d61392b0561bb.ctex
[  41% ] savepack | Storing File: res://assets/textures/mud_albedo.png.import
[  41% ] savepack | Storing File: res://.godot/imported/mud_normal.png-e94c1c523313d7b48863a9120e7ecb84.ctex
[  41% ] savepack | Storing File: res://assets/textures/mud_normal.png.import
[  41% ] savepack | Storing File: res://.godot/imported/mud_rough.png-1d85bd293eae4dfddd5bdef8237babee.ctex
[  41% ] savepack | Storing File: res://assets/textures/mud_rough.png.import
[  41% ] savepack | Storing File: res://.godot/imported/rime_ice_albedo.png-2219114fd2ab59bcdf4dbd21529290dc.ctex
[  41% ] savepack | Storing File: res://assets/textures/rime_ice_albedo.png.import
[  42% ] savepack | Storing File: res://.godot/imported/rime_ice_normal.png-3cfd23298cd39727dccc91a5afb3b1f7.ctex
[  42% ] savepack | Storing File: res://assets/textures/rime_ice_normal.png.import
[  42% ] savepack | Storing File: res://.godot/imported/rime_ice_rough.png-2a5fdf694080d1fb2dda476fd7746d6b.ctex
[  42% ] savepack | Storing File: res://assets/textures/rime_ice_rough.png.import
[  42% ] savepack | Storing File: res://.godot/imported/rock_cliff_albedo.png-5b1da5c020462f6eea945370042d9489.ctex
[  42% ] savepack | Storing File: res://assets/textures/rock_cliff_albedo.png.import
[  42% ] savepack | Storing File: res://.godot/imported/rock_cliff_normal.png-3ddffda28b09c0d9a927bbcafc5741f9.ctex
[  42% ] savepack | Storing File: res://assets/textures/rock_cliff_normal.png.import
[  42% ] savepack | Storing File: res://.godot/imported/rock_cliff_rough.png-5c890c76b1b86e756db34ed69e90ccb1.ctex
[  42% ] savepack | Storing File: res://assets/textures/rock_cliff_rough.png.import
[  42% ] savepack | Storing File: res://.godot/imported/sand_path_albedo.png-8d78a3682dcec03ea2908b75ad9fbe35.ctex
[  42% ] savepack | Storing File: res://assets/textures/sand_path_albedo.png.import
[  42% ] savepack | Storing File: res://.godot/imported/sand_path_normal.png-2cdeac79118bad196722c966f049f0b1.ctex
[  42% ] savepack | Storing File: res://assets/textures/sand_path_normal.png.import
[  42% ] savepack | Storing File: res://.godot/imported/sand_path_rough.png-6d7ae5aa78e3c32ae3cc0f8b0f547c69.ctex
[  42% ] savepack | Storing File: res://assets/textures/sand_path_rough.png.import
[  42% ] savepack | Storing File: res://.godot/imported/stone_blocks_albedo.png-1007fa3d3e84a654c71e6e51f556263a.ctex
[  42% ] savepack | Storing File: res://assets/textures/stone_blocks_albedo.png.import
[  42% ] savepack | Storing File: res://.godot/imported/stone_blocks_normal.png-a069747fd8b0fe7d193afca27f901e25.ctex
[  42% ] savepack | Storing File: res://assets/textures/stone_blocks_normal.png.import
[  42% ] savepack | Storing File: res://.godot/imported/stone_blocks_rough.png-ddda715d0dacb8dd91ad96aaea5d7cb3.ctex
[  42% ] savepack | Storing File: res://assets/textures/stone_blocks_rough.png.import
[  42% ] savepack | Storing File: res://.godot/imported/stone_floor_albedo.png-814a9cdc7616ba38ac2b5bf10b655f31.ctex
[  42% ] savepack | Storing File: res://assets/textures/stone_floor_albedo.png.import
[  42% ] savepack | Storing File: res://.godot/imported/stone_floor_normal.png-f092a328d1f48f53f2715928f9847436.ctex
[  42% ] savepack | Storing File: res://assets/textures/stone_floor_normal.png.import
[  42% ] savepack | Storing File: res://.godot/imported/stone_floor_rough.png-2d938ee56aa58f77fec786f3452664ba.ctex
[  42% ] savepack | Storing File: res://assets/textures/stone_floor_rough.png.import
[  42% ] savepack | Storing File: res://.godot/imported/thatch_albedo.png-ac9a6bfd385da2dc45525f5428e75973.ctex
[  42% ] savepack | Storing File: res://assets/textures/thatch_albedo.png.import
[  42% ] savepack | Storing File: res://.godot/imported/thatch_normal.png-4bede1f88510ed05651a7d71ad8d6f56.ctex
[  42% ] savepack | Storing File: res://assets/textures/thatch_normal.png.import
[  42% ] savepack | Storing File: res://.godot/imported/thatch_rough.png-22f7d5954f2203be02a551fa58ef0f7b.ctex
[  42% ] savepack | Storing File: res://assets/textures/thatch_rough.png.import
[  42% ] savepack | Storing File: res://.godot/imported/wood_grain_albedo.png-894458925bfe91d3314232d958044867.ctex
[  42% ] savepack | Storing File: res://assets/textures/wood_grain_albedo.png.import
[  42% ] savepack | Storing File: res://.godot/imported/wood_grain_normal.png-bd03f637c74471d49185bf161bebca1a.ctex
[  42% ] savepack | Storing File: res://assets/textures/wood_grain_normal.png.import
[  43% ] savepack | Storing File: res://.godot/imported/wood_grain_rough.png-9020780c8831e5474111679003d27e3d.ctex
[  43% ] savepack | Storing File: res://assets/textures/wood_grain_rough.png.import
[  43% ] savepack | Storing File: res://.godot/imported/wood_planks_albedo.png-b4940a71e56ddcb24b2d15be493743da.ctex
[  43% ] savepack | Storing File: res://assets/textures/wood_planks_albedo.png.import
[  43% ] savepack | Storing File: res://.godot/imported/wood_planks_normal.png-b904758e6c45e7b05d2a3e7ff34b2141.ctex
[  43% ] savepack | Storing File: res://assets/textures/wood_planks_normal.png.import
[  43% ] savepack | Storing File: res://.godot/imported/wood_planks_rough.png-c9e61e7c30b482381b413f705091d37e.ctex
[  43% ] savepack | Storing File: res://assets/textures/wood_planks_rough.png.import
[  43% ] savepack | Storing File: res://.godot/imported/atlas_mist.png-684cb3195bce8bf8633f3870622cf2bf.ctex
[  43% ] savepack | Storing File: res://assets/ui/atlas/atlas_mist.png.import
[  43% ] savepack | Storing File: res://.godot/imported/salmonan_atlas.png-8849b1eed644bbf6c83378b2affa2069.ctex
[  43% ] savepack | Storing File: res://assets/ui/atlas/salmonan_atlas.png.import
[  43% ] savepack | Storing File: res://.godot/imported/logo_emblem.svg-ef4724104c438f5912e89e2bca8ff5fb.ctex
[  43% ] savepack | Storing File: res://assets/ui/emblem/logo_emblem.svg.import
[  43% ] savepack | Storing File: res://.godot/imported/ornament_corner.svg-ac5e477f4f9683bc4af5659b373a5187.ctex
[  43% ] savepack | Storing File: res://assets/ui/emblem/ornament_corner.svg.import
[  43% ] savepack | Storing File: res://.godot/imported/ornament_divider.svg-a7ffa2368336ed1c319fe4540074b0d3.ctex
[  43% ] savepack | Storing File: res://assets/ui/emblem/ornament_divider.svg.import
[  43% ] savepack | Storing File: res://.godot/imported/button_disabled.png-31a6f44897d46c3db6e5e5d5713affd3.ctex
[  43% ] savepack | Storing File: res://assets/ui/frames/button_disabled.png.import
[  43% ] savepack | Storing File: res://.godot/imported/button_focus.png-444b6c9574c154c40d3995bae3674eb7.ctex
[  43% ] savepack | Storing File: res://assets/ui/frames/button_focus.png.import
[  43% ] savepack | Storing File: res://.godot/imported/button_hover.png-b272b39019f03378fb4bef67f5fafd73.ctex
[  43% ] savepack | Storing File: res://assets/ui/frames/button_hover.png.import
[  43% ] savepack | Storing File: res://.godot/imported/button_menu_disabled.png-bf31c7d02ef850bfd42caa51c65d5570.ctex
[  43% ] savepack | Storing File: res://assets/ui/frames/button_menu_disabled.png.import
[  43% ] savepack | Storing File: res://.godot/imported/button_menu_focus.png-c33a5902438c9f70399c1200b4fef6ad.ctex
[  43% ] savepack | Storing File: res://assets/ui/frames/button_menu_focus.png.import
[  43% ] savepack | Storing File: res://.godot/imported/button_menu_hover.png-f0a5a4e97fc9b62d84fcf38930584e90.ctex
[  43% ] savepack | Storing File: res://assets/ui/frames/button_menu_hover.png.import
[  43% ] savepack | Storing File: res://.godot/imported/button_menu_normal.png-d4ca2e4ccd1b5eae04246ef7414513ef.ctex
[  43% ] savepack | Storing File: res://assets/ui/frames/button_menu_normal.png.import
[  43% ] savepack | Storing File: res://.godot/imported/button_menu_pressed.png-64e60fd32ac8382abc9f4efc749d4d8d.ctex
[  43% ] savepack | Storing File: res://assets/ui/frames/button_menu_pressed.png.import
[  43% ] savepack | Storing File: res://.godot/imported/button_normal.png-d90aa5adea6d2e01ada91c0c2fbc9173.ctex
[  43% ] savepack | Storing File: res://assets/ui/frames/button_normal.png.import
[  44% ] savepack | Storing File: res://.godot/imported/button_pressed.png-76576702f9cbaae3dcb1ea725a2da909.ctex
[  44% ] savepack | Storing File: res://assets/ui/frames/button_pressed.png.import
[  44% ] savepack | Storing File: res://.godot/imported/button_primary_disabled.png-7207ac0d0e43b4bf095c4ac5f16e0a82.ctex
[  44% ] savepack | Storing File: res://assets/ui/frames/button_primary_disabled.png.import
[  44% ] savepack | Storing File: res://.godot/imported/button_primary_focus.png-20c3c9bd63dbb920b8dca00b4f66aa8f.ctex
[  44% ] savepack | Storing File: res://assets/ui/frames/button_primary_focus.png.import
[  44% ] savepack | Storing File: res://.godot/imported/button_primary_hover.png-f8a4f012a45c500072eb7b2d1cfce8a2.ctex
[  44% ] savepack | Storing File: res://assets/ui/frames/button_primary_hover.png.import
[  44% ] savepack | Storing File: res://.godot/imported/button_primary_normal.png-3d33d297708ab147ad03303562a8251e.ctex
[  44% ] savepack | Storing File: res://assets/ui/frames/button_primary_normal.png.import
[  44% ] savepack | Storing File: res://.godot/imported/button_primary_pressed.png-cb729a8daaae38137a18dc8e518b2395.ctex
[  44% ] savepack | Storing File: res://assets/ui/frames/button_primary_pressed.png.import
[  44% ] savepack | Storing File: res://.godot/imported/checkbox_off.png-3a292ef659938f486b95b154aa7c5ca0.ctex
[  44% ] savepack | Storing File: res://assets/ui/frames/checkbox_off.png.import
[  44% ] savepack | Storing File: res://.godot/imported/checkbox_on.png-4fe1e52198bda3a2b20e9cbe832b4caf.ctex
[  44% ] savepack | Storing File: res://assets/ui/frames/checkbox_on.png.import
[  44% ] savepack | Storing File: res://.godot/imported/close_x.png-c1ce946ce9e71998ff52407d9ac4eb79.ctex
[  44% ] savepack | Storing File: res://assets/ui/frames/close_x.png.import
[  44% ] savepack | Storing File: res://.godot/imported/close_x_hover.png-3d84ae9547e180dd40c87f1ce979a025.ctex
[  44% ] savepack | Storing File: res://assets/ui/frames/close_x_hover.png.import
[  44% ] savepack | Storing File: res://.godot/imported/dropdown_arrow.png-4c87a1fb874a598496a1617aa012fca0.ctex
[  44% ] savepack | Storing File: res://assets/ui/frames/dropdown_arrow.png.import
[  44% ] savepack | Storing File: res://.godot/imported/lineedit.png-bf54e53c6568040f46ae23e870ce413d.ctex
[  44% ] savepack | Storing File: res://assets/ui/frames/lineedit.png.import
[  44% ] savepack | Storing File: res://.godot/imported/lineedit_focus.png-52e217eebaa625b3e4dd41ea504a1718.ctex
[  44% ] savepack | Storing File: res://assets/ui/frames/lineedit_focus.png.import
[  44% ] savepack | Storing File: res://.godot/imported/panel_dialogue.png-6ff8f7a1dc1d72170eec3d8b43791b4d.ctex
[  44% ] savepack | Storing File: res://assets/ui/frames/panel_dialogue.png.import
[  44% ] savepack | Storing File: res://.godot/imported/panel_dialogue_crest.png-29d1d18100700d6b57027b85a817141e.ctex
[  44% ] savepack | Storing File: res://assets/ui/frames/panel_dialogue_crest.png.import
[  44% ] savepack | Storing File: res://.godot/imported/panel_glass.png-728f4ad7836b1f3f0c6d9758435fc483.ctex
[  44% ] savepack | Storing File: res://assets/ui/frames/panel_glass.png.import
[  44% ] savepack | Storing File: res://.godot/imported/panel_header.png-f4a25e58db37d617cf3e1bf93d597dbd.ctex
[  44% ] savepack | Storing File: res://assets/ui/frames/panel_header.png.import
[  44% ] savepack | Storing File: res://.godot/imported/panel_header_crest.png-19fb94c0b5866d9b3d9e4ca291b863ca.ctex
[  44% ] savepack | Storing File: res://assets/ui/frames/panel_header_crest.png.import
[  44% ] savepack | Storing File: res://.godot/imported/panel_inset.png-c5e0fa176a3aba9747a96dfc440bfa03.ctex
[  44% ] savepack | Storing File: res://assets/ui/frames/panel_inset.png.import
[  45% ] savepack | Storing File: res://.godot/imported/panel_main.png-58b92369a3f733c6e3e46c78e029fb34.ctex
[  45% ] savepack | Storing File: res://assets/ui/frames/panel_main.png.import
[  45% ] savepack | Storing File: res://.godot/imported/panel_tooltip.png-5df02705953b3c9eac11e1ab23667c5a.ctex
[  45% ] savepack | Storing File: res://assets/ui/frames/panel_tooltip.png.import
[  45% ] savepack | Storing File: res://.godot/imported/scroll_grabber.png-5e29deabf9a6f75ff155c95e09cd2a30.ctex
[  45% ] savepack | Storing File: res://assets/ui/frames/scroll_grabber.png.import
[  45% ] savepack | Storing File: res://.godot/imported/scroll_track.png-b0878b7b74f6e92a72d2e6d9fec31308.ctex
[  45% ] savepack | Storing File: res://assets/ui/frames/scroll_track.png.import
[  45% ] savepack | Storing File: res://.godot/imported/separator_h.png-21775bf61fb356e3c1e2c3661ab34683.ctex
[  45% ] savepack | Storing File: res://assets/ui/frames/separator_h.png.import
[  45% ] savepack | Storing File: res://.godot/imported/slider_fill.png-3792a05c439d85f7a5ca790a1046aa8a.ctex
[  45% ] savepack | Storing File: res://assets/ui/frames/slider_fill.png.import
[  45% ] savepack | Storing File: res://.godot/imported/slider_grabber.png-8b932f1b676ac46c769989b6b3e09e0e.ctex
[  45% ] savepack | Storing File: res://assets/ui/frames/slider_grabber.png.import
[  45% ] savepack | Storing File: res://.godot/imported/slider_grabber_hover.png-415e5d58f23318e2cfa27d693e930807.ctex
[  45% ] savepack | Storing File: res://assets/ui/frames/slider_grabber_hover.png.import
[  45% ] savepack | Storing File: res://.godot/imported/slider_track.png-82418136383b12951087a3a0f16ae792.ctex
[  45% ] savepack | Storing File: res://assets/ui/frames/slider_track.png.import
[  45% ] savepack | Storing File: res://.godot/imported/tab_hover.png-e9145c00fb4b1608759b04ba217b2ce4.ctex
[  45% ] savepack | Storing File: res://assets/ui/frames/tab_hover.png.import
[  45% ] savepack | Storing File: res://.godot/imported/tab_normal.png-11361ba2ef4b6acd96f6ff1e844b40ea.ctex
[  45% ] savepack | Storing File: res://assets/ui/frames/tab_normal.png.import
[  45% ] savepack | Storing File: res://.godot/imported/tab_selected.png-1a1ebff226e0fe487868a823e6e65590.ctex
[  45% ] savepack | Storing File: res://assets/ui/frames/tab_selected.png.import
[  45% ] savepack | Storing File: res://.godot/imported/lantern_banner.png-aac67e97b9e3b89d11779489308d03fb.ctex
[  45% ] savepack | Storing File: res://assets/ui/guilds/lantern_banner.png.import
[  45% ] savepack | Storing File: res://.godot/imported/lantern_banner.svg-a0078f658f12f065fb8156ee0a4e649c.ctex
[  45% ] savepack | Storing File: res://assets/ui/guilds/lantern_banner.svg.import
[  45% ] savepack | Storing File: res://.godot/imported/lantern_crest.svg-0e4eb7d4536583d6503515b9572f7ce0.ctex
[  45% ] savepack | Storing File: res://assets/ui/guilds/lantern_crest.svg.import
[  45% ] savepack | Storing File: res://.godot/imported/swordfin_banner.png-5839b065693241ae622616b44cfa30a7.ctex
[  45% ] savepack | Storing File: res://assets/ui/guilds/swordfin_banner.png.import
[  45% ] savepack | Storing File: res://.godot/imported/swordfin_banner.svg-64784e7867d19fd32816af52871ab287.ctex
[  45% ] savepack | Storing File: res://assets/ui/guilds/swordfin_banner.svg.import
[  45% ] savepack | Storing File: res://.godot/imported/swordfin_crest.svg-e992424a0bea2be07978a14f5965037a.ctex
[  45% ] savepack | Storing File: res://assets/ui/guilds/swordfin_crest.svg.import
[  45% ] savepack | Storing File: res://.godot/imported/bar_fill.png-4809b5f59d86a4d817c553607fec6b64.ctex
[  45% ] savepack | Storing File: res://assets/ui/hud/bar_fill.png.import
[  46% ] savepack | Storing File: res://.godot/imported/bar_frame_boss.png-affad145e667b246b8a194a3bb56f971.ctex
[  46% ] savepack | Storing File: res://assets/ui/hud/bar_frame_boss.png.import
[  46% ] savepack | Storing File: res://.godot/imported/bar_frame_resource.png-b4b0072599290c06f974bdec5b1a7742.ctex
[  46% ] savepack | Storing File: res://assets/ui/hud/bar_frame_resource.png.import
[  46% ] savepack | Storing File: res://.godot/imported/bar_frame_target.png-e4f6d5f68f6567ee00c8f462fb0403bf.ctex
[  46% ] savepack | Storing File: res://assets/ui/hud/bar_frame_target.png.import
[  46% ] savepack | Storing File: res://.godot/imported/bar_frame_xp.png-0955e5fda8a6a96afc9a75d5b17c43eb.ctex
[  46% ] savepack | Storing File: res://assets/ui/hud/bar_frame_xp.png.import
[  46% ] savepack | Storing File: res://.godot/imported/buff_frame.png-74c534ee52f5619657f29caa83bdfb74.ctex
[  46% ] savepack | Storing File: res://assets/ui/hud/buff_frame.png.import
[  46% ] savepack | Storing File: res://.godot/imported/cursor_attack.png-43832345a173220b6c25b488269682e8.ctex
[  46% ] savepack | Storing File: res://assets/ui/hud/cursor_attack.png.import
[  46% ] savepack | Storing File: res://.godot/imported/cursor_default.png-4167daaa1be816883e44c6625aa6bdb4.ctex
[  46% ] savepack | Storing File: res://assets/ui/hud/cursor_default.png.import
[  46% ] savepack | Storing File: res://.godot/imported/cursor_interact.png-38018f71f3f47d73fcd3429e964409a8.ctex
[  46% ] savepack | Storing File: res://assets/ui/hud/cursor_interact.png.import
[  46% ] savepack | Storing File: res://.godot/imported/cursor_talk.png-715bc99cdecc58f7ed5a108b783e5262.ctex
[  46% ] savepack | Storing File: res://assets/ui/hud/cursor_talk.png.import
[  46% ] savepack | Storing File: res://.godot/imported/debuff_frame.png-bd667d65feaebefc82ba18b5d7986ed2.ctex
[  46% ] savepack | Storing File: res://assets/ui/hud/debuff_frame.png.import
[  46% ] savepack | Storing File: res://.godot/imported/ember.png-d8250898bc42ba9b0dab9894a7064371.ctex
[  46% ] savepack | Storing File: res://assets/ui/hud/ember.png.import
[  46% ] savepack | Storing File: res://.godot/imported/loot_beam.png-342b38ede81ef8eed63b94e678c53ec4.ctex
[  46% ] savepack | Storing File: res://assets/ui/hud/loot_beam.png.import
[  46% ] savepack | Storing File: res://.godot/imported/minimap_frame.png-88cc5155b9f0a278b84e0cc989903e28.ctex
[  46% ] savepack | Storing File: res://assets/ui/hud/minimap_frame.png.import
[  46% ] savepack | Storing File: res://.godot/imported/minimap_mask.png-2731dfbcf49b3c3f6705540f0d20166d.ctex
[  46% ] savepack | Storing File: res://assets/ui/hud/minimap_mask.png.import
[  46% ] savepack | Storing File: res://.godot/imported/mote.png-f0140d30929cec206b957124024eabe5.ctex
[  46% ] savepack | Storing File: res://assets/ui/hud/mote.png.import
[  46% ] savepack | Storing File: res://.godot/imported/orb_frame_hp.png-7865d079a2becad723cb70ce6398a863.ctex
[  46% ] savepack | Storing File: res://assets/ui/hud/orb_frame_hp.png.import
[  46% ] savepack | Storing File: res://.godot/imported/orb_frame_mana.png-4223f90593f60b79edde21f450a93dd4.ctex
[  46% ] savepack | Storing File: res://assets/ui/hud/orb_frame_mana.png.import
[  46% ] savepack | Storing File: res://.godot/imported/orb_glass.png-5b3bd561a87992d71de13def38e6c84f.ctex
[  46% ] savepack | Storing File: res://assets/ui/hud/orb_glass.png.import
[  47% ] savepack | Storing File: res://.godot/imported/orb_liquid_noise.png-4cc5c1d707c1a522a4cc4ad9257952e8.ctex
[  47% ] savepack | Storing File: res://assets/ui/hud/orb_liquid_noise.png.import
[  47% ] savepack | Storing File: res://.godot/imported/pip_empty.png-fbde08f944920e822109ba38f9b6eac4.ctex
[  47% ] savepack | Storing File: res://assets/ui/hud/pip_empty.png.import
[  47% ] savepack | Storing File: res://.godot/imported/pip_full.png-7708c452df7733bf56335ee2d05ba887.ctex
[  47% ] savepack | Storing File: res://assets/ui/hud/pip_full.png.import
[  47% ] savepack | Storing File: res://.godot/imported/spark.png-7efaeda7f1d0524d9c281f0502f2c5af.ctex
[  47% ] savepack | Storing File: res://assets/ui/hud/spark.png.import
[  47% ] savepack | Storing File: res://.godot/imported/vignette_dark.png-f5bf42ee9798017d18b32f8f295d6e46.ctex
[  47% ] savepack | Storing File: res://assets/ui/hud/vignette_dark.png.import
[  47% ] savepack | Storing File: res://.godot/imported/vignette_lowhp.png-19f4b6588a83013cc789c7cc2f9e2f84.ctex
[  47% ] savepack | Storing File: res://assets/ui/hud/vignette_lowhp.png.import
[  47% ] savepack | Storing File: res://.godot/imported/agility.svg-22d65ebc9fe65dc94b6c4362a998366c.ctex
[  47% ] savepack | Storing File: res://assets/ui/icons/attributes/agility.svg.import
[  47% ] savepack | Storing File: res://.godot/imported/dexterity.svg-57aafc548b33aca6a8f571c6156c279c.ctex
[  47% ] savepack | Storing File: res://assets/ui/icons/attributes/dexterity.svg.import
[  47% ] savepack | Storing File: res://.godot/imported/intelligence.svg-634ec03f47dd80318f58a5a1306bb4f5.ctex
[  47% ] savepack | Storing File: res://assets/ui/icons/attributes/intelligence.svg.import
[  47% ] savepack | Storing File: res://.godot/imported/spirit.svg-2c93e46bee4c3af8f861376d86e5d851.ctex
[  47% ] savepack | Storing File: res://assets/ui/icons/attributes/spirit.svg.import
[  47% ] savepack | Storing File: res://.godot/imported/strength.svg-b1596a884977e7bd787849baebb81b29.ctex
[  47% ] savepack | Storing File: res://assets/ui/icons/attributes/strength.svg.import
[  47% ] savepack | Storing File: res://.godot/imported/wisdom.svg-f3cbd067bc94755f1bca67b973cd1e4e.ctex
[  47% ] savepack | Storing File: res://assets/ui/icons/attributes/wisdom.svg.import
[  47% ] savepack | Storing File: res://.godot/imported/knight.svg-d5f401e0db33ef26a4d63a0ffaf6f086.ctex
[  47% ] savepack | Storing File: res://assets/ui/icons/classes/knight.svg.import
[  47% ] savepack | Storing File: res://.godot/imported/mage.svg-72d88062d6df880f01c62e3aae3150e2.ctex
[  47% ] savepack | Storing File: res://assets/ui/icons/classes/mage.svg.import
[  47% ] savepack | Storing File: res://.godot/imported/ranger.svg-30d3987be929277c7aee53634e9f7806.ctex
[  47% ] savepack | Storing File: res://assets/ui/icons/classes/ranger.svg.import
[  47% ] savepack | Storing File: res://.godot/imported/shadowblade.svg-39ccae4f3cf59a0abbb0c502250a0d90.ctex
[  47% ] savepack | Storing File: res://assets/ui/icons/classes/shadowblade.svg.import
[  47% ] savepack | Storing File: res://.godot/imported/tempo_archer.svg-810bdbfa2c92071b3c58b3e13d3665bb.ctex
[  47% ] savepack | Storing File: res://assets/ui/icons/classes/tempo_archer.svg.import
[  47% ] savepack | Storing File: res://.godot/imported/tempo_mystic.svg-28a11bd453c2dd00ee779e65fbd9ebc8.ctex
[  47% ] savepack | Storing File: res://assets/ui/icons/classes/tempo_mystic.svg.import
[  47% ] savepack | Storing File: res://.godot/imported/tempo_swordsman.svg-9a31aff4885e9c19dbea0029e2336876.ctex
[  47% ] savepack | Storing File: res://assets/ui/icons/classes/tempo_swordsman.svg.import
[  48% ] savepack | Storing File: res://.godot/imported/tempo_thief.svg-e27dcccddb3c965defe90ab61ee6ddfd.ctex
[  48% ] savepack | Storing File: res://assets/ui/icons/classes/tempo_thief.svg.import
[  48% ] savepack | Storing File: res://.godot/imported/tempo_warden.svg-128ac51f6e0d3a9d5ae14707b110e879.ctex
[  48% ] savepack | Storing File: res://assets/ui/icons/classes/tempo_warden.svg.import
[  48% ] savepack | Storing File: res://.godot/imported/aetherift_crystalline.png-3d8b01a7c2412fc5cd3ee8d3b3644c87.ctex
[  48% ] savepack | Storing File: res://assets/ui/icons/crystals/aetherift_crystalline.png.import
[  48% ] savepack | Storing File: res://.godot/imported/aetherift_fragment.png-52cd8afafc0ac84356867f745393be1b.ctex
[  48% ] savepack | Storing File: res://assets/ui/icons/crystals/aetherift_fragment.png.import
[  48% ] savepack | Storing File: res://.godot/imported/aetherift_orbital.png-9799ca068e6c8c58feb7813f870e4d65.ctex
[  48% ] savepack | Storing File: res://assets/ui/icons/crystals/aetherift_orbital.png.import
[  48% ] savepack | Storing File: res://.godot/imported/aetherift_shard.png-29c3080351365cfca7205fea41a347f3.ctex
[  48% ] savepack | Storing File: res://assets/ui/icons/crystals/aetherift_shard.png.import
[  48% ] savepack | Storing File: res://.godot/imported/aqua_crystalline.png-6a47ff7926d7e45ce3d18edd89980959.ctex
[  48% ] savepack | Storing File: res://assets/ui/icons/crystals/aqua_crystalline.png.import
[  48% ] savepack | Storing File: res://.godot/imported/aqua_fragment.png-13326b4eadd183239f16ca3c0faaaecd.ctex
[  48% ] savepack | Storing File: res://assets/ui/icons/crystals/aqua_fragment.png.import
[  48% ] savepack | Storing File: res://.godot/imported/aqua_orbital.png-faa05490c8a226be4e23ddb1ec6ae44a.ctex
[  48% ] savepack | Storing File: res://assets/ui/icons/crystals/aqua_orbital.png.import
[  48% ] savepack | Storing File: res://.godot/imported/aqua_shard.png-40db969efa794792b3e81c0e5ce88c86.ctex
[  48% ] savepack | Storing File: res://assets/ui/icons/crystals/aqua_shard.png.import
[  48% ] savepack | Storing File: res://.godot/imported/bloodrift_crystalline.png-30270da8bd6a37a4d52a2ba823f809ab.ctex
[  48% ] savepack | Storing File: res://assets/ui/icons/crystals/bloodrift_crystalline.png.import
[  48% ] savepack | Storing File: res://.godot/imported/bloodrift_fragment.png-7ae302883a29c325aa21321a1e281870.ctex
[  48% ] savepack | Storing File: res://assets/ui/icons/crystals/bloodrift_fragment.png.import
[  48% ] savepack | Storing File: res://.godot/imported/bloodrift_orbital.png-933ce6814fe3e0d73311ff21a913424a.ctex
[  48% ] savepack | Storing File: res://assets/ui/icons/crystals/bloodrift_orbital.png.import
[  48% ] savepack | Storing File: res://.godot/imported/bloodrift_shard.png-cef92ba32bff85bd7af45f3013bc3e1a.ctex
[  48% ] savepack | Storing File: res://assets/ui/icons/crystals/bloodrift_shard.png.import
[  48% ] savepack | Storing File: res://.godot/imported/ember_crystalline.png-719713d22511520f89e49688477e1c39.ctex
[  48% ] savepack | Storing File: res://assets/ui/icons/crystals/ember_crystalline.png.import
[  48% ] savepack | Storing File: res://.godot/imported/ember_fragment.png-c221425bd53993f05740fbd366768800.ctex
[  48% ] savepack | Storing File: res://assets/ui/icons/crystals/ember_fragment.png.import
[  48% ] savepack | Storing File: res://.godot/imported/ember_orbital.png-73f16cecdb138c770dc348405163ef36.ctex
[  48% ] savepack | Storing File: res://assets/ui/icons/crystals/ember_orbital.png.import
[  48% ] savepack | Storing File: res://.godot/imported/ember_shard.png-ec476cd6fe103a7e18ce69acf5bd84a4.ctex
[  48% ] savepack | Storing File: res://assets/ui/icons/crystals/ember_shard.png.import
[  49% ] savepack | Storing File: res://.godot/imported/essencerift_crystalline.png-0571f371099c0f19e5722d73f1187b08.ctex
[  49% ] savepack | Storing File: res://assets/ui/icons/crystals/essencerift_crystalline.png.import
[  49% ] savepack | Storing File: res://.godot/imported/essencerift_fragment.png-6098bd2e8a3e2550fbb5587d9a9ff6bf.ctex
[  49% ] savepack | Storing File: res://assets/ui/icons/crystals/essencerift_fragment.png.import
[  49% ] savepack | Storing File: res://.godot/imported/essencerift_orbital.png-f16882aa1d610ca4e49391af2fcff0cf.ctex
[  49% ] savepack | Storing File: res://assets/ui/icons/crystals/essencerift_orbital.png.import
[  49% ] savepack | Storing File: res://.godot/imported/essencerift_shard.png-9fb0c3fc98e8d0bc85bdea6efc86c22f.ctex
[  49% ] savepack | Storing File: res://assets/ui/icons/crystals/essencerift_shard.png.import
[  49% ] savepack | Storing File: res://.godot/imported/nova_crystalline.png-34461e77d00b9d3ab105788de6c6936c.ctex
[  49% ] savepack | Storing File: res://assets/ui/icons/crystals/nova_crystalline.png.import
[  49% ] savepack | Storing File: res://.godot/imported/nova_fragment.png-f3ba4a80468e156a5e39b48c8905d177.ctex
[  49% ] savepack | Storing File: res://assets/ui/icons/crystals/nova_fragment.png.import
[  49% ] savepack | Storing File: res://.godot/imported/nova_orbital.png-e3ddd41355891962d58384acaaf52bc1.ctex
[  49% ] savepack | Storing File: res://assets/ui/icons/crystals/nova_orbital.png.import
[  49% ] savepack | Storing File: res://.godot/imported/nova_shard.png-02bf73b6caa9eed1d1c47ec0e26dbd5f.ctex
[  49% ] savepack | Storing File: res://assets/ui/icons/crystals/nova_shard.png.import
[  49% ] savepack | Storing File: res://.godot/imported/thundra_crystalline.png-9c6c2641af1e6ec40b9ba0b35f55fc4c.ctex
[  49% ] savepack | Storing File: res://assets/ui/icons/crystals/thundra_crystalline.png.import
[  49% ] savepack | Storing File: res://.godot/imported/thundra_fragment.png-5af565f1157ca252d81c74be7cee583b.ctex
[  49% ] savepack | Storing File: res://assets/ui/icons/crystals/thundra_fragment.png.import
[  49% ] savepack | Storing File: res://.godot/imported/thundra_orbital.png-f9714700a895aa006f1f1d193f1bdd03.ctex
[  49% ] savepack | Storing File: res://assets/ui/icons/crystals/thundra_orbital.png.import
[  49% ] savepack | Storing File: res://.godot/imported/thundra_shard.png-a63799ada20a526ffaee2a37072dc54f.ctex
[  49% ] savepack | Storing File: res://assets/ui/icons/crystals/thundra_shard.png.import
[  49% ] savepack | Storing File: res://.godot/imported/vipera_crystalline.png-a27ea876a2c35ad10f3c4b55a20b72a0.ctex
[  49% ] savepack | Storing File: res://assets/ui/icons/crystals/vipera_crystalline.png.import
[  49% ] savepack | Storing File: res://.godot/imported/vipera_fragment.png-4b20ceb95a16c6f0e2aa95d7c8fd8d1c.ctex
[  49% ] savepack | Storing File: res://assets/ui/icons/crystals/vipera_fragment.png.import
[  49% ] savepack | Storing File: res://.godot/imported/vipera_orbital.png-05ba83ce0c1b1843b9958e125fce55aa.ctex
[  49% ] savepack | Storing File: res://assets/ui/icons/crystals/vipera_orbital.png.import
[  49% ] savepack | Storing File: res://.godot/imported/vipera_shard.png-afd84d14ca9803d804afcb3fde2557e4.ctex
[  49% ] savepack | Storing File: res://assets/ui/icons/crystals/vipera_shard.png.import
[  49% ] savepack | Storing File: res://.godot/imported/dark.svg-0ba02fc5a7547d359f45c349c897b3dc.ctex
[  49% ] savepack | Storing File: res://assets/ui/icons/elements/dark.svg.import
[  49% ] savepack | Storing File: res://.godot/imported/earth.svg-02eb883a6d91f523a2e0719ae86fe191.ctex
[  49% ] savepack | Storing File: res://assets/ui/icons/elements/earth.svg.import
[  49% ] savepack | Storing File: res://.godot/imported/fire.svg-c180c39f702fe75e7ede4ebd4ead2874.ctex
[  49% ] savepack | Storing File: res://assets/ui/icons/elements/fire.svg.import
[  50% ] savepack | Storing File: res://.godot/imported/ice.svg-17afd5ed1b9f6e7c04e16400afc54f07.ctex
[  50% ] savepack | Storing File: res://assets/ui/icons/elements/ice.svg.import
[  50% ] savepack | Storing File: res://.godot/imported/light.svg-4c8e60d1c365d7e1f39dcadb16b8276f.ctex
[  50% ] savepack | Storing File: res://assets/ui/icons/elements/light.svg.import
[  50% ] savepack | Storing File: res://.godot/imported/lightning.svg-8b04c912c993d18529a791e7abc9269d.ctex
[  50% ] savepack | Storing File: res://assets/ui/icons/elements/lightning.svg.import
[  50% ] savepack | Storing File: res://.godot/imported/physical.svg-60b6f92d87bf88bc933e9371d9663646.ctex
[  50% ] savepack | Storing File: res://assets/ui/icons/elements/physical.svg.import
[  50% ] savepack | Storing File: res://.godot/imported/water.svg-32e2be3a562cc036be389b5f647d9e17.ctex
[  50% ] savepack | Storing File: res://assets/ui/icons/elements/water.svg.import
[  50% ] savepack | Storing File: res://.godot/imported/wind.svg-d0de4dd5095a067c176b3b058195d4be.ctex
[  50% ] savepack | Storing File: res://assets/ui/icons/elements/wind.svg.import
[  50% ] savepack | Storing File: res://.godot/imported/aether_amulet.svg-5f22a99d667196fd6ce7ccd53413560c.ctex
[  50% ] savepack | Storing File: res://assets/ui/icons/items/aether_amulet.svg.import
[  50% ] savepack | Storing File: res://.godot/imported/aether_greatsword.svg-93bf7f64f9123cd6bf8fed0e5b985c82.ctex
[  50% ] savepack | Storing File: res://assets/ui/icons/items/aether_greatsword.svg.import
[  50% ] savepack | Storing File: res://.godot/imported/aether_ring.svg-8c4ee905f462c7e59603b4646938f3a7.ctex
[  50% ] savepack | Storing File: res://assets/ui/icons/items/aether_ring.svg.import
[  50% ] savepack | Storing File: res://.godot/imported/aether_shard.svg-8cf3f71b98c72d11896208df77a3548b.ctex
[  50% ] savepack | Storing File: res://assets/ui/icons/items/aether_shard.svg.import
[  50% ] savepack | Storing File: res://.godot/imported/aether_staff.svg-be48eb948d758a6b7dc0816be27a035e.ctex
[  50% ] savepack | Storing File: res://assets/ui/icons/items/aether_staff.svg.import
[  50% ] savepack | Storing File: res://.godot/imported/aether_sword.svg-bc261a96b796b08bbf8e404c0c0bca98.ctex
[  50% ] savepack | Storing File: res://assets/ui/icons/items/aether_sword.svg.import
[  50% ] savepack | Storing File: res://.godot/imported/aether_wand.svg-c9069f6a0b743ae18f48a0ed113cca44.ctex
[  50% ] savepack | Storing File: res://assets/ui/icons/items/aether_wand.svg.import
[  50% ] savepack | Storing File: res://.godot/imported/amulet.svg-858a42a34aa5b9d50fd92d73bed037f8.ctex
[  50% ] savepack | Storing File: res://assets/ui/icons/items/amulet.svg.import
[  50% ] savepack | Storing File: res://.godot/imported/amulet_2.svg-2a796f6da258a91d88220abd00799f4d.ctex
[  50% ] savepack | Storing File: res://assets/ui/icons/items/amulet_2.svg.import
[  50% ] savepack | Storing File: res://.godot/imported/amulet_3.svg-2805ea7fb632fe9865b7c4a2db6ea13e.ctex
[  50% ] savepack | Storing File: res://assets/ui/icons/items/amulet_3.svg.import
[  50% ] savepack | Storing File: res://.godot/imported/antidote.svg-967226de058e131717615dfd810ffafb.ctex
[  50% ] savepack | Storing File: res://assets/ui/icons/items/antidote.svg.import
[  50% ] savepack | Storing File: res://.godot/imported/armor_plate.svg-779ceae128e33d5ed11f84b735b94ddd.ctex
[  50% ] savepack | Storing File: res://assets/ui/icons/items/armor_plate.svg.import
[  50% ] savepack | Storing File: res://.godot/imported/armor_plate_2.svg-65259d2de92223d45fc4ad33e4dd4546.ctex
[  50% ] savepack | Storing File: res://assets/ui/icons/items/armor_plate_2.svg.import
[  51% ] savepack | Storing File: res://.godot/imported/armor_plate_3.svg-af6e053ad62d1e1ff199c1aa83245ade.ctex
[  51% ] savepack | Storing File: res://assets/ui/icons/items/armor_plate_3.svg.import
[  51% ] savepack | Storing File: res://.godot/imported/armor_robe.svg-34b81d865200112973bd46a562d49efc.ctex
[  51% ] savepack | Storing File: res://assets/ui/icons/items/armor_robe.svg.import
[  51% ] savepack | Storing File: res://.godot/imported/armor_robe_2.svg-29772e0b510120f5baf34e914deaad0c.ctex
[  51% ] savepack | Storing File: res://assets/ui/icons/items/armor_robe_2.svg.import
[  51% ] savepack | Storing File: res://.godot/imported/armor_robe_3.svg-33c3e0f139184558ad3b63c70cacbcaf.ctex
[  51% ] savepack | Storing File: res://assets/ui/icons/items/armor_robe_3.svg.import
[  51% ] savepack | Storing File: res://.godot/imported/axe.svg-b752147a5389e51340cd8024eac61c6c.ctex
[  51% ] savepack | Storing File: res://assets/ui/icons/items/axe.svg.import
[  51% ] savepack | Storing File: res://.godot/imported/axe_2.svg-1ca763ac31f9fbebacfddf57a83a7448.ctex
[  51% ] savepack | Storing File: res://assets/ui/icons/items/axe_2.svg.import
[  51% ] savepack | Storing File: res://.godot/imported/axe_3.svg-a9b0f97e659295c5bf4fde5c4f85cd78.ctex
[  51% ] savepack | Storing File: res://assets/ui/icons/items/axe_3.svg.import
[  51% ] savepack | Storing File: res://.godot/imported/beast_hide.svg-4a11c05b1408d6d5afafd52c94cfdbb7.ctex
[  51% ] savepack | Storing File: res://assets/ui/icons/items/beast_hide.svg.import
[  51% ] savepack | Storing File: res://.godot/imported/boots_cloth.svg-db1034a001101f313bb83c07f0dc505d.ctex
[  51% ] savepack | Storing File: res://assets/ui/icons/items/boots_cloth.svg.import
[  51% ] savepack | Storing File: res://.godot/imported/boots_cloth_2.svg-f3b0e9fb83e536390fb2681f29901152.ctex
[  51% ] savepack | Storing File: res://assets/ui/icons/items/boots_cloth_2.svg.import
[  51% ] savepack | Storing File: res://.godot/imported/boots_plate.svg-e0847c8721efed05a782588c7ef8cda8.ctex
[  51% ] savepack | Storing File: res://assets/ui/icons/items/boots_plate.svg.import
[  51% ] savepack | Storing File: res://.godot/imported/boots_plate_2.svg-30cda4b9fbc9697b0e419e1b69ff2919.ctex
[  51% ] savepack | Storing File: res://assets/ui/icons/items/boots_plate_2.svg.import
[  51% ] savepack | Storing File: res://.godot/imported/bow.svg-af995882fc5c37ef0e501374d5cfa3b4.ctex
[  51% ] savepack | Storing File: res://assets/ui/icons/items/bow.svg.import
[  51% ] savepack | Storing File: res://.godot/imported/bow_2.svg-07110efc87a5e2fa9fc788c2b2038261.ctex
[  51% ] savepack | Storing File: res://assets/ui/icons/items/bow_2.svg.import
[  51% ] savepack | Storing File: res://.godot/imported/bow_3.svg-564c9304de8f1e067923af39dd18d8b5.ctex
[  51% ] savepack | Storing File: res://assets/ui/icons/items/bow_3.svg.import
[  51% ] savepack | Storing File: res://.godot/imported/charm.svg-a0acc1181f7957ef10a8c24f70d46b82.ctex
[  51% ] savepack | Storing File: res://assets/ui/icons/items/charm.svg.import
[  51% ] savepack | Storing File: res://.godot/imported/charm_2.svg-4cbadc9390b171b16dfdb35a09429082.ctex
[  51% ] savepack | Storing File: res://assets/ui/icons/items/charm_2.svg.import
[  51% ] savepack | Storing File: res://.godot/imported/dagger.svg-4d9cd855e533df341aeb4ba2c159a024.ctex
[  51% ] savepack | Storing File: res://assets/ui/icons/items/dagger.svg.import
[  52% ] savepack | Storing File: res://.godot/imported/dagger_2.svg-1ba0db8bcc6bf5aee69b985ec15bfb5c.ctex
[  52% ] savepack | Storing File: res://assets/ui/icons/items/dagger_2.svg.import
[  52% ] savepack | Storing File: res://.godot/imported/dagger_3.svg-c89c0400eb43bd1b2387107725704c11.ctex
[  52% ] savepack | Storing File: res://assets/ui/icons/items/dagger_3.svg.import
[  52% ] savepack | Storing File: res://.godot/imported/elixir_rejuvenation.svg-ac078017ed6384769b72977cc1518116.ctex
[  52% ] savepack | Storing File: res://assets/ui/icons/items/elixir_rejuvenation.svg.import
[  52% ] savepack | Storing File: res://.godot/imported/frost_crystal.svg-1782692e42be118de413f7efc5dbd0f7.ctex
[  52% ] savepack | Storing File: res://assets/ui/icons/items/frost_crystal.svg.import
[  52% ] savepack | Storing File: res://.godot/imported/gloves_cloth.svg-b94e240d284d8bed90ebb160f3dffcf4.ctex
[  52% ] savepack | Storing File: res://assets/ui/icons/items/gloves_cloth.svg.import
[  52% ] savepack | Storing File: res://.godot/imported/gloves_cloth_2.svg-7dfe0f66766a8c5e9cbf8697483cb9eb.ctex
[  52% ] savepack | Storing File: res://assets/ui/icons/items/gloves_cloth_2.svg.import
[  52% ] savepack | Storing File: res://.godot/imported/gloves_plate.svg-ce1e0c01f3f397e857aeeedf709d3cb3.ctex
[  52% ] savepack | Storing File: res://assets/ui/icons/items/gloves_plate.svg.import
[  52% ] savepack | Storing File: res://.godot/imported/gloves_plate_2.svg-60cedcb89ebd123a6889f14d446990a3.ctex
[  52% ] savepack | Storing File: res://assets/ui/icons/items/gloves_plate_2.svg.import
[  52% ] savepack | Storing File: res://.godot/imported/gold.svg-626f06ab9536f6efb4ed825061ff5e0d.ctex
[  52% ] savepack | Storing File: res://assets/ui/icons/items/gold.svg.import
[  52% ] savepack | Storing File: res://.godot/imported/greatsword.svg-d4b169398e1d74fb21507ba8da71542d.ctex
[  52% ] savepack | Storing File: res://assets/ui/icons/items/greatsword.svg.import
[  52% ] savepack | Storing File: res://.godot/imported/greatsword_2.svg-ff5bff6c991aa02f29d3e77256e85eab.ctex
[  52% ] savepack | Storing File: res://assets/ui/icons/items/greatsword_2.svg.import
[  52% ] savepack | Storing File: res://.godot/imported/greatsword_3.svg-ed112e97efb0e2eb0e64351d200700d9.ctex
[  52% ] savepack | Storing File: res://assets/ui/icons/items/greatsword_3.svg.import
[  52% ] savepack | Storing File: res://.godot/imported/helm_hood.svg-361c0d59811a44ba7393c37731904ae6.ctex
[  52% ] savepack | Storing File: res://assets/ui/icons/items/helm_hood.svg.import
[  52% ] savepack | Storing File: res://.godot/imported/helm_hood_2.svg-f9bdf6f61c83e67c675ad79e1f992a4b.ctex
[  52% ] savepack | Storing File: res://assets/ui/icons/items/helm_hood_2.svg.import
[  52% ] savepack | Storing File: res://.godot/imported/helm_hood_3.svg-f0e0ec662b4bdf51d5481018a1cd0d72.ctex
[  52% ] savepack | Storing File: res://assets/ui/icons/items/helm_hood_3.svg.import
[  52% ] savepack | Storing File: res://.godot/imported/helm_plate.svg-c7c423ff8e500864a3583e271ae73bb9.ctex
[  52% ] savepack | Storing File: res://assets/ui/icons/items/helm_plate.svg.import
[  52% ] savepack | Storing File: res://.godot/imported/helm_plate_2.svg-846a1ff5e6998743c06a8a11bbd4dfca.ctex
[  52% ] savepack | Storing File: res://assets/ui/icons/items/helm_plate_2.svg.import
[  52% ] savepack | Storing File: res://.godot/imported/helm_plate_3.svg-982e36a2af23e97b733b230cd2ff5247.ctex
[  52% ] savepack | Storing File: res://assets/ui/icons/items/helm_plate_3.svg.import
[  52% ] savepack | Storing File: res://.godot/imported/inner_chain.svg-9bb82eecec52b92a6036ace5efb83617.ctex
[  52% ] savepack | Storing File: res://assets/ui/icons/items/inner_chain.svg.import
[  53% ] savepack | Storing File: res://.godot/imported/inner_garment.svg-86b13e9941c137de61fed4b399dedcd0.ctex
[  53% ] savepack | Storing File: res://assets/ui/icons/items/inner_garment.svg.import
[  53% ] savepack | Storing File: res://.godot/imported/inner_silk.svg-423c2e2c77456383dd1fae50fcd9c7c3.ctex
[  53% ] savepack | Storing File: res://assets/ui/icons/items/inner_silk.svg.import
[  53% ] savepack | Storing File: res://.godot/imported/mat_arcane_dust.svg-f802bc94397acc1ef5b547c82cbd6e70.ctex
[  53% ] savepack | Storing File: res://assets/ui/icons/items/mat_arcane_dust.svg.import
[  53% ] savepack | Storing File: res://.godot/imported/mat_bone_fragment.svg-c711cbeb4e2ebdcee8e56166f73a5bba.ctex
[  53% ] savepack | Storing File: res://assets/ui/icons/items/mat_bone_fragment.svg.import
[  53% ] savepack | Storing File: res://.godot/imported/mat_ember_core.svg-53c361fdec332c3479eaf1f0f187b617.ctex
[  53% ] savepack | Storing File: res://assets/ui/icons/items/mat_ember_core.svg.import
[  53% ] savepack | Storing File: res://.godot/imported/mat_iron_shard.svg-2bd425e2e568eea83b3b5f4ce516439c.ctex
[  53% ] savepack | Storing File: res://assets/ui/icons/items/mat_iron_shard.svg.import
[  53% ] savepack | Storing File: res://.godot/imported/potion_health.svg-f70a066ae36f6609e600c9ac7fe2a662.ctex
[  53% ] savepack | Storing File: res://assets/ui/icons/items/potion_health.svg.import
[  53% ] savepack | Storing File: res://.godot/imported/potion_health_large.svg-42f2467ce59a5eb392f595ea3273801e.ctex
[  53% ] savepack | Storing File: res://assets/ui/icons/items/potion_health_large.svg.import
[  53% ] savepack | Storing File: res://.godot/imported/potion_mana.svg-956900f6529ffe86a5538486b6162521.ctex
[  53% ] savepack | Storing File: res://assets/ui/icons/items/potion_mana.svg.import
[  53% ] savepack | Storing File: res://.godot/imported/potion_mana_large.svg-59c97660e6bd98ab27a77c8d66dc447b.ctex
[  53% ] savepack | Storing File: res://assets/ui/icons/items/potion_mana_large.svg.import
[  53% ] savepack | Storing File: res://.godot/imported/quest_chain_seal.svg-a21166207520513e29f340190acc21f5.ctex
[  53% ] savepack | Storing File: res://assets/ui/icons/items/quest_chain_seal.svg.import
[  53% ] savepack | Storing File: res://.godot/imported/quest_crown_fragment.svg-5bdc54f04b044d39902373b7473c7a43.ctex
[  53% ] savepack | Storing File: res://assets/ui/icons/items/quest_crown_fragment.svg.import
[  53% ] savepack | Storing File: res://.godot/imported/quest_lance_shard.svg-21f829317c7b32d9e1ca05b6bd530699.ctex
[  53% ] savepack | Storing File: res://assets/ui/icons/items/quest_lance_shard.svg.import
[  53% ] savepack | Storing File: res://.godot/imported/quest_letter.svg-d9f36347edef9f2454512d622148a2a3.ctex
[  53% ] savepack | Storing File: res://assets/ui/icons/items/quest_letter.svg.import
[  53% ] savepack | Storing File: res://.godot/imported/quest_seal_key.svg-c21e06c2c9040b745137caff8f813348.ctex
[  53% ] savepack | Storing File: res://assets/ui/icons/items/quest_seal_key.svg.import
[  53% ] savepack | Storing File: res://.godot/imported/quest_tablet.svg-5bc1525c424da163a75ad8f57e6afcdc.ctex
[  53% ] savepack | Storing File: res://assets/ui/icons/items/quest_tablet.svg.import
[  53% ] savepack | Storing File: res://.godot/imported/ring.svg-7b8c942641b9bb3771f6e52da9aa2e9a.ctex
[  53% ] savepack | Storing File: res://assets/ui/icons/items/ring.svg.import
[  53% ] savepack | Storing File: res://.godot/imported/ring_2.svg-6dc78869c75499f94eecd71b02bd5d9c.ctex
[  53% ] savepack | Storing File: res://assets/ui/icons/items/ring_2.svg.import
[  54% ] savepack | Storing File: res://.godot/imported/ring_3.svg-8d6998225d72f9bba80d424e8c0f5ead.ctex
[  54% ] savepack | Storing File: res://assets/ui/icons/items/ring_3.svg.import
[  54% ] savepack | Storing File: res://.godot/imported/scroll_return.svg-140c4a3809adaca3ddc6ee44de33adad.ctex
[  54% ] savepack | Storing File: res://assets/ui/icons/items/scroll_return.svg.import
[  54% ] savepack | Storing File: res://.godot/imported/set_guardian_armor.svg-805c2334f841acda1f3c01c8de064b95.ctex
[  54% ] savepack | Storing File: res://assets/ui/icons/items/set_guardian_armor.svg.import
[  54% ] savepack | Storing File: res://.godot/imported/set_guardian_boots.svg-3a77241d6fe0916251d642c65975a313.ctex
[  54% ] savepack | Storing File: res://assets/ui/icons/items/set_guardian_boots.svg.import
[  54% ] savepack | Storing File: res://.godot/imported/set_guardian_gloves.svg-826869806e67f41c7ee735d59f83af31.ctex
[  54% ] savepack | Storing File: res://assets/ui/icons/items/set_guardian_gloves.svg.import
[  54% ] savepack | Storing File: res://.godot/imported/set_guardian_helm.svg-efe33f379c1b9522ae5faec35b1a4bff.ctex
[  54% ] savepack | Storing File: res://assets/ui/icons/items/set_guardian_helm.svg.import
[  54% ] savepack | Storing File: res://.godot/imported/set_guardian_shield.svg-db4ee5937be94bcf82355856f97c621d.ctex
[  54% ] savepack | Storing File: res://assets/ui/icons/items/set_guardian_shield.svg.import
[  54% ] savepack | Storing File: res://.godot/imported/set_sage_boots.svg-11460720c595a07636a1034f33106914.ctex
[  54% ] savepack | Storing File: res://assets/ui/icons/items/set_sage_boots.svg.import
[  54% ] savepack | Storing File: res://.godot/imported/set_sage_gloves.svg-63403ddaf340f077cb7d7062d1e2e2f0.ctex
[  54% ] savepack | Storing File: res://assets/ui/icons/items/set_sage_gloves.svg.import
[  54% ] savepack | Storing File: res://.godot/imported/set_sage_hood.svg-c38515cec263c1a36d1108f2c347f7a5.ctex
[  54% ] savepack | Storing File: res://assets/ui/icons/items/set_sage_hood.svg.import
[  54% ] savepack | Storing File: res://.godot/imported/set_sage_robe.svg-addc16b350ac51ca9aaf3cd6fb7c2dfc.ctex
[  54% ] savepack | Storing File: res://assets/ui/icons/items/set_sage_robe.svg.import
[  54% ] savepack | Storing File: res://.godot/imported/set_sage_staff.svg-2eec372f05d13280d3fc95ebe69d6999.ctex
[  54% ] savepack | Storing File: res://assets/ui/icons/items/set_sage_staff.svg.import
[  54% ] savepack | Storing File: res://.godot/imported/shadow_silk.svg-21b282ff9ba84ee25d1877491f7ca1dc.ctex
[  54% ] savepack | Storing File: res://assets/ui/icons/items/shadow_silk.svg.import
[  54% ] savepack | Storing File: res://.godot/imported/shield.svg-d4628c302a4979d72b97bc255fdcb7d4.ctex
[  54% ] savepack | Storing File: res://assets/ui/icons/items/shield.svg.import
[  54% ] savepack | Storing File: res://.godot/imported/shield_2.svg-720d2b989befdbb42ac9a69572b4128f.ctex
[  54% ] savepack | Storing File: res://assets/ui/icons/items/shield_2.svg.import
[  54% ] savepack | Storing File: res://.godot/imported/shield_3.svg-960d7aa34d278cb9330f84fe005fa552.ctex
[  54% ] savepack | Storing File: res://assets/ui/icons/items/shield_3.svg.import
[  54% ] savepack | Storing File: res://.godot/imported/spear.svg-cb4c69bb06cda28747aca4464e1ca1bb.ctex
[  54% ] savepack | Storing File: res://assets/ui/icons/items/spear.svg.import
[  54% ] savepack | Storing File: res://.godot/imported/spear_2.svg-ef9f991ab8db1e2ea07d55e85c7966d3.ctex
[  54% ] savepack | Storing File: res://assets/ui/icons/items/spear_2.svg.import
[  54% ] savepack | Storing File: res://.godot/imported/spear_3.svg-49b9135636774d4dc5875addcc007053.ctex
[  54% ] savepack | Storing File: res://assets/ui/icons/items/spear_3.svg.import
[  55% ] savepack | Storing File: res://.godot/imported/staff.svg-5a29af1b712d76aba4b5bb82b048298d.ctex
[  55% ] savepack | Storing File: res://assets/ui/icons/items/staff.svg.import
[  55% ] savepack | Storing File: res://.godot/imported/staff_2.svg-fbe802227212ee1475ae9925f0ed2b6f.ctex
[  55% ] savepack | Storing File: res://assets/ui/icons/items/staff_2.svg.import
[  55% ] savepack | Storing File: res://.godot/imported/staff_3.svg-4473549574c8fbadb012e1d341a01ff5.ctex
[  55% ] savepack | Storing File: res://assets/ui/icons/items/staff_3.svg.import
[  55% ] savepack | Storing File: res://.godot/imported/storm_essence.svg-5c701d503a2af0c6e13ba06111eaead9.ctex
[  55% ] savepack | Storing File: res://assets/ui/icons/items/storm_essence.svg.import
[  55% ] savepack | Storing File: res://.godot/imported/sword.svg-a881d49186506fd4d05c3621b50b253a.ctex
[  55% ] savepack | Storing File: res://assets/ui/icons/items/sword.svg.import
[  55% ] savepack | Storing File: res://.godot/imported/sword_2.svg-fc556321e67281ee2042617121d989e2.ctex
[  55% ] savepack | Storing File: res://assets/ui/icons/items/sword_2.svg.import
[  55% ] savepack | Storing File: res://.godot/imported/sword_3.svg-e350e40d90d03b867a9acb560f3e58bd.ctex
[  55% ] savepack | Storing File: res://assets/ui/icons/items/sword_3.svg.import
[  55% ] savepack | Storing File: res://.godot/imported/wand.svg-272ecc8c0a76095059f80763836c7e59.ctex
[  55% ] savepack | Storing File: res://assets/ui/icons/items/wand.svg.import
[  55% ] savepack | Storing File: res://.godot/imported/wand_2.svg-edb3bbc19ca32f8ea8970010c51cb16a.ctex
[  55% ] savepack | Storing File: res://assets/ui/icons/items/wand_2.svg.import
[  55% ] savepack | Storing File: res://.godot/imported/wand_3.svg-adc847484b6f3fdf6bd6f97eebdb4ffa.ctex
[  55% ] savepack | Storing File: res://assets/ui/icons/items/wand_3.svg.import
[  55% ] savepack | Storing File: res://.godot/imported/ash_sigil.png-7263d482851d9bef75daee48c92e8b57.ctex
[  55% ] savepack | Storing File: res://assets/ui/icons/items3d/ash_sigil.png.import
[  55% ] savepack | Storing File: res://.godot/imported/barbed_pilum.png-3d97e4030a67054b2cd70f375bb1318f.ctex
[  55% ] savepack | Storing File: res://assets/ui/icons/items3d/barbed_pilum.png.import
[  55% ] savepack | Storing File: res://.godot/imported/bastard_sword.png-98913c30d836e382de2749bea8187970.ctex
[  55% ] savepack | Storing File: res://assets/ui/icons/items3d/bastard_sword.png.import
[  55% ] savepack | Storing File: res://.godot/imported/berserker_draught.png-ea727ed37ad82c1630db908b1ccc4456.ctex
[  55% ] savepack | Storing File: res://assets/ui/icons/items3d/berserker_draught.png.import
[  55% ] savepack | Storing File: res://.godot/imported/blinding_flask.png-60364a809ac840a917be1ab83201fa65.ctex
[  55% ] savepack | Storing File: res://assets/ui/icons/items3d/blinding_flask.png.import
[  55% ] savepack | Storing File: res://.godot/imported/boar_spear.png-5bacdc9f00938051f7ef24291fb54b82.ctex
[  55% ] savepack | Storing File: res://assets/ui/icons/items3d/boar_spear.png.import
[  55% ] savepack | Storing File: res://.godot/imported/bonebite.png-099dfce62f64a9af10e969db57638f61.ctex
[  55% ] savepack | Storing File: res://assets/ui/icons/items3d/bonebite.png.import
[  55% ] savepack | Storing File: res://.godot/imported/bonecutter.png-a9a8eaee8224e749758417418aa85d83.ctex
[  55% ] savepack | Storing File: res://assets/ui/icons/items3d/bonecutter.png.import
[  55% ] savepack | Storing File: res://.godot/imported/brass_knuckles.png-458b24daf829e462bb8717a3bdf06817.ctex
[  55% ] savepack | Storing File: res://assets/ui/icons/items3d/brass_knuckles.png.import
[  56% ] savepack | Storing File: res://.godot/imported/brightcap.png-00827d5c451e7a6e16570298da0f0bb7.ctex
[  56% ] savepack | Storing File: res://assets/ui/icons/items3d/brightcap.png.import
[  56% ] savepack | Storing File: res://.godot/imported/champion_essence.png-fad7b7a56f4e06ef739b3b2369837c6a.ctex
[  56% ] savepack | Storing File: res://assets/ui/icons/items3d/champion_essence.png.import
[  56% ] savepack | Storing File: res://.godot/imported/cinderheart_staff.png-417282186456ca7e27975666491696a9.ctex
[  56% ] savepack | Storing File: res://assets/ui/icons/items3d/cinderheart_staff.png.import
[  56% ] savepack | Storing File: res://.godot/imported/corsair_harpoon.png-de85e2d801e4f01e5953cac7272238a6.ctex
[  56% ] savepack | Storing File: res://assets/ui/icons/items3d/corsair_harpoon.png.import
[  56% ] savepack | Storing File: res://.godot/imported/crescent_axe.png-2cb269414586d3cd2cff27d00882c572.ctex
[  56% ] savepack | Storing File: res://assets/ui/icons/items3d/crescent_axe.png.import
[  56% ] savepack | Storing File: res://.godot/imported/cured_leather.png-2ae7699098fb3638e46cd4142d388ccd.ctex
[  56% ] savepack | Storing File: res://assets/ui/icons/items3d/cured_leather.png.import
[  56% ] savepack | Storing File: res://.godot/imported/cutpurse_knife.png-ffc11e98063f84921bc392167e628a07.ctex
[  56% ] savepack | Storing File: res://assets/ui/icons/items3d/cutpurse_knife.png.import
[  56% ] savepack | Storing File: res://.godot/imported/dawnfist_gauntlets.png-7a0b066e74b1812dbeec632f56442e95.ctex
[  56% ] savepack | Storing File: res://assets/ui/icons/items3d/dawnfist_gauntlets.png.import
[  56% ] savepack | Storing File: res://.godot/imported/dawnspire_lance.png-af74c0428e2572b08f95ab69d0d2e179.ctex
[  56% ] savepack | Storing File: res://assets/ui/icons/items3d/dawnspire_lance.png.import
[  56% ] savepack | Storing File: res://.godot/imported/deepwater_staff.png-4ccb2ae3f70f2606f5cea35297cab22a.ctex
[  56% ] savepack | Storing File: res://assets/ui/icons/items3d/deepwater_staff.png.import
[  56% ] savepack | Storing File: res://.godot/imported/double_bit_greataxe.png-42f7fe5a9cf16035b82a89147b66f3d1.ctex
[  56% ] savepack | Storing File: res://assets/ui/icons/items3d/double_bit_greataxe.png.import
[  56% ] savepack | Storing File: res://.godot/imported/dragonspine_greatsword.png-98ea890cfcf7ee3b58b80b6f3be6c426.ctex
[  56% ] savepack | Storing File: res://assets/ui/icons/items3d/dragonspine_greatsword.png.import
[  56% ] savepack | Storing File: res://.godot/imported/drakescale_rend.png-6f996f8d5ebad3707a4e2e7f48a35e47.ctex
[  56% ] savepack | Storing File: res://assets/ui/icons/items3d/drakescale_rend.png.import
[  56% ] savepack | Storing File: res://.godot/imported/duelist_sabre.png-09dfa1fe406a7bac876edf6e905e6c1f.ctex
[  56% ] savepack | Storing File: res://assets/ui/icons/items3d/duelist_sabre.png.import
[  56% ] savepack | Storing File: res://.godot/imported/emberbrand_wand.png-278308ea02bf621f602a0465221232cc.ctex
[  56% ] savepack | Storing File: res://assets/ui/icons/items3d/emberbrand_wand.png.import
[  56% ] savepack | Storing File: res://.godot/imported/emberfang_dirk.png-6e07299688f6219b46e67940dc9f987f.ctex
[  56% ] savepack | Storing File: res://assets/ui/icons/items3d/emberfang_dirk.png.import
[  56% ] savepack | Storing File: res://.godot/imported/emberfang_pike.png-2e5fee56a26f9bb80b8f90878aabad49.ctex
[  56% ] savepack | Storing File: res://assets/ui/icons/items3d/emberfang_pike.png.import
[  56% ] savepack | Storing File: res://.godot/imported/emberheart_mace.png-c4226e75058d8974e1505f4922483d19.ctex
[  56% ] savepack | Storing File: res://assets/ui/icons/items3d/emberheart_mace.png.import
[  57% ] savepack | Storing File: res://.godot/imported/emberknuckles.png-69d7fd76f78dfcbe67e060bda970e381.ctex
[  57% ] savepack | Storing File: res://assets/ui/icons/items3d/emberknuckles.png.import
[  57% ] savepack | Storing File: res://.godot/imported/emberroot.png-976c4c9f7083acc1fb0abef8aaadc125.ctex
[  57% ] savepack | Storing File: res://assets/ui/icons/items3d/emberroot.png.import
[  57% ] savepack | Storing File: res://.godot/imported/emberward_potion.png-efeae1425f4fc2caa47f3f4c193ca1c5.ctex
[  57% ] savepack | Storing File: res://assets/ui/icons/items3d/emberward_potion.png.import
[  57% ] savepack | Storing File: res://.godot/imported/executioner_moon.png-6e3ebb61f9875e52da95f6667961b706.ctex
[  57% ] savepack | Storing File: res://assets/ui/icons/items3d/executioner_moon.png.import
[  57% ] savepack | Storing File: res://.godot/imported/featherweight_draught.png-bd39ae632381464f56cdb01c0d69d890.ctex
[  57% ] savepack | Storing File: res://assets/ui/icons/items3d/featherweight_draught.png.import
[  57% ] savepack | Storing File: res://.godot/imported/festering_bomb.png-c0cf8ebf202ef99adbfa3d60ca6f770d.ctex
[  57% ] savepack | Storing File: res://assets/ui/icons/items3d/festering_bomb.png.import
[  57% ] savepack | Storing File: res://.godot/imported/firebomb.png-1b8e8654dc3ce68bcd10641bc3d7edb6.ctex
[  57% ] savepack | Storing File: res://assets/ui/icons/items3d/firebomb.png.import
[  57% ] savepack | Storing File: res://.godot/imported/flanged_mace.png-89b18988fe6ce438c3c0cd65dc8f50f1.ctex
[  57% ] savepack | Storing File: res://assets/ui/icons/items3d/flanged_mace.png.import
[  57% ] savepack | Storing File: res://.godot/imported/flint_javelin.png-1fadbb7b12ef1e7c14738f7b32539d21.ctex
[  57% ] savepack | Storing File: res://assets/ui/icons/items3d/flint_javelin.png.import
[  57% ] savepack | Storing File: res://.godot/imported/fortune_elixir.png-98cc767d2c7e6112b7f95a252e539c13.ctex
[  57% ] savepack | Storing File: res://assets/ui/icons/items3d/fortune_elixir.png.import
[  57% ] savepack | Storing File: res://.godot/imported/fowlers_dart.png-d354f3ece50661c14feb50e451dff28f.ctex
[  57% ] savepack | Storing File: res://assets/ui/icons/items3d/fowlers_dart.png.import
[  57% ] savepack | Storing File: res://.godot/imported/fowling_bow.png-f80e886e43643684f4a3adb1c467524f.ctex
[  57% ] savepack | Storing File: res://assets/ui/icons/items3d/fowling_bow.png.import
[  57% ] savepack | Storing File: res://.godot/imported/frostbite_claws.png-90e58dcc3e6a1a3a81d9803d5b5864b7.ctex
[  57% ] savepack | Storing File: res://assets/ui/icons/items3d/frostbite_claws.png.import
[  57% ] savepack | Storing File: res://.godot/imported/frostreaver.png-377bea50456a56d125aaa5fd32d2d1f9.ctex
[  57% ] savepack | Storing File: res://assets/ui/icons/items3d/frostreaver.png.import
[  57% ] savepack | Storing File: res://.godot/imported/frostspike.png-f1054f8cfc8b8a7315982cb01475f34f.ctex
[  57% ] savepack | Storing File: res://assets/ui/icons/items3d/frostspike.png.import
[  57% ] savepack | Storing File: res://.godot/imported/frostward_potion.png-75f8d0d69f85458b170527e66de789fd.ctex
[  57% ] savepack | Storing File: res://assets/ui/icons/items3d/frostward_potion.png.import
[  57% ] savepack | Storing File: res://.godot/imported/frostwing_bow.png-fc6f211ac46896e310a8a8c785d2424c.ctex
[  57% ] savepack | Storing File: res://assets/ui/icons/items3d/frostwing_bow.png.import
[  57% ] savepack | Storing File: res://.godot/imported/frost_flask.png-4d34d55506f70129be10d0860c7e84aa.ctex
[  57% ] savepack | Storing File: res://assets/ui/icons/items3d/frost_flask.png.import
[  57% ] savepack | Storing File: res://.godot/imported/galewing_bow.png-3a01c405d4bcb625836a0642f316f6cd.ctex
[  57% ] savepack | Storing File: res://assets/ui/icons/items3d/galewing_bow.png.import
[  58% ] savepack | Storing File: res://.godot/imported/ghoul_bile.png-97fc2c8290c16b8d98ec9db8d40b44ff.ctex
[  58% ] savepack | Storing File: res://assets/ui/icons/items3d/ghoul_bile.png.import
[  58% ] savepack | Storing File: res://.godot/imported/glaive.png-34ef9a66147145bcd333330ad957b435.ctex
[  58% ] savepack | Storing File: res://assets/ui/icons/items3d/glaive.png.import
[  58% ] savepack | Storing File: res://.godot/imported/gloamspire_staff.png-405c5d7290474bc8fca78e6a497fe8e8.ctex
[  58% ] savepack | Storing File: res://assets/ui/icons/items3d/gloamspire_staff.png.import
[  58% ] savepack | Storing File: res://.godot/imported/glowcap_spore.png-97d7772361cc69f0d7b3461b42d1dafe.ctex
[  58% ] savepack | Storing File: res://assets/ui/icons/items3d/glowcap_spore.png.import
[  58% ] savepack | Storing File: res://.godot/imported/goblin_resin.png-dbccb257e6f858c6e8a161dd6c1b17b2.ctex
[  58% ] savepack | Storing File: res://assets/ui/icons/items3d/goblin_resin.png.import
[  58% ] savepack | Storing File: res://.godot/imported/gravewarden_axe.png-90aeb571bb69859e0abe72a7a4dda97e.ctex
[  58% ] savepack | Storing File: res://assets/ui/icons/items3d/gravewarden_axe.png.import
[  58% ] savepack | Storing File: res://.godot/imported/gravewatch_longsword.png-fd5e3c6613568c33237ec7f1bda5a61a.ctex
[  58% ] savepack | Storing File: res://assets/ui/icons/items3d/gravewatch_longsword.png.import
[  58% ] savepack | Storing File: res://.godot/imported/grave_dust.png-9f8000554883995372b6a935024d57d9.ctex
[  58% ] savepack | Storing File: res://assets/ui/icons/items3d/grave_dust.png.import
[  58% ] savepack | Storing File: res://.godot/imported/headsmans_eclipse.png-c3d3149196269bb1a51bcb17e4daabb7.ctex
[  58% ] savepack | Storing File: res://assets/ui/icons/items3d/headsmans_eclipse.png.import
[  58% ] savepack | Storing File: res://.godot/imported/heavenfall_pilum.png-c71594114aeec1b169948e12c9ee59f7.ctex
[  58% ] savepack | Storing File: res://assets/ui/icons/items3d/heavenfall_pilum.png.import
[  58% ] savepack | Storing File: res://.godot/imported/hoarfrost_wand.png-aa32987319fdad82a136a3a24f960418.ctex
[  58% ] savepack | Storing File: res://assets/ui/icons/items3d/hoarfrost_wand.png.import
[  58% ] savepack | Storing File: res://.godot/imported/hookblade_claws.png-d53e1199f1a09cb8591155246b352e32.ctex
[  58% ] savepack | Storing File: res://assets/ui/icons/items3d/hookblade_claws.png.import
[  58% ] savepack | Storing File: res://.godot/imported/hornbow.png-d9d3d331303bbc240f7bfe25371f4e9d.ctex
[  58% ] savepack | Storing File: res://assets/ui/icons/items3d/hornbow.png.import
[  58% ] savepack | Storing File: res://.godot/imported/hunters_javelin.png-cc3ff467ffd3d561e09ea197f4baa240.ctex
[  58% ] savepack | Storing File: res://assets/ui/icons/items3d/hunters_javelin.png.import
[  58% ] savepack | Storing File: res://.godot/imported/hunting_spear.png-0ac0a5e054c0e482f6a9a0dd38a07be3.ctex
[  58% ] savepack | Storing File: res://assets/ui/icons/items3d/hunting_spear.png.import
[  58% ] savepack | Storing File: res://.godot/imported/ironbark_greatblade.png-cccf618d0e9212a4f1e97c492bc6e974.ctex
[  58% ] savepack | Storing File: res://assets/ui/icons/items3d/ironbark_greatblade.png.import
[  58% ] savepack | Storing File: res://.godot/imported/ironbound_mace.png-af669b2541b9587fe7b443ba80bb4df1.ctex
[  58% ] savepack | Storing File: res://assets/ui/icons/items3d/ironbound_mace.png.import
[  58% ] savepack | Storing File: res://.godot/imported/ironskin_brew.png-26d785514a4c54f4ed50f41a9b973735.ctex
[  58% ] savepack | Storing File: res://assets/ui/icons/items3d/ironskin_brew.png.import
[  59% ] savepack | Storing File: res://.godot/imported/iron_fistguards.png-81f07ac58ad2d7576592ff904793f13a.ctex
[  59% ] savepack | Storing File: res://assets/ui/icons/items3d/iron_fistguards.png.import
[  59% ] savepack | Storing File: res://.godot/imported/iron_talons.png-66543385dc1fe67ade75bef0cc63ebff.ctex
[  59% ] savepack | Storing File: res://assets/ui/icons/items3d/iron_talons.png.import
[  59% ] savepack | Storing File: res://.godot/imported/keen_tonic.png-67724d4cf4e52e9b6842ed12cf2d77d3.ctex
[  59% ] savepack | Storing File: res://assets/ui/icons/items3d/keen_tonic.png.import
[  59% ] savepack | Storing File: res://.godot/imported/kingsbane.png-d8d3ed9663761285f6fd73dcb141884a.ctex
[  59% ] savepack | Storing File: res://assets/ui/icons/items3d/kingsbane.png.import
[  59% ] savepack | Storing File: res://.godot/imported/knotwood_club.png-a5665e024763f45884feae28cc556a01.ctex
[  59% ] savepack | Storing File: res://assets/ui/icons/items3d/knotwood_club.png.import
[  59% ] savepack | Storing File: res://.godot/imported/kukri.png-691a056803209a045c3f3699c2e728d5.ctex
[  59% ] savepack | Storing File: res://assets/ui/icons/items3d/kukri.png.import
[  59% ] savepack | Storing File: res://.godot/imported/lumber_greataxe.png-2bb2bc0b7b62fb4ba6c2257c6eba3495.ctex
[  59% ] savepack | Storing File: res://assets/ui/icons/items3d/lumber_greataxe.png.import
[  59% ] savepack | Storing File: res://.godot/imported/militia_shortsword.png-e1e98c5f8e2f56b30c652f1637a68300.ctex
[  59% ] savepack | Storing File: res://assets/ui/icons/items3d/militia_shortsword.png.import
[  59% ] savepack | Storing File: res://.godot/imported/minor_health_potion.png-8efd5187a8c6a2cae81b44bc6113efff.ctex
[  59% ] savepack | Storing File: res://assets/ui/icons/items3d/minor_health_potion.png.import
[  59% ] savepack | Storing File: res://.godot/imported/minor_mana_potion.png-f342efe3c327edc51fe6117a7e785f7a.ctex
[  59% ] savepack | Storing File: res://assets/ui/icons/items3d/minor_mana_potion.png.import
[  59% ] savepack | Storing File: res://.godot/imported/mirebloom.png-637d0f5dc265a754c92e438ab860a8b2.ctex
[  59% ] savepack | Storing File: res://assets/ui/icons/items3d/mirebloom.png.import
[  59% ] savepack | Storing File: res://.godot/imported/moonshard_dagger.png-746b893fab08e15a7aa8bf316d955395.ctex
[  59% ] savepack | Storing File: res://assets/ui/icons/items3d/moonshard_dagger.png.import
[  59% ] savepack | Storing File: res://.godot/imported/morning_star.png-78f59869e88cfad7c54adc19f7db8b34.ctex
[  59% ] savepack | Storing File: res://assets/ui/icons/items3d/morning_star.png.import
[  59% ] savepack | Storing File: res://.godot/imported/nightbloom_wand.png-24a17d6ebd9a12bed4d6c4d160b2b2cb.ctex
[  59% ] savepack | Storing File: res://assets/ui/icons/items3d/nightbloom_wand.png.import
[  59% ] savepack | Storing File: res://.godot/imported/nightfall_greatsword.png-3ac42a13f4ca17f3f18caece2a85a950.ctex
[  59% ] savepack | Storing File: res://assets/ui/icons/items3d/nightfall_greatsword.png.import
[  59% ] savepack | Storing File: res://.godot/imported/nightstalker_claw.png-23889ec77882e91465b046b543660175.ctex
[  59% ] savepack | Storing File: res://assets/ui/icons/items3d/nightstalker_claw.png.import
[  59% ] savepack | Storing File: res://.godot/imported/nightwhisper.png-01eba51b293a97781ae9f7657010e6ee.ctex
[  59% ] savepack | Storing File: res://assets/ui/icons/items3d/nightwhisper.png.import
[  59% ] savepack | Storing File: res://.godot/imported/northman_greataxe.png-72a5a9b69ff1f8a0e62ca57a975648c5.ctex
[  59% ] savepack | Storing File: res://assets/ui/icons/items3d/northman_greataxe.png.import
[  59% ] savepack | Storing File: res://.godot/imported/oak_cudgel.png-16a27871b91b8a93bd8dd7c4334f574a.ctex
[  59% ] savepack | Storing File: res://assets/ui/icons/items3d/oak_cudgel.png.import
[  60% ] savepack | Storing File: res://.godot/imported/oathkeeper_greatsword.png-3203e61ce158aacab4174c078ee7efda.ctex
[  60% ] savepack | Storing File: res://assets/ui/icons/items3d/oathkeeper_greatsword.png.import
[  60% ] savepack | Storing File: res://.godot/imported/ogre_sinew.png-6e4f6c08cbc6c03ca64d3c4bcbed5b6d.ctex
[  60% ] savepack | Storing File: res://assets/ui/icons/items3d/ogre_sinew.png.import
[  60% ] savepack | Storing File: res://.godot/imported/orc_tusk.png-dda773ff6d24e81f0c5d9f1a94526d4b.ctex
[  60% ] savepack | Storing File: res://assets/ui/icons/items3d/orc_tusk.png.import
[  60% ] savepack | Storing File: res://.godot/imported/parrying_dirk.png-112d52d7041e23d6fe0b03819e27760e.ctex
[  60% ] savepack | Storing File: res://assets/ui/icons/items3d/parrying_dirk.png.import
[  60% ] savepack | Storing File: res://.godot/imported/partisan.png-78760660dd786d61549a437d9cdab6d9.ctex
[  60% ] savepack | Storing File: res://assets/ui/icons/items3d/partisan.png.import
[  60% ] savepack | Storing File: res://.godot/imported/phoenix_feather.png-566b3c34565019c6140c9c3a5d1c725d.ctex
[  60% ] savepack | Storing File: res://assets/ui/icons/items3d/phoenix_feather.png.import
[  60% ] savepack | Storing File: res://.godot/imported/pilgrims_staff.png-87bc07ecdd6329c5b47ae5dc3181e615.ctex
[  60% ] savepack | Storing File: res://assets/ui/icons/items3d/pilgrims_staff.png.import
[  60% ] savepack | Storing File: res://.godot/imported/pit_fighter_wraps.png-c5fa17f08236c63b038b320dca59d44c.ctex
[  60% ] savepack | Storing File: res://assets/ui/icons/items3d/pit_fighter_wraps.png.import
[  60% ] savepack | Storing File: res://.godot/imported/raider_tomahawk.png-11d3c0aaf5144826c4f4a5b0b4d3d493.ctex
[  60% ] savepack | Storing File: res://assets/ui/icons/items3d/raider_tomahawk.png.import
[  60% ] savepack | Storing File: res://.godot/imported/raptor_talons.png-6fb374ecf9b9fa5ce5f3002ea587a812.ctex
[  60% ] savepack | Storing File: res://assets/ui/icons/items3d/raptor_talons.png.import
[  60% ] savepack | Storing File: res://.godot/imported/recipe_aetherforged.png-e96092f1503faecf715cca4388310e35.ctex
[  60% ] savepack | Storing File: res://assets/ui/icons/items3d/recipe_aetherforged.png.import
[  60% ] savepack | Storing File: res://.godot/imported/recipe_berserker.png-dd1800f42de44dc04eacaaf9e753f868.ctex
[  60% ] savepack | Storing File: res://assets/ui/icons/items3d/recipe_berserker.png.import
[  60% ] savepack | Storing File: res://.godot/imported/recipe_champion_armor.png-75ce2dfa1e3643ba27bbc8939be9e9f0.ctex
[  60% ] savepack | Storing File: res://assets/ui/icons/items3d/recipe_champion_armor.png.import
[  60% ] savepack | Storing File: res://.godot/imported/recipe_champion_trinket.png-cf0be8132a8d7c5f80f2504b72680784.ctex
[  60% ] savepack | Storing File: res://assets/ui/icons/items3d/recipe_champion_trinket.png.import
[  60% ] savepack | Storing File: res://.godot/imported/recipe_champion_weapon.png-cdaebf341114410af38d664c5949a00c.ctex
[  60% ] savepack | Storing File: res://assets/ui/icons/items3d/recipe_champion_weapon.png.import
[  60% ] savepack | Storing File: res://.godot/imported/recipe_fortune.png-df94cf80fa69ed97778bd90098baddb9.ctex
[  60% ] savepack | Storing File: res://assets/ui/icons/items3d/recipe_fortune.png.import
[  60% ] savepack | Storing File: res://.godot/imported/recipe_phoenix.png-4cf2293db61d1a42b053ded025b6786a.ctex
[  60% ] savepack | Storing File: res://assets/ui/icons/items3d/recipe_phoenix.png.import
[  60% ] savepack | Storing File: res://.godot/imported/recipe_sage.png-0e436e0fced65a5cc925b318eb3fa0cc.ctex
[  60% ] savepack | Storing File: res://assets/ui/icons/items3d/recipe_sage.png.import
[  61% ] savepack | Storing File: res://.godot/imported/recurve_bow.png-41e4b03d45c552ac90a6c49ab629e4d1.ctex
[  61% ] savepack | Storing File: res://assets/ui/icons/items3d/recurve_bow.png.import
[  61% ] savepack | Storing File: res://.godot/imported/reed_javelin.png-f88f490070f70dc58fcc8b3724eacfc3.ctex
[  61% ] savepack | Storing File: res://assets/ui/icons/items3d/reed_javelin.png.import
[  61% ] savepack | Storing File: res://.godot/imported/relic_cache_gilded.png-4b08fa17ba43d5abdf22a4fbb3cc5fbb.ctex
[  61% ] savepack | Storing File: res://assets/ui/icons/items3d/relic_cache_gilded.png.import
[  61% ] savepack | Storing File: res://.godot/imported/relic_cache_radiant.png-7120d9b6f905fd10fc4b9312bd839c8c.ctex
[  61% ] savepack | Storing File: res://assets/ui/icons/items3d/relic_cache_radiant.png.import
[  61% ] savepack | Storing File: res://.godot/imported/relic_cache_worn.png-16e47a6a283d57ae8f542300e89c203c.ctex
[  61% ] savepack | Storing File: res://assets/ui/icons/items3d/relic_cache_worn.png.import
[  61% ] savepack | Storing File: res://.godot/imported/rimebite_axe.png-23a490abeb475c192ddd4939ba4d4937.ctex
[  61% ] savepack | Storing File: res://assets/ui/icons/items3d/rimebite_axe.png.import
[  61% ] savepack | Storing File: res://.godot/imported/rime_shard.png-533488cf1c1ea10678d9b0330d51004a.ctex
[  61% ] savepack | Storing File: res://assets/ui/icons/items3d/rime_shard.png.import
[  61% ] savepack | Storing File: res://.godot/imported/riverguard_falchion.png-3061ae20982b2494d3deeffc3d5ed9d6.ctex
[  61% ] savepack | Storing File: res://assets/ui/icons/items3d/riverguard_falchion.png.import
[  61% ] savepack | Storing File: res://.godot/imported/rune_plate.png-625f10f993f49b10fbccbb8bdf835cca.ctex
[  61% ] savepack | Storing File: res://assets/ui/icons/items3d/rune_plate.png.import
[  61% ] savepack | Storing File: res://.godot/imported/sages_infusion.png-074317194436efe7bcae858d486d27ca.ctex
[  61% ] savepack | Storing File: res://assets/ui/icons/items3d/sages_infusion.png.import
[  61% ] savepack | Storing File: res://.godot/imported/saltmarsh_cutlass.png-c8b73e980476fcf06225002ae6894b64.ctex
[  61% ] savepack | Storing File: res://assets/ui/icons/items3d/saltmarsh_cutlass.png.import
[  61% ] savepack | Storing File: res://.godot/imported/scholars_tea.png-d9ff0162de7f825b284a6965fdb671e4.ctex
[  61% ] savepack | Storing File: res://assets/ui/icons/items3d/scholars_tea.png.import
[  61% ] savepack | Storing File: res://.godot/imported/scrappers_hooks.png-f07542b5157267b8de94a1c4d20b725e.ctex
[  61% ] savepack | Storing File: res://assets/ui/icons/items3d/scrappers_hooks.png.import
[  61% ] savepack | Storing File: res://.godot/imported/shortbow.png-a8412e6277abf70619e2c3ac07488f25.ctex
[  61% ] savepack | Storing File: res://assets/ui/icons/items3d/shortbow.png.import
[  61% ] savepack | Storing File: res://.godot/imported/siege_greatbow.png-bedb26fa9d269f433596fbfa56b69942.ctex
[  61% ] savepack | Storing File: res://assets/ui/icons/items3d/siege_greatbow.png.import
[  61% ] savepack | Storing File: res://.godot/imported/silverleaf.png-0cf542913c1d9bc59c477c875924417d.ctex
[  61% ] savepack | Storing File: res://assets/ui/icons/items3d/silverleaf.png.import
[  61% ] savepack | Storing File: res://.godot/imported/skinning_knife.png-f3e196ec30ef1b7618aa161b08dd1700.ctex
[  61% ] savepack | Storing File: res://assets/ui/icons/items3d/skinning_knife.png.import
[  61% ] savepack | Storing File: res://.godot/imported/skirmisher_axe.png-55cce39658f6c14c70d1794eb4f5a80c.ctex
[  61% ] savepack | Storing File: res://assets/ui/icons/items3d/skirmisher_axe.png.import
[  61% ] savepack | Storing File: res://.godot/imported/skyrender.png-9f587e0887a58c831565a2af5eaf3d52.ctex
[  61% ] savepack | Storing File: res://assets/ui/icons/items3d/skyrender.png.import
[  62% ] savepack | Storing File: res://.godot/imported/slag_ember.png-588d4c1cab4dfcb7224bb244f0d55075.ctex
[  62% ] savepack | Storing File: res://assets/ui/icons/items3d/slag_ember.png.import
[  62% ] savepack | Storing File: res://.godot/imported/smiths_warhammer.png-536fa2651e97b1de7cf770b1ca646426.ctex
[  62% ] savepack | Storing File: res://assets/ui/icons/items3d/smiths_warhammer.png.import
[  62% ] savepack | Storing File: res://.godot/imported/smoke_pellet.png-a2f74f43ffb930731160fb0c7143907c.ctex
[  62% ] savepack | Storing File: res://assets/ui/icons/items3d/smoke_pellet.png.import
[  62% ] savepack | Storing File: res://.godot/imported/soul_ember.png-2782f2dff12e8a384eff8579bbd3cebd.ctex
[  62% ] savepack | Storing File: res://assets/ui/icons/items3d/soul_ember.png.import
[  62% ] savepack | Storing File: res://.godot/imported/spiked_club.png-6f001400032b6a67523edfc4700a18ff.ctex
[  62% ] savepack | Storing File: res://assets/ui/icons/items3d/spiked_club.png.import
[  62% ] savepack | Storing File: res://.godot/imported/spiked_knucklebars.png-745407b404843d1b4f612ca0196e27c3.ctex
[  62% ] savepack | Storing File: res://assets/ui/icons/items3d/spiked_knucklebars.png.import
[  62% ] savepack | Storing File: res://.godot/imported/spirit_ward_draught.png-1497c72836915d4c2eea22ceed0d970c.ctex
[  62% ] savepack | Storing File: res://assets/ui/icons/items3d/spirit_ward_draught.png.import
[  62% ] savepack | Storing File: res://.godot/imported/starfall_sabre.png-314975169ddb93626f040a342661dfdc.ctex
[  62% ] savepack | Storing File: res://assets/ui/icons/items3d/starfall_sabre.png.import
[  62% ] savepack | Storing File: res://.godot/imported/starhammer.png-a388edb179cc3019297a40cf424a4a9e.ctex
[  62% ] savepack | Storing File: res://assets/ui/icons/items3d/starhammer.png.import
[  62% ] savepack | Storing File: res://.godot/imported/star_glass.png-f68103156f0e2b9a494ca1abc6e89bba.ctex
[  62% ] savepack | Storing File: res://assets/ui/icons/items3d/star_glass.png.import
[  62% ] savepack | Storing File: res://.godot/imported/steel_ingot.png-3033b1e51c66314dfee2a136780c5f87.ctex
[  62% ] savepack | Storing File: res://assets/ui/icons/items3d/steel_ingot.png.import
[  62% ] savepack | Storing File: res://.godot/imported/stolen_linen.png-ea124fd732c49f794e06743d0c58d519.ctex
[  62% ] savepack | Storing File: res://assets/ui/icons/items3d/stolen_linen.png.import
[  62% ] savepack | Storing File: res://.godot/imported/stonefist.png-475a4a6b17ceb96543fd60be3fb69ef1.ctex
[  62% ] savepack | Storing File: res://assets/ui/icons/items3d/stonefist.png.import
[  62% ] savepack | Storing File: res://.godot/imported/stormglass_wand.png-e86b33b48b271917d2d296b4f68597ed.ctex
[  62% ] savepack | Storing File: res://assets/ui/icons/items3d/stormglass_wand.png.import
[  62% ] savepack | Storing File: res://.godot/imported/stormneedle.png-6cf9af0fc7fe785c63fc9933552d9a26.ctex
[  62% ] savepack | Storing File: res://assets/ui/icons/items3d/stormneedle.png.import
[  62% ] savepack | Storing File: res://.godot/imported/stormstring_greatbow.png-88bc1aa48e5a0b9c8e497241edfb22b5.ctex
[  62% ] savepack | Storing File: res://assets/ui/icons/items3d/stormstring_greatbow.png.import
[  62% ] savepack | Storing File: res://.godot/imported/stormward_potion.png-abff419488f77b91758de810101682ad.ctex
[  62% ] savepack | Storing File: res://assets/ui/icons/items3d/stormward_potion.png.import
[  62% ] savepack | Storing File: res://.godot/imported/studded_cestus.png-84703496855e63dadfb5e7468d9a159d.ctex
[  62% ] savepack | Storing File: res://assets/ui/icons/items3d/studded_cestus.png.import
[  62% ] savepack | Storing File: res://.godot/imported/stumpsplitter.png-0ec5edf56d82c5c7d309571d973aa15b.ctex
[  62% ] savepack | Storing File: res://assets/ui/icons/items3d/stumpsplitter.png.import
[  63% ] savepack | Storing File: res://.godot/imported/sunpiercer.png-5decc126cbc13fb1dc9ff64bb608236f.ctex
[  63% ] savepack | Storing File: res://assets/ui/icons/items3d/sunpiercer.png.import
[  63% ] savepack | Storing File: res://.godot/imported/sunreaver.png-dded0f9a736295085087bb2e4041f87f.ctex
[  63% ] savepack | Storing File: res://assets/ui/icons/items3d/sunreaver.png.import
[  63% ] savepack | Storing File: res://.godot/imported/sunspire_staff.png-16e53ab3ec7d259c515cd7ad5dbd5689.ctex
[  63% ] savepack | Storing File: res://assets/ui/icons/items3d/sunspire_staff.png.import
[  63% ] savepack | Storing File: res://.godot/imported/sunsteel_blade.png-db4fbd33c128dffbf9231127a26f2e33.ctex
[  63% ] savepack | Storing File: res://assets/ui/icons/items3d/sunsteel_blade.png.import
[  63% ] savepack | Storing File: res://.godot/imported/superior_health_potion.png-49aec083f3d63bad78b980303780044b.ctex
[  63% ] savepack | Storing File: res://assets/ui/icons/items3d/superior_health_potion.png.import
[  63% ] savepack | Storing File: res://.godot/imported/superior_mana_potion.png-50a53404f8ea9b93cd2666d27b4cb0e0.ctex
[  63% ] savepack | Storing File: res://assets/ui/icons/items3d/superior_mana_potion.png.import
[  63% ] savepack | Storing File: res://.godot/imported/swiftfoot_tonic.png-37a71a39b2b3751ea398b266c96e42af.ctex
[  63% ] savepack | Storing File: res://assets/ui/icons/items3d/swiftfoot_tonic.png.import
[  63% ] savepack | Storing File: res://.godot/imported/tempest_rakes.png-9f06318b55cf3b3ff0658a75240086e1.ctex
[  63% ] savepack | Storing File: res://assets/ui/icons/items3d/tempest_rakes.png.import
[  63% ] savepack | Storing File: res://.godot/imported/thornback_bow.png-5ae6fd6d35a72d851dfd322f30355b9d.ctex
[  63% ] savepack | Storing File: res://assets/ui/icons/items3d/thornback_bow.png.import
[  63% ] savepack | Storing File: res://.godot/imported/thunderbeak_axe.png-a7e146a36f0b38c00bf48df2c49f379a.ctex
[  63% ] savepack | Storing File: res://assets/ui/icons/items3d/thunderbeak_axe.png.import
[  63% ] savepack | Storing File: res://.godot/imported/thunderfist_knuckles.png-f57d252c953b4359837fb5367ed5db12.ctex
[  63% ] savepack | Storing File: res://assets/ui/icons/items3d/thunderfist_knuckles.png.import
[  63% ] savepack | Storing File: res://.godot/imported/thunderhead_javelin.png-c35fe50286f0e7eae612119275222164.ctex
[  63% ] savepack | Storing File: res://assets/ui/icons/items3d/thunderhead_javelin.png.import
[  63% ] savepack | Storing File: res://.godot/imported/tidecrusher.png-a44610a097993b273da8ef633fa69e4b.ctex
[  63% ] savepack | Storing File: res://assets/ui/icons/items3d/tidecrusher.png.import
[  63% ] savepack | Storing File: res://.godot/imported/tideguard_trident.png-d07d8984dc5a98a1bf0443c3ef9a064d.ctex
[  63% ] savepack | Storing File: res://assets/ui/icons/items3d/tideguard_trident.png.import
[  63% ] savepack | Storing File: res://.godot/imported/tide_pearl.png-5568e1fff83223798eb25a98b0f3cc51.ctex
[  63% ] savepack | Storing File: res://assets/ui/icons/items3d/tide_pearl.png.import
[  63% ] savepack | Storing File: res://.godot/imported/tiger_claw.png-f5a428e1151f58a111c8a38dd14c1d21.ctex
[  63% ] savepack | Storing File: res://assets/ui/icons/items3d/tiger_claw.png.import
[  63% ] savepack | Storing File: res://.godot/imported/titanknuckle.png-79da484eee37d5dd725552b9d5982f2f.ctex
[  63% ] savepack | Storing File: res://assets/ui/icons/items3d/titanknuckle.png.import
[  63% ] savepack | Storing File: res://.godot/imported/titan_brew.png-296e756a1fe7363ffb6885b1eec50fae.ctex
[  63% ] savepack | Storing File: res://assets/ui/icons/items3d/titan_brew.png.import
[  64% ] savepack | Storing File: res://.godot/imported/town_portal.png-3625a8aeaadbd293eb0f885d94a3213b.ctex
[  64% ] savepack | Storing File: res://assets/ui/icons/items3d/town_portal.png.import
[  64% ] savepack | Storing File: res://.godot/imported/tuskbreaker.png-af9744d42a482cbda172dad99cabe5f4.ctex
[  64% ] savepack | Storing File: res://assets/ui/icons/items3d/tuskbreaker.png.import
[  64% ] savepack | Storing File: res://.godot/imported/vigor_draught.png-fa9fb75c4765b66d4f64db9f46f620b1.ctex
[  64% ] savepack | Storing File: res://assets/ui/icons/items3d/vigor_draught.png.import
[  64% ] savepack | Storing File: res://.godot/imported/viper_fang.png-c25a0f567ee3ce59fceda9ded3f09320.ctex
[  64% ] savepack | Storing File: res://assets/ui/icons/items3d/viper_fang.png.import
[  64% ] savepack | Storing File: res://.godot/imported/warlord_cleaver.png-7f4850955d21397b877591e987ee60fb.ctex
[  64% ] savepack | Storing File: res://assets/ui/icons/items3d/warlord_cleaver.png.import
[  64% ] savepack | Storing File: res://.godot/imported/watchmans_halberd.png-6d25de6c10d77d12b86b2352116b5e6b.ctex
[  64% ] savepack | Storing File: res://assets/ui/icons/items3d/watchmans_halberd.png.import
[  64% ] savepack | Storing File: res://.godot/imported/wavecrest_flamberge.png-ac786126b90edfadcd50ce37c709cd5e.ctex
[  64% ] savepack | Storing File: res://assets/ui/icons/items3d/wavecrest_flamberge.png.import
[  64% ] savepack | Storing File: res://.godot/imported/wayfarer_blade.png-a97e1aee9eeff5d0681a2c453787d5ec.ctex
[  64% ] savepack | Storing File: res://assets/ui/icons/items3d/wayfarer_blade.png.import
[  64% ] savepack | Storing File: res://.godot/imported/whetstone.png-71ebd2396a894163e907085036e9ead2.ctex
[  64% ] savepack | Storing File: res://assets/ui/icons/items3d/whetstone.png.import
[  64% ] savepack | Storing File: res://.godot/imported/willow_wand.png-1cfd0dfbd42e60de0b4a59b627962c9a.ctex
[  64% ] savepack | Storing File: res://assets/ui/icons/items3d/willow_wand.png.import
[  64% ] savepack | Storing File: res://.godot/imported/windrunner_javelin.png-d2f54dd37a6002fdd620f1f8380a6fc1.ctex
[  64% ] savepack | Storing File: res://assets/ui/icons/items3d/windrunner_javelin.png.import
[  64% ] savepack | Storing File: res://.godot/imported/windstep_tonic.png-31acec211af6503c35e6b67686b6ffbe.ctex
[  64% ] savepack | Storing File: res://assets/ui/icons/items3d/windstep_tonic.png.import
[  64% ] savepack | Storing File: res://.godot/imported/wisp_mote.png-4bb24d76bd7d7199b1c522f1f374659c.ctex
[  64% ] savepack | Storing File: res://assets/ui/icons/items3d/wisp_mote.png.import
[  64% ] savepack | Storing File: res://.godot/imported/wolf_fang.png-b909f506aca7f73a2fc6e8c1e991332a.ctex
[  64% ] savepack | Storing File: res://assets/ui/icons/items3d/wolf_fang.png.import
[  64% ] savepack | Storing File: res://.godot/imported/woodcutter_hatchet.png-0eedaad19db8b0ec08f5a5f154a5482b.ctex
[  64% ] savepack | Storing File: res://assets/ui/icons/items3d/woodcutter_hatchet.png.import
[  64% ] savepack | Storing File: res://.godot/imported/worldsplitter.png-6afc7aa932f672518adc856298f56ec7.ctex
[  64% ] savepack | Storing File: res://assets/ui/icons/items3d/worldsplitter.png.import
[  64% ] savepack | Storing File: res://.godot/imported/wyrmqueen_talons.png-8777ec7aad66472b443db09552ac3bd3.ctex
[  64% ] savepack | Storing File: res://assets/ui/icons/items3d/wyrmqueen_talons.png.import
[  64% ] savepack | Storing File: res://.godot/imported/wyrmtooth_lance.png-a2c2735ace2a2054b5b1540c0594e9df.ctex
[  64% ] savepack | Storing File: res://assets/ui/icons/items3d/wyrmtooth_lance.png.import
[  64% ] savepack | Storing File: res://.godot/imported/yew_longbow.png-212df455ec53a1da8b2f52bb362f3044.ctex
[  64% ] savepack | Storing File: res://assets/ui/icons/items3d/yew_longbow.png.import
[  65% ] savepack | Storing File: res://.godot/imported/arcane_precision.svg-0c1a55f5e0af7326da74ac21fe19fee6.ctex
[  65% ] savepack | Storing File: res://assets/ui/icons/skills/arcane_precision.svg.import
[  65% ] savepack | Storing File: res://.godot/imported/arcane_surge.svg-fed012014502505edf04822f264b34a0.ctex
[  65% ] savepack | Storing File: res://assets/ui/icons/skills/arcane_surge.svg.import
[  65% ] savepack | Storing File: res://.godot/imported/arms_mastery.svg-02630096041a81b0b1f4537f95adf9f4.ctex
[  65% ] savepack | Storing File: res://assets/ui/icons/skills/arms_mastery.svg.import
[  65% ] savepack | Storing File: res://.godot/imported/arrow_rain.svg-7462e698f230c56dac9274b6450c78dc.ctex
[  65% ] savepack | Storing File: res://assets/ui/icons/skills/arrow_rain.svg.import
[  65% ] savepack | Storing File: res://.godot/imported/aura_cinders.svg-0d2a281f39fc532324316dd371bc1d15.ctex
[  65% ] savepack | Storing File: res://assets/ui/icons/skills/aura_cinders.svg.import
[  65% ] savepack | Storing File: res://.godot/imported/aura_clarity.svg-672b006c6069d3e6a6c5839b3bf017aa.ctex
[  65% ] savepack | Storing File: res://assets/ui/icons/skills/aura_clarity.svg.import
[  65% ] savepack | Storing File: res://.godot/imported/aura_defiance.svg-8a8fcc9c7d35213dfc02c9603b6c1f15.ctex
[  65% ] savepack | Storing File: res://assets/ui/icons/skills/aura_defiance.svg.import
[  65% ] savepack | Storing File: res://.godot/imported/aura_fervor.svg-a0911128ef04f2ff172fec883e46e361.ctex
[  65% ] savepack | Storing File: res://assets/ui/icons/skills/aura_fervor.svg.import
[  65% ] savepack | Storing File: res://.godot/imported/aura_mending.svg-573410374046f4a25894e02d173e0af6.ctex
[  65% ] savepack | Storing File: res://assets/ui/icons/skills/aura_mending.svg.import
[  65% ] savepack | Storing File: res://.godot/imported/aura_might.svg-4ab5a9a60dfb626a223059a5d28921eb.ctex
[  65% ] savepack | Storing File: res://assets/ui/icons/skills/aura_might.svg.import
[  65% ] savepack | Storing File: res://.godot/imported/aura_thorns.svg-0038d478a72ac7dae6f6be1f9a7b4858.ctex
[  65% ] savepack | Storing File: res://assets/ui/icons/skills/aura_thorns.svg.import
[  65% ] savepack | Storing File: res://.godot/imported/aura_winter.svg-c2a67438aff1357cfb19e3f02b3e1c5d.ctex
[  65% ] savepack | Storing File: res://assets/ui/icons/skills/aura_winter.svg.import
[  65% ] savepack | Storing File: res://.godot/imported/blade_mastery.svg-5c1531c5d950020e589a6b2020772aa1.ctex
[  65% ] savepack | Storing File: res://assets/ui/icons/skills/blade_mastery.svg.import
[  65% ] savepack | Storing File: res://.godot/imported/blade_sentinel.svg-97c405e307502b9c001101a95f1eeefa.ctex
[  65% ] savepack | Storing File: res://assets/ui/icons/skills/blade_sentinel.svg.import
[  65% ] savepack | Storing File: res://.godot/imported/blast_arrow.svg-3abb2557d20a21211784041b8a1b2f3b.ctex
[  65% ] savepack | Storing File: res://assets/ui/icons/skills/blast_arrow.svg.import
[  65% ] savepack | Storing File: res://.godot/imported/blast_trap.svg-1efd13d3996837db39ed8db13a0a3496.ctex
[  65% ] savepack | Storing File: res://assets/ui/icons/skills/blast_trap.svg.import
[  65% ] savepack | Storing File: res://.godot/imported/blessed_hammer.svg-fbc0bf355ecaa8e990ce650442bfd0b4.ctex
[  65% ] savepack | Storing File: res://assets/ui/icons/skills/blessed_hammer.svg.import
[  65% ] savepack | Storing File: res://.godot/imported/blink.svg-1234dd4587bbee9c35ae4bde0fa53a88.ctex
[  65% ] savepack | Storing File: res://assets/ui/icons/skills/blink.svg.import
[  66% ] savepack | Storing File: res://.godot/imported/blizzard.svg-09f22607ccb252b0a23aa2b5856903ff.ctex
[  66% ] savepack | Storing File: res://assets/ui/icons/skills/blizzard.svg.import
[  66% ] savepack | Storing File: res://.godot/imported/chain_lightning.svg-5e21a72eda8b737827917f8ed97201e1.ctex
[  66% ] savepack | Storing File: res://assets/ui/icons/skills/chain_lightning.svg.import
[  66% ] savepack | Storing File: res://.godot/imported/cleave.svg-218536f606998f001b1234bf180776ac.ctex
[  66% ] savepack | Storing File: res://assets/ui/icons/skills/cleave.svg.import
[  66% ] savepack | Storing File: res://.godot/imported/crippling_star.svg-c05711833e969622676f2871e668b1ad.ctex
[  66% ] savepack | Storing File: res://assets/ui/icons/skills/crippling_star.svg.import
[  66% ] savepack | Storing File: res://.godot/imported/crusader_resolve.svg-bf589c6082ffd97b05ad1666d919e7e5.ctex
[  66% ] savepack | Storing File: res://assets/ui/icons/skills/crusader_resolve.svg.import
[  66% ] savepack | Storing File: res://.godot/imported/deadeye.svg-b0f985a3f0928c5607480d35c4d73126.ctex
[  66% ] savepack | Storing File: res://assets/ui/icons/skills/deadeye.svg.import
[  66% ] savepack | Storing File: res://.godot/imported/deadly_aim.svg-2f1a2f79fc373e4364451b6b7fd147c2.ctex
[  66% ] savepack | Storing File: res://assets/ui/icons/skills/deadly_aim.svg.import
[  66% ] savepack | Storing File: res://.godot/imported/death_blossom.svg-47ed4755f2260c81b92a7533c3710cd5.ctex
[  66% ] savepack | Storing File: res://assets/ui/icons/skills/death_blossom.svg.import
[  66% ] savepack | Storing File: res://.godot/imported/dread_mark.svg-c1c588ca2d34f936ba9aee73e2635e91.ctex
[  66% ] savepack | Storing File: res://assets/ui/icons/skills/dread_mark.svg.import
[  66% ] savepack | Storing File: res://.godot/imported/evasion.svg-72d66eef29bb347812a82ba24d6c1745.ctex
[  66% ] savepack | Storing File: res://assets/ui/icons/skills/evasion.svg.import
[  66% ] savepack | Storing File: res://.godot/imported/eviscerate.svg-ecc803f0c8618510f32f1c6f298e3937.ctex
[  66% ] savepack | Storing File: res://assets/ui/icons/skills/eviscerate.svg.import
[  66% ] savepack | Storing File: res://.godot/imported/fan_of_knives.svg-a925d346ef9e6b92b571bb7369f72a99.ctex
[  66% ] savepack | Storing File: res://assets/ui/icons/skills/fan_of_knives.svg.import
[  66% ] savepack | Storing File: res://.godot/imported/firebolt.svg-76f34e1ac13de4ffd086504fe79b76ed.ctex
[  66% ] savepack | Storing File: res://assets/ui/icons/skills/firebolt.svg.import
[  66% ] savepack | Storing File: res://.godot/imported/flame_sentinel.svg-51166dc38052be73275118bf5e5dad0d.ctex
[  66% ] savepack | Storing File: res://assets/ui/icons/skills/flame_sentinel.svg.import
[  66% ] savepack | Storing File: res://.godot/imported/fleet_foot.svg-863560663031f49153fbff1cc964f1d6.ctex
[  66% ] savepack | Storing File: res://assets/ui/icons/skills/fleet_foot.svg.import
[  66% ] savepack | Storing File: res://.godot/imported/fleet_step.svg-72d90e4e53777fa8123d824c8e9b4a37.ctex
[  66% ] savepack | Storing File: res://assets/ui/icons/skills/fleet_step.svg.import
[  66% ] savepack | Storing File: res://.godot/imported/frost_arrow.svg-83db527076ba1bf4beb0226445cc032c.ctex
[  66% ] savepack | Storing File: res://assets/ui/icons/skills/frost_arrow.svg.import
[  66% ] savepack | Storing File: res://.godot/imported/frost_mastery.svg-5fdae4896a9c93c6f2e6497a51b293fe.ctex
[  66% ] savepack | Storing File: res://assets/ui/icons/skills/frost_mastery.svg.import
[  66% ] savepack | Storing File: res://.godot/imported/frost_nova.svg-0f12c0b5d0c365303e3a6b54b951e307.ctex
[  66% ] savepack | Storing File: res://assets/ui/icons/skills/frost_nova.svg.import
[  66% ] savepack | Storing File: res://.godot/imported/frost_orb.svg-3fee5ce90b7dc1fad5e129b2606a8084.ctex
[  66% ] savepack | Storing File: res://assets/ui/icons/skills/frost_orb.svg.import
[  66% ] savepack | Storing File: res://.godot/imported/gale_burst.svg-37a9b8148d667157bfccc00e54241285.ctex
[  66% ] savepack | Storing File: res://assets/ui/icons/skills/gale_burst.svg.import
[  66% ] savepack | Storing File: res://.godot/imported/ground_fissure.svg-fc0498ba88b1968e27b6961f6b1ab6cf.ctex
[  66% ] savepack | Storing File: res://assets/ui/icons/skills/ground_fissure.svg.import
[  66% ] savepack | Storing File: res://.godot/imported/heavens_fist.svg-07c577e39ebd06f416a7751e2bdc3351.ctex
[  66% ] savepack | Storing File: res://assets/ui/icons/skills/heavens_fist.svg.import
[  66% ] savepack | Storing File: res://.godot/imported/hunters_mark.svg-331b100e9144ab6fbc430de601e7ccc7.ctex
[  66% ] savepack | Storing File: res://assets/ui/icons/skills/hunters_mark.svg.import
[  66% ] savepack | Storing File: res://.godot/imported/inner_fire.svg-b416353f7bb8ecbc628156e6480730a3.ctex
[  66% ] savepack | Storing File: res://assets/ui/icons/skills/inner_fire.svg.import
[  66% ] savepack | Storing File: res://.godot/imported/iron_bulwark.svg-1e59fc39821faed842cbecf6b7226d63.ctex
[  66% ] savepack | Storing File: res://assets/ui/icons/skills/iron_bulwark.svg.import
[  66% ] savepack | Storing File: res://.godot/imported/iron_skin.svg-1042428e08fb0fb7d05ff96dfa7a83a8.ctex
[  66% ] savepack | Storing File: res://assets/ui/icons/skills/iron_skin.svg.import
[  66% ] savepack | Storing File: res://.godot/imported/judgment.svg-ffdcbadc4f0858a3d8ef415ab1550d17.ctex
[  66% ] savepack | Storing File: res://assets/ui/icons/skills/judgment.svg.import
[  66% ] savepack | Storing File: res://.godot/imported/keen_eye.svg-27520a87978a128105560883b2bf4c6f.ctex
[  66% ] savepack | Storing File: res://assets/ui/icons/skills/keen_eye.svg.import
[  66% ] savepack | Storing File: res://.godot/imported/leap_slam.svg-566f2d99bd405831cd341a68b83a86e9.ctex
[  66% ] savepack | Storing File: res://assets/ui/icons/skills/leap_slam.svg.import
[  66% ] savepack | Storing File: res://.godot/imported/lethality.svg-a601c0acd31dd4a5543e73ad5ba99b49.ctex
[  66% ] savepack | Storing File: res://assets/ui/icons/skills/lethality.svg.import
[  66% ] savepack | Storing File: res://.godot/imported/light_feet.svg-5b12fc7e5b027483fa45de9e6608c712.ctex
[  66% ] savepack | Storing File: res://assets/ui/icons/skills/light_feet.svg.import
[  66% ] savepack | Storing File: res://.godot/imported/mana_shield.svg-92d1aed70d7f66eef8ee5a953266584c.ctex
[  66% ] savepack | Storing File: res://assets/ui/icons/skills/mana_shield.svg.import
[  66% ] savepack | Storing File: res://.godot/imported/meteor.svg-07dc39a3c9248559f89eb9319558d34e.ctex
[  66% ] savepack | Storing File: res://assets/ui/icons/skills/meteor.svg.import
[  66% ] savepack | Storing File: res://.godot/imported/multishot.svg-d6aa705e10c62c150879a31d3d428d0f.ctex
[  66% ] savepack | Storing File: res://assets/ui/icons/skills/multishot.svg.import
[  66% ] savepack | Storing File: res://.godot/imported/oathbound.svg-52846dd7e3f9b419dcbc38e90d72b0bd.ctex
[  66% ] savepack | Storing File: res://assets/ui/icons/skills/oathbound.svg.import
[  66% ] savepack | Storing File: res://.godot/imported/opportunist.svg-a046bec8f033df48d37e49b495c1ebf1.ctex
[  66% ] savepack | Storing File: res://assets/ui/icons/skills/opportunist.svg.import
[  66% ] savepack | Storing File: res://.godot/imported/patient_hunter.svg-c6d866d339df8576220188b82f4062ee.ctex
[  66% ] savepack | Storing File: res://assets/ui/icons/skills/patient_hunter.svg.import
[  67% ] savepack | Storing File: res://.godot/imported/piercing_arrows.svg-f1e95923e33dce2af329dd4595105b07.ctex
[  67% ] savepack | Storing File: res://assets/ui/icons/skills/piercing_arrows.svg.import
[  67% ] savepack | Storing File: res://.godot/imported/power_shot.svg-2b19c328fce6c3ca0276ed0d99e109ea.ctex
[  67% ] savepack | Storing File: res://assets/ui/icons/skills/power_shot.svg.import
[  67% ] savepack | Storing File: res://.godot/imported/pyre_mastery.svg-f0d0b448f9812b32847bb019e06527e8.ctex
[  67% ] savepack | Storing File: res://assets/ui/icons/skills/pyre_mastery.svg.import
[  67% ] savepack | Storing File: res://.godot/imported/quickstep.svg-bb1d8004f9fdbc331de413f89ceea89b.ctex
[  67% ] savepack | Storing File: res://assets/ui/icons/skills/quickstep.svg.import
[  67% ] savepack | Storing File: res://.godot/imported/radiant_ward.svg-16074d706ad1513864ff8ca97d6c236e.ctex
[  67% ] savepack | Storing File: res://assets/ui/icons/skills/radiant_ward.svg.import
[  67% ] savepack | Storing File: res://.godot/imported/retaliation.svg-1e705e7afd40ffdb9ea3c02e0c5e8e2c.ctex
[  67% ] savepack | Storing File: res://assets/ui/icons/skills/retaliation.svg.import
[  67% ] savepack | Storing File: res://.godot/imported/ruthless.svg-62e465b03f479f57849b6b73d7319ce6.ctex
[  67% ] savepack | Storing File: res://assets/ui/icons/skills/ruthless.svg.import
[  67% ] savepack | Storing File: res://.godot/imported/second_wind.svg-d5322239962ea841a2fbe0e8c34ce5c6.ctex
[  67% ] savepack | Storing File: res://assets/ui/icons/skills/second_wind.svg.import
[  67% ] savepack | Storing File: res://.godot/imported/shadow_curse.svg-20f402a360cb191cd308163364e00ef8.ctex
[  67% ] savepack | Storing File: res://assets/ui/icons/skills/shadow_curse.svg.import
[  67% ] savepack | Storing File: res://.godot/imported/shadow_discipline.svg-a892732f1fee56e5f2295e52c9c557a7.ctex
[  67% ] savepack | Storing File: res://assets/ui/icons/skills/shadow_discipline.svg.import
[  67% ] savepack | Storing File: res://.godot/imported/shadow_step.svg-a9f5c3fe6162eaa655873e3bf7ebdca5.ctex
[  67% ] savepack | Storing File: res://assets/ui/icons/skills/shadow_step.svg.import
[  67% ] savepack | Storing File: res://.godot/imported/shield_bash.svg-5766b0a4d67035f939736cb11cea7ca4.ctex
[  67% ] savepack | Storing File: res://assets/ui/icons/skills/shield_bash.svg.import
[  67% ] savepack | Storing File: res://.godot/imported/shield_mastery.svg-5856141218b45926470dfdbb8e5612f5.ctex
[  67% ] savepack | Storing File: res://assets/ui/icons/skills/shield_mastery.svg.import
[  67% ] savepack | Storing File: res://.godot/imported/smoke_veil.svg-cbd93405a221521361e3cb2dbc7be3cd.ctex
[  67% ] savepack | Storing File: res://assets/ui/icons/skills/smoke_veil.svg.import
[  67% ] savepack | Storing File: res://.godot/imported/snare_trap.svg-299e29f34a081397260d4c7b59133373.ctex
[  67% ] savepack | Storing File: res://assets/ui/icons/skills/snare_trap.svg.import
[  67% ] savepack | Storing File: res://.godot/imported/spell_echo.svg-f204d90bcae1d7caa104167b34e75a0b.ctex
[  67% ] savepack | Storing File: res://assets/ui/icons/skills/spell_echo.svg.import
[  67% ] savepack | Storing File: res://.godot/imported/stone_spear.svg-578cb6bad64bb4788dd24e9521952531.ctex
[  67% ] savepack | Storing File: res://assets/ui/icons/skills/stone_spear.svg.import
[  67% ] savepack | Storing File: res://.godot/imported/storm_javelin.svg-f2d5b7dd7ec9a044f21253646e50ab3b.ctex
[  67% ] savepack | Storing File: res://assets/ui/icons/skills/storm_javelin.svg.import
[  68% ] savepack | Storing File: res://.godot/imported/storm_mastery.svg-0633a886b116e63d64433d6635a345aa.ctex
[  68% ] savepack | Storing File: res://assets/ui/icons/skills/storm_mastery.svg.import
[  68% ] savepack | Storing File: res://.godot/imported/survivalist.svg-b3c06f026234484b932ee069f38632fb.ctex
[  68% ] savepack | Storing File: res://assets/ui/icons/skills/survivalist.svg.import
[  68% ] savepack | Storing File: res://.godot/imported/tempo_ar_disengage.svg-da5b14fa3a8bfc64b5fd59d1027899ac.ctex
[  68% ] savepack | Storing File: res://assets/ui/icons/skills/tempo_ar_disengage.svg.import
[  68% ] savepack | Storing File: res://.godot/imported/tempo_ar_frost.svg-aeddeae3327f58e79a843b2f4b5f419f.ctex
[  68% ] savepack | Storing File: res://assets/ui/icons/skills/tempo_ar_frost.svg.import
[  68% ] savepack | Storing File: res://.godot/imported/tempo_ar_mend.svg-a61af778d26f59fda21e61ceb2ea34be.ctex
[  68% ] savepack | Storing File: res://assets/ui/icons/skills/tempo_ar_mend.svg.import
[  68% ] savepack | Storing File: res://.godot/imported/tempo_ar_pierce.svg-2eb543ea80cf25e64814757b650e9e33.ctex
[  68% ] savepack | Storing File: res://assets/ui/icons/skills/tempo_ar_pierce.svg.import
[  68% ] savepack | Storing File: res://.godot/imported/tempo_ar_trap.svg-69502dc9a6c15cc7e81bc87b496b9026.ctex
[  68% ] savepack | Storing File: res://assets/ui/icons/skills/tempo_ar_trap.svg.import
[  68% ] savepack | Storing File: res://.godot/imported/tempo_ar_volley.svg-b9a3cbe099f11131265c9f4eaf84aec2.ctex
[  68% ] savepack | Storing File: res://assets/ui/icons/skills/tempo_ar_volley.svg.import
[  68% ] savepack | Storing File: res://.godot/imported/tempo_lg_bastion.svg-76b2b954b217554552ae4c4532ec0cc2.ctex
[  68% ] savepack | Storing File: res://assets/ui/icons/skills/tempo_lg_bastion.svg.import
[  68% ] savepack | Storing File: res://.godot/imported/tempo_lg_cinderfall.svg-06e90339ba02eedd7726ea68057dddaf.ctex
[  68% ] savepack | Storing File: res://assets/ui/icons/skills/tempo_lg_cinderfall.svg.import
[  68% ] savepack | Storing File: res://.godot/imported/tempo_lg_dawn.svg-db06532ad0f71bf396cda6a2a513df19.ctex
[  68% ] savepack | Storing File: res://assets/ui/icons/skills/tempo_lg_dawn.svg.import
[  68% ] savepack | Storing File: res://.godot/imported/tempo_lg_nightfall.svg-fa019fcbddb2cc9ad3c7a1424ea00e59.ctex
[  68% ] savepack | Storing File: res://assets/ui/icons/skills/tempo_lg_nightfall.svg.import
[  68% ] savepack | Storing File: res://.godot/imported/tempo_lg_sanctuary.svg-41ec41380be724d550b5a1bcd90dc117.ctex
[  68% ] savepack | Storing File: res://assets/ui/icons/skills/tempo_lg_sanctuary.svg.import
[  68% ] savepack | Storing File: res://.godot/imported/tempo_lg_stormbreak.svg-0dba5d0fc94ce5e499072b8b985de73a.ctex
[  68% ] savepack | Storing File: res://assets/ui/icons/skills/tempo_lg_stormbreak.svg.import
[  68% ] savepack | Storing File: res://.godot/imported/tempo_my_bolt.svg-38b587461a4548e54921e67429131fb0.ctex
[  68% ] savepack | Storing File: res://assets/ui/icons/skills/tempo_my_bolt.svg.import
[  68% ] savepack | Storing File: res://.godot/imported/tempo_my_chain.svg-b5250f244b0df5c6f0f4e6a00926fe3f.ctex
[  68% ] savepack | Storing File: res://assets/ui/icons/skills/tempo_my_chain.svg.import
[  68% ] savepack | Storing File: res://.godot/imported/tempo_my_nova.svg-749ad2990754f2dc110f66a63fff14de.ctex
[  68% ] savepack | Storing File: res://assets/ui/icons/skills/tempo_my_nova.svg.import
[  68% ] savepack | Storing File: res://.godot/imported/tempo_my_ward.svg-fb13cda4c0c65fa1949de51c46e076e7.ctex
[  68% ] savepack | Storing File: res://assets/ui/icons/skills/tempo_my_ward.svg.import
[  68% ] savepack | Storing File: res://.godot/imported/tempo_sw_challenge.svg-fe16b781181d06cd4b2beccc9d4d777d.ctex
[  68% ] savepack | Storing File: res://assets/ui/icons/skills/tempo_sw_challenge.svg.import
[  69% ] savepack | Storing File: res://.godot/imported/tempo_sw_charge.svg-caced1c8cccaa5ac32e2bc1426d2d840.ctex
[  69% ] savepack | Storing File: res://assets/ui/icons/skills/tempo_sw_charge.svg.import
[  69% ] savepack | Storing File: res://.godot/imported/tempo_sw_cleave.svg-fbad675848b7f65fb2adae2baa582e09.ctex
[  69% ] savepack | Storing File: res://assets/ui/icons/skills/tempo_sw_cleave.svg.import
[  69% ] savepack | Storing File: res://.godot/imported/tempo_sw_mend.svg-1ee03a2a34b96b4fd36ef5fd580871b8.ctex
[  69% ] savepack | Storing File: res://assets/ui/icons/skills/tempo_sw_mend.svg.import
[  69% ] savepack | Storing File: res://.godot/imported/tempo_sw_rally.svg-5b90375632b705117647fbc25e7e68d1.ctex
[  69% ] savepack | Storing File: res://assets/ui/icons/skills/tempo_sw_rally.svg.import
[  69% ] savepack | Storing File: res://.godot/imported/tempo_sw_whirl.svg-f7c764ef4f65c4ee8c9a54193d935b48.ctex
[  69% ] savepack | Storing File: res://assets/ui/icons/skills/tempo_sw_whirl.svg.import
[  69% ] savepack | Storing File: res://.godot/imported/tempo_th_fan.svg-7b01456ae41cfbba2f6bd1b7fbfdd05e.ctex
[  69% ] savepack | Storing File: res://assets/ui/icons/skills/tempo_th_fan.svg.import
[  69% ] savepack | Storing File: res://.godot/imported/tempo_th_finish.svg-c3050e7ebef9d06edf8187d8816a1c05.ctex
[  69% ] savepack | Storing File: res://assets/ui/icons/skills/tempo_th_finish.svg.import
[  69% ] savepack | Storing File: res://.godot/imported/tempo_th_remedy.svg-cfde6ad7ed6cf7897e7d55bef674f0fa.ctex
[  69% ] savepack | Storing File: res://assets/ui/icons/skills/tempo_th_remedy.svg.import
[  69% ] savepack | Storing File: res://.godot/imported/tempo_th_shadowstep.svg-2e63aba24dc3c5ff74e4b3c3550c6a35.ctex
[  69% ] savepack | Storing File: res://assets/ui/icons/skills/tempo_th_shadowstep.svg.import
[  69% ] savepack | Storing File: res://.godot/imported/tempo_th_smoke.svg-57c75ad4288b4f7f892433143fbe8ccd.ctex
[  69% ] savepack | Storing File: res://assets/ui/icons/skills/tempo_th_smoke.svg.import
[  69% ] savepack | Storing File: res://.godot/imported/tempo_th_venom.svg-d9f96f1a64077e7f61dc69ee1f2936c5.ctex
[  69% ] savepack | Storing File: res://assets/ui/icons/skills/tempo_th_venom.svg.import
[  69% ] savepack | Storing File: res://.godot/imported/tempo_wd_aegis.svg-f3c2326af7f546a3d3b2e00631a3aa5a.ctex
[  69% ] savepack | Storing File: res://assets/ui/icons/skills/tempo_wd_aegis.svg.import
[  69% ] savepack | Storing File: res://.godot/imported/tempo_wd_bash.svg-769596af02b8e5d3cd30edaab5cba6ca.ctex
[  69% ] savepack | Storing File: res://assets/ui/icons/skills/tempo_wd_bash.svg.import
[  69% ] savepack | Storing File: res://.godot/imported/tempo_wd_oath.svg-d92b7dc111fefbe075e4bf24986797cb.ctex
[  69% ] savepack | Storing File: res://assets/ui/icons/skills/tempo_wd_oath.svg.import
[  69% ] savepack | Storing File: res://.godot/imported/tempo_wd_quake.svg-96506f773281ae0f1686aced333e28dc.ctex
[  69% ] savepack | Storing File: res://assets/ui/icons/skills/tempo_wd_quake.svg.import
[  69% ] savepack | Storing File: res://.godot/imported/tidal_wave.svg-d10a2c15a664f2aeb8c9a50d4c98831f.ctex
[  69% ] savepack | Storing File: res://assets/ui/icons/skills/tidal_wave.svg.import
[  69% ] savepack | Storing File: res://.godot/imported/tide_stone_mastery.svg-7f793d772af85b697b3342ce27d00cea.ctex
[  69% ] savepack | Storing File: res://assets/ui/icons/skills/tide_stone_mastery.svg.import
[  69% ] savepack | Storing File: res://.godot/imported/toughness.svg-a13e5daf03aebe0197267f82fbd3538f.ctex
[  69% ] savepack | Storing File: res://assets/ui/icons/skills/toughness.svg.import
[  70% ] savepack | Storing File: res://.godot/imported/trapmaster.svg-f8e19507156dfa9fa72eb6381b91d7cf.ctex
[  70% ] savepack | Storing File: res://assets/ui/icons/skills/trapmaster.svg.import
[  70% ] savepack | Storing File: res://.godot/imported/twin_fang.svg-4f6ceccb9957a9e212ec1ce9e787470f.ctex
[  70% ] savepack | Storing File: res://assets/ui/icons/skills/twin_fang.svg.import
[  70% ] savepack | Storing File: res://.godot/imported/vault.svg-63ac6b98dabcb6c412df8a4c88e529e4.ctex
[  70% ] savepack | Storing File: res://assets/ui/icons/skills/vault.svg.import
[  70% ] savepack | Storing File: res://.godot/imported/venomcraft.svg-2dd91bc76361a3fa8fbfe030a5a489c4.ctex
[  70% ] savepack | Storing File: res://assets/ui/icons/skills/venomcraft.svg.import
[  70% ] savepack | Storing File: res://.godot/imported/venom_strike.svg-c436a39edd3fb09d00d4fb433a132e6b.ctex
[  70% ] savepack | Storing File: res://assets/ui/icons/skills/venom_strike.svg.import
[  70% ] savepack | Storing File: res://.godot/imported/war_cry.svg-b3be8ff86203c8ee69a2ec1f3e57e970.ctex
[  70% ] savepack | Storing File: res://assets/ui/icons/skills/war_cry.svg.import
[  70% ] savepack | Storing File: res://.godot/imported/whirlwind.svg-23b99292defb44f938b33a44dfd8989a.ctex
[  70% ] savepack | Storing File: res://assets/ui/icons/skills/whirlwind.svg.import
[  70% ] savepack | Storing File: res://.godot/imported/zeal.svg-4629e357b21b5ea5a587e71ca9549863.ctex
[  70% ] savepack | Storing File: res://assets/ui/icons/skills/zeal.svg.import
[  70% ] savepack | Storing File: res://.godot/imported/arcane_charge.svg-5c79cc7ab06772261fa728878f4bf1a1.ctex
[  70% ] savepack | Storing File: res://assets/ui/icons/status/arcane_charge.svg.import
[  70% ] savepack | Storing File: res://.godot/imported/armor_broken.svg-34e2564e5629eebccf0b32272a0a5749.ctex
[  70% ] savepack | Storing File: res://assets/ui/icons/status/armor_broken.svg.import
[  70% ] savepack | Storing File: res://.godot/imported/aura_cinders.svg-063d1f2162d5eb22d93260fda379f41a.ctex
[  70% ] savepack | Storing File: res://assets/ui/icons/status/aura_cinders.svg.import
[  70% ] savepack | Storing File: res://.godot/imported/aura_clarity.svg-b8acccda4f3eb6ddad7f09984059f30a.ctex
[  70% ] savepack | Storing File: res://assets/ui/icons/status/aura_clarity.svg.import
[  70% ] savepack | Storing File: res://.godot/imported/aura_defiance.svg-f7b1d523eacdb9691b1236df7af363a1.ctex
[  70% ] savepack | Storing File: res://assets/ui/icons/status/aura_defiance.svg.import
[  70% ] savepack | Storing File: res://.godot/imported/aura_fervor.svg-5e6b1af1996d2f24b4622eb51d7bdb02.ctex
[  70% ] savepack | Storing File: res://assets/ui/icons/status/aura_fervor.svg.import
[  70% ] savepack | Storing File: res://.godot/imported/aura_mending.svg-84df3e658bcda998608e5bf930818320.ctex
[  70% ] savepack | Storing File: res://assets/ui/icons/status/aura_mending.svg.import
[  70% ] savepack | Storing File: res://.godot/imported/aura_might.svg-19bc8f2299a8fe6c2e88bcf866c8926f.ctex
[  70% ] savepack | Storing File: res://assets/ui/icons/status/aura_might.svg.import
[  70% ] savepack | Storing File: res://.godot/imported/aura_thorns.svg-b17198e6552c11de37793025206ec177.ctex
[  70% ] savepack | Storing File: res://assets/ui/icons/status/aura_thorns.svg.import
[  70% ] savepack | Storing File: res://.godot/imported/aura_winter.svg-a0c53e284629d7039df25034efd1f8b4.ctex
[  70% ] savepack | Storing File: res://assets/ui/icons/status/aura_winter.svg.import
[  70% ] savepack | Storing File: res://.godot/imported/badly_hurt.svg-74b6e5904687917a3ee57368b38b00bb.ctex
[  70% ] savepack | Storing File: res://assets/ui/icons/status/badly_hurt.svg.import
[  71% ] savepack | Storing File: res://.godot/imported/bleeding.svg-004a446633e61f8a60801dd9ff45f4c8.ctex
[  71% ] savepack | Storing File: res://assets/ui/icons/status/bleeding.svg.import
[  71% ] savepack | Storing File: res://.godot/imported/bone_ward.svg-4e774f03a2eb90360cdb3a77097f0a61.ctex
[  71% ] savepack | Storing File: res://assets/ui/icons/status/bone_ward.svg.import
[  71% ] savepack | Storing File: res://.godot/imported/burning.svg-331d192c0de6a7d03f74be05abff3758.ctex
[  71% ] savepack | Storing File: res://assets/ui/icons/status/burning.svg.import
[  71% ] savepack | Storing File: res://.godot/imported/chilled.svg-768b833243a82c5b6c3fd57abc19a0fb.ctex
[  71% ] savepack | Storing File: res://assets/ui/icons/status/chilled.svg.import
[  71% ] savepack | Storing File: res://.godot/imported/cursed.svg-9585ce5ead867cbcec6470d61c623b41.ctex
[  71% ] savepack | Storing File: res://assets/ui/icons/status/cursed.svg.import
[  71% ] savepack | Storing File: res://.godot/imported/dazzled.svg-edf39001eea49f69133def94ba2df002.ctex
[  71% ] savepack | Storing File: res://assets/ui/icons/status/dazzled.svg.import
[  71% ] savepack | Storing File: res://.godot/imported/demoralized.svg-a3b6edd4e80538fa1f7d2b7e9ada4c48.ctex
[  71% ] savepack | Storing File: res://assets/ui/icons/status/demoralized.svg.import
[  71% ] savepack | Storing File: res://.godot/imported/empowered.svg-28996d77550fd856f556d6ec33790fe2.ctex
[  71% ] savepack | Storing File: res://assets/ui/icons/status/empowered.svg.import
[  71% ] savepack | Storing File: res://.godot/imported/enfeebled.svg-7749c4c410819e40ae372f86da5dff57.ctex
[  71% ] savepack | Storing File: res://assets/ui/icons/status/enfeebled.svg.import
[  71% ] savepack | Storing File: res://.godot/imported/feared.svg-8b8712f7c073c5f46e4dfe829ff23d26.ctex
[  71% ] savepack | Storing File: res://assets/ui/icons/status/feared.svg.import
[  71% ] savepack | Storing File: res://.godot/imported/fortified.svg-40554d0bbe1f73f0fefa4d836d5093a0.ctex
[  71% ] savepack | Storing File: res://assets/ui/icons/status/fortified.svg.import
[  71% ] savepack | Storing File: res://.godot/imported/frenzy.svg-01b21173abc2b548a976c62cbec38999.ctex
[  71% ] savepack | Storing File: res://assets/ui/icons/status/frenzy.svg.import
[  71% ] savepack | Storing File: res://.godot/imported/frozen.svg-5511e4490b07fe2e7de50049b959c078.ctex
[  71% ] savepack | Storing File: res://assets/ui/icons/status/frozen.svg.import
[  71% ] savepack | Storing File: res://.godot/imported/grievous.svg-b382923efdc1607d341e8b5642d2fe30.ctex
[  71% ] savepack | Storing File: res://assets/ui/icons/status/grievous.svg.import
[  71% ] savepack | Storing File: res://.godot/imported/guard.svg-7b996491fea6d322278f73e3a4751ea2.ctex
[  71% ] savepack | Storing File: res://assets/ui/icons/status/guard.svg.import
[  71% ] savepack | Storing File: res://.godot/imported/haste.svg-ebe073e9186be5a39d430484880f91f7.ctex
[  71% ] savepack | Storing File: res://assets/ui/icons/status/haste.svg.import
[  71% ] savepack | Storing File: res://.godot/imported/keen.svg-20bd3eed432c4c9d90825f5fa046babf.ctex
[  71% ] savepack | Storing File: res://assets/ui/icons/status/keen.svg.import
[  71% ] savepack | Storing File: res://.godot/imported/marked.svg-4c58bbe394684ea6e281f1eb27f938a5.ctex
[  71% ] savepack | Storing File: res://assets/ui/icons/status/marked.svg.import
[  71% ] savepack | Storing File: res://.godot/imported/overcharged.svg-4a46f43c49516b8d28b258bc6b5884d0.ctex
[  71% ] savepack | Storing File: res://assets/ui/icons/status/overcharged.svg.import
[  72% ] savepack | Storing File: res://.godot/imported/poised.svg-5bc36f9c97f72e32d210c054050f7ce1.ctex
[  72% ] savepack | Storing File: res://assets/ui/icons/status/poised.svg.import
[  72% ] savepack | Storing File: res://.godot/imported/poisoned.svg-ce7eecec3d1b62fde20f71eb6bd763f5.ctex
[  72% ] savepack | Storing File: res://assets/ui/icons/status/poisoned.svg.import
[  72% ] savepack | Storing File: res://.godot/imported/purged.svg-4ffdd87a3c43dd419f1ba32b1bc46137.ctex
[  72% ] savepack | Storing File: res://assets/ui/icons/status/purged.svg.import
[  72% ] savepack | Storing File: res://.godot/imported/regen.svg-df24d17245b497713746691cfd113528.ctex
[  72% ] savepack | Storing File: res://assets/ui/icons/status/regen.svg.import
[  72% ] savepack | Storing File: res://.godot/imported/resolute.svg-cd3700d012ea3de3bd7dca99fb320b81.ctex
[  72% ] savepack | Storing File: res://assets/ui/icons/status/resolute.svg.import
[  72% ] savepack | Storing File: res://.godot/imported/rune_immune.svg-b031602381b88419e378ae11755b285b.ctex
[  72% ] savepack | Storing File: res://assets/ui/icons/status/rune_immune.svg.import
[  72% ] savepack | Storing File: res://.godot/imported/shielded.svg-d9cc936f5a61609a7ba1c365cf3a2def.ctex
[  72% ] savepack | Storing File: res://assets/ui/icons/status/shielded.svg.import
[  72% ] savepack | Storing File: res://.godot/imported/shocked.svg-e846c9d376325b96d953c6102552b4d3.ctex
[  72% ] savepack | Storing File: res://assets/ui/icons/status/shocked.svg.import
[  72% ] savepack | Storing File: res://.godot/imported/silenced.svg-621a0f8be3d43756c521ea3c9527329c.ctex
[  72% ] savepack | Storing File: res://assets/ui/icons/status/silenced.svg.import
[  72% ] savepack | Storing File: res://.godot/imported/slowed.svg-ba580a7dbd725404a30ec52624311d73.ctex
[  72% ] savepack | Storing File: res://assets/ui/icons/status/slowed.svg.import
[  72% ] savepack | Storing File: res://.godot/imported/spirit_ward.svg-fa73b8f1b035e1a20806e1f5611684da.ctex
[  72% ] savepack | Storing File: res://assets/ui/icons/status/spirit_ward.svg.import
[  72% ] savepack | Storing File: res://.godot/imported/staggered.svg-d23eaeb5683ff534a7d1f4d1e577b060.ctex
[  72% ] savepack | Storing File: res://assets/ui/icons/status/staggered.svg.import
[  72% ] savepack | Storing File: res://.godot/imported/steady.svg-c8754b29734577af1b72749c715182b9.ctex
[  72% ] savepack | Storing File: res://assets/ui/icons/status/steady.svg.import
[  72% ] savepack | Storing File: res://.godot/imported/stealth.svg-55276159412be8e76f679f4b89ba3ee6.ctex
[  72% ] savepack | Storing File: res://assets/ui/icons/status/stealth.svg.import
[  72% ] savepack | Storing File: res://.godot/imported/stunned.svg-8c8a34e36c5b9cc6bd7f6a6c3d33b809.ctex
[  72% ] savepack | Storing File: res://assets/ui/icons/status/stunned.svg.import
[  72% ] savepack | Storing File: res://.godot/imported/sundered.svg-c29dec17b6511e7c79f7d54808622dde.ctex
[  72% ] savepack | Storing File: res://assets/ui/icons/status/sundered.svg.import
[  72% ] savepack | Storing File: res://.godot/imported/titan.svg-f28330773bb9fed3970734806fa5eb6a.ctex
[  72% ] savepack | Storing File: res://assets/ui/icons/status/titan.svg.import
[  72% ] savepack | Storing File: res://.godot/imported/valor.svg-9bde6f2f41f20f11490dc464118e7085.ctex
[  72% ] savepack | Storing File: res://assets/ui/icons/status/valor.svg.import
[  73% ] savepack | Storing File: res://.godot/imported/vigor.svg-2bf1ebdf160d45daacb21b6dda71e4e7.ctex
[  73% ] savepack | Storing File: res://assets/ui/icons/status/vigor.svg.import
[  73% ] savepack | Storing File: res://.godot/imported/weakened.svg-a2d4ae317d10446554a7b1e25b9dec1b.ctex
[  73% ] savepack | Storing File: res://assets/ui/icons/status/weakened.svg.import
[  73% ] savepack | Storing File: res://.godot/imported/webbed.svg-9dc49fe1f6fcd63b7b62e6b7281ca6e3.ctex
[  73% ] savepack | Storing File: res://assets/ui/icons/status/webbed.svg.import
[  73% ] savepack | Storing File: res://.godot/imported/wet.svg-634f5f67476242fe095a116a8ee31fb0.ctex
[  73% ] savepack | Storing File: res://assets/ui/icons/status/wet.svg.import
[  73% ] savepack | Storing File: res://.godot/imported/windstep.svg-8b9796addcd281ce858847e6eed7bd86.ctex
[  73% ] savepack | Storing File: res://assets/ui/icons/status/windstep.svg.import
[  73% ] savepack | Storing File: res://.godot/imported/windswept.svg-9a3fdb624b10b8ef5b12923f3aac0ea5.ctex
[  73% ] savepack | Storing File: res://assets/ui/icons/status/windswept.svg.import
[  73% ] savepack | Storing File: res://.godot/imported/arcane_mind.svg-a1dfbf0d6775fb48436dfbea3842cf63.ctex
[  73% ] savepack | Storing File: res://assets/ui/icons/talents/arcane_mind.svg.import
[  73% ] savepack | Storing File: res://.godot/imported/armor.svg-f0e36bed27806b5bda2a4d189e9357ee.ctex
[  73% ] savepack | Storing File: res://assets/ui/icons/talents/armor.svg.import
[  73% ] savepack | Storing File: res://.godot/imported/block_mana.svg-e5cdb5e073a09e5763599fa00ff61a7b.ctex
[  73% ] savepack | Storing File: res://assets/ui/icons/talents/block_mana.svg.import
[  73% ] savepack | Storing File: res://.godot/imported/bulwark.svg-36a16f3e1c934dcd0dc00568f90d3703.ctex
[  73% ] savepack | Storing File: res://assets/ui/icons/talents/bulwark.svg.import
[  73% ] savepack | Storing File: res://.godot/imported/burning_spread.svg-2801eede58e8281952adbcc112e4a8eb.ctex
[  73% ] savepack | Storing File: res://assets/ui/icons/talents/burning_spread.svg.import
[  73% ] savepack | Storing File: res://.godot/imported/conduit.svg-af71d6404573841c130a5d4ec677dd6a.ctex
[  73% ] savepack | Storing File: res://assets/ui/icons/talents/conduit.svg.import
[  73% ] savepack | Storing File: res://.godot/imported/counter.svg-4219a49b8666ef3132b8edb5efafbfbc.ctex
[  73% ] savepack | Storing File: res://assets/ui/icons/talents/counter.svg.import
[  73% ] savepack | Storing File: res://.godot/imported/crit.svg-caf270321442c453f3455dacf0c557c0.ctex
[  73% ] savepack | Storing File: res://assets/ui/icons/talents/crit.svg.import
[  73% ] savepack | Storing File: res://.godot/imported/crit_cooldown.svg-f93a7cfbedb842dba5950fefcc32fd45.ctex
[  73% ] savepack | Storing File: res://assets/ui/icons/talents/crit_cooldown.svg.import
[  73% ] savepack | Storing File: res://.godot/imported/elemental_focus.svg-c9662b6ae348c808707eca3ffc301441.ctex
[  73% ] savepack | Storing File: res://assets/ui/icons/talents/elemental_focus.svg.import
[  73% ] savepack | Storing File: res://.godot/imported/fire_res.svg-0560cdac69d052820188ea2d4ef88275.ctex
[  73% ] savepack | Storing File: res://assets/ui/icons/talents/fire_res.svg.import
[  73% ] savepack | Storing File: res://.godot/imported/frozen_impact.svg-de8f3f59324dcbf09072b3eb9c01db96.ctex
[  73% ] savepack | Storing File: res://assets/ui/icons/talents/frozen_impact.svg.import
[  73% ] savepack | Storing File: res://.godot/imported/heavy_hands.svg-063110190ce084854e4269a39530c329.ctex
[  73% ] savepack | Storing File: res://assets/ui/icons/talents/heavy_hands.svg.import
[  74% ] savepack | Storing File: res://.godot/imported/keystone_archmage.svg-47be40d67c0140478f93cca9f45a0e25.ctex
[  74% ] savepack | Storing File: res://assets/ui/icons/talents/keystone_archmage.svg.import
[  74% ] savepack | Storing File: res://.godot/imported/keystone_deathmark.svg-02726d47d8618a681d4d050a5c8568b1.ctex
[  74% ] savepack | Storing File: res://assets/ui/icons/talents/keystone_deathmark.svg.import
[  74% ] savepack | Storing File: res://.godot/imported/keystone_elemental_overload.svg-a16653b693be9db5cbaa3fa25a04a45d.ctex
[  74% ] savepack | Storing File: res://assets/ui/icons/talents/keystone_elemental_overload.svg.import
[  74% ] savepack | Storing File: res://.godot/imported/keystone_juggernaut.svg-94ac75f890ca15646d0e554ae5dc4260.ctex
[  74% ] savepack | Storing File: res://assets/ui/icons/talents/keystone_juggernaut.svg.import
[  74% ] savepack | Storing File: res://.godot/imported/keystone_phantom.svg-505a81436afab381cd2ec2e2a10202f6.ctex
[  74% ] savepack | Storing File: res://assets/ui/icons/talents/keystone_phantom.svg.import
[  74% ] savepack | Storing File: res://.godot/imported/keystone_plague.svg-48a0b70394ce983c07f8b6921e5bb74d.ctex
[  74% ] savepack | Storing File: res://assets/ui/icons/talents/keystone_plague.svg.import
[  74% ] savepack | Storing File: res://.godot/imported/keystone_sniper.svg-8a604072c8fe9abeaa0dc7b0078e86a0.ctex
[  74% ] savepack | Storing File: res://assets/ui/icons/talents/keystone_sniper.svg.import
[  74% ] savepack | Storing File: res://.godot/imported/keystone_traplord.svg-f02aa9271273c4979d9ff3c722713e40.ctex
[  74% ] savepack | Storing File: res://assets/ui/icons/talents/keystone_traplord.svg.import
[  74% ] savepack | Storing File: res://.godot/imported/keystone_unbreakable.svg-97a3924da4f297910bbe55319929b0bb.ctex
[  74% ] savepack | Storing File: res://assets/ui/icons/talents/keystone_unbreakable.svg.import
[  74% ] savepack | Storing File: res://.godot/imported/keystone_windrunner.svg-9546dc66cd3b4f108b18337736f818ce.ctex
[  74% ] savepack | Storing File: res://assets/ui/icons/talents/keystone_windrunner.svg.import
[  74% ] savepack | Storing File: res://.godot/imported/mana_flow.svg-23391ae29699495adc3a74990a245745.ctex
[  74% ] savepack | Storing File: res://assets/ui/icons/talents/mana_flow.svg.import
[  74% ] savepack | Storing File: res://.godot/imported/minor_agi.svg-39d9e33dbf2ec79d50bff7b35d04deef.ctex
[  74% ] savepack | Storing File: res://assets/ui/icons/talents/minor_agi.svg.import
[  74% ] savepack | Storing File: res://.godot/imported/minor_dex.svg-bbf1ae7ce3a32956baf4adfb768d2edc.ctex
[  74% ] savepack | Storing File: res://assets/ui/icons/talents/minor_dex.svg.import
[  74% ] savepack | Storing File: res://.godot/imported/minor_int.svg-c19135086aa3c0a4e3eec83a7aed4b47.ctex
[  74% ] savepack | Storing File: res://assets/ui/icons/talents/minor_int.svg.import
[  74% ] savepack | Storing File: res://.godot/imported/minor_spi.svg-4cc04f74ae602795aeebb7d040096344.ctex
[  74% ] savepack | Storing File: res://assets/ui/icons/talents/minor_spi.svg.import
[  74% ] savepack | Storing File: res://.godot/imported/minor_str.svg-813b10bea5c4855112978e7ca20e138c.ctex
[  74% ] savepack | Storing File: res://assets/ui/icons/talents/minor_str.svg.import
[  74% ] savepack | Storing File: res://.godot/imported/minor_wis.svg-0ee24e707b5038510addba639fd7cdd1.ctex
[  74% ] savepack | Storing File: res://assets/ui/icons/talents/minor_wis.svg.import
[  74% ] savepack | Storing File: res://.godot/imported/momentum.svg-893564382a0a3f82e1b32ce59b35b66e.ctex
[  74% ] savepack | Storing File: res://assets/ui/icons/talents/momentum.svg.import
[  75% ] savepack | Storing File: res://.godot/imported/permafrost.svg-7a32eba3c164af7f4bb00d28451ff522.ctex
[  75% ] savepack | Storing File: res://assets/ui/icons/talents/permafrost.svg.import
[  75% ] savepack | Storing File: res://.godot/imported/pyromancy.svg-f01b8d9b790ea1d57901b2a1d545ffab.ctex
[  75% ] savepack | Storing File: res://assets/ui/icons/talents/pyromancy.svg.import
[  75% ] savepack | Storing File: res://.godot/imported/radiance.svg-0126334305de86b150ae79c7b7756ffb.ctex
[  75% ] savepack | Storing File: res://assets/ui/icons/talents/radiance.svg.import
[  75% ] savepack | Storing File: res://.godot/imported/r_bow.svg-41168897ec0a24403f73988c779fb5ea.ctex
[  75% ] savepack | Storing File: res://assets/ui/icons/talents/r_bow.svg.import
[  75% ] savepack | Storing File: res://.godot/imported/r_crit.svg-14298ca0e2bd5322a6cf7f2b83599578.ctex
[  75% ] savepack | Storing File: res://assets/ui/icons/talents/r_crit.svg.import
[  75% ] savepack | Storing File: res://.godot/imported/r_dex.svg-b2f55f85c4b04ed4e5f434827e414993.ctex
[  75% ] savepack | Storing File: res://assets/ui/icons/talents/r_dex.svg.import
[  75% ] savepack | Storing File: res://.godot/imported/r_elemental_arrows.svg-575495e02705a1b22361a8eeebe29f5a.ctex
[  75% ] savepack | Storing File: res://assets/ui/icons/talents/r_elemental_arrows.svg.import
[  75% ] savepack | Storing File: res://.godot/imported/r_evasion.svg-5e5fc2c15613fde910e15ab9ae495070.ctex
[  75% ] savepack | Storing File: res://assets/ui/icons/talents/r_evasion.svg.import
[  75% ] savepack | Storing File: res://.godot/imported/r_focus.svg-50630a309e0945cec96b1fd0c47242ae.ctex
[  75% ] savepack | Storing File: res://assets/ui/icons/talents/r_focus.svg.import
[  75% ] savepack | Storing File: res://.godot/imported/r_speed.svg-bf25abc9db42402a23252bbeb0dcc399.ctex
[  75% ] savepack | Storing File: res://assets/ui/icons/talents/r_speed.svg.import
[  75% ] savepack | Storing File: res://.godot/imported/r_traps.svg-664617f135196e4a282fbfcd58864a54.ctex
[  75% ] savepack | Storing File: res://assets/ui/icons/talents/r_traps.svg.import
[  75% ] savepack | Storing File: res://.godot/imported/shadow.svg-0aa69ae98329edbacfc8c7e781d7c410.ctex
[  75% ] savepack | Storing File: res://assets/ui/icons/talents/shadow.svg.import
[  75% ] savepack | Storing File: res://.godot/imported/storm.svg-e8e568766e39e760cb739ccc68a0635a.ctex
[  75% ] savepack | Storing File: res://assets/ui/icons/talents/storm.svg.import
[  75% ] savepack | Storing File: res://.godot/imported/sword_mastery.svg-f95bc7bf7da88544491e065320c92203.ctex
[  75% ] savepack | Storing File: res://assets/ui/icons/talents/sword_mastery.svg.import
[  75% ] savepack | Storing File: res://.godot/imported/s_agi.svg-94fafc2a0dea04c8600860a1bcf62a99.ctex
[  75% ] savepack | Storing File: res://assets/ui/icons/talents/s_agi.svg.import
[  75% ] savepack | Storing File: res://.godot/imported/s_bleed.svg-57fdc3e1702ad7c2d220b1018320456a.ctex
[  75% ] savepack | Storing File: res://assets/ui/icons/talents/s_bleed.svg.import
[  75% ] savepack | Storing File: res://.godot/imported/s_combo.svg-a89a2a7a62162b9421a279dfb233e0c9.ctex
[  75% ] savepack | Storing File: res://assets/ui/icons/talents/s_combo.svg.import
[  75% ] savepack | Storing File: res://.godot/imported/s_crit.svg-592a16a5fad2dd9932b876aa686039bc.ctex
[  75% ] savepack | Storing File: res://assets/ui/icons/talents/s_crit.svg.import
[  75% ] savepack | Storing File: res://.godot/imported/s_dagger.svg-a76d132c4aa69bba9f597e0b333913a8.ctex
[  75% ] savepack | Storing File: res://assets/ui/icons/talents/s_dagger.svg.import
[  76% ] savepack | Storing File: res://.godot/imported/s_evasion.svg-8c8146d9bb4b9b811b88c59b57a19b0a.ctex
[  76% ] savepack | Storing File: res://assets/ui/icons/talents/s_evasion.svg.import
[  76% ] savepack | Storing File: res://.godot/imported/s_poison.svg-6a1632f363bbfbca15fed9a4d623d588.ctex
[  76% ] savepack | Storing File: res://assets/ui/icons/talents/s_poison.svg.import
[  76% ] savepack | Storing File: res://.godot/imported/s_stealth.svg-df5072d4f2a11567ca51c771be98524e.ctex
[  76% ] savepack | Storing File: res://assets/ui/icons/talents/s_stealth.svg.import
[  76% ] savepack | Storing File: res://.godot/imported/tides.svg-73aba5e6732acc9c2dd58e94863304f8.ctex
[  76% ] savepack | Storing File: res://assets/ui/icons/talents/tides.svg.import
[  76% ] savepack | Storing File: res://.godot/imported/valor.svg-3373e7cb1329f452d5dde56b6eb63ec3.ctex
[  76% ] savepack | Storing File: res://assets/ui/icons/talents/valor.svg.import
[  76% ] savepack | Storing File: res://.godot/imported/vitality.svg-8db33f135a7a11ee7a29276b0d64ae18.ctex
[  76% ] savepack | Storing File: res://assets/ui/icons/talents/vitality.svg.import
[  76% ] savepack | Storing File: res://.godot/imported/aether.svg-f55f7e3e53730d26f263bb0db9ab0f80.ctex
[  76% ] savepack | Storing File: res://assets/ui/icons/ui/aether.svg.import
[  76% ] savepack | Storing File: res://.godot/imported/back.svg-6ab4cec708746f4e84e47c0774075146.ctex
[  76% ] savepack | Storing File: res://assets/ui/icons/ui/back.svg.import
[  76% ] savepack | Storing File: res://.godot/imported/buyback.svg-03d1a97591f7fee3152790e2b56629d9.ctex
[  76% ] savepack | Storing File: res://assets/ui/icons/ui/buyback.svg.import
[  76% ] savepack | Storing File: res://.godot/imported/check.svg-5d1b4a96b6ee2da76068d7cc6d654ba7.ctex
[  76% ] savepack | Storing File: res://assets/ui/icons/ui/check.svg.import
[  76% ] savepack | Storing File: res://.godot/imported/close.svg-9fc6da4805674d2a531af0f70717e58e.ctex
[  76% ] savepack | Storing File: res://assets/ui/icons/ui/close.svg.import
[  76% ] savepack | Storing File: res://.godot/imported/compare.svg-a44f5950b606fb90640171a162af5a1a.ctex
[  76% ] savepack | Storing File: res://assets/ui/icons/ui/compare.svg.import
[  76% ] savepack | Storing File: res://.godot/imported/crown.svg-c953b6d27d61d2a73ee60cbc5dc5141d.ctex
[  76% ] savepack | Storing File: res://assets/ui/icons/ui/crown.svg.import
[  76% ] savepack | Storing File: res://.godot/imported/favorite.svg-f073f269e8e47fda1d079e16de40886b.ctex
[  76% ] savepack | Storing File: res://assets/ui/icons/ui/favorite.svg.import
[  76% ] savepack | Storing File: res://.godot/imported/filter.svg-036273c4d1024e979c10092be3ed8956.ctex
[  76% ] savepack | Storing File: res://assets/ui/icons/ui/filter.svg.import
[  76% ] savepack | Storing File: res://.godot/imported/gold.svg-9906ac783f30a61875d42961873b55e2.ctex
[  76% ] savepack | Storing File: res://assets/ui/icons/ui/gold.svg.import
[  76% ] savepack | Storing File: res://.godot/imported/info.svg-f2f1db196f39cd893030585c3f2c81b7.ctex
[  76% ] savepack | Storing File: res://assets/ui/icons/ui/info.svg.import
[  76% ] savepack | Storing File: res://.godot/imported/junk.svg-a246c309f7ba40a368edca2ed3d0f8aa.ctex
[  76% ] savepack | Storing File: res://assets/ui/icons/ui/junk.svg.import
[  76% ] savepack | Storing File: res://.godot/imported/level.svg-3f3822340ebcc1baf159b05e1ff243ef.ctex
[  76% ] savepack | Storing File: res://assets/ui/icons/ui/level.svg.import
[  77% ] savepack | Storing File: res://.godot/imported/load.svg-28cf664e5fa500b9d0c5e44dc789b18c.ctex
[  77% ] savepack | Storing File: res://assets/ui/icons/ui/load.svg.import
[  77% ] savepack | Storing File: res://.godot/imported/lock.svg-281ae26a3ee635291a6097c4c0549e3c.ctex
[  77% ] savepack | Storing File: res://assets/ui/icons/ui/lock.svg.import
[  77% ] savepack | Storing File: res://.godot/imported/map.svg-76b918c82c90b0575b4aab6a7b2fceae.ctex
[  77% ] savepack | Storing File: res://assets/ui/icons/ui/map.svg.import
[  77% ] savepack | Storing File: res://.godot/imported/minus.svg-d86245de703aeba91a9173858d32b533.ctex
[  77% ] savepack | Storing File: res://assets/ui/icons/ui/minus.svg.import
[  77% ] savepack | Storing File: res://.godot/imported/plus.svg-ad43ff9ea0e49b9d4cf889299dbadafa.ctex
[  77% ] savepack | Storing File: res://assets/ui/icons/ui/plus.svg.import
[  77% ] savepack | Storing File: res://.godot/imported/quest.svg-bd6c6160bafe2d77158fc5d0c2f0a75a.ctex
[  77% ] savepack | Storing File: res://assets/ui/icons/ui/quest.svg.import
[  77% ] savepack | Storing File: res://.godot/imported/repair.svg-2167eff79fc24db1da70ec9c58d1a0c0.ctex
[  77% ] savepack | Storing File: res://assets/ui/icons/ui/repair.svg.import
[  77% ] savepack | Storing File: res://.godot/imported/save.svg-a1ccb2ab1bd8f9e353e234d95be2d4c3.ctex
[  77% ] savepack | Storing File: res://assets/ui/icons/ui/save.svg.import
[  77% ] savepack | Storing File: res://.godot/imported/search.svg-c13c0e86ca6ac58346f53cc08360d87a.ctex
[  77% ] savepack | Storing File: res://assets/ui/icons/ui/search.svg.import
[  77% ] savepack | Storing File: res://.godot/imported/settings.svg-0510018aa8a95ebce78f53e6c275861e.ctex
[  77% ] savepack | Storing File: res://assets/ui/icons/ui/settings.svg.import
[  77% ] savepack | Storing File: res://.godot/imported/shop.svg-06c0adf47b0d190c6546b37bdb45801c.ctex
[  77% ] savepack | Storing File: res://assets/ui/icons/ui/shop.svg.import
[  77% ] savepack | Storing File: res://.godot/imported/skull.svg-42854ac12d4a7c77b5143a555b8382c7.ctex
[  77% ] savepack | Storing File: res://assets/ui/icons/ui/skull.svg.import
[  77% ] savepack | Storing File: res://.godot/imported/sort.svg-a9494210c1fa23042b701a19bcc3c514.ctex
[  77% ] savepack | Storing File: res://assets/ui/icons/ui/sort.svg.import
[  77% ] savepack | Storing File: res://.godot/imported/split.svg-e3b4babe39cc4914239e6e39f563047d.ctex
[  77% ] savepack | Storing File: res://assets/ui/icons/ui/split.svg.import
[  77% ] savepack | Storing File: res://.godot/imported/talk.svg-925e5a60a2068ce4dd918d15103b0d48.ctex
[  77% ] savepack | Storing File: res://assets/ui/icons/ui/talk.svg.import
[  77% ] savepack | Storing File: res://.godot/imported/teleport.svg-dd11b3fbc48ace2a6179f53c74941302.ctex
[  77% ] savepack | Storing File: res://assets/ui/icons/ui/teleport.svg.import
[  77% ] savepack | Storing File: res://.godot/imported/trash.svg-59598d4a6316617b34a01c0f8efca44d.ctex
[  77% ] savepack | Storing File: res://assets/ui/icons/ui/trash.svg.import
[  77% ] savepack | Storing File: res://.godot/imported/warning.svg-fb87d455338b640b23db32dad005c6b3.ctex
[  77% ] savepack | Storing File: res://assets/ui/icons/ui/warning.svg.import
[  78% ] savepack | Storing File: res://.godot/imported/xp.svg-d9d5f445058990ddf962a8c33fbc06f1.ctex
[  78% ] savepack | Storing File: res://assets/ui/icons/ui/xp.svg.import
[  78% ] savepack | Storing File: res://.godot/imported/class_plinth_glow.png-bc3418bc94fe126aaec74fc85e33c754.ctex
[  78% ] savepack | Storing File: res://assets/ui/menu/class_plinth_glow.png.import
[  78% ] savepack | Storing File: res://.godot/imported/menu_frame.png-ebec9d84af43c88e19f2ebd4d7fba77a.ctex
[  78% ] savepack | Storing File: res://assets/ui/menu/menu_frame.png.import
[  78% ] savepack | Storing File: res://.godot/imported/title_logo.png-3b6ac80fea9e0c44544629cf20089553.ctex
[  78% ] savepack | Storing File: res://assets/ui/menu/title_logo.png.import
[  78% ] savepack | Storing File: res://.godot/imported/vignette_menu.png-ad7d5ed2ca70a8e1cafc7814eea315fa.ctex
[  78% ] savepack | Storing File: res://assets/ui/menu/vignette_menu.png.import
[  78% ] savepack | Storing File: res://.godot/imported/bard.svg-583c616a9e96aa1d46f7d9158be95636.ctex
[  78% ] savepack | Storing File: res://assets/ui/portraits/bard.svg.import
[  78% ] savepack | Storing File: res://.godot/imported/blacksmith.svg-3038836b3a46ae96b1e96ff2a127c021.ctex
[  78% ] savepack | Storing File: res://assets/ui/portraits/blacksmith.svg.import
[  78% ] savepack | Storing File: res://.godot/imported/captain.svg-8a4afa7c06ba47bbb0d4282f3569f949.ctex
[  78% ] savepack | Storing File: res://assets/ui/portraits/captain.svg.import
[  78% ] savepack | Storing File: res://.godot/imported/cartographer.svg-f50a6455eb2b99f104b20bffebe77ab0.ctex
[  78% ] savepack | Storing File: res://assets/ui/portraits/cartographer.svg.import
[  78% ] savepack | Storing File: res://.godot/imported/elder.svg-628db9efd464339e4d027ebaf465b9da.ctex
[  78% ] savepack | Storing File: res://assets/ui/portraits/elder.svg.import
[  78% ] savepack | Storing File: res://.godot/imported/fisher.svg-d7c88eaf26add4facecdc4d40e65714d.ctex
[  78% ] savepack | Storing File: res://assets/ui/portraits/fisher.svg.import
[  78% ] savepack | Storing File: res://.godot/imported/gemcutter.svg-d1f0cf3729fd4a84f0e1ef4b56f61220.ctex
[  78% ] savepack | Storing File: res://assets/ui/portraits/gemcutter.svg.import
[  78% ] savepack | Storing File: res://.godot/imported/innkeeper.svg-00620767bbeded7f9ab01812455094b1.ctex
[  78% ] savepack | Storing File: res://assets/ui/portraits/innkeeper.svg.import
[  78% ] savepack | Storing File: res://.godot/imported/keeper.svg-c04473bb911c29d515d9043ffac5c2e1.ctex
[  78% ] savepack | Storing File: res://assets/ui/portraits/keeper.svg.import
[  78% ] savepack | Storing File: res://.godot/imported/knight.svg-3d63fba312aeb55bb62c67f5d50a0554.ctex
[  78% ] savepack | Storing File: res://assets/ui/portraits/knight.svg.import
[  78% ] savepack | Storing File: res://.godot/imported/lantern_master.svg-12acda1ca2c016149e24c2163045afd3.ctex
[  78% ] savepack | Storing File: res://assets/ui/portraits/lantern_master.svg.import
[  78% ] savepack | Storing File: res://.godot/imported/lantern_scribe.svg-e1e169cff7363f0ecbaf4199b5a20211.ctex
[  78% ] savepack | Storing File: res://assets/ui/portraits/lantern_scribe.svg.import
[  78% ] savepack | Storing File: res://.godot/imported/lape.svg-d3337495e1120d567f51f0df11126df6.ctex
[  78% ] savepack | Storing File: res://assets/ui/portraits/lape.svg.import
[  78% ] savepack | Storing File: res://.godot/imported/lapidary.svg-78ae38e39c2c655bb996aaa9f5d69f57.ctex
[  78% ] savepack | Storing File: res://assets/ui/portraits/lapidary.svg.import
[  79% ] savepack | Storing File: res://.godot/imported/mage.svg-50990daa7030de53f2e80a8f74e820ae.ctex
[  79% ] savepack | Storing File: res://assets/ui/portraits/mage.svg.import
[  79% ] savepack | Storing File: res://.godot/imported/merchant.svg-2b2198fe7d6d5212cea5c32638bc3485.ctex
[  79% ] savepack | Storing File: res://assets/ui/portraits/merchant.svg.import
[  79% ] savepack | Storing File: res://.godot/imported/mystic.svg-af8967de0718866c9a5e129128ccb355.ctex
[  79% ] savepack | Storing File: res://assets/ui/portraits/mystic.svg.import
[  79% ] savepack | Storing File: res://.godot/imported/netmender.svg-f3ab1696a648a904f4a732e45c0ee0a3.ctex
[  79% ] savepack | Storing File: res://assets/ui/portraits/netmender.svg.import
[  79% ] savepack | Storing File: res://.godot/imported/paul_david.png-bfd81ebd3ea199ab9b91b901fe590d0c.ctex
[  79% ] savepack | Storing File: res://assets/ui/portraits/paul_david.png.import
[  79% ] savepack | Storing File: res://.godot/imported/prospector.svg-3699c6c947b4dc9abe1a70e1edf7a4b4.ctex
[  79% ] savepack | Storing File: res://assets/ui/portraits/prospector.svg.import
[  79% ] savepack | Storing File: res://.godot/imported/ranger.svg-51f3422fbab914356fd9b2465a5ac9fb.ctex
[  79% ] savepack | Storing File: res://assets/ui/portraits/ranger.svg.import
[  79% ] savepack | Storing File: res://.godot/imported/refugee.svg-3af091044b35c84a341839e138929b98.ctex
[  79% ] savepack | Storing File: res://assets/ui/portraits/refugee.svg.import
[  79% ] savepack | Storing File: res://.godot/imported/shadowblade.svg-f3b4d437726ed70eb883c92d4eb6125d.ctex
[  79% ] savepack | Storing File: res://assets/ui/portraits/shadowblade.svg.import
[  79% ] savepack | Storing File: res://.godot/imported/stranger.svg-08d261fa29479ce7a805f89e80c4d2d2.ctex
[  79% ] savepack | Storing File: res://assets/ui/portraits/stranger.svg.import
[  79% ] savepack | Storing File: res://.godot/imported/swordfin_master.svg-96113b5fffc67c5ee0a14f79ec37ddc0.ctex
[  79% ] savepack | Storing File: res://assets/ui/portraits/swordfin_master.svg.import
[  79% ] savepack | Storing File: res://.godot/imported/swordfin_quartermaster.svg-98d72aa14a2c447620d84beafec6555c.ctex
[  79% ] savepack | Storing File: res://assets/ui/portraits/swordfin_quartermaster.svg.import
[  79% ] savepack | Storing File: res://.godot/imported/tempo_caller.svg-5c2c19315cd020e77b2d9e13a26048bf.ctex
[  79% ] savepack | Storing File: res://assets/ui/portraits/tempo_caller.svg.import
[  79% ] savepack | Storing File: res://.godot/imported/tempo_cindrel.svg-0c42f434cf901788e6f650535520bbbd.ctex
[  79% ] savepack | Storing File: res://assets/ui/portraits/tempo_cindrel.svg.import
[  79% ] savepack | Storing File: res://.godot/imported/tempo_hollan.svg-4101f9a386ae3dbed25c72242f93744a.ctex
[  79% ] savepack | Storing File: res://assets/ui/portraits/tempo_hollan.svg.import
[  79% ] savepack | Storing File: res://.godot/imported/tempo_kavira.svg-7154718994f1306ffd2852c2e0a15aa5.ctex
[  79% ] savepack | Storing File: res://assets/ui/portraits/tempo_kavira.svg.import
[  79% ] savepack | Storing File: res://.godot/imported/tempo_maudra.svg-ec4a42e6e52cc71ff82dd8c0397723a1.ctex
[  79% ] savepack | Storing File: res://assets/ui/portraits/tempo_maudra.svg.import
[  79% ] savepack | Storing File: res://.godot/imported/tempo_tobren.svg-fa2192157ca0e41458b5b712636a7837.ctex
[  79% ] savepack | Storing File: res://assets/ui/portraits/tempo_tobren.svg.import
[  80% ] savepack | Storing File: res://.godot/imported/tempo_vessik.svg-f79d29d27622c8d424c09f09be9c5ddb.ctex
[  80% ] savepack | Storing File: res://assets/ui/portraits/tempo_vessik.svg.import
[  80% ] savepack | Storing File: res://.godot/imported/veteran.svg-45157ceb42b7a4691dc1996d39f3d662.ctex
[  80% ] savepack | Storing File: res://assets/ui/portraits/veteran.svg.import
[  80% ] savepack | Storing File: res://.godot/imported/widow.svg-18a229582f4ac99c82480802682f31d9.ctex
[  80% ] savepack | Storing File: res://assets/ui/portraits/widow.svg.import
[  80% ] savepack | Storing File: res://.godot/imported/cooldown_radial.png-eeee969c24588872757102ea0f622aeb.ctex
[  80% ] savepack | Storing File: res://assets/ui/slots/cooldown_radial.png.import
[  80% ] savepack | Storing File: res://.godot/imported/equip_slot.png-a5a3378d4e215240fde9e017a291f9c9.ctex
[  80% ] savepack | Storing File: res://assets/ui/slots/equip_slot.png.import
[  80% ] savepack | Storing File: res://.godot/imported/glyph_accessory.png-255c47255090f97a0d837b5b024ad97b.ctex
[  80% ] savepack | Storing File: res://assets/ui/slots/glyph_accessory.png.import
[  80% ] savepack | Storing File: res://.godot/imported/glyph_armor.png-c7887a51c564316b83a2b48bcc1bf82d.ctex
[  80% ] savepack | Storing File: res://assets/ui/slots/glyph_armor.png.import
[  80% ] savepack | Storing File: res://.godot/imported/glyph_boots.png-b8125dc992728ad511ae488e4875f5d1.ctex
[  80% ] savepack | Storing File: res://assets/ui/slots/glyph_boots.png.import
[  80% ] savepack | Storing File: res://.godot/imported/glyph_gloves.png-94f2a73905f3777f96b5b9099567f897.ctex
[  80% ] savepack | Storing File: res://assets/ui/slots/glyph_gloves.png.import
[  80% ] savepack | Storing File: res://.godot/imported/glyph_helm.png-02203114eef0b2575a81352fc5835336.ctex
[  80% ] savepack | Storing File: res://assets/ui/slots/glyph_helm.png.import
[  80% ] savepack | Storing File: res://.godot/imported/glyph_inner_garment.png-fd8b2dd6baadc8bc64b7f6aff83ed144.ctex
[  80% ] savepack | Storing File: res://assets/ui/slots/glyph_inner_garment.png.import
[  80% ] savepack | Storing File: res://.godot/imported/glyph_main_weapon.png-04a4f478979e46b42836366aad9e55cc.ctex
[  80% ] savepack | Storing File: res://assets/ui/slots/glyph_main_weapon.png.import
[  80% ] savepack | Storing File: res://.godot/imported/glyph_sub_weapon.png-10e51835881870aa6122f47a92ad8ba8.ctex
[  80% ] savepack | Storing File: res://assets/ui/slots/glyph_sub_weapon.png.import
[  80% ] savepack | Storing File: res://.godot/imported/keybind_badge.png-1c0a00d7670c9ce5e5ad000e83f80b36.ctex
[  80% ] savepack | Storing File: res://assets/ui/slots/keybind_badge.png.import
[  80% ] savepack | Storing File: res://.godot/imported/rarity_0.png-844559113a95550569683d832da5c337.ctex
[  80% ] savepack | Storing File: res://assets/ui/slots/rarity_0.png.import
[  80% ] savepack | Storing File: res://.godot/imported/rarity_1.png-1a6ff8f691bc53e9946cc2c6a231f693.ctex
[  80% ] savepack | Storing File: res://assets/ui/slots/rarity_1.png.import
[  80% ] savepack | Storing File: res://.godot/imported/rarity_2.png-7abe6fb3c014540ce1ac5ea7bdd196be.ctex
[  80% ] savepack | Storing File: res://assets/ui/slots/rarity_2.png.import
[  80% ] savepack | Storing File: res://.godot/imported/rarity_3.png-a619f433a69fb61a3be5c0ff1fd5a470.ctex
[  80% ] savepack | Storing File: res://assets/ui/slots/rarity_3.png.import
[  80% ] savepack | Storing File: res://.godot/imported/rarity_4.png-2a56b4b6d787b495cee03594fafa6a20.ctex
[  80% ] savepack | Storing File: res://assets/ui/slots/rarity_4.png.import
[  81% ] savepack | Storing File: res://.godot/imported/rarity_5.png-015f028d415e766bac3f2011a7b005f4.ctex
[  81% ] savepack | Storing File: res://assets/ui/slots/rarity_5.png.import
[  81% ] savepack | Storing File: res://.godot/imported/rarity_6.png-ca9c0de6844f99d0e67330137d304926.ctex
[  81% ] savepack | Storing File: res://assets/ui/slots/rarity_6.png.import
[  81% ] savepack | Storing File: res://.godot/imported/rarity_7.png-fce40601ac1319f8ec8a55b6df601111.ctex
[  81% ] savepack | Storing File: res://assets/ui/slots/rarity_7.png.import
[  81% ] savepack | Storing File: res://.godot/imported/rarity_8.png-1c1a9a7d1290d8942e1a0b62eaaad9bc.ctex
[  81% ] savepack | Storing File: res://assets/ui/slots/rarity_8.png.import
[  81% ] savepack | Storing File: res://.godot/imported/rarity_9.png-b03840bc896c1cc33eb031688e0b546f.ctex
[  81% ] savepack | Storing File: res://assets/ui/slots/rarity_9.png.import
[  81% ] savepack | Storing File: res://.godot/imported/rarity_glow_5.png-6e775e8425880e79033bd456ca2d6f6e.ctex
[  81% ] savepack | Storing File: res://assets/ui/slots/rarity_glow_5.png.import
[  81% ] savepack | Storing File: res://.godot/imported/rarity_glow_6.png-e2bbacc2dd5a2694d37f217c753e789f.ctex
[  81% ] savepack | Storing File: res://assets/ui/slots/rarity_glow_6.png.import
[  81% ] savepack | Storing File: res://.godot/imported/rarity_glow_7.png-0b052e1639a91c535d5a7e2968d434e9.ctex
[  81% ] savepack | Storing File: res://assets/ui/slots/rarity_glow_7.png.import
[  81% ] savepack | Storing File: res://.godot/imported/rarity_glow_8.png-83ca145f4bc6ca6fe9259738dd2a65be.ctex
[  81% ] savepack | Storing File: res://assets/ui/slots/rarity_glow_8.png.import
[  81% ] savepack | Storing File: res://.godot/imported/rarity_glow_9.png-759ddd8a365aba0f24314d1ef4eb6bfb.ctex
[  81% ] savepack | Storing File: res://assets/ui/slots/rarity_glow_9.png.import
[  81% ] savepack | Storing File: res://.godot/imported/skill_slot.png-5bb56314fba7073e19523b35de1b959b.ctex
[  81% ] savepack | Storing File: res://assets/ui/slots/skill_slot.png.import
[  81% ] savepack | Storing File: res://.godot/imported/skill_slot_empty.png-dce0341da22908def33fe437665afb86.ctex
[  81% ] savepack | Storing File: res://assets/ui/slots/skill_slot_empty.png.import
[  81% ] savepack | Storing File: res://.godot/imported/slot.png-f15922a4b26a45700c4155ce005833e4.ctex
[  81% ] savepack | Storing File: res://assets/ui/slots/slot.png.import
[  81% ] savepack | Storing File: res://.godot/imported/slot_disabled.png-7343c47ef5b195755e3ed8a8ecb6ef2e.ctex
[  81% ] savepack | Storing File: res://assets/ui/slots/slot_disabled.png.import
[  81% ] savepack | Storing File: res://.godot/imported/slot_hover.png-aa4d6770969a70bea492a712d61e6dfd.ctex
[  81% ] savepack | Storing File: res://assets/ui/slots/slot_hover.png.import
[  81% ] savepack | Storing File: res://.godot/imported/slot_locked.png-7de0f9fbca7925d2ee2773d38a2f523d.ctex
[  81% ] savepack | Storing File: res://assets/ui/slots/slot_locked.png.import
[  81% ] savepack | Storing File: res://.godot/imported/slot_selected.png-8e1f58aef15606ba4ec912195e1ec6b4.ctex
[  81% ] savepack | Storing File: res://assets/ui/slots/slot_selected.png.import
[  81% ] savepack | Storing File: res://.godot/imported/tier_a.svg-218db9d889e0c53a1c25c1a2914f9a90.ctex
[  81% ] savepack | Storing File: res://assets/ui/tiers/tier_a.svg.import
[  82% ] savepack | Storing File: res://.godot/imported/tier_b.svg-6f62c2f2c808e5fecb2710398464f59d.ctex
[  82% ] savepack | Storing File: res://assets/ui/tiers/tier_b.svg.import
[  82% ] savepack | Storing File: res://.godot/imported/tier_c.svg-0fd9a1eed3133c199b2bab47a3a1b70d.ctex
[  82% ] savepack | Storing File: res://assets/ui/tiers/tier_c.svg.import
[  82% ] savepack | Storing File: res://.godot/imported/tier_d.svg-3e7ed0720737c259cb2b873df0694d08.ctex
[  82% ] savepack | Storing File: res://assets/ui/tiers/tier_d.svg.import
[  82% ] savepack | Storing File: res://.godot/imported/tier_e.svg-92119b8b5d07a3c35efafcb40a6ae2b3.ctex
[  82% ] savepack | Storing File: res://assets/ui/tiers/tier_e.svg.import
[  82% ] savepack | Storing File: res://.godot/imported/tier_s.svg-0e82a68b5e22d54e16d0c671e0ff4a47.ctex
[  82% ] savepack | Storing File: res://assets/ui/tiers/tier_s.svg.import
[  82% ] savepack | Storing File: res://.godot/imported/tier_ss.svg-a5f4884c90100465ce64db38f4217d4c.ctex
[  82% ] savepack | Storing File: res://assets/ui/tiers/tier_ss.svg.import
[  82% ] savepack | Storing File: res://.godot/imported/tier_sss.svg-b96dfa9f15f4b605436fe2d260934731.ctex
[  82% ] savepack | Storing File: res://assets/ui/tiers/tier_sss.svg.import
[  82% ] savepack | Storing File: res://.godot/imported/tier_sx.svg-798ff91c78f84a64b189213c20449d7f.ctex
[  82% ] savepack | Storing File: res://assets/ui/tiers/tier_sx.svg.import
[  82% ] savepack | Storing File: res://.godot/imported/tier_unranked.svg-589d85a542f7090115563f974d063a5a.ctex
[  82% ] savepack | Storing File: res://assets/ui/tiers/tier_unranked.svg.import
[  82% ] savepack | Storing File: res://.godot/imported/connector.png-de0dfbb6e28e759709d7539cb858672d.ctex
[  82% ] savepack | Storing File: res://assets/ui/tree/connector.png.import
[  82% ] savepack | Storing File: res://.godot/imported/node_keystone_allocated.png-bcca647008072704b7e73bae0e14fbea.ctex
[  82% ] savepack | Storing File: res://assets/ui/tree/node_keystone_allocated.png.import
[  82% ] savepack | Storing File: res://.godot/imported/node_keystone_available.png-a6b806fc22319459192edce1a7515a38.ctex
[  82% ] savepack | Storing File: res://assets/ui/tree/node_keystone_available.png.import
[  82% ] savepack | Storing File: res://.godot/imported/node_keystone_locked.png-3c1b7cc9c4ade63d4a2c394a55bbf251.ctex
[  82% ] savepack | Storing File: res://assets/ui/tree/node_keystone_locked.png.import
[  82% ] savepack | Storing File: res://.godot/imported/node_major_allocated.png-a223377f6763d06853c92a42e079f14d.ctex
[  82% ] savepack | Storing File: res://assets/ui/tree/node_major_allocated.png.import
[  82% ] savepack | Storing File: res://.godot/imported/node_major_available.png-06342e7ce51020a59a964c448d31a9de.ctex
[  82% ] savepack | Storing File: res://assets/ui/tree/node_major_available.png.import
[  82% ] savepack | Storing File: res://.godot/imported/node_major_locked.png-87a5aabc9df26f74a5d07c2ff65dfa4e.ctex
[  82% ] savepack | Storing File: res://assets/ui/tree/node_major_locked.png.import
[  82% ] savepack | Storing File: res://.godot/imported/node_minor_allocated.png-6e4028a508673cb7cd995a67a95dd29d.ctex
[  82% ] savepack | Storing File: res://assets/ui/tree/node_minor_allocated.png.import
[  82% ] savepack | Storing File: res://.godot/imported/node_minor_available.png-47073e6ca81c72e0f3165ddc08d5869d.ctex
[  82% ] savepack | Storing File: res://assets/ui/tree/node_minor_available.png.import
[  82% ] savepack | Storing File: res://.godot/imported/node_minor_locked.png-77504889ca905059725681dadd1eefec.ctex
[  82% ] savepack | Storing File: res://assets/ui/tree/node_minor_locked.png.import
[  83% ] savepack | Storing File: res://.godot/imported/node_skill_allocated.png-b656bc26281be80bde6e6cadfdfcaba5.ctex
[  83% ] savepack | Storing File: res://assets/ui/tree/node_skill_allocated.png.import
[  83% ] savepack | Storing File: res://.godot/imported/node_skill_available.png-5420f37d9eaa7fbe4b0aaa228a14dbbf.ctex
[  83% ] savepack | Storing File: res://assets/ui/tree/node_skill_available.png.import
[  83% ] savepack | Storing File: res://.godot/imported/node_skill_locked.png-7bfbd92c5f98e3398cbe7b8c636597db.ctex
[  83% ] savepack | Storing File: res://assets/ui/tree/node_skill_locked.png.import
[  83% ] savepack | Storing File: res://.godot/imported/node_upgrade_allocated.png-9c025b3176943c6fdebf596680026c5a.ctex
[  83% ] savepack | Storing File: res://assets/ui/tree/node_upgrade_allocated.png.import
[  83% ] savepack | Storing File: res://.godot/imported/node_upgrade_available.png-597792cf0c45650b861935d3f202661a.ctex
[  83% ] savepack | Storing File: res://assets/ui/tree/node_upgrade_available.png.import
[  83% ] savepack | Storing File: res://.godot/imported/node_upgrade_locked.png-ce48fd1cf5cd9c49f35a76e000eda159.ctex
[  83% ] savepack | Storing File: res://assets/ui/tree/node_upgrade_locked.png.import
[  83% ] savepack | Storing File: res://.godot/imported/tree_bg_knight.png-322392bbd8e28ba0149c77124b31b8b7.ctex
[  83% ] savepack | Storing File: res://assets/ui/tree/tree_bg_knight.png.import
[  83% ] savepack | Storing File: res://.godot/imported/tree_bg_mage.png-2b980282b6b2b95440062f72c65f3633.ctex
[  83% ] savepack | Storing File: res://assets/ui/tree/tree_bg_mage.png.import
[  83% ] savepack | Storing File: res://.godot/imported/tree_bg_ranger.png-593f9cb8fa86b855ca3ee4ffcfb42256.ctex
[  83% ] savepack | Storing File: res://assets/ui/tree/tree_bg_ranger.png.import
[  83% ] savepack | Storing File: res://.godot/imported/tree_bg_shadowblade.png-b731fce2c4bc677c3356e1b3c7e7766f.ctex
[  83% ] savepack | Storing File: res://assets/ui/tree/tree_bg_shadowblade.png.import
[  83% ] savepack | Storing File: res://assets/ui/ui_art_manifest.json
[  83% ] savepack | Storing File: res://.godot/imported/dawnmaul.glb-e467e40022651913f317a669aee81f8b.scn
[  83% ] savepack | Storing File: res://assets/weapons/legend/dawnmaul.glb.import
[  83% ] savepack | Storing File: res://.godot/imported/dusk_piercer.glb-0002486b8fb82070eba311d01ff923a8.scn
[  83% ] savepack | Storing File: res://assets/weapons/legend/dusk_piercer.glb.import
[  83% ] savepack | Storing File: res://.godot/imported/dusk_piercer_broken.glb-915195964963f7ff86e948a5777f9eb0.scn
[  83% ] savepack | Storing File: res://assets/weapons/legend/dusk_piercer_broken.glb.import
[  83% ] savepack | Storing File: res://.godot/imported/dusk_piercer_tip.glb-822f0a9b29aca57f0a356e577a0f0ae5.scn
[  83% ] savepack | Storing File: res://assets/weapons/legend/dusk_piercer_tip.glb.import
[  83% ] savepack | Storing File: res://.godot/imported/kethrax_mace.glb-fcb1f3a08b5662987675f882d335820b.scn
[  83% ] savepack | Storing File: res://assets/weapons/legend/kethrax_mace.glb.import
[  83% ] savepack | Storing File: res://.godot/imported/stormwake.glb-6e5f50143103435210a027faec84b21e.scn
[  83% ] savepack | Storing File: res://assets/weapons/legend/stormwake.glb.import
[  83% ] savepack | Storing File: res://.godot/imported/arrow.glb-72e636487907e55a5205d8fdad659ca5.scn
[  83% ] savepack | Storing File: res://assets/weapons/arrow.glb.import
[  83% ] savepack | Storing File: res://.godot/imported/axe.glb-3fd3629ffed318f756ca813d50178150.scn
[  83% ] savepack | Storing File: res://assets/weapons/axe.glb.import
[  84% ] savepack | Storing File: res://.godot/imported/bow.glb-ce65d4ce7688a2d928cf9f4657790a5b.scn
[  84% ] savepack | Storing File: res://assets/weapons/bow.glb.import
[  84% ] savepack | Storing File: res://.godot/imported/dagger.glb-c1a96f79b91e5e64ff1375d1d7416a3f.scn
[  84% ] savepack | Storing File: res://assets/weapons/dagger.glb.import
[  84% ] savepack | Storing File: res://.godot/imported/greatsword.glb-6b43c0028a33c03f131a88eb95847c06.scn
[  84% ] savepack | Storing File: res://assets/weapons/greatsword.glb.import
[  84% ] savepack | Storing File: res://.godot/imported/greatsword_aether.glb-6c38e5133eccf75ae357967f9eb4e170.scn
[  84% ] savepack | Storing File: res://assets/weapons/greatsword_aether.glb.import
[  84% ] savepack | Storing File: res://.godot/imported/shield.glb-27cb08be98aef01d709e366704a03ca5.scn
[  84% ] savepack | Storing File: res://assets/weapons/shield.glb.import
[  84% ] savepack | Storing File: res://.godot/imported/spear.glb-cfed5839a1bb294c7b1f0908df21d8d1.scn
[  84% ] savepack | Storing File: res://assets/weapons/spear.glb.import
[  84% ] savepack | Storing File: res://.godot/imported/staff.glb-1bc128866e355bf31aed263992283a75.scn
[  84% ] savepack | Storing File: res://assets/weapons/staff.glb.import
[  84% ] savepack | Storing File: res://.godot/imported/staff_aether.glb-d47e2e2ce66b4ac7a0d3339556546d45.scn
[  84% ] savepack | Storing File: res://assets/weapons/staff_aether.glb.import
[  84% ] savepack | Storing File: res://.godot/imported/sword.glb-7c8edc266ec1fc14f0487ae384f81311.scn
[  84% ] savepack | Storing File: res://assets/weapons/sword.glb.import
[  84% ] savepack | Storing File: res://.godot/imported/sword_aether.glb-e6367d373c1fe49497f5b20a3a351235.scn
[  84% ] savepack | Storing File: res://assets/weapons/sword_aether.glb.import
[  84% ] savepack | Storing File: res://.godot/imported/wand.glb-23d5428b26d69bdd69a31ba2edf15526.scn
[  84% ] savepack | Storing File: res://assets/weapons/wand.glb.import
[  84% ] savepack | Storing File: res://.godot/imported/wand_aether.glb-a6fa314a4a8fab20a292fadc64a03bfc.scn
[  84% ] savepack | Storing File: res://assets/weapons/wand_aether.glb.import
[  84% ] savepack | Storing File: res://src/actors/enemy/combat_director.gdc
[  84% ] savepack | Storing File: res://src/actors/enemy/enemy.gdc
[  84% ] savepack | Storing File: res://src/actors/enemy/enemy_bar.gdc
[  84% ] savepack | Storing File: res://src/actors/enemy/enemy_brain.gdc
[  84% ] savepack | Storing File: res://src/actors/enemy/enemy_traits_ext.gdc
[  84% ] savepack | Storing File: res://src/actors/enemy/enemy_traits_x.gdc
[  85% ] savepack | Storing File: res://src/actors/player/class_resource.gdc
[  85% ] savepack | Storing File: res://src/actors/player/player.gdc
[  85% ] savepack | Storing File: res://src/actors/player/player_camera.gdc
[  85% ] savepack | Storing File: res://src/actors/tempo/quake_ally.gdc
[  85% ] savepack | Storing File: res://src/actors/tempo/tempo.gdc
[  85% ] savepack | Storing File: res://src/actors/tempo/tempo_bar.gdc
[  85% ] savepack | Storing File: res://src/actors/tempo/tempo_party.gdc
[  85% ] savepack | Storing File: res://src/actors/actor.gdc
[  85% ] savepack | Storing File: res://src/actors/character_visual.gdc
[  85% ] savepack | Storing File: res://src/autoload/audio_manager.gdc
[  85% ] savepack | Storing File: res://src/autoload/database.gdc
[  85% ] savepack | Storing File: res://src/autoload/dev_tools.gdc
[  85% ] savepack | Storing File: res://src/autoload/events.gdc
[  85% ] savepack | Storing File: res://src/autoload/fx.gdc
[  85% ] savepack | Storing File: res://src/autoload/game.gdc
[  85% ] savepack | Storing File: res://src/autoload/input_setup.gdc
[  85% ] savepack | Storing File: res://src/autoload/loot.gdc
[  85% ] savepack | Storing File: res://src/autoload/perf.gdc
[  85% ] savepack | Storing File: res://src/autoload/routes.gdc
[  86% ] savepack | Storing File: res://src/autoload/save_system.gdc
[  86% ] savepack | Storing File: res://src/autoload/settings.gdc
[  86% ] savepack | Storing File: res://src/cinema/scenes/cs_chain_breaks.gdc
[  86% ] savepack | Storing File: res://src/cinema/scenes/cs_kethrax_intro.gdc
[  86% ] savepack | Storing File: res://src/cinema/scenes/cs_prologue.gdc
[  86% ] savepack | Storing File: res://src/cinema/scenes/cs_shard.gdc
[  86% ] savepack | Storing File: res://src/cinema/scenes/cs_the_three.gdc
[  86% ] savepack | Storing File: res://src/cinema/cs_kit.gdc
[  86% ] savepack | Storing File: res://src/cinema/cutscene.gdc
[  86% ] savepack | Storing File: res://src/cinema/cutscene_actor.gdc
[  86% ] savepack | Storing File: res://src/cinema/cutscene_player.gdc
[  86% ] savepack | Storing File: res://src/cinema/data_cutscenes.gdc
[  86% ] savepack | Storing File: res://src/cinema/legend_card.gdc
[  86% ] savepack | Storing File: res://src/cinema/legend_fx.gdc
[  86% ] savepack | Storing File: res://src/cinema/legend_plate.gdc
[  86% ] savepack | Storing File: res://src/cinema/story_director.gdc
[  86% ] savepack | Storing File: res://src/combat/area_effects.gdc
[  86% ] savepack | Storing File: res://src/combat/combat_query.gdc
[  87% ] savepack | Storing File: res://src/combat/projectile.gdc
[  87% ] savepack | Storing File: res://src/combat/sapper_mine.gdc
[  87% ] savepack | Storing File: res://src/combat/timed_action.gdc
[  87% ] savepack | Storing File: res://src/core/combat/damage_pipeline.gdc
[  87% ] savepack | Storing File: res://src/core/combat/damage_request.gdc
[  87% ] savepack | Storing File: res://src/core/combat/damage_result.gdc
[  87% ] savepack | Storing File: res://src/core/combat/elements.gdc
[  87% ] savepack | Storing File: res://src/core/combat/status_controller.gdc
[  87% ] savepack | Storing File: res://src/core/combat/status_rules.gdc
[  87% ] savepack | Storing File: res://src/core/crafting/crafting.gdc
[  87% ] savepack | Storing File: res://src/core/crafting/weapon_upgrades.gdc
[  87% ] savepack | Storing File: res://src/core/defs/class_def.gdc
[  87% ] savepack | Storing File: res://src/core/defs/enemy_def.gdc
[  87% ] savepack | Storing File: res://src/core/defs/map_def.gdc
[  87% ] savepack | Storing File: res://src/core/defs/npc_def.gdc
[  87% ] savepack | Storing File: res://src/core/defs/skill_def.gdc
[  87% ] savepack | Storing File: res://src/core/defs/weapon_type_def.gdc
[  87% ] savepack | Storing File: res://src/core/dialogue/dialogue.gdc
[  87% ] savepack | Storing File: res://src/core/dialogue/dialogue_session.gdc
[  88% ] savepack | Storing File: res://src/core/guilds/guild_jobs.gdc
[  88% ] savepack | Storing File: res://src/core/guilds/guild_rules.gdc
[  88% ] savepack | Storing File: res://src/core/items/affix_def.gdc
[  88% ] savepack | Storing File: res://src/core/items/equipment.gdc
[  88% ] savepack | Storing File: res://src/core/items/hero_vault.gdc
[  88% ] savepack | Storing File: res://src/core/items/inventory.gdc
[  88% ] savepack | Storing File: res://src/core/items/item_base_def.gdc
[  88% ] savepack | Storing File: res://src/core/items/item_compare.gdc
[  88% ] savepack | Storing File: res://src/core/items/item_generator.gdc
[  88% ] savepack | Storing File: res://src/core/items/item_instance.gdc
[  88% ] savepack | Storing File: res://src/core/items/item_names.gdc
[  88% ] savepack | Storing File: res://src/core/items/lape_trade.gdc
[  88% ] savepack | Storing File: res://src/core/items/legendary_power_def.gdc
[  88% ] savepack | Storing File: res://src/core/items/relic_cache.gdc
[  88% ] savepack | Storing File: res://src/core/items/set_def.gdc
[  88% ] savepack | Storing File: res://src/core/items/sockets.gdc
[  88% ] savepack | Storing File: res://src/core/progression/hero_progress.gdc
[  88% ] savepack | Storing File: res://src/core/progression/tree_def.gdc
[  88% ] savepack | Storing File: res://src/core/progression/tree_state.gdc
[  89% ] savepack | Storing File: res://src/core/progression/xp_curve.gdc
[  89% ] savepack | Storing File: res://src/core/quake/quake_brain.gdc
[  89% ] savepack | Storing File: res://src/core/quake/quake_mate.gdc
[  89% ] savepack | Storing File: res://src/core/quake/quake_team.gdc
[  89% ] savepack | Storing File: res://src/core/shops/shop.gdc
[  89% ] savepack | Storing File: res://src/core/shops/shop_def.gdc
[  89% ] savepack | Storing File: res://src/core/shops/shop_pricing.gdc
[  89% ] savepack | Storing File: res://src/core/stats/combat_growth.gdc
[  89% ] savepack | Storing File: res://src/core/stats/derived_stats.gdc
[  89% ] savepack | Storing File: res://src/core/stats/enemy_stats.gdc
[  89% ] savepack | Storing File: res://src/core/stats/stat_calculator.gdc
[  89% ] savepack | Storing File: res://src/core/stats/stat_defs.gdc
[  89% ] savepack | Storing File: res://src/core/stats/stat_modifier.gdc
[  89% ] savepack | Storing File: res://src/core/stats/weapon_loadout.gdc
[  89% ] savepack | Storing File: res://src/core/tempos/tempo_data.gdc
[  89% ] savepack | Storing File: res://src/core/tempos/tempo_gacha.gdc
[  89% ] savepack | Storing File: res://src/core/tempos/tempo_rules.gdc
[  89% ] savepack | Storing File: res://src/core/trade/trade_rules.gdc
[  90% ] savepack | Storing File: res://src/core/bh.gdc
[  90% ] savepack | Storing File: res://src/core/cheats.gdc
[  90% ] savepack | Storing File: res://src/core/hero_data.gdc
[  90% ] savepack | Storing File: res://src/core/name_forge.gdc
[  90% ] savepack | Storing File: res://src/core/objectives.gdc
[  90% ] savepack | Storing File: res://src/data/anim_defaults.gdc
[  90% ] savepack | Storing File: res://src/data/data_classes.gdc
[  90% ] savepack | Storing File: res://src/data/data_crafting.gdc
[  90% ] savepack | Storing File: res://src/data/data_crystals.gdc
[  90% ] savepack | Storing File: res://src/data/data_dungeons.gdc
[  90% ] savepack | Storing File: res://src/data/data_dungeons_x.gdc
[  90% ] savepack | Storing File: res://src/data/data_dungeon_plans.gdc
[  90% ] savepack | Storing File: res://src/data/data_enemies.gdc
[  90% ] savepack | Storing File: res://src/data/data_enemies_dungeon.gdc
[  90% ] savepack | Storing File: res://src/data/data_enemies_legend.gdc
[  90% ] savepack | Storing File: res://src/data/data_enemies_x.gdc
[  90% ] savepack | Storing File: res://src/data/data_guide.gdc
[  90% ] savepack | Storing File: res://src/data/data_guilds.gdc
[  90% ] savepack | Storing File: res://src/data/data_guild_jobs.gdc
[  91% ] savepack | Storing File: res://src/data/data_island.gdc
[  91% ] savepack | Storing File: res://src/data/data_items.gdc
[  91% ] savepack | Storing File: res://src/data/data_lape_lines.gdc
[  91% ] savepack | Storing File: res://src/data/data_legends.gdc
[  91% ] savepack | Storing File: res://src/data/data_maps.gdc
[  91% ] savepack | Storing File: res://src/data/data_minibosses.gdc
[  91% ] savepack | Storing File: res://src/data/data_npcs.gdc
[  91% ] savepack | Storing File: res://src/data/data_npcs_guildhouse.gdc
[  91% ] savepack | Storing File: res://src/data/data_npcs_lape.gdc
[  91% ] savepack | Storing File: res://src/data/data_npcs_legend.gdc
[  91% ] savepack | Storing File: res://src/data/data_npcs_olivar.gdc
[  91% ] savepack | Storing File: res://src/data/data_npcs_sockets.gdc
[  91% ] savepack | Storing File: res://src/data/data_npcs_town.gdc
[  91% ] savepack | Storing File: res://src/data/data_npcs_wyman.gdc
[  91% ] savepack | Storing File: res://src/data/data_relics.gdc
[  91% ] savepack | Storing File: res://src/data/data_shops.gdc
[  91% ] savepack | Storing File: res://src/data/data_skills.gdc
[  91% ] savepack | Storing File: res://src/data/data_skills_ext.gdc
[  92% ] savepack | Storing File: res://src/data/data_talents.gdc
[  92% ] savepack | Storing File: res://src/data/data_talents_ext.gdc
[  92% ] savepack | Storing File: res://src/data/data_tempos.gdc
[  92% ] savepack | Storing File: res://src/data/data_town_rows.gdc
[  92% ] savepack | Storing File: res://src/data/data_upgrades.gdc
[  92% ] savepack | Storing File: res://src/data/data_weapons.gdc
[  92% ] savepack | Storing File: res://src/loot/auto_loot_rules.gdc
[  92% ] savepack | Storing File: res://src/loot/item_models.gdc
[  92% ] savepack | Storing File: res://src/loot/loot_drop.gdc
[  92% ] savepack | Storing File: res://src/net/net.gdc
[  92% ] savepack | Storing File: res://src/net/net_avatar.gdc
[  92% ] savepack | Storing File: res://src/net/net_codec.gdc
[  92% ] savepack | Storing File: res://src/net/net_world.gdc
[  92% ] savepack | Storing File: res://src/net/ping_marker.gdc
[  92% ] savepack | Storing File: res://src/npc/npc.gdc
[  92% ] savepack | Storing File: res://src/npc/npc_directory.gdc
[  92% ] savepack | Storing File: res://src/npc/npc_services.gdc
[  92% ] savepack | Storing File: res://src/skills/frost_orb.gdc
[  92% ] savepack | Storing File: res://src/skills/skill_runner.gdc
[  93% ] savepack | Storing File: res://src/skills/skill_sentry.gdc
[  93% ] savepack | Storing File: res://src/skills/skill_trap.gdc
[  93% ] savepack | Storing File: res://src/skills/spiral_hammer.gdc
[  93% ] savepack | Storing File: res://src/skills/storm_area.gdc
[  93% ] savepack | Storing File: res://src/ui/hud/art_bar.gdc
[  93% ] savepack | Storing File: res://src/ui/hud/chat_box.gdc
[  93% ] savepack | Storing File: res://src/ui/hud/directions_panel.gdc
[  93% ] savepack | Storing File: res://src/ui/hud/hud.gdc
[  93% ] savepack | Storing File: res://src/ui/hud/loot_labels.gdc
[  93% ] savepack | Storing File: res://src/ui/hud/minimap.gdc
[  93% ] savepack | Storing File: res://src/ui/hud/orb.gdc
[  93% ] savepack | Storing File: res://src/ui/hud/party_frames.gdc
[  93% ] savepack | Storing File: res://src/ui/hud/quest_target.gdc
[  93% ] savepack | Storing File: res://src/ui/hud/skill_button.gdc
[  93% ] savepack | Storing File: res://src/ui/hud/stage_tracker.gdc
[  93% ] savepack | Storing File: res://src/ui/hud/status_icon.gdc
[  93% ] savepack | Storing File: res://src/ui/hud/tempo_frames.gdc
[  93% ] savepack | Storing File: res://src/ui/menu/hero_select.gdc
[  93% ] savepack | Storing File: res://src/ui/menu/main_menu.gdc
[  94% ] savepack | Storing File: res://src/ui/menu/platform_prompt.gdc
[  94% ] savepack | Storing File: res://src/ui/menu/title_intro.gdc
[  94% ] savepack | Storing File: res://src/ui/mobile/mobile_menu_window.gdc
[  94% ] savepack | Storing File: res://src/ui/mobile/touch_button.gdc
[  94% ] savepack | Storing File: res://src/ui/mobile/touch_controls.gdc
[  94% ] savepack | Storing File: res://src/ui/widgets/atlas_view.gdc
[  94% ] savepack | Storing File: res://src/ui/widgets/belt_picker.gdc
[  94% ] savepack | Storing File: res://src/ui/widgets/character_preview.gdc
[  94% ] savepack | Storing File: res://src/ui/widgets/item_slot.gdc
[  94% ] savepack | Storing File: res://src/ui/widgets/tips.gdc
[  94% ] savepack | Storing File: res://src/ui/widgets/tooltip_layer.gdc
[  94% ] savepack | Storing File: res://src/ui/widgets/tree_view.gdc
[  94% ] savepack | Storing File: res://src/ui/widgets/ui_window.gdc
[  94% ] savepack | Storing File: res://src/ui/windows/auto_loot_window.gdc
[  94% ] savepack | Storing File: res://src/ui/windows/character_window.gdc
[  94% ] savepack | Storing File: res://src/ui/windows/confirm_dialog.gdc
[  94% ] savepack | Storing File: res://src/ui/windows/crafting_window.gdc
[  94% ] savepack | Storing File: res://src/ui/windows/dev_panel.gdc
[  95% ] savepack | Storing File: res://src/ui/windows/dialogue_box.gdc
[  95% ] savepack | Storing File: res://src/ui/windows/gacha_reveal_window.gdc
[  95% ] savepack | Storing File: res://src/ui/windows/guide_window.gdc
[  95% ] savepack | Storing File: res://src/ui/windows/guild_custom_window.gdc
[  95% ] savepack | Storing File: res://src/ui/windows/guild_jobs_window.gdc
[  95% ] savepack | Storing File: res://src/ui/windows/hero_roster_window.gdc
[  95% ] savepack | Storing File: res://src/ui/windows/inventory_window.gdc
[  95% ] savepack | Storing File: res://src/ui/windows/lape_window.gdc
[  95% ] savepack | Storing File: res://src/ui/windows/multiplayer_window.gdc
[  95% ] savepack | Storing File: res://src/ui/windows/pause_menu.gdc
[  95% ] savepack | Storing File: res://src/ui/windows/settings_window.gdc
[  95% ] savepack | Storing File: res://src/ui/windows/shop_window.gdc
[  95% ] savepack | Storing File: res://src/ui/windows/skills_window.gdc
[  95% ] savepack | Storing File: res://src/ui/windows/socket_window.gdc
[  95% ] savepack | Storing File: res://src/ui/windows/talents_window.gdc
[  95% ] savepack | Storing File: res://src/ui/windows/tempo_caller_window.gdc
[  95% ] savepack | Storing File: res://src/ui/windows/tempo_window.gdc
[  95% ] savepack | Storing File: res://src/ui/windows/trade_window.gdc
[  95% ] savepack | Storing File: res://src/ui/windows/vault_window.gdc
[  96% ] savepack | Storing File: res://src/ui/windows/weapon_upgrade_page.gdc
[  96% ] savepack | Storing File: res://src/ui/windows/world_map_window.gdc
[  96% ] savepack | Storing File: res://src/ui/art_style_box.gdc
[  96% ] savepack | Storing File: res://src/ui/loading_screen.gdc
[  96% ] savepack | Storing File: res://src/ui/ui_art.gdc
[  96% ] savepack | Storing File: res://src/ui/ui_root.gdc
[  96% ] savepack | Storing File: res://src/ui/ui_theme.gdc
[  96% ] savepack | Storing File: res://src/vfx/gore.gdc
[  96% ] savepack | Storing File: res://src/vfx/lob.gdc
[  96% ] savepack | Storing File: res://src/vfx/loot_fx.gdc
[  96% ] savepack | Storing File: res://src/vfx/skill_fx.gdc
[  96% ] savepack | Storing File: res://src/vfx/vfx_lib.gdc
[  96% ] savepack | Storing File: res://src/vfx/weapon_trail.gdc
[  96% ] savepack | Storing File: res://src/world/dev/map_explorer.gdc
[  96% ] savepack | Storing File: res://src/world/island/route_planner.gdc
[  96% ] savepack | Storing File: res://src/world/maps/boss_arena.gdc
[  96% ] savepack | Storing File: res://src/world/maps/catacombs.gdc
[  96% ] savepack | Storing File: res://src/world/maps/dungeon.gdc
[  97% ] savepack | Storing File: res://src/world/maps/forgotten_temple.gdc
[  97% ] savepack | Storing File: res://src/world/maps/interior.gdc
[  97% ] savepack | Storing File: res://src/world/maps/olivar.gdc
[  97% ] savepack | Storing File: res://src/world/maps/ruined_forest.gdc
[  97% ] savepack | Storing File: res://src/world/maps/sanctuary.gdc
[  97% ] savepack | Storing File: res://src/world/maps/settlement_builder.gdc
[  97% ] savepack | Storing File: res://src/world/maps/weeping_causeway.gdc
[  97% ] savepack | Storing File: res://src/world/maps/westreach.gdc
[  97% ] savepack | Storing File: res://src/world/maps/wyman_outpost.gdc
[  97% ] savepack | Storing File: res://src/world/breakable.gdc
[  97% ] savepack | Storing File: res://src/world/camp_bonfire.gdc
[  97% ] savepack | Storing File: res://src/world/crafting_station.gdc
[  97% ] savepack | Storing File: res://src/world/door_portal.gdc
[  97% ] savepack | Storing File: res://src/world/dungeon_runtime.gdc
[  97% ] savepack | Storing File: res://src/world/flag_trigger.gdc
[  97% ] savepack | Storing File: res://src/world/flicker_light.gdc
[  97% ] savepack | Storing File: res://src/world/gather_node.gdc
[  97% ] savepack | Storing File: res://src/world/guild_banner_display.gdc
[  97% ] savepack | Storing File: res://src/world/guild_job_board.gdc
[  98% ] savepack | Storing File: res://src/world/map_builder.gdc
[  98% ] savepack | Storing File: res://src/world/map_exit.gdc
[  98% ] savepack | Storing File: res://src/world/map_root.gdc
[  98% ] savepack | Storing File: res://src/world/material_library.gdc
[  98% ] savepack | Storing File: res://src/world/practice_dummy.gdc
[  98% ] savepack | Storing File: res://src/world/roster_board.gdc
[  98% ] savepack | Storing File: res://src/world/sign_labels.gdc
[  98% ] savepack | Storing File: res://src/world/spawner.gdc
[  98% ] savepack | Storing File: res://src/world/spinner.gdc
[  98% ] savepack | Storing File: res://src/world/teleporter.gdc
[  98% ] savepack | Storing File: res://src/world/town_portal.gdc
[  98% ] savepack | Storing File: res://src/world/town_row_builder.gdc
[  98% ] savepack | Storing File: res://src/world/treasure_chest.gdc
[  98% ] savepack | Storing File: res://src/world/vault_point.gdc
[  98% ] savepack | Storing File: res://src/world/world_shaders.gdc
[  98% ] savepack | Storing File: res://src/main.gdc
[  98% ] savepack | Storing File: res://.godot/exported/133200997/export-dbe59258b6e7c5860bca2a5bbd0223c3-main.scn
[  98% ] savepack | Storing File: res://.godot/imported/icon.svg-218a8f2b3041327d8a5756f3a245f83b.ctex
[  98% ] savepack | Storing File: res://icon.svg.import
[  98% ] savepack | Storing File: res://src/actors/enemy/combat_director.gd.remap
[  98% ] savepack | Storing File: res://src/actors/enemy/enemy.gd.remap
[  98% ] savepack | Storing File: res://src/actors/enemy/enemy_bar.gd.remap
[  98% ] savepack | Storing File: res://src/actors/enemy/enemy_brain.gd.remap
[  98% ] savepack | Storing File: res://src/actors/enemy/enemy_traits_ext.gd.remap
[  98% ] savepack | Storing File: res://src/actors/enemy/enemy_traits_x.gd.remap
[  98% ] savepack | Storing File: res://src/actors/player/class_resource.gd.remap
[  98% ] savepack | Storing File: res://src/actors/player/player.gd.remap
[  98% ] savepack | Storing File: res://src/actors/player/player_camera.gd.remap
[  98% ] savepack | Storing File: res://src/actors/tempo/quake_ally.gd.remap
[  98% ] savepack | Storing File: res://src/actors/tempo/tempo.gd.remap
[  98% ] savepack | Storing File: res://src/actors/tempo/tempo_bar.gd.remap
[  98% ] savepack | Storing File: res://src/actors/tempo/tempo_party.gd.remap
[  98% ] savepack | Storing File: res://src/actors/actor.gd.remap
[  98% ] savepack | Storing File: res://src/actors/character_visual.gd.remap
[  98% ] savepack | Storing File: res://src/autoload/audio_manager.gd.remap
[  98% ] savepack | Storing File: res://src/autoload/database.gd.remap
[  98% ] savepack | Storing File: res://src/autoload/dev_tools.gd.remap
[  98% ] savepack | Storing File: res://src/autoload/events.gd.remap
[  98% ] savepack | Storing File: res://src/autoload/fx.gd.remap
[  98% ] savepack | Storing File: res://src/autoload/game.gd.remap
[  98% ] savepack | Storing File: res://src/autoload/input_setup.gd.remap
[  98% ] savepack | Storing File: res://src/autoload/loot.gd.remap
[  98% ] savepack | Storing File: res://src/autoload/perf.gd.remap
[  98% ] savepack | Storing File: res://src/autoload/routes.gd.remap
[  98% ] savepack | Storing File: res://src/autoload/save_system.gd.remap
[  98% ] savepack | Storing File: res://src/autoload/settings.gd.remap
[  98% ] savepack | Storing File: res://src/cinema/scenes/cs_chain_breaks.gd.remap
[  98% ] savepack | Storing File: res://src/cinema/scenes/cs_kethrax_intro.gd.remap
[  98% ] savepack | Storing File: res://src/cinema/scenes/cs_prologue.gd.remap
[  98% ] savepack | Storing File: res://src/cinema/scenes/cs_shard.gd.remap
[  98% ] savepack | Storing File: res://src/cinema/scenes/cs_the_three.gd.remap
[  98% ] savepack | Storing File: res://src/cinema/cs_kit.gd.remap
[  98% ] savepack | Storing File: res://src/cinema/cutscene.gd.remap
[  98% ] savepack | Storing File: res://src/cinema/cutscene_actor.gd.remap
[  98% ] savepack | Storing File: res://src/cinema/cutscene_player.gd.remap
[  98% ] savepack | Storing File: res://src/cinema/data_cutscenes.gd.remap
[  98% ] savepack | Storing File: res://src/cinema/legend_card.gd.remap
[  98% ] savepack | Storing File: res://src/cinema/legend_fx.gd.remap
[  98% ] savepack | Storing File: res://src/cinema/legend_plate.gd.remap
[  98% ] savepack | Storing File: res://src/cinema/story_director.gd.remap
[  98% ] savepack | Storing File: res://src/combat/area_effects.gd.remap
[  98% ] savepack | Storing File: res://src/combat/combat_query.gd.remap
[  98% ] savepack | Storing File: res://src/combat/projectile.gd.remap
[  98% ] savepack | Storing File: res://src/combat/sapper_mine.gd.remap
[  98% ] savepack | Storing File: res://src/combat/timed_action.gd.remap
[  98% ] savepack | Storing File: res://src/core/combat/damage_pipeline.gd.remap
[  98% ] savepack | Storing File: res://src/core/combat/damage_request.gd.remap
[  98% ] savepack | Storing File: res://src/core/combat/damage_result.gd.remap
[  98% ] savepack | Storing File: res://src/core/combat/elements.gd.remap
[  98% ] savepack | Storing File: res://src/core/combat/status_controller.gd.remap
[  98% ] savepack | Storing File: res://src/core/combat/status_rules.gd.remap
[  98% ] savepack | Storing File: res://src/core/crafting/crafting.gd.remap
[  98% ] savepack | Storing File: res://src/core/crafting/weapon_upgrades.gd.remap
[  98% ] savepack | Storing File: res://src/core/defs/class_def.gd.remap
[  98% ] savepack | Storing File: res://src/core/defs/enemy_def.gd.remap
[  98% ] savepack | Storing File: res://src/core/defs/map_def.gd.remap
[  98% ] savepack | Storing File: res://src/core/defs/npc_def.gd.remap
[  98% ] savepack | Storing File: res://src/core/defs/skill_def.gd.remap
[  98% ] savepack | Storing File: res://src/core/defs/weapon_type_def.gd.remap
[  98% ] savepack | Storing File: res://src/core/dialogue/dialogue.gd.remap
[  98% ] savepack | Storing File: res://src/core/dialogue/dialogue_session.gd.remap
[  98% ] savepack | Storing File: res://src/core/guilds/guild_jobs.gd.remap
[  98% ] savepack | Storing File: res://src/core/guilds/guild_rules.gd.remap
[  98% ] savepack | Storing File: res://src/core/items/affix_def.gd.remap
[  98% ] savepack | Storing File: res://src/core/items/equipment.gd.remap
[  98% ] savepack | Storing File: res://src/core/items/hero_vault.gd.remap
[  98% ] savepack | Storing File: res://src/core/items/inventory.gd.remap
[  98% ] savepack | Storing File: res://src/core/items/item_base_def.gd.remap
[  98% ] savepack | Storing File: res://src/core/items/item_compare.gd.remap
[  98% ] savepack | Storing File: res://src/core/items/item_generator.gd.remap
[  98% ] savepack | Storing File: res://src/core/items/item_instance.gd.remap
[  98% ] savepack | Storing File: res://src/core/items/item_names.gd.remap
[  98% ] savepack | Storing File: res://src/core/items/lape_trade.gd.remap
[  98% ] savepack | Storing File: res://src/core/items/legendary_power_def.gd.remap
[  98% ] savepack | Storing File: res://src/core/items/relic_cache.gd.remap
[  98% ] savepack | Storing File: res://src/core/items/set_def.gd.remap
[  98% ] savepack | Storing File: res://src/core/items/sockets.gd.remap
[  98% ] savepack | Storing File: res://src/core/progression/hero_progress.gd.remap
[  98% ] savepack | Storing File: res://src/core/progression/tree_def.gd.remap
[  98% ] savepack | Storing File: res://src/core/progression/tree_state.gd.remap
[  98% ] savepack | Storing File: res://src/core/progression/xp_curve.gd.remap
[  98% ] savepack | Storing File: res://src/core/quake/quake_brain.gd.remap
[  98% ] savepack | Storing File: res://src/core/quake/quake_mate.gd.remap
[  98% ] savepack | Storing File: res://src/core/quake/quake_team.gd.remap
[  98% ] savepack | Storing File: res://src/core/shops/shop.gd.remap
[  98% ] savepack | Storing File: res://src/core/shops/shop_def.gd.remap
[  98% ] savepack | Storing File: res://src/core/shops/shop_pricing.gd.remap
[  98% ] savepack | Storing File: res://src/core/stats/combat_growth.gd.remap
[  98% ] savepack | Storing File: res://src/core/stats/derived_stats.gd.remap
[  98% ] savepack | Storing File: res://src/core/stats/enemy_stats.gd.remap
[  98% ] savepack | Storing File: res://src/core/stats/stat_calculator.gd.remap
[  98% ] savepack | Storing File: res://src/core/stats/stat_defs.gd.remap
[  98% ] savepack | Storing File: res://src/core/stats/stat_modifier.gd.remap
[  98% ] savepack | Storing File: res://src/core/stats/weapon_loadout.gd.remap
[  98% ] savepack | Storing File: res://src/core/tempos/tempo_data.gd.remap
[  98% ] savepack | Storing File: res://src/core/tempos/tempo_gacha.gd.remap
[  98% ] savepack | Storing File: res://src/core/tempos/tempo_rules.gd.remap
[  98% ] savepack | Storing File: res://src/core/trade/trade_rules.gd.remap
[  98% ] savepack | Storing File: res://src/core/bh.gd.remap
[  98% ] savepack | Storing File: res://src/core/cheats.gd.remap
[  98% ] savepack | Storing File: res://src/core/hero_data.gd.remap
[  98% ] savepack | Storing File: res://src/core/name_forge.gd.remap
[  98% ] savepack | Storing File: res://src/core/objectives.gd.remap
[  98% ] savepack | Storing File: res://src/data/anim_defaults.gd.remap
[  98% ] savepack | Storing File: res://src/data/data_classes.gd.remap
[  98% ] savepack | Storing File: res://src/data/data_crafting.gd.remap
[  98% ] savepack | Storing File: res://src/data/data_crystals.gd.remap
[  98% ] savepack | Storing File: res://src/data/data_dungeons.gd.remap
[  98% ] savepack | Storing File: res://src/data/data_dungeons_x.gd.remap
[  98% ] savepack | Storing File: res://src/data/data_dungeon_plans.gd.remap
[  98% ] savepack | Storing File: res://src/data/data_enemies.gd.remap
[  98% ] savepack | Storing File: res://src/data/data_enemies_dungeon.gd.remap
[  98% ] savepack | Storing File: res://src/data/data_enemies_legend.gd.remap
[  98% ] savepack | Storing File: res://src/data/data_enemies_x.gd.remap
[  98% ] savepack | Storing File: res://src/data/data_guide.gd.remap
[  98% ] savepack | Storing File: res://src/data/data_guilds.gd.remap
[  98% ] savepack | Storing File: res://src/data/data_guild_jobs.gd.remap
[  98% ] savepack | Storing File: res://src/data/data_island.gd.remap
[  98% ] savepack | Storing File: res://src/data/data_items.gd.remap
[  98% ] savepack | Storing File: res://src/data/data_lape_lines.gd.remap
[  98% ] savepack | Storing File: res://src/data/data_legends.gd.remap
[  98% ] savepack | Storing File: res://src/data/data_maps.gd.remap
[  98% ] savepack | Storing File: res://src/data/data_minibosses.gd.remap
[  98% ] savepack | Storing File: res://src/data/data_npcs.gd.remap
[  98% ] savepack | Storing File: res://src/data/data_npcs_guildhouse.gd.remap
[  98% ] savepack | Storing File: res://src/data/data_npcs_lape.gd.remap
[  98% ] savepack | Storing File: res://src/data/data_npcs_legend.gd.remap
[  98% ] savepack | Storing File: res://src/data/data_npcs_olivar.gd.remap
[  98% ] savepack | Storing File: res://src/data/data_npcs_sockets.gd.remap
[  98% ] savepack | Storing File: res://src/data/data_npcs_town.gd.remap
[  98% ] savepack | Storing File: res://src/data/data_npcs_wyman.gd.remap
[  98% ] savepack | Storing File: res://src/data/data_relics.gd.remap
[  98% ] savepack | Storing File: res://src/data/data_shops.gd.remap
[  98% ] savepack | Storing File: res://src/data/data_skills.gd.remap
[  98% ] savepack | Storing File: res://src/data/data_skills_ext.gd.remap
[  98% ] savepack | Storing File: res://src/data/data_talents.gd.remap
[  98% ] savepack | Storing File: res://src/data/data_talents_ext.gd.remap
[  98% ] savepack | Storing File: res://src/data/data_tempos.gd.remap
[  98% ] savepack | Storing File: res://src/data/data_town_rows.gd.remap
[  98% ] savepack | Storing File: res://src/data/data_upgrades.gd.remap
[  98% ] savepack | Storing File: res://src/data/data_weapons.gd.remap
[  98% ] savepack | Storing File: res://src/loot/auto_loot_rules.gd.remap
[  98% ] savepack | Storing File: res://src/loot/item_models.gd.remap
[  98% ] savepack | Storing File: res://src/loot/loot_drop.gd.remap
[  98% ] savepack | Storing File: res://src/net/net.gd.remap
[  98% ] savepack | Storing File: res://src/net/net_avatar.gd.remap
[  98% ] savepack | Storing File: res://src/net/net_codec.gd.remap
[  98% ] savepack | Storing File: res://src/net/net_world.gd.remap
[  98% ] savepack | Storing File: res://src/net/ping_marker.gd.remap
[  98% ] savepack | Storing File: res://src/npc/npc.gd.remap
[  98% ] savepack | Storing File: res://src/npc/npc_directory.gd.remap
[  98% ] savepack | Storing File: res://src/npc/npc_services.gd.remap
[  98% ] savepack | Storing File: res://src/skills/frost_orb.gd.remap
[  98% ] savepack | Storing File: res://src/skills/skill_runner.gd.remap
[  98% ] savepack | Storing File: res://src/skills/skill_sentry.gd.remap
[  98% ] savepack | Storing File: res://src/skills/skill_trap.gd.remap
[  98% ] savepack | Storing File: res://src/skills/spiral_hammer.gd.remap
[  98% ] savepack | Storing File: res://src/skills/storm_area.gd.remap
[  98% ] savepack | Storing File: res://src/ui/hud/art_bar.gd.remap
[  98% ] savepack | Storing File: res://src/ui/hud/chat_box.gd.remap
[  98% ] savepack | Storing File: res://src/ui/hud/directions_panel.gd.remap
[  98% ] savepack | Storing File: res://src/ui/hud/hud.gd.remap
[  98% ] savepack | Storing File: res://src/ui/hud/loot_labels.gd.remap
[  98% ] savepack | Storing File: res://src/ui/hud/minimap.gd.remap
[  98% ] savepack | Storing File: res://src/ui/hud/orb.gd.remap
[  98% ] savepack | Storing File: res://src/ui/hud/party_frames.gd.remap
[  98% ] savepack | Storing File: res://src/ui/hud/quest_target.gd.remap
[  98% ] savepack | Storing File: res://src/ui/hud/skill_button.gd.remap
[  98% ] savepack | Storing File: res://src/ui/hud/stage_tracker.gd.remap
[  98% ] savepack | Storing File: res://src/ui/hud/status_icon.gd.remap
[  98% ] savepack | Storing File: res://src/ui/hud/tempo_frames.gd.remap
[  98% ] savepack | Storing File: res://src/ui/menu/hero_select.gd.remap
[  98% ] savepack | Storing File: res://src/ui/menu/main_menu.gd.remap
[  98% ] savepack | Storing File: res://src/ui/menu/platform_prompt.gd.remap
[  98% ] savepack | Storing File: res://src/ui/menu/title_intro.gd.remap
[  98% ] savepack | Storing File: res://src/ui/mobile/mobile_menu_window.gd.remap
[  98% ] savepack | Storing File: res://src/ui/mobile/touch_button.gd.remap
[  98% ] savepack | Storing File: res://src/ui/mobile/touch_controls.gd.remap
[  98% ] savepack | Storing File: res://src/ui/widgets/atlas_view.gd.remap
[  98% ] savepack | Storing File: res://src/ui/widgets/belt_picker.gd.remap
[  98% ] savepack | Storing File: res://src/ui/widgets/character_preview.gd.remap
[  98% ] savepack | Storing File: res://src/ui/widgets/item_slot.gd.remap
[  98% ] savepack | Storing File: res://src/ui/widgets/tips.gd.remap
[  98% ] savepack | Storing File: res://src/ui/widgets/tooltip_layer.gd.remap
[  98% ] savepack | Storing File: res://src/ui/widgets/tree_view.gd.remap
[  98% ] savepack | Storing File: res://src/ui/widgets/ui_window.gd.remap
[  98% ] savepack | Storing File: res://src/ui/windows/auto_loot_window.gd.remap
[  98% ] savepack | Storing File: res://src/ui/windows/character_window.gd.remap
[  98% ] savepack | Storing File: res://src/ui/windows/confirm_dialog.gd.remap
[  98% ] savepack | Storing File: res://src/ui/windows/crafting_window.gd.remap
[  98% ] savepack | Storing File: res://src/ui/windows/dev_panel.gd.remap
[  98% ] savepack | Storing File: res://src/ui/windows/dialogue_box.gd.remap
[  98% ] savepack | Storing File: res://src/ui/windows/gacha_reveal_window.gd.remap
[  98% ] savepack | Storing File: res://src/ui/windows/guide_window.gd.remap
[  98% ] savepack | Storing File: res://src/ui/windows/guild_custom_window.gd.remap
[  98% ] savepack | Storing File: res://src/ui/windows/guild_jobs_window.gd.remap
[  98% ] savepack | Storing File: res://src/ui/windows/hero_roster_window.gd.remap
[  98% ] savepack | Storing File: res://src/ui/windows/inventory_window.gd.remap
[  98% ] savepack | Storing File: res://src/ui/windows/lape_window.gd.remap
[  98% ] savepack | Storing File: res://src/ui/windows/multiplayer_window.gd.remap
[  98% ] savepack | Storing File: res://src/ui/windows/pause_menu.gd.remap
[  98% ] savepack | Storing File: res://src/ui/windows/settings_window.gd.remap
[  98% ] savepack | Storing File: res://src/ui/windows/shop_window.gd.remap
[  98% ] savepack | Storing File: res://src/ui/windows/skills_window.gd.remap
[  98% ] savepack | Storing File: res://src/ui/windows/socket_window.gd.remap
[  98% ] savepack | Storing File: res://src/ui/windows/talents_window.gd.remap
[  98% ] savepack | Storing File: res://src/ui/windows/tempo_caller_window.gd.remap
[  98% ] savepack | Storing File: res://src/ui/windows/tempo_window.gd.remap
[  98% ] savepack | Storing File: res://src/ui/windows/trade_window.gd.remap
[  98% ] savepack | Storing File: res://src/ui/windows/vault_window.gd.remap
[  98% ] savepack | Storing File: res://src/ui/windows/weapon_upgrade_page.gd.remap
[  98% ] savepack | Storing File: res://src/ui/windows/world_map_window.gd.remap
[  98% ] savepack | Storing File: res://src/ui/art_style_box.gd.remap
[  98% ] savepack | Storing File: res://src/ui/loading_screen.gd.remap
[  98% ] savepack | Storing File: res://src/ui/ui_art.gd.remap
[  98% ] savepack | Storing File: res://src/ui/ui_root.gd.remap
[  98% ] savepack | Storing File: res://src/ui/ui_theme.gd.remap
[  98% ] savepack | Storing File: res://src/vfx/gore.gd.remap
[  98% ] savepack | Storing File: res://src/vfx/lob.gd.remap
[  98% ] savepack | Storing File: res://src/vfx/loot_fx.gd.remap
[  98% ] savepack | Storing File: res://src/vfx/skill_fx.gd.remap
[  98% ] savepack | Storing File: res://src/vfx/vfx_lib.gd.remap
[  98% ] savepack | Storing File: res://src/vfx/weapon_trail.gd.remap
[  98% ] savepack | Storing File: res://src/world/dev/map_explorer.gd.remap
[  98% ] savepack | Storing File: res://src/world/island/route_planner.gd.remap
[  98% ] savepack | Storing File: res://src/world/maps/boss_arena.gd.remap
[  98% ] savepack | Storing File: res://src/world/maps/catacombs.gd.remap
[  98% ] savepack | Storing File: res://src/world/maps/dungeon.gd.remap
[  98% ] savepack | Storing File: res://src/world/maps/forgotten_temple.gd.remap
[  98% ] savepack | Storing File: res://src/world/maps/interior.gd.remap
[  98% ] savepack | Storing File: res://src/world/maps/olivar.gd.remap
[  98% ] savepack | Storing File: res://src/world/maps/ruined_forest.gd.remap
[  98% ] savepack | Storing File: res://src/world/maps/sanctuary.gd.remap
[  98% ] savepack | Storing File: res://src/world/maps/settlement_builder.gd.remap
[  98% ] savepack | Storing File: res://src/world/maps/weeping_causeway.gd.remap
[  98% ] savepack | Storing File: res://src/world/maps/westreach.gd.remap
[  98% ] savepack | Storing File: res://src/world/maps/wyman_outpost.gd.remap
[  98% ] savepack | Storing File: res://src/world/breakable.gd.remap
[  98% ] savepack | Storing File: res://src/world/camp_bonfire.gd.remap
[  98% ] savepack | Storing File: res://src/world/crafting_station.gd.remap
[  98% ] savepack | Storing File: res://src/world/door_portal.gd.remap
[  98% ] savepack | Storing File: res://src/world/dungeon_runtime.gd.remap
[  98% ] savepack | Storing File: res://src/world/flag_trigger.gd.remap
[  98% ] savepack | Storing File: res://src/world/flicker_light.gd.remap
[  98% ] savepack | Storing File: res://src/world/gather_node.gd.remap
[  98% ] savepack | Storing File: res://src/world/guild_banner_display.gd.remap
[  98% ] savepack | Storing File: res://src/world/guild_job_board.gd.remap
[  98% ] savepack | Storing File: res://src/world/map_builder.gd.remap
[  98% ] savepack | Storing File: res://src/world/map_exit.gd.remap
[  98% ] savepack | Storing File: res://src/world/map_root.gd.remap
[  98% ] savepack | Storing File: res://src/world/material_library.gd.remap
[  98% ] savepack | Storing File: res://src/world/practice_dummy.gd.remap
[  98% ] savepack | Storing File: res://src/world/roster_board.gd.remap
[  98% ] savepack | Storing File: res://src/world/sign_labels.gd.remap
[  98% ] savepack | Storing File: res://src/world/spawner.gd.remap
[  98% ] savepack | Storing File: res://src/world/spinner.gd.remap
[  98% ] savepack | Storing File: res://src/world/teleporter.gd.remap
[  98% ] savepack | Storing File: res://src/world/town_portal.gd.remap
[  98% ] savepack | Storing File: res://src/world/town_row_builder.gd.remap
[  98% ] savepack | Storing File: res://src/world/treasure_chest.gd.remap
[  98% ] savepack | Storing File: res://src/world/vault_point.gd.remap
[  98% ] savepack | Storing File: res://src/world/world_shaders.gd.remap
[  98% ] savepack | Storing File: res://src/main.gd.remap
[  98% ] savepack | Storing File: res://src/main.tscn.remap
[  98% ] savepack | Storing File: res://.godot/global_script_class_cache.cfg
[  98% ] savepack | Storing File: res://icon.svg
[  98% ] savepack | Storing File: res://.godot/uid_cache.bin
[  98% ] savepack | Storing File: res://project.binary
[ DONE ] savepack

