# Blender 5.0.1
# www.blender.org
o tripo_node_489e838c-2e61-4493-b512-5898c75e1e39
v -0.313721 0.078125 0.056885
v -0.252686 0.060547 0.105225
v -0.270752 0.041504 0.079346
v -0.276611 0.051758 0.072998
v -0.281006 0.058594 0.064209
v -0.263428 0.039062 0.076416
v -0.307373 0.098145 0.063721
v -0.302979 0.095215 0.065674
v -0.301514 0.094727 0.063721
v -0.307373 0.114258 0.062744
v -0.289795 0.115234 0.078857
v -0.294189 0.121094 0.076416
v -0.295166 0.124512 0.072022
v -0.285889 0.114258 0.075439
v -0.285889 0.114258 0.074951
v -0.256104 0.071777 0.100342
v -0.281006 0.123535 0.063232
v -0.263916 0.097656 0.090088
v -0.290283 0.027344 0.048096
v -0.285889 0.000488 0.041260
v -0.285889 0.025879 0.035400
v -0.281494 0.024414 0.035400
v -0.289307 0.062012 0.054443
v -0.283936 0.059570 0.034424
v -0.281006 0.021484 0.058350
v -0.276611 0.020508 0.056885
v -0.281006 0.052734 0.024170
v -0.273682 0.049805 0.024170
v -0.284912 0.062500 0.044678
v -0.310791 0.100098 0.060791
v -0.308350 0.099609 0.056397
v -0.302490 0.096680 0.058838
v -0.302490 0.097168 0.053467
v -0.304443 0.098145 0.052979
v -0.284424 0.096680 0.059814
v -0.293701 0.124023 0.044678
v -0.289307 0.121094 0.046631
v -0.272705 0.085938 0.016846
v -0.270752 0.077637 0.008057
v -0.262451 0.072754 0.009522
v -0.301514 0.130371 0.064697
v -0.284424 0.160156 0.066650
v -0.267334 0.136230 0.101318
v -0.268311 0.143555 0.099365
v -0.267334 0.147949 0.095947
v -0.262939 0.132812 0.097412
v -0.259521 0.136230 0.091553
v -0.271240 0.186523 0.068115
v -0.294678 0.187500 0.068604
v -0.281494 0.199707 0.074951
v -0.282471 0.201172 0.063721
v -0.283447 0.205566 0.069580
v -0.258545 0.209961 0.093994
v -0.272705 0.205566 0.080811
v -0.268799 0.212891 0.079834
v -0.279053 0.197266 0.072022
v -0.280029 0.198242 0.068604
v -0.280029 0.198242 0.065186
v -0.268799 0.201660 0.077393
v -0.273682 0.216309 0.070068
v -0.254150 0.204590 0.090088
v -0.256592 0.217285 0.091064
v -0.257568 0.208984 0.069092
v -0.259521 0.227051 0.070068
v -0.296631 0.129883 0.054932
v -0.296631 0.128906 0.049561
v -0.272217 0.136230 0.047119
v -0.273682 0.144043 0.031982
v -0.278564 0.155762 0.033936
v -0.277100 0.157715 0.037842
v -0.278564 0.148926 0.030029
v -0.260986 0.125488 0.015381
v -0.258057 0.159668 0.017334
v -0.260010 0.167969 0.019775
v -0.261963 0.164551 0.015381
v -0.274658 0.209473 0.058350
v -0.270264 0.205078 0.060303
v -0.271240 0.215332 0.059814
v -0.257568 0.210938 0.047119
v -0.257568 0.191895 0.041748
v -0.261963 0.217285 0.045166
v -0.260010 0.223145 0.049072
v -0.263428 0.267578 0.072510
v -0.220459 0.072754 0.127197
v -0.228271 0.078125 0.132080
v -0.230713 0.088379 0.127686
v -0.203857 0.092285 0.154053
v -0.196533 0.086426 0.148193
v -0.205322 0.103027 0.148682
v -0.146240 0.107910 0.194580
v -0.143311 0.101562 0.189209
v -0.136475 0.099121 0.203369
v -0.139893 0.109375 0.190186
v -0.180420 0.103516 0.171143
v -0.173584 0.096191 0.164795
v -0.187256 0.116211 0.159912
v -0.159424 0.108887 0.184814
v -0.171631 0.116699 0.175537
v -0.154053 0.101562 0.178467
v -0.150146 0.118652 0.186768
v -0.142822 0.118164 0.182373
v -0.223877 0.150391 0.141357
v -0.218994 0.152344 0.145264
v -0.228271 0.147949 0.128662
v -0.232178 0.152344 0.132080
v -0.220947 0.147461 0.138428
v -0.221436 0.155273 0.137451
v -0.230225 0.156738 0.129639
v -0.218018 0.143555 0.147705
v -0.214600 0.149414 0.143799
v -0.208740 0.130371 0.139893
v -0.212646 0.152832 0.140381
v -0.218018 0.156738 0.142334
v -0.213623 0.160645 0.141357
v -0.203857 0.163574 0.145264
v -0.215088 0.162109 0.136475
v -0.208740 0.156738 0.138916
v -0.210205 0.159180 0.129639
v -0.214600 0.186035 0.129150
v -0.200928 0.159180 0.142334
v -0.202881 0.166504 0.142334
v -0.191162 0.161133 0.155029
v -0.189697 0.157227 0.150147
v -0.187744 0.165039 0.153076
v -0.221924 0.191406 0.142822
v -0.227295 0.199707 0.125244
v -0.230225 0.205566 0.128662
v -0.218994 0.211914 0.135010
v -0.220459 0.215820 0.127686
v -0.213135 0.206543 0.133057
v -0.214600 0.226074 0.132080
v -0.205322 0.218750 0.129150
v -0.196045 0.230469 0.128174
v -0.195068 0.230469 0.125732
v -0.199951 0.234863 0.131104
v -0.200928 0.237305 0.126221
v -0.158447 0.144531 0.197022
v -0.152100 0.161621 0.187744
v -0.145752 0.161621 0.196533
v -0.142334 0.158691 0.194580
v -0.137939 0.178223 0.195068
v -0.129150 0.172852 0.192139
v -0.132568 0.196777 0.193115
v -0.130615 0.216797 0.190674
v -0.179443 0.126953 0.163330
v -0.177490 0.137207 0.162842
v -0.180908 0.153320 0.165283
v -0.180420 0.148926 0.158936
v -0.171631 0.140137 0.174072
v -0.163330 0.126953 0.180908
v -0.164795 0.142578 0.172119
v -0.176025 0.156250 0.163818
v -0.153076 0.136230 0.178467
v -0.144775 0.134766 0.173584
v -0.151123 0.155273 0.174561
v -0.141846 0.152344 0.170166
v -0.146240 0.158691 0.186768
v -0.144287 0.171387 0.175049
v -0.148193 0.177246 0.180908
v -0.135498 0.172852 0.178955
v -0.134521 0.172363 0.170654
v -0.134033 0.181152 0.153564
v -0.129639 0.171875 0.136963
v -0.172119 0.199219 0.154541
v -0.165283 0.189941 0.129639
v -0.184326 0.246582 0.135010
v -0.185303 0.249512 0.131104
v -0.180908 0.243164 0.132080
v -0.167725 0.249512 0.139893
v -0.146240 0.193848 0.175049
v -0.147217 0.216797 0.166260
v -0.132568 0.236328 0.187256
v -0.126221 0.246094 0.182373
v -0.130127 0.189453 0.150147
v -0.152588 0.237793 0.156006
v -0.140381 0.247559 0.156006
v -0.244385 0.056641 0.101318
v -0.238037 0.116211 0.117432
v -0.249756 0.146484 0.116455
v -0.245361 0.142090 0.113037
v -0.248291 0.151367 0.112549
v -0.233154 0.150391 0.114014
v -0.245361 0.179688 0.102295
v -0.243408 0.210449 0.110596
v -0.239502 0.203613 0.106201
v -0.239990 0.217773 0.107666
v -0.225830 0.212891 0.124756
v -0.232178 0.211426 0.097900
v -0.228271 0.234375 0.099365
v -0.244873 0.241699 0.070068
v -0.208252 0.211914 0.123779
v -0.216064 0.228516 0.122803
v -0.194580 0.193359 0.079834
v -0.242432 0.168945 0.002197
v -0.235107 0.171387 0.008545
v -0.243896 0.177246 0.003174
v -0.233643 0.241211 0.036865
v -0.239990 0.199219 0.019287
v -0.244873 0.214844 0.028076
v -0.238525 0.215332 0.014893
v -0.235596 0.213867 0.005127
v -0.221924 0.205566 0.001709
v -0.249268 0.222168 0.025635
v -0.245361 0.228027 0.028564
v -0.235596 0.219238 0.031006
v -0.239990 0.221191 0.008545
v -0.236084 0.227051 0.011963
v -0.232178 0.229004 0.009033
v -0.230713 0.228027 0.001709
v -0.221436 0.223145 0.011475
v -0.226318 0.220703 0.001221
v -0.220947 0.228027 0.004639
v -0.226318 0.241211 0.014404
v -0.226318 0.240234 0.005127
v -0.193604 0.187988 0.022217
v -0.215576 0.235352 0.006592
v -0.211182 0.249023 0.004150
v -0.206787 0.244141 0.006104
v -0.156982 0.181641 0.118408
v -0.183838 0.187012 0.076416
v -0.182861 0.182129 0.025635
v -0.084717 0.061035 0.154053
v -0.070557 0.083008 0.163330
v -0.069580 0.122070 0.172607
v -0.067139 0.100586 0.168701
v -0.073486 0.069824 0.154053
v -0.075439 0.085938 0.151123
v -0.064209 0.080078 0.154541
v -0.074463 0.102539 0.151611
v -0.077393 0.120605 0.152100
v -0.056396 0.094238 0.156494
v -0.056396 0.110840 0.161865
v -0.006104 0.090820 0.166260
v -0.013428 0.113281 0.174072
v -0.005615 0.110840 0.185791
v -0.116943 0.188965 0.189697
v -0.120361 0.226074 0.189697
v -0.109619 0.226562 0.189209
v -0.099365 0.235352 0.188232
v -0.102295 0.166504 0.168213
v -0.094971 0.177246 0.163818
v -0.102783 0.157227 0.148193
v -0.080322 0.146484 0.173584
v -0.070557 0.155273 0.168213
v -0.085693 0.140137 0.152100
v -0.123779 0.189941 0.172119
v -0.110107 0.208984 0.171143
v -0.104736 0.207520 0.187256
v -0.120850 0.242188 0.183350
v -0.124268 0.242676 0.172119
v -0.114014 0.242676 0.183350
v -0.114990 0.242188 0.172607
v -0.093994 0.227539 0.185303
v -0.107178 0.246582 0.182861
v -0.107178 0.245605 0.172607
v -0.097900 0.229004 0.171631
v -0.108154 0.249512 0.157471
v -0.085205 0.201172 0.176514
v -0.081787 0.204102 0.173096
v -0.085205 0.198730 0.171143
v -0.086182 0.203125 0.171143
v -0.073486 0.192383 0.183838
v -0.074463 0.189453 0.175049
v -0.072998 0.198730 0.177002
v -0.066162 0.202148 0.180908
v -0.092529 0.249023 0.186768
v -0.087158 0.246582 0.183838
v -0.091064 0.246094 0.172119
v -0.090576 0.247070 0.172119
v -0.066162 0.240723 0.186768
v -0.065186 0.240234 0.177490
v -0.049561 0.162109 0.187744
v -0.058838 0.177246 0.188232
v -0.015869 0.141113 0.198486
v -0.005127 0.155762 0.199951
v -0.006104 0.145508 0.193115
v -0.030518 0.170898 0.206299
v -0.013916 0.170410 0.199951
v -0.037842 0.241211 0.219482
v -0.035400 0.197266 0.205322
v -0.046631 0.199219 0.187744
v -0.057861 0.248047 0.203369
v -0.052490 0.220215 0.189209
v -0.060791 0.245605 0.202881
v -0.046143 0.223145 0.203369
v -0.039795 0.226562 0.202881
v -0.012939 0.200195 0.228760
v -0.007568 0.201660 0.226318
v -0.027100 0.236328 0.230713
v -0.019775 0.235352 0.226807
v -0.023682 0.199219 0.202393
v -0.030518 0.236328 0.189209
v -0.047119 0.149902 0.172607
v -0.060303 0.132812 0.166748
v -0.041748 0.139160 0.173584
v -0.044678 0.148438 0.180420
v -0.038818 0.150879 0.175537
v -0.040283 0.139160 0.169678
v -0.042725 0.140625 0.169678
v -0.038818 0.141113 0.171143
v -0.053467 0.162598 0.175537
v -0.061768 0.174805 0.177002
v -0.051514 0.186523 0.182861
v -0.047119 0.185547 0.184326
v -0.039795 0.161133 0.179443
v -0.037842 0.164062 0.181396
v -0.044678 0.173340 0.187256
v -0.025146 0.142090 0.179932
v -0.160889 0.266602 0.162354
v -0.172119 0.253418 0.142334
v -0.172119 0.258789 0.138428
v -0.177979 0.276855 0.130615
v -0.169189 0.262695 0.143311
v -0.163818 0.255371 0.148682
v -0.161865 0.250000 0.146240
v -0.158936 0.251465 0.142822
v -0.170166 0.274902 0.152100
v -0.170166 0.267578 0.142334
v -0.162354 0.276855 0.147217
v -0.179932 0.288574 0.141357
v -0.168213 0.291016 0.136475
v -0.148193 0.264160 0.173096
v -0.146729 0.265625 0.172119
v -0.142334 0.262207 0.163818
v -0.139404 0.254883 0.181397
v -0.134521 0.257812 0.178955
v -0.133057 0.254395 0.168701
v -0.154053 0.268066 0.156006
v -0.151123 0.327637 0.134033
v -0.148682 0.324219 0.129639
v -0.134521 0.317383 0.149658
v -0.132568 0.314453 0.144775
v -0.136963 0.357422 0.134033
v -0.132080 0.357910 0.129150
v -0.140869 0.422852 0.126221
v -0.160889 0.472656 0.125244
v -0.144287 0.441406 0.139404
v -0.152588 0.458496 0.132080
v -0.145264 0.459961 0.132568
v -0.147705 0.473145 0.128174
v -0.147217 0.473633 0.128662
v -0.148193 0.481934 0.127197
v -0.152588 0.492676 0.135498
v -0.144287 0.488770 0.131592
v -0.133545 0.498047 0.153076
v -0.135010 0.491211 0.139893
v -0.243896 0.280273 0.065186
v -0.241943 0.279297 0.077881
v -0.241943 0.280273 0.071533
v -0.228760 0.267090 0.069580
v -0.244873 0.284180 0.079834
v -0.246826 0.286621 0.072510
v -0.246826 0.285156 0.064209
v -0.230225 0.292480 0.089111
v -0.225830 0.283691 0.085693
v -0.234131 0.297363 0.071533
v -0.222900 0.308594 0.071045
v -0.212646 0.262695 0.095947
v -0.197510 0.257812 0.116943
v -0.207764 0.284180 0.099365
v -0.213135 0.299805 0.105225
v -0.191650 0.282227 0.114990
v -0.198975 0.304688 0.124756
v -0.188232 0.264160 0.071533
v -0.218506 0.288574 0.069092
v -0.197021 0.317383 0.114502
v -0.196533 0.334473 0.101807
v -0.214111 0.321289 0.070557
v -0.209229 0.335449 0.070068
v -0.206787 0.356445 0.070068
v -0.208252 0.371094 0.070557
v -0.204834 0.372070 0.077393
v -0.206299 0.372070 0.063232
v -0.199951 0.357910 0.086182
v -0.191162 0.359375 0.087158
v -0.189209 0.363770 0.070557
v -0.193115 0.371582 0.077393
v -0.194092 0.374512 0.071045
v -0.194092 0.373047 0.065186
v -0.187744 0.371582 0.068604
v -0.234619 0.294922 0.053955
v -0.229736 0.285645 0.055420
v -0.220947 0.303223 0.035889
v -0.218506 0.267090 0.041748
v -0.214600 0.287598 0.038818
v -0.206299 0.267578 0.018311
v -0.211182 0.250488 0.009033
v -0.197021 0.260254 0.001709
v -0.193115 0.253418 0.002197
v -0.194092 0.254395 0.000244
v -0.210205 0.309082 0.012451
v -0.201904 0.286621 0.020752
v -0.191162 0.283203 0.002197
v -0.203369 0.336426 0.036377
v -0.194092 0.338867 0.060791
v -0.192627 0.335449 0.031982
v -0.192139 0.335938 0.032471
v -0.203369 0.357910 0.052979
v -0.192627 0.361816 0.054932
v -0.190674 0.370605 0.050537
v -0.192139 0.349121 0.044678
v -0.206787 0.318848 0.021729
v -0.187744 0.367676 0.027588
v -0.156006 0.260254 0.121338
v -0.176514 0.312988 0.120850
v -0.184814 0.335449 0.103760
v -0.169678 0.335938 0.112061
v -0.166260 0.332031 0.108643
v -0.159912 0.366699 0.110596
v -0.185303 0.339355 0.087646
v -0.180420 0.335449 0.085205
v -0.173096 0.337891 0.081787
v -0.179443 0.370605 0.086182
v -0.186279 0.355469 0.077881
v -0.170654 0.373535 0.081787
v -0.148682 0.334961 0.113037
v -0.154053 0.368164 0.105713
v -0.185303 0.257324 0.020264
v -0.187256 0.334961 0.060303
v -0.183350 0.334961 0.060303
v -0.184814 0.331543 0.034912
v -0.179443 0.374512 0.050049
v -0.184326 0.312988 0.012939
v -0.176025 0.325684 0.011963
v -0.182861 0.329590 0.006592
v -0.168213 0.327637 0.017334
v -0.176514 0.372070 0.029541
v -0.177002 0.361328 0.000244
v -0.166260 0.366211 0.004639
v -0.211182 0.383789 0.071045
v -0.188232 0.449707 0.028564
v -0.187744 0.470215 0.027100
v -0.161377 0.434570 0.101318
v -0.177490 0.375000 0.065674
v -0.164307 0.395020 0.066650
v -0.148682 0.397949 0.095947
v -0.127197 0.382812 0.123779
v -0.135010 0.416504 0.116455
v -0.133545 0.430664 0.123291
v -0.153076 0.427246 0.092529
v -0.157471 0.464844 0.110107
v -0.156982 0.464844 0.110107
v -0.175537 0.491211 0.114990
v -0.168701 0.477051 0.095459
v -0.179932 0.444824 0.065186
v -0.175049 0.459961 0.063232
v -0.185791 0.492188 0.071045
v -0.150146 0.454102 0.122803
v -0.154541 0.444824 0.098389
v -0.148193 0.469238 0.117920
v -0.167236 0.391602 0.036865
v -0.162354 0.415039 0.062256
v -0.167236 0.434570 0.059326
v -0.164795 0.415039 0.031982
v -0.159424 0.386719 0.007080
v -0.171631 0.437012 0.027588
v -0.158447 0.413086 0.001709
v -0.093994 0.296875 0.204834
v -0.073486 0.267090 0.207275
v -0.086182 0.283203 0.205811
v -0.065674 0.290039 0.190186
v -0.075928 0.311035 0.202881
v -0.068115 0.299316 0.189697
v -0.067139 0.305664 0.190186
v -0.066650 0.306152 0.190186
v -0.105713 0.250977 0.172119
v -0.100830 0.253418 0.182373
v -0.095947 0.264160 0.181396
v -0.100830 0.252441 0.172607
v -0.094971 0.263672 0.172607
v -0.107178 0.270508 0.172119
v -0.105225 0.250977 0.168213
v -0.106689 0.270020 0.166748
v -0.111572 0.289062 0.168213
v -0.111084 0.287598 0.162842
v -0.121338 0.305176 0.160400
v -0.099854 0.281250 0.182861
v -0.120361 0.302734 0.155518
v -0.090088 0.263184 0.184814
v -0.086182 0.262695 0.182373
v -0.089111 0.262695 0.173584
v -0.085205 0.258789 0.185303
v -0.093506 0.274414 0.180908
v -0.091064 0.274414 0.182861
v -0.092041 0.279297 0.181396
v -0.089111 0.274902 0.181396
v -0.091553 0.277344 0.175537
v -0.070068 0.294922 0.179443
v -0.067627 0.294922 0.174561
v -0.109619 0.313477 0.180420
v -0.094482 0.324219 0.166260
v -0.095459 0.330078 0.161865
v -0.093994 0.351074 0.162842
v -0.102295 0.312500 0.152588
v -0.100342 0.332520 0.154541
v -0.116455 0.343750 0.151123
v -0.112549 0.343750 0.146240
v -0.098389 0.350098 0.153076
v -0.086182 0.322754 0.184326
v -0.090576 0.323730 0.159912
v -0.068115 0.312500 0.172607
v -0.070068 0.336426 0.187256
v -0.085693 0.350586 0.159424
v -0.055420 0.252441 0.211182
v -0.057373 0.276367 0.191650
v -0.042725 0.264160 0.194092
v -0.032471 0.312012 0.187744
v -0.011475 0.255371 0.230713
v -0.007080 0.252441 0.228760
v -0.029053 0.258789 0.196533
v -0.024170 0.259277 0.197510
v -0.015381 0.266602 0.200439
v -0.062256 0.330566 0.199463
v -0.056885 0.328613 0.191650
v -0.056396 0.350098 0.195557
v -0.061279 0.351562 0.189697
v -0.053955 0.349609 0.192139
v -0.054443 0.357910 0.191650
v -0.056396 0.366211 0.191650
v -0.060791 0.271484 0.184326
v -0.058838 0.270996 0.179443
v -0.099365 0.379395 0.158936
v -0.111084 0.399414 0.151123
v -0.110107 0.394043 0.139893
v -0.101807 0.377441 0.147705
v -0.103271 0.403809 0.149170
v -0.112061 0.433105 0.147705
v -0.124756 0.412109 0.140381
v -0.117432 0.418457 0.138428
v -0.121338 0.406250 0.129639
v -0.090576 0.380859 0.156494
v -0.072510 0.378906 0.168701
v -0.082764 0.436523 0.168213
v -0.064209 0.421387 0.184814
v -0.098877 0.473633 0.174072
v -0.106689 0.492188 0.174072
v -0.102295 0.469727 0.160400
v -0.124756 0.469238 0.140869
v -0.113037 0.480957 0.154541
v -0.123779 0.488281 0.148193
v -0.078369 0.437500 0.175537
v -0.087646 0.454102 0.177002
v -0.081299 0.456543 0.172607
v -0.088623 0.451172 0.168701
v -0.077881 0.438965 0.180420
v -0.073975 0.440430 0.177979
v -0.087646 0.476562 0.168213
v -0.089600 0.491699 0.166748
v -0.078857 0.499512 0.171143
v -0.062744 0.489746 0.176514
v -0.034912 0.378906 0.185303
v -0.031982 0.437012 0.183350
v -0.049072 0.473145 0.179932
v -0.060303 0.494141 0.187256
v -0.052979 0.498535 0.177002
v -0.046143 0.475586 0.186279
v -0.041748 0.477051 0.180420
v -0.369873 0.594238 0.000244
v -0.364990 0.619629 0.002686
v -0.284912 0.604004 0.080811
v -0.285889 0.601074 0.075439
v -0.282471 0.601074 0.073486
v -0.289307 0.614258 0.064209
v -0.287354 0.620117 0.073975
v -0.260010 0.570312 0.094482
v -0.277100 0.583984 0.086182
v -0.279541 0.604492 0.080322
v -0.279541 0.602539 0.075928
v -0.278564 0.619629 0.073975
v -0.278076 0.616211 0.067627
v -0.284912 0.613281 0.061768
v -0.286377 0.623535 0.048096
v -0.354736 0.646484 0.005127
v -0.336182 0.679199 0.004150
v -0.286865 0.638184 0.065186
v -0.273682 0.634766 0.066162
v -0.291748 0.625000 0.050049
v -0.289307 0.632812 0.050537
v -0.294678 0.632324 0.036377
v -0.288330 0.631348 0.033936
v -0.285889 0.655762 0.035889
v -0.282959 0.657227 0.054932
v -0.301025 0.637695 0.021729
v -0.312256 0.637695 0.008545
v -0.307861 0.636719 0.003662
v -0.294678 0.636719 0.018311
v -0.312256 0.665039 0.000244
v -0.296631 0.660156 0.015381
v -0.284424 0.686035 0.011963
v -0.273193 0.630371 0.058350
v -0.266357 0.646973 0.059326
v -0.265869 0.642090 0.050049
v -0.254639 0.652832 0.043701
v -0.273193 0.683105 0.042236
v -0.256104 0.657227 0.053955
v -0.271729 0.655762 0.022705
v -0.277100 0.682617 0.023193
v -0.309326 0.703613 0.008057
v -0.293213 0.690918 0.003174
v -0.293701 0.729980 0.017334
v -0.288818 0.720215 0.016357
v -0.290283 0.731445 0.004150
v -0.257080 0.708496 0.034424
v -0.267334 0.714355 0.009033
v -0.260498 0.708496 0.016846
v -0.260498 0.730469 0.027588
v -0.264404 0.741699 0.028076
v -0.260010 0.743652 0.013428
v -0.305908 0.821777 0.003174
v -0.294189 0.826660 0.009033
v -0.295654 0.826660 0.006592
v -0.288330 0.822266 0.000732
v -0.296143 0.833984 0.000244
v -0.284424 0.832520 0.010986
v -0.285400 0.837402 0.005127
v -0.310791 0.845215 0.004639
v -0.311768 0.844727 0.000244
v -0.301514 0.851074 0.009522
v -0.300049 0.851562 0.013916
v -0.301025 0.864258 0.000732
v -0.300537 0.868652 0.002197
v -0.286865 0.860352 0.022705
v -0.287354 0.848145 0.001709
v -0.286377 0.872559 0.012939
v -0.275635 0.837891 0.011475
v -0.276611 0.840820 0.008057
v -0.280029 0.829102 0.005615
v -0.281006 0.833984 0.000732
v -0.274170 0.838867 0.005615
v -0.273193 0.835938 0.008545
v -0.271729 0.870605 0.029541
v -0.276611 0.855957 0.013916
v -0.266846 0.844727 0.010498
v -0.276123 0.868652 0.005127
v -0.264404 0.865723 0.023193
v -0.256592 0.881348 0.032959
v -0.272217 0.878906 0.022217
v -0.251709 0.877930 0.029053
v -0.257568 0.886230 0.028076
v -0.253662 0.883789 0.023193
v -0.265381 0.875488 0.015381
v -0.127197 0.583984 0.190186
v -0.141357 0.556641 0.168213
v -0.150146 0.500488 0.130127
v -0.134033 0.509766 0.146729
v -0.144287 0.536133 0.140381
v -0.156982 0.606934 0.157959
v -0.169678 0.583008 0.138916
v -0.172607 0.610840 0.127197
v -0.156006 0.570312 0.157959
v -0.140869 0.597656 0.179932
v -0.131592 0.633789 0.166260
v -0.144775 0.646484 0.134033
v -0.194092 0.500977 0.078857
v -0.188721 0.507812 0.077393
v -0.245361 0.592773 0.097412
v -0.238037 0.582031 0.106689
v -0.241943 0.590332 0.103760
v -0.230225 0.578125 0.098389
v -0.223877 0.608887 0.103760
v -0.228271 0.611328 0.095459
v -0.232178 0.578125 0.090576
v -0.231201 0.624512 0.072510
v -0.217041 0.603027 0.107666
v -0.210693 0.598145 0.098877
v -0.200439 0.624512 0.107178
v -0.194092 0.619629 0.097900
v -0.214111 0.598145 0.087646
v -0.200439 0.618164 0.081787
v -0.188721 0.615234 0.072021
v -0.195068 0.618164 0.069580
v -0.219482 0.544434 0.011963
v -0.206787 0.512207 0.043701
v -0.199951 0.505859 0.039795
v -0.202393 0.517578 0.043701
v -0.205322 0.559570 0.038818
v -0.198975 0.554199 0.039795
v -0.204346 0.508789 0.022217
v -0.211182 0.522461 0.025635
v -0.208252 0.525391 0.026611
v -0.213135 0.514648 0.005127
v -0.206787 0.506836 0.006104
v -0.214600 0.526367 0.000732
v -0.215088 0.537598 0.012451
v -0.187744 0.581055 0.056885
v -0.195068 0.583984 0.054443
v -0.192627 0.615723 0.043701
v -0.191162 0.587402 0.016846
v -0.169678 0.523926 0.117920
v -0.168701 0.501465 0.109131
v -0.165283 0.551758 0.116943
v -0.178467 0.594727 0.112549
v -0.181396 0.608887 0.100830
v -0.179932 0.569824 0.091553
v -0.184814 0.585938 0.077393
v -0.184814 0.601562 0.081299
v -0.185791 0.534668 0.014404
v -0.220947 0.680176 0.097900
v -0.227783 0.629395 0.074463
v -0.224365 0.640137 0.070557
v -0.220947 0.638672 0.077881
v -0.222900 0.637695 0.066162
v -0.224365 0.640625 0.074951
v -0.222412 0.648438 0.067139
v -0.222900 0.656250 0.062744
v -0.209229 0.629395 0.102295
v -0.196533 0.652832 0.097900
v -0.215088 0.630371 0.091553
v -0.212646 0.653320 0.078857
v -0.203369 0.652344 0.084229
v -0.216064 0.634766 0.072998
v -0.216553 0.633301 0.068115
v -0.217529 0.655273 0.073975
v -0.217041 0.654297 0.067627
v -0.205811 0.649414 0.073975
v -0.196533 0.651855 0.093018
v -0.188721 0.641113 0.072510
v -0.210205 0.676758 0.070557
v -0.187744 0.674805 0.092041
v -0.187744 0.673340 0.085693
v -0.202881 0.675781 0.076904
v -0.194092 0.672852 0.076416
v -0.195068 0.671875 0.072510
v -0.203369 0.691895 0.101807
v -0.206787 0.696289 0.106689
v -0.209717 0.696289 0.099365
v -0.203369 0.708496 0.098877
v -0.196533 0.710449 0.110596
v -0.191162 0.702148 0.102295
v -0.198486 0.720703 0.097412
v -0.197510 0.732910 0.094482
v -0.204346 0.699219 0.065674
v -0.197021 0.700195 0.072998
v -0.200928 0.744141 0.090088
v -0.195557 0.720215 0.068604
v -0.219482 0.645508 0.061279
v -0.219482 0.652832 0.055420
v -0.244873 0.662598 0.052490
v -0.235107 0.664062 0.053955
v -0.241943 0.659180 0.041748
v -0.227295 0.661621 0.057861
v -0.223389 0.658203 0.049072
v -0.231201 0.660645 0.044189
v -0.206787 0.646484 0.062256
v -0.207275 0.673828 0.062256
v -0.197510 0.661621 0.055420
v -0.193115 0.687012 0.037842
v -0.190674 0.679688 0.038818
v -0.241943 0.695801 0.038818
v -0.218994 0.695801 0.046143
v -0.235596 0.739746 0.038818
v -0.240479 0.726562 0.017822
v -0.230713 0.731934 0.031006
v -0.220459 0.724609 0.030518
v -0.222900 0.732422 0.007568
v -0.206299 0.716797 0.041260
v -0.199463 0.694824 0.055420
v -0.202881 0.715332 0.060791
v -0.199951 0.708008 0.048584
v -0.206299 0.728516 0.054443
v -0.218018 0.736328 0.046143
v -0.200928 0.738770 0.060791
v -0.189209 0.739258 0.054443
v -0.197998 0.749512 0.044189
v -0.205322 0.706543 0.029541
v -0.195068 0.707520 0.017334
v -0.186279 0.649414 0.103271
v -0.171143 0.653320 0.095947
v -0.166260 0.648438 0.097412
v -0.175537 0.672363 0.097900
v -0.180908 0.628906 0.086670
v -0.186768 0.633301 0.085205
v -0.179443 0.644531 0.093506
v -0.180908 0.662598 0.062744
v -0.172607 0.663574 0.069580
v -0.169678 0.667969 0.088135
v -0.143799 0.667480 0.101318
v -0.147705 0.673340 0.099854
v -0.151123 0.683105 0.073975
v -0.179443 0.708496 0.103271
v -0.169189 0.708496 0.104736
v -0.160889 0.704102 0.107178
v -0.186768 0.722656 0.112061
v -0.176514 0.733398 0.113037
v -0.177490 0.745605 0.109131
v -0.172607 0.745117 0.105225
v -0.168701 0.728027 0.115967
v -0.160400 0.720703 0.118896
v -0.162842 0.729980 0.111084
v -0.171631 0.735840 0.108643
v -0.180420 0.698730 0.086670
v -0.180420 0.696777 0.079346
v -0.187256 0.696289 0.068115
v -0.167725 0.696777 0.092041
v -0.161865 0.693359 0.082275
v -0.175049 0.723633 0.083252
v -0.184814 0.719238 0.062744
v -0.174561 0.721680 0.075439
v -0.161865 0.722656 0.088623
v -0.156494 0.719238 0.078857
v -0.171631 0.748047 0.080322
v -0.157959 0.748535 0.085693
v -0.170654 0.745605 0.072021
v -0.149170 0.690430 0.113037
v -0.152100 0.710449 0.122803
v -0.141846 0.708984 0.106689
v -0.153564 0.718750 0.119873
v -0.148682 0.723145 0.118408
v -0.154541 0.723145 0.113525
v -0.147705 0.736328 0.109619
v -0.141846 0.734863 0.114502
v -0.140869 0.746582 0.105713
v -0.131592 0.743652 0.110596
v -0.135010 0.720215 0.102783
v -0.126709 0.727051 0.099854
v -0.127686 0.697266 0.073975
v -0.152588 0.745117 0.075439
v -0.180420 0.651855 0.042725
v -0.175049 0.687012 0.052002
v -0.181885 0.740234 0.056396
v -0.167236 0.726074 0.041260
v -0.169189 0.723633 0.038818
v -0.165771 0.722656 0.034424
v -0.168213 0.727539 0.036865
v -0.155518 0.696777 0.048584
v -0.127686 0.717285 0.055908
v -0.150146 0.730957 0.047607
v -0.152100 0.739258 0.047119
v -0.149170 0.725586 0.044189
v -0.149658 0.734375 0.045166
v -0.154053 0.742188 0.042725
v -0.152100 0.736816 0.037842
v -0.148682 0.741699 0.035889
v -0.138916 0.723145 0.048096
v -0.138916 0.729492 0.052002
v -0.127197 0.726074 0.060303
v -0.136963 0.735840 0.047119
v -0.139404 0.744629 0.052979
v -0.115967 0.566406 0.191162
v -0.102295 0.597168 0.190674
v -0.086182 0.575684 0.189209
v -0.113037 0.511230 0.176514
v -0.111572 0.530762 0.182373
v -0.120850 0.534668 0.169189
v -0.101807 0.533691 0.185791
v -0.124756 0.522949 0.155518
v -0.093018 0.521973 0.185303
v -0.087158 0.500000 0.167725
v -0.077881 0.509277 0.186279
v -0.068115 0.518555 0.172607
v -0.091553 0.541504 0.178467
v -0.078369 0.535156 0.172607
v -0.073975 0.559082 0.181885
v -0.067627 0.548828 0.169189
v -0.116943 0.616211 0.183350
v -0.071045 0.608887 0.186768
v -0.051025 0.554199 0.180420
v -0.052002 0.548828 0.172607
v -0.039307 0.544922 0.174561
v -0.046143 0.559570 0.173584
v -0.037842 0.547852 0.179443
v -0.034912 0.550781 0.175049
v -0.023682 0.532715 0.177490
v -0.010498 0.557617 0.172119
v -0.053955 0.562988 0.172119
v -0.046143 0.585938 0.173584
v -0.045166 0.613770 0.170654
v -0.023193 0.585449 0.170654
v -0.010010 0.616699 0.156982
v -0.101318 0.651855 0.157959
v -0.113037 0.664062 0.130615
v -0.085693 0.632324 0.178955
v -0.083740 0.656738 0.148193
v -0.081787 0.670410 0.143799
v -0.087646 0.665039 0.136475
v -0.078369 0.684570 0.131592
v -0.077393 0.662598 0.140869
v -0.071533 0.664551 0.137939
v -0.071533 0.675293 0.138916
v -0.056396 0.640625 0.159424
v -0.057861 0.664062 0.136963
v -0.055908 0.673828 0.137939
v -0.052979 0.677246 0.125244
v -0.039307 0.666016 0.141357
v -0.043701 0.658691 0.139893
v -0.035400 0.666016 0.132080
v -0.024170 0.649902 0.149170
v -0.029053 0.645020 0.147217
v -0.019775 0.646973 0.139404
v -0.014893 0.636230 0.152588
v -0.015381 0.650391 0.144287
v -0.023682 0.662109 0.130615
v -0.019287 0.666016 0.134521
v -0.006104 0.665527 0.130615
v -0.009521 0.679688 0.125244
v -0.014404 0.703613 0.126709
v -0.011475 0.708008 0.131104
v -0.004639 0.710449 0.127197
v -0.118408 0.681152 0.101807
v -0.113037 0.686035 0.103271
v -0.104248 0.684570 0.107666
v -0.086670 0.673828 0.124268
v -0.093506 0.680176 0.115479
v -0.121338 0.687988 0.099854
v -0.114502 0.693359 0.104736
v -0.114014 0.691406 0.097900
v -0.109619 0.694824 0.094482
v -0.103271 0.694336 0.109619
v -0.107178 0.699707 0.101807
v -0.100342 0.709961 0.094482
v -0.116943 0.731445 0.097412
v -0.120850 0.747070 0.107666
v -0.108643 0.732422 0.095947
v -0.106689 0.749512 0.104248
v -0.110107 0.717285 0.079834
v -0.113037 0.707031 0.074463
v -0.108643 0.699707 0.087646
v -0.105713 0.732422 0.066162
v -0.105225 0.740234 0.072021
v -0.100830 0.745605 0.069580
v -0.090576 0.690918 0.117920
v -0.087158 0.697266 0.114990
v -0.070557 0.699219 0.097900
v -0.065674 0.687988 0.109131
v -0.062744 0.691406 0.108643
v -0.065674 0.697266 0.104248
v -0.065186 0.703613 0.100342
v -0.091553 0.730469 0.093994
v -0.075439 0.720215 0.096436
v -0.078857 0.708496 0.086670
v -0.076416 0.713379 0.092041
v -0.091553 0.724609 0.078369
v -0.090576 0.730957 0.083252
v -0.086670 0.736816 0.079346
v -0.086670 0.736816 0.078857
v -0.082275 0.736816 0.064209
v -0.070068 0.732422 0.087158
v -0.067627 0.733398 0.070557
v -0.120361 0.735840 0.055908
v -0.121338 0.746582 0.061768
v -0.096436 0.744141 0.054932
v -0.089600 0.741211 0.008057
v -0.031006 0.677246 0.121826
v -0.027588 0.681641 0.124756
v -0.017822 0.685059 0.119873
v -0.058838 0.689453 0.111084
v -0.054932 0.688965 0.112061
v -0.055908 0.692383 0.110107
v -0.059814 0.695312 0.113525
v -0.060791 0.701660 0.113037
v -0.052002 0.693848 0.109619
v -0.051514 0.701172 0.112549
v -0.054932 0.694336 0.109131
v -0.060303 0.710938 0.109131
v -0.045166 0.690430 0.112549
v -0.042725 0.696777 0.115479
v -0.043701 0.714355 0.099365
v -0.038330 0.706543 0.104736
v -0.032471 0.706543 0.107178
v -0.058350 0.722168 0.102783
v -0.048584 0.734863 0.100342
v -0.046143 0.720703 0.095459
v -0.045654 0.725098 0.093994
v -0.042725 0.727539 0.093994
v -0.031982 0.731445 0.109131
v -0.032959 0.723633 0.099365
v -0.038330 0.727539 0.095459
v -0.039795 0.735840 0.104248
v -0.033447 0.748535 0.109131
v -0.031494 0.699219 0.065674
v -0.056885 0.728516 0.093018
v -0.053955 0.733887 0.091553
v -0.060303 0.734375 0.089600
v -0.054443 0.740723 0.088623
v -0.050049 0.738281 0.091553
v -0.054443 0.748047 0.086182
v -0.061279 0.734863 0.072021
v -0.057861 0.738770 0.072021
v -0.057861 0.743652 0.070557
v -0.030518 0.697754 0.110596
v -0.028076 0.700684 0.111084
v -0.025635 0.702637 0.111084
v -0.022705 0.702148 0.112549
v -0.016846 0.696289 0.116943
v -0.027588 0.708496 0.115967
v -0.025146 0.714355 0.115967
v -0.021729 0.708496 0.119385
v -0.029053 0.708984 0.107666
v -0.027588 0.711914 0.106689
v -0.029053 0.717773 0.103271
v -0.026611 0.723633 0.113525
v -0.022217 0.729004 0.119385
v -0.014404 0.730957 0.115479
v -0.018311 0.694824 0.072021
v -0.029053 0.715332 0.062744
v -0.021240 0.716797 0.072021
v -0.015381 0.715820 0.068115
v -0.023682 0.745605 0.065186
v -0.059814 0.717285 0.038818
v -0.031494 0.741211 0.055908
v -0.017822 0.745605 0.060303
v -0.219971 0.767578 0.074951
v -0.227295 0.781738 0.065186
v -0.190674 0.761230 0.100830
v -0.210205 0.756348 0.082764
v -0.211182 0.772461 0.086670
v -0.205811 0.775879 0.075439
v -0.190186 0.773926 0.080322
v -0.237061 0.753906 0.040283
v -0.230225 0.753906 0.023682
v -0.225830 0.808105 0.010010
v -0.215088 0.750000 0.050049
v -0.203369 0.760254 0.035400
v -0.195557 0.769531 0.039307
v -0.207764 0.750000 0.028564
v -0.218506 0.765137 0.009033
v -0.209229 0.791504 0.024170
v -0.195068 0.810059 0.016846
v -0.212646 0.825684 0.003662
v -0.182373 0.756348 0.104736
v -0.176025 0.752930 0.102295
v -0.156494 0.753906 0.123779
v -0.165283 0.760254 0.100342
v -0.167725 0.765625 0.102783
v -0.157471 0.770996 0.096924
v -0.157959 0.779785 0.097900
v -0.181885 0.775391 0.081299
v -0.176514 0.780762 0.079346
v -0.169678 0.772461 0.074463
v -0.168701 0.769043 0.066162
v -0.174072 0.790039 0.074951
v -0.175049 0.801270 0.067627
v -0.161377 0.794922 0.088623
v -0.170654 0.796387 0.064209
v -0.167236 0.808105 0.076416
v -0.156982 0.800293 0.068604
v -0.158936 0.805664 0.066162
v -0.151611 0.758789 0.101318
v -0.147705 0.763184 0.104248
v -0.137939 0.751465 0.108643
v -0.156006 0.774414 0.079346
v -0.142822 0.773438 0.083252
v -0.151123 0.770020 0.069580
v -0.137939 0.765137 0.086670
v -0.133057 0.760742 0.087646
v -0.128662 0.760254 0.087646
v -0.126709 0.761230 0.086670
v -0.125732 0.763672 0.085205
v -0.150146 0.790527 0.075439
v -0.128174 0.787109 0.070068
v -0.179443 0.760742 0.048584
v -0.178955 0.780273 0.037354
v -0.169189 0.791504 0.055908
v -0.182861 0.754395 0.008057
v -0.166748 0.750488 0.028564
v -0.156982 0.756348 0.024170
v -0.157471 0.762695 0.028076
v -0.166748 0.770020 0.018799
v -0.168213 0.778320 0.002197
v -0.180908 0.799316 0.023193
v -0.169678 0.788574 0.005615
v -0.161865 0.781738 0.001709
v -0.148193 0.750488 0.041260
v -0.126709 0.778320 0.060791
v -0.140381 0.756348 0.046143
v -0.151611 0.794922 0.058838
v -0.137451 0.811523 0.046631
v -0.135986 0.799316 0.037842
v -0.153076 0.765625 0.027588
v -0.179932 0.812500 0.058350
v -0.187256 0.822754 0.047119
v -0.176514 0.817871 0.061768
v -0.174072 0.820312 0.049072
v -0.171631 0.816895 0.055908
v -0.160889 0.826660 0.052490
v -0.171143 0.813965 0.040771
v -0.179443 0.841797 0.029053
v -0.175537 0.834473 0.021729
v -0.185791 0.817383 0.006592
v -0.160400 0.842773 0.022217
v -0.187256 0.858398 0.005615
v -0.174072 0.869141 0.007568
v -0.166748 0.850586 0.031006
v -0.154053 0.819824 0.043213
v -0.126221 0.818848 0.048584
v -0.145264 0.830566 0.018311
v -0.143799 0.815430 0.010010
v -0.135010 0.838379 0.020264
v -0.128662 0.833496 0.015869
v -0.237549 0.896973 0.032471
v -0.108154 0.758789 0.096436
v -0.120361 0.763672 0.089600
v -0.110107 0.769531 0.089111
v -0.100830 0.750000 0.087646
v -0.103760 0.765625 0.079834
v -0.107178 0.751953 0.064697
v -0.116943 0.793945 0.072510
v -0.111084 0.791016 0.066162
v -0.070557 0.765137 0.073486
v -0.065674 0.773926 0.072510
v -0.063721 0.781250 0.074463
v -0.110596 0.767578 0.039795
v -0.103760 0.750000 0.049072
v -0.100342 0.776855 0.037842
v -0.114502 0.793945 0.031494
v -0.111084 0.801270 0.031494
v -0.109619 0.807129 0.033447
v -0.098389 0.798340 0.047607
v -0.102783 0.784668 0.046143
v -0.099365 0.791992 0.046143
v -0.117432 0.785645 0.021729
v -0.111572 0.786621 0.023682
v -0.121338 0.793457 0.010986
v -0.120361 0.794922 0.010498
v -0.124268 0.804688 0.014893
v -0.103760 0.810059 0.029053
v -0.087158 0.774902 0.061279
v -0.085693 0.767090 0.051025
v -0.071045 0.757812 0.060791
v -0.083740 0.782715 0.060303
v -0.082275 0.789551 0.061768
v -0.092529 0.801270 0.042236
v -0.077393 0.792969 0.054932
v -0.073486 0.762695 0.016357
v -0.091553 0.809570 0.000732
v -0.120361 0.814941 0.043213
v -0.122314 0.821289 0.011475
v -0.117920 0.826660 0.004150
v -0.100830 0.861328 0.000732
v -0.069092 0.814453 0.033936
v -0.066162 0.844727 0.041260
v -0.069092 0.868652 0.041260
v -0.079346 0.840820 0.028076
v -0.085205 0.867188 0.018311
v -0.071533 0.874023 0.010498
v -0.042236 0.762695 0.102295
v -0.059814 0.757324 0.080811
v -0.056885 0.765625 0.080322
v -0.057373 0.777344 0.081299
v -0.061768 0.750000 0.066650
v -0.041260 0.775879 0.092041
v -0.059326 0.785156 0.065674
v -0.046631 0.782715 0.070557
v -0.041260 0.782715 0.071045
v -0.039795 0.795410 0.070068
v -0.037354 0.785156 0.070557
v -0.035400 0.793945 0.077881
v -0.037354 0.790039 0.070068
v -0.039307 0.796875 0.073975
v -0.040771 0.799316 0.070068
v -0.036865 0.798828 0.070557
v -0.030029 0.759766 0.099854
v -0.017334 0.777344 0.097412
v -0.025635 0.781738 0.099365
v -0.007568 0.794434 0.095459
v -0.014893 0.798340 0.096924
v -0.008057 0.812012 0.095459
v -0.022705 0.812012 0.078369
v -0.031006 0.796387 0.071045
v -0.025146 0.798828 0.071533
v -0.024658 0.806641 0.071045
v -0.026123 0.816406 0.073975
v -0.027588 0.818359 0.070068
v -0.027100 0.813965 0.070068
v -0.023682 0.817871 0.070068
v -0.019287 0.815918 0.071045
v -0.014893 0.817383 0.071533
v -0.042236 0.767090 0.048096
v -0.034912 0.773438 0.056885
v -0.048584 0.797363 0.049561
v -0.056885 0.790527 0.040283
v -0.041748 0.799316 0.044189
v -0.028564 0.774902 0.051514
v -0.059326 0.820312 0.044189
v -0.051514 0.822266 0.038818
v -0.056885 0.846191 0.036377
v -0.058350 0.872559 0.036377
v -0.096436 0.890137 0.021729
v -0.105713 0.903320 0.011963
v -0.110596 0.917480 0.003174
v -0.094971 0.908203 0.010986
v -0.100830 0.920898 0.003662
v -0.081299 0.876465 0.033447
v -0.086182 0.895996 0.018799
v -0.072021 0.882324 0.028564
v -0.251221 0.103516 -0.012939
v -0.252197 0.111328 -0.005615
v -0.260010 0.498535 -0.100830
v -0.243896 0.097168 -0.010498
v -0.230225 0.121094 -0.030029
v -0.223389 0.113281 -0.026611
v -0.203369 0.123535 -0.040771
v -0.227783 0.153320 -0.011963
v -0.230713 0.129395 -0.023193
v -0.237061 0.169922 -0.006103
v -0.245850 0.173828 -0.000244
v -0.236084 0.177734 -0.005127
v -0.239990 0.174316 -0.008057
v -0.234619 0.176270 -0.013428
v -0.230713 0.183105 -0.003174
v -0.227783 0.175781 -0.008545
v -0.230225 0.173340 -0.011963
v -0.233154 0.179688 -0.009521
v -0.229736 0.182617 -0.008057
v -0.224854 0.178223 -0.007080
v -0.220947 0.186035 -0.011963
v -0.234131 0.168457 -0.017334
v -0.218018 0.180664 -0.009521
v -0.208252 0.180176 -0.018311
v -0.210693 0.185059 -0.021728
v -0.200928 0.174805 -0.028076
v -0.198486 0.183105 -0.031006
v -0.209717 0.132324 -0.045166
v -0.209717 0.144531 -0.034912
v -0.200439 0.154785 -0.037354
v -0.189209 0.137695 -0.060791
v -0.197998 0.145508 -0.049561
v -0.197998 0.165039 -0.035400
v -0.195068 0.169434 -0.045166
v -0.187744 0.171387 -0.043701
v -0.202881 0.180664 -0.032471
v -0.187744 0.156250 -0.055908
v -0.234619 0.210449 -0.007568
v -0.219482 0.188477 -0.008057
v -0.207275 0.187988 -0.019775
v -0.195557 0.212402 -0.019775
v -0.164307 0.168457 -0.025146
v -0.184326 0.128906 -0.055420
v -0.173584 0.174316 -0.031494
v -0.177490 0.158203 -0.055908
v -0.175537 0.175781 -0.048584
v -0.166748 0.173340 -0.045654
v -0.169189 0.156250 -0.052979
v -0.158936 0.242188 -0.025635
v -0.179443 0.191406 -0.059814
v -0.174561 0.188477 -0.060303
v -0.174561 0.205078 -0.052490
v -0.169678 0.195312 -0.046143
v -0.160889 0.192383 -0.043213
v -0.163330 0.200195 -0.052979
v -0.171143 0.220703 -0.044678
v -0.165283 0.219238 -0.043701
v -0.170654 0.236328 -0.036865
v -0.159424 0.246094 -0.061279
v -0.150146 0.216797 -0.046143
v -0.154541 0.245605 -0.036377
v -0.136963 0.233887 -0.048096
v -0.126221 0.245117 -0.051025
v -0.127686 0.245117 -0.058350
v -0.174072 0.128906 -0.067627
v -0.177002 0.136230 -0.072998
v -0.175537 0.146484 -0.065674
v -0.168213 0.138184 -0.070557
v -0.169189 0.144531 -0.062744
v -0.168213 0.125488 -0.086670
v -0.186279 0.178711 -0.069092
v -0.146240 0.154785 -0.079346
v -0.139893 0.148438 -0.070557
v -0.172607 0.189941 -0.068115
v -0.175537 0.192383 -0.068604
v -0.159912 0.202148 -0.066162
v -0.167725 0.207520 -0.067139
v -0.161865 0.226074 -0.064697
v -0.146240 0.218750 -0.064209
v -0.132568 0.224121 -0.065186
v -0.135010 0.234375 -0.063232
v -0.126221 0.249512 -0.062744
v -0.078857 0.102539 -0.118408
v -0.113037 0.127441 -0.099854
v -0.116455 0.133789 -0.110107
v -0.101318 0.209961 -0.087158
v -0.101807 0.246094 -0.076904
v -0.104736 0.225098 -0.092041
v -0.065674 0.202148 -0.101807
v -0.072021 0.231934 -0.111572
v -0.038330 0.247070 -0.124268
v -0.025635 0.203125 -0.111084
v -0.079346 0.107910 -0.129639
v -0.040283 0.069824 -0.129150
v -0.039307 0.073242 -0.140869
v -0.197510 0.257812 -0.002197
v -0.195068 0.296875 -0.006592
v -0.186768 0.263184 -0.011963
v -0.181885 0.258301 -0.008057
v -0.182861 0.258789 -0.010010
v -0.186279 0.267578 -0.008545
v -0.183350 0.270996 -0.014893
v -0.183838 0.274414 -0.014404
v -0.177490 0.259277 -0.018799
v -0.179443 0.264648 -0.021240
v -0.172607 0.250488 -0.027588
v -0.168701 0.261230 -0.019287
v -0.178467 0.297363 -0.002197
v -0.185303 0.281738 -0.024170
v -0.171631 0.281738 -0.018311
v -0.157959 0.311523 -0.031006
v -0.177490 0.276367 -0.035889
v -0.164307 0.272949 -0.033936
v -0.166260 0.274902 -0.046631
v -0.162354 0.264648 -0.055420
v -0.168213 0.273438 -0.047607
v -0.156494 0.267578 -0.053467
v -0.146729 0.278809 -0.023193
v -0.152100 0.308105 -0.022705
v -0.152588 0.263184 -0.048584
v -0.150635 0.261719 -0.056396
v -0.141846 0.261230 -0.052002
v -0.142334 0.250000 -0.062256
v -0.142822 0.261230 -0.057861
v -0.127197 0.250000 -0.046631
v -0.131104 0.279785 -0.042725
v -0.128662 0.261719 -0.062256
v -0.133057 0.266113 -0.053467
v -0.133545 0.266602 -0.058838
v -0.127197 0.274414 -0.055420
v -0.128174 0.274414 -0.058838
v -0.125244 0.273926 -0.060791
v -0.125732 0.279297 -0.058838
v -0.140869 0.295898 -0.033936
v -0.145752 0.298828 -0.043213
v -0.135010 0.281250 -0.052490
v -0.170654 0.321289 -0.014404
v -0.163818 0.317871 -0.007568
v -0.161377 0.352051 -0.024658
v -0.144775 0.317871 -0.010986
v -0.150635 0.356445 -0.018799
v -0.141357 0.337891 -0.046631
v -0.131104 0.342285 -0.039307
v -0.187744 0.452148 -0.009521
v -0.192627 0.476562 -0.010498
v -0.143799 0.380859 -0.021240
v -0.145264 0.411133 -0.027588
v -0.125244 0.375488 -0.042236
v -0.155029 0.436035 -0.034424
v -0.135010 0.429688 -0.055420
v -0.167236 0.437500 -0.004150
v -0.178955 0.452637 -0.045654
v -0.185791 0.478027 -0.046631
v -0.159912 0.447754 -0.074951
v -0.163818 0.471680 -0.078857
v -0.137939 0.437500 -0.086182
v -0.132080 0.452637 -0.093506
v -0.132080 0.468262 -0.112549
v -0.125732 0.498535 -0.160889
v -0.122803 0.262207 -0.048584
v -0.121826 0.262695 -0.061768
v -0.122803 0.273438 -0.052979
v -0.122803 0.273926 -0.060303
v -0.116455 0.303711 -0.039307
v -0.120361 0.322754 -0.061768
v -0.110107 0.327637 -0.052979
v -0.103760 0.370605 -0.056396
v -0.092529 0.315918 -0.062256
v -0.095947 0.308594 -0.075439
v -0.070557 0.251465 -0.090088
v -0.080322 0.310547 -0.067627
v -0.067627 0.308594 -0.072998
v -0.071045 0.303711 -0.085693
v -0.087646 0.313965 -0.068604
v -0.086670 0.352539 -0.062744
v -0.082275 0.351074 -0.072021
v -0.073486 0.351562 -0.068115
v -0.038330 0.297363 -0.076904
v -0.046631 0.310059 -0.092041
v -0.038330 0.264648 -0.097412
v -0.014893 0.286133 -0.099854
v -0.046143 0.313477 -0.079346
v -0.038330 0.365234 -0.082764
v -0.023193 0.330078 -0.085205
v -0.023193 0.328613 -0.094971
v -0.093994 0.382812 -0.064697
v -0.105225 0.402832 -0.065674
v -0.101318 0.404297 -0.081787
v -0.118896 0.419434 -0.063232
v -0.117432 0.422852 -0.085693
v -0.106201 0.432129 -0.089111
v -0.089111 0.382324 -0.076904
v -0.077881 0.386230 -0.073975
v -0.090088 0.412109 -0.081787
v -0.075928 0.419434 -0.094971
v -0.039307 0.417480 -0.101318
v -0.014404 0.266602 -0.130127
v -0.113037 0.481934 -0.134521
v -0.124268 0.493164 -0.140381
v -0.114014 0.488770 -0.154541
v -0.105225 0.469238 -0.125732
v -0.100830 0.482910 -0.138916
v -0.108643 0.479492 -0.142822
v -0.101807 0.495605 -0.156006
v -0.099854 0.488281 -0.144287
v -0.081787 0.467773 -0.133545
v -0.072021 0.444336 -0.126709
v -0.074951 0.466309 -0.141357
v -0.068604 0.468750 -0.135986
v -0.087646 0.491699 -0.160400
v -0.040771 0.470215 -0.130615
v -0.377686 0.544922 -0.021240
v -0.393311 0.592773 -0.027100
v -0.378662 0.568359 -0.013916
v -0.385986 0.566406 -0.023682
v -0.395752 0.622070 -0.030518
v -0.381104 0.594238 -0.013428
v -0.380615 0.621582 -0.013916
v -0.380127 0.566406 -0.033936
v -0.383545 0.591309 -0.040771
v -0.383057 0.618652 -0.047119
v -0.376709 0.652344 -0.015381
v -0.392334 0.654297 -0.034912
v -0.392334 0.654297 -0.035400
v -0.379639 0.647949 -0.054443
v -0.386475 0.679199 -0.038818
v -0.379150 0.694336 -0.041260
v -0.366455 0.530273 -0.014893
v -0.368896 0.528809 -0.019775
v -0.367432 0.529297 -0.024658
v -0.365479 0.529785 -0.030029
v -0.356689 0.515137 -0.015381
v -0.355225 0.516113 -0.012939
v -0.358154 0.514160 -0.018311
v -0.357178 0.514648 -0.021240
v -0.356201 0.515137 -0.023682
v -0.345459 0.503418 -0.017334
v -0.351807 0.518555 -0.018799
v -0.372803 0.546387 -0.014404
v -0.363525 0.531738 -0.010010
v -0.368408 0.547852 -0.007080
v -0.374268 0.545410 -0.029053
v -0.360107 0.549316 -0.027100
v -0.356689 0.534180 -0.020752
v -0.359131 0.550293 -0.017822
v -0.370850 0.544922 -0.036377
v -0.370850 0.569336 -0.003662
v -0.358643 0.569336 -0.014893
v -0.353271 0.590820 -0.011475
v -0.343994 0.610352 -0.008057
v -0.374268 0.565430 -0.044678
v -0.360596 0.567383 -0.034424
v -0.373779 0.588867 -0.054443
v -0.356201 0.587891 -0.043213
v -0.347412 0.607910 -0.052002
v -0.369873 0.612793 -0.063721
v -0.313721 0.591309 -0.111572
v -0.289795 0.528320 -0.111084
v -0.286865 0.528320 -0.118896
v -0.301025 0.547363 -0.114014
v -0.300049 0.546875 -0.121826
v -0.283447 0.532227 -0.106689
v -0.291748 0.550293 -0.108643
v -0.284424 0.551270 -0.116455
v -0.278076 0.514648 -0.107178
v -0.274170 0.518066 -0.104248
v -0.272217 0.518555 -0.108154
v -0.276611 0.514160 -0.112061
v -0.279541 0.530273 -0.122803
v -0.272705 0.515625 -0.114502
v -0.269287 0.519043 -0.110596
v -0.279053 0.533203 -0.112549
v -0.273682 0.533691 -0.116455
v -0.274658 0.550781 -0.121338
v -0.297607 0.569824 -0.108643
v -0.300049 0.589355 -0.106201
v -0.310303 0.568848 -0.114502
v -0.286377 0.570312 -0.119385
v -0.284912 0.586914 -0.120850
v -0.297607 0.601562 -0.102295
v -0.305420 0.624512 -0.094971
v -0.308350 0.611816 -0.103760
v -0.291748 0.613281 -0.096924
v -0.255615 0.565918 -0.114990
v -0.256592 0.562500 -0.119873
v -0.265381 0.581543 -0.116943
v -0.278076 0.614746 -0.105713
v -0.371338 0.677734 -0.016846
v -0.367920 0.687012 -0.051025
v -0.374756 0.673340 -0.060791
v -0.374756 0.686523 -0.056396
v -0.371338 0.683105 -0.062256
v -0.364502 0.685059 -0.055420
v -0.357178 0.686523 -0.062256
v -0.329346 0.629395 -0.002686
v -0.326904 0.627930 -0.007568
v -0.329346 0.636230 -0.039795
v -0.336182 0.625488 -0.061279
v -0.318115 0.636230 -0.058350
v -0.371826 0.690918 -0.025635
v -0.366943 0.690430 -0.020264
v -0.362061 0.689941 -0.028076
v -0.353760 0.687500 -0.015381
v -0.356689 0.694336 -0.015869
v -0.352783 0.694336 -0.024658
v -0.355225 0.749023 -0.030518
v -0.372803 0.694336 -0.031494
v -0.367920 0.691895 -0.035889
v -0.370361 0.701172 -0.037353
v -0.373291 0.702148 -0.042725
v -0.365967 0.689453 -0.031494
v -0.365967 0.698242 -0.043213
v -0.364014 0.711914 -0.044678
v -0.374268 0.692383 -0.051514
v -0.368896 0.690918 -0.047119
v -0.371338 0.700195 -0.048096
v -0.360596 0.743164 -0.036865
v -0.363037 0.746094 -0.038330
v -0.362549 0.748047 -0.038330
v -0.362549 0.740723 -0.046143
v -0.364014 0.746094 -0.040771
v -0.363525 0.748535 -0.040283
v -0.359619 0.743652 -0.042236
v -0.361572 0.747559 -0.046631
v -0.362549 0.748047 -0.046631
v -0.361084 0.749512 -0.044189
v -0.360107 0.748535 -0.044189
v -0.364990 0.746094 -0.051025
v -0.364502 0.748535 -0.051514
v -0.364502 0.746094 -0.053467
v -0.364014 0.748047 -0.053955
v -0.360596 0.743652 -0.050537
v -0.362061 0.749512 -0.049561
v -0.360596 0.748535 -0.049561
v -0.360107 0.743652 -0.053955
v -0.359619 0.747070 -0.051025
v -0.362549 0.743164 -0.055908
v -0.358643 0.743652 -0.038818
v -0.357666 0.747070 -0.038330
v -0.354736 0.747070 -0.034912
v -0.352295 0.748535 -0.031982
v -0.358643 0.747070 -0.041748
v -0.348877 0.735840 -0.038818
v -0.344971 0.740723 -0.032471
v -0.344482 0.726074 -0.048096
v -0.351318 0.733887 -0.047607
v -0.344482 0.726562 -0.048096
v -0.359131 0.747070 -0.054932
v -0.355713 0.748535 -0.061768
v -0.350830 0.735840 -0.056396
v -0.332764 0.705078 -0.006103
v -0.329834 0.706055 -0.016357
v -0.327881 0.698730 -0.006103
v -0.342041 0.732422 -0.043701
v -0.341064 0.739746 -0.040771
v -0.343018 0.732422 -0.052978
v -0.329834 0.729004 -0.049561
v -0.340576 0.739258 -0.048584
v -0.339111 0.735352 -0.048584
v -0.337158 0.748535 -0.049072
v -0.342529 0.739746 -0.055908
v -0.361084 0.638184 -0.073975
v -0.362549 0.683594 -0.070557
v -0.359131 0.677246 -0.068603
v -0.347412 0.662109 -0.085205
v -0.323975 0.634766 -0.069092
v -0.314209 0.636230 -0.076904
v -0.322510 0.649414 -0.074463
v -0.327393 0.684082 -0.097412
v -0.358643 0.749023 -0.063232
v -0.348389 0.740723 -0.063232
v -0.336182 0.697754 -0.077881
v -0.341064 0.694336 -0.087158
v -0.335693 0.688477 -0.085693
v -0.299072 0.749512 -0.023193
v -0.258545 0.687988 -0.016357
v -0.303955 0.639648 -0.065186
v -0.307861 0.632812 -0.085205
v -0.304443 0.647949 -0.093018
v -0.293213 0.636719 -0.074951
v -0.288330 0.626953 -0.086670
v -0.306396 0.674316 -0.088135
v -0.302979 0.638184 -0.108643
v -0.304932 0.645020 -0.123779
v -0.296631 0.669434 -0.101807
v -0.291260 0.671875 -0.120361
v -0.265381 0.672852 -0.076416
v -0.304932 0.744141 -0.081787
v -0.298096 0.718262 -0.104248
v -0.298584 0.705566 -0.114502
v -0.303467 0.714355 -0.115967
v -0.283447 0.699219 -0.103271
v -0.273682 0.694824 -0.117920
v -0.253174 0.712891 -0.118896
v -0.270264 0.729980 -0.120850
v -0.316162 0.573730 -0.133057
v -0.317139 0.585938 -0.130615
v -0.312744 0.585938 -0.132080
v -0.320068 0.585449 -0.138428
v -0.316650 0.601074 -0.129150
v -0.313232 0.620117 -0.126709
v -0.321533 0.601562 -0.142822
v -0.318115 0.624512 -0.146240
v -0.293213 0.547852 -0.128662
v -0.284424 0.548828 -0.131592
v -0.308838 0.569336 -0.126221
v -0.298584 0.568848 -0.135498
v -0.311768 0.584961 -0.136475
v -0.285400 0.567383 -0.138916
v -0.281494 0.586914 -0.145752
v -0.306885 0.599121 -0.139893
v -0.298584 0.617188 -0.143311
v -0.271729 0.566406 -0.125244
v -0.267822 0.576172 -0.127197
v -0.269287 0.586426 -0.135498
v -0.261963 0.576660 -0.134033
v -0.252197 0.564453 -0.127686
v -0.265381 0.586426 -0.137939
v -0.273682 0.604004 -0.150635
v -0.265869 0.601074 -0.143311
v -0.260498 0.620117 -0.154053
v -0.255615 0.615723 -0.148193
v -0.307373 0.652344 -0.147705
v -0.284912 0.637695 -0.146240
v -0.290283 0.677734 -0.146240
v -0.267334 0.657227 -0.148193
v -0.291748 0.746582 -0.176514
v -0.286377 0.746582 -0.186279
v -0.272217 0.714355 -0.132080
v -0.266357 0.701172 -0.143311
v -0.276611 0.726074 -0.134033
v -0.250244 0.730469 -0.149170
v -0.267822 0.739258 -0.168701
v -0.270752 0.736328 -0.173584
v -0.267822 0.736816 -0.178467
v -0.267822 0.736816 -0.178955
v -0.262939 0.742676 -0.166748
v -0.256592 0.746094 -0.167236
v -0.261963 0.738770 -0.181885
v -0.253662 0.745117 -0.175537
v -0.256104 0.741211 -0.182861
v -0.275146 0.749023 -0.192139
v -0.377686 0.772461 -0.031006
v -0.379639 0.779297 -0.029541
v -0.375732 0.777832 -0.026611
v -0.375244 0.780273 -0.031006
v -0.385986 0.796387 -0.027588
v -0.380615 0.786133 -0.024170
v -0.389404 0.803223 -0.030518
v -0.385986 0.802734 -0.025635
v -0.387451 0.807129 -0.028076
v -0.381104 0.803223 -0.026123
v -0.378174 0.798828 -0.028564
v -0.381104 0.807617 -0.028564
v -0.383545 0.775879 -0.033936
v -0.385498 0.777344 -0.043701
v -0.378662 0.772461 -0.034424
v -0.381592 0.779297 -0.034424
v -0.375244 0.773438 -0.035400
v -0.375732 0.774414 -0.036865
v -0.377197 0.780273 -0.035889
v -0.377686 0.775879 -0.044678
v -0.385986 0.775879 -0.053467
v -0.383545 0.779297 -0.053467
v -0.383057 0.779297 -0.058350
v -0.380615 0.772461 -0.053955
v -0.377197 0.766113 -0.054443
v -0.375244 0.767090 -0.053955
v -0.379150 0.780273 -0.052978
v -0.377686 0.774414 -0.052002
v -0.377686 0.773438 -0.053467
v -0.380615 0.772461 -0.057861
v -0.377197 0.766113 -0.056885
v -0.379639 0.777832 -0.062256
v -0.377197 0.773926 -0.057373
v -0.378662 0.780273 -0.057861
v -0.390869 0.783203 -0.043213
v -0.395752 0.792480 -0.042725
v -0.392822 0.789062 -0.042725
v -0.393311 0.793457 -0.039307
v -0.393799 0.793457 -0.046631
v -0.391357 0.808105 -0.035400
v -0.396729 0.798340 -0.042236
v -0.393311 0.798340 -0.042725
v -0.392334 0.806152 -0.042725
v -0.391357 0.783203 -0.053955
v -0.392334 0.792969 -0.052978
v -0.392822 0.808105 -0.050537
v -0.392334 0.803223 -0.055420
v -0.391357 0.807129 -0.058350
v -0.388916 0.783203 -0.032471
v -0.389893 0.792969 -0.032959
v -0.375244 0.781250 -0.044678
v -0.385010 0.798828 -0.035889
v -0.385010 0.808105 -0.043701
v -0.375732 0.803711 -0.031494
v -0.380127 0.808105 -0.035889
v -0.389404 0.796387 -0.058838
v -0.377197 0.781250 -0.061279
v -0.386475 0.798828 -0.051514
v -0.389893 0.802734 -0.061279
v -0.385010 0.803223 -0.061768
v -0.384521 0.807617 -0.059326
v -0.382080 0.808105 -0.052490
v -0.381592 0.798828 -0.059814
v -0.378662 0.803711 -0.057373
v -0.375244 0.813965 -0.044678
v -0.385010 0.786133 -0.063721
v -0.375244 0.790039 -0.069092
v -0.367920 0.770020 -0.031006
v -0.372314 0.780762 -0.027100
v -0.370361 0.774414 -0.029053
v -0.367432 0.775391 -0.030029
v -0.367432 0.780762 -0.029053
v -0.346924 0.754883 -0.030029
v -0.369873 0.790039 -0.020752
v -0.364990 0.782227 -0.024170
v -0.363037 0.802246 -0.024170
v -0.366455 0.806641 -0.029541
v -0.358643 0.795410 -0.021728
v -0.354736 0.789062 -0.025635
v -0.348389 0.802734 -0.019287
v -0.351318 0.809082 -0.020752
v -0.344971 0.796875 -0.026611
v -0.367920 0.750000 -0.038818
v -0.368896 0.758301 -0.035889
v -0.363037 0.757324 -0.032471
v -0.374268 0.766113 -0.032471
v -0.374756 0.766113 -0.034912
v -0.372314 0.767090 -0.033447
v -0.373291 0.767090 -0.035400
v -0.367920 0.770508 -0.032959
v -0.374268 0.773926 -0.031982
v -0.372314 0.780762 -0.032471
v -0.370361 0.774902 -0.032471
v -0.364014 0.765625 -0.033447
v -0.365967 0.770996 -0.031494
v -0.369385 0.750000 -0.052002
v -0.370850 0.758301 -0.054932
v -0.365967 0.757324 -0.058838
v -0.360596 0.752930 -0.058350
v -0.361084 0.751953 -0.060791
v -0.359619 0.754395 -0.060791
v -0.374756 0.767090 -0.056396
v -0.371338 0.770020 -0.059326
v -0.370361 0.770508 -0.057861
v -0.369873 0.770508 -0.060303
v -0.368896 0.770996 -0.058838
v -0.372803 0.774902 -0.057861
v -0.374756 0.780762 -0.057373
v -0.374756 0.774414 -0.060303
v -0.371826 0.774902 -0.062256
v -0.370361 0.775879 -0.059326
v -0.370850 0.780762 -0.059814
v -0.366455 0.765625 -0.057861
v -0.358154 0.751953 -0.031982
v -0.358154 0.752930 -0.034424
v -0.356201 0.754395 -0.032471
v -0.352295 0.750488 -0.036377
v -0.355713 0.756836 -0.041748
v -0.353760 0.755859 -0.042236
v -0.349854 0.751953 -0.032959
v -0.348389 0.768066 -0.040771
v -0.346436 0.766602 -0.041260
v -0.357178 0.756836 -0.052978
v -0.353271 0.754883 -0.047607
v -0.355225 0.755859 -0.052978
v -0.358154 0.757812 -0.047119
v -0.354736 0.750488 -0.057861
v -0.352783 0.751953 -0.061279
v -0.347900 0.753906 -0.047607
v -0.351807 0.769531 -0.048096
v -0.344971 0.765625 -0.048584
v -0.344971 0.780762 -0.048584
v -0.350342 0.768066 -0.055420
v -0.347900 0.766602 -0.055420
v -0.363037 0.787109 -0.046143
v -0.371826 0.811523 -0.035889
v -0.373779 0.811523 -0.053955
v -0.370361 0.806641 -0.061279
v -0.347412 0.796387 -0.047607
v -0.343018 0.751953 -0.026611
v -0.337158 0.764160 -0.028076
v -0.341064 0.766113 -0.030518
v -0.336670 0.776367 -0.030518
v -0.332275 0.774414 -0.027588
v -0.331787 0.788574 -0.029541
v -0.336182 0.804688 -0.015869
v -0.339111 0.812012 -0.018311
v -0.336182 0.800293 -0.027588
v -0.330811 0.800293 -0.027588
v -0.329346 0.797363 -0.028076
v -0.312744 0.805176 -0.011475
v -0.325928 0.786133 -0.026123
v -0.321533 0.783691 -0.030029
v -0.313232 0.790039 -0.023682
v -0.321045 0.806152 -0.016846
v -0.322021 0.811523 -0.018311
v -0.321533 0.811523 -0.018311
v -0.320557 0.797363 -0.023682
v -0.326904 0.804688 -0.024170
v -0.320068 0.805664 -0.019775
v -0.319580 0.805664 -0.019775
v -0.339600 0.750000 -0.035400
v -0.333740 0.762207 -0.036377
v -0.341553 0.779297 -0.041260
v -0.339600 0.777832 -0.041748
v -0.328369 0.772461 -0.036377
v -0.342529 0.750000 -0.061768
v -0.336670 0.762207 -0.061768
v -0.331787 0.760254 -0.049561
v -0.338135 0.776855 -0.049561
v -0.336182 0.775391 -0.049072
v -0.343506 0.779297 -0.056885
v -0.341064 0.777832 -0.056885
v -0.325928 0.770508 -0.050049
v -0.317139 0.780762 -0.051025
v -0.332764 0.788086 -0.042236
v -0.334717 0.789551 -0.041748
v -0.338135 0.791504 -0.049561
v -0.336670 0.789551 -0.057861
v -0.331787 0.786621 -0.050049
v -0.329834 0.787109 -0.049561
v -0.334717 0.788086 -0.057861
v -0.329834 0.801758 -0.050537
v -0.328857 0.799805 -0.058838
v -0.317627 0.781738 -0.038330
v -0.326904 0.799805 -0.042725
v -0.324951 0.797852 -0.042725
v -0.321045 0.804688 -0.043701
v -0.319580 0.802734 -0.043701
v -0.323975 0.795898 -0.051025
v -0.325928 0.804688 -0.050049
v -0.322998 0.807129 -0.051025
v -0.326904 0.797852 -0.058838
v -0.321045 0.802734 -0.059326
v -0.322998 0.804688 -0.059326
v -0.318604 0.800293 -0.051514
v -0.359619 0.818359 -0.025146
v -0.353271 0.822266 -0.020752
v -0.359131 0.813477 -0.027588
v -0.357178 0.827637 -0.027588
v -0.346436 0.826172 -0.018311
v -0.349854 0.815430 -0.027588
v -0.348877 0.833984 -0.025635
v -0.369873 0.819824 -0.045166
v -0.370361 0.823242 -0.045166
v -0.367920 0.825684 -0.045166
v -0.365967 0.817383 -0.034424
v -0.365967 0.821289 -0.032959
v -0.360596 0.832031 -0.036865
v -0.361084 0.835449 -0.046143
v -0.364502 0.837402 -0.045654
v -0.368408 0.817383 -0.056396
v -0.368896 0.821289 -0.057861
v -0.362549 0.832031 -0.054932
v -0.354736 0.841309 -0.035400
v -0.352295 0.840820 -0.036865
v -0.357178 0.841309 -0.057373
v -0.354248 0.840820 -0.056396
v -0.354248 0.851074 -0.046631
v -0.343994 0.853027 -0.037353
v -0.351807 0.849121 -0.047119
v -0.345947 0.853027 -0.057373
v -0.343994 0.864746 -0.047607
v -0.338623 0.830078 -0.012939
v -0.339111 0.829590 -0.015381
v -0.329834 0.834961 -0.011475
v -0.339600 0.814941 -0.022705
v -0.343018 0.821777 -0.023193
v -0.332275 0.820801 -0.022705
v -0.332764 0.825684 -0.022217
v -0.329346 0.820312 -0.017334
v -0.337646 0.843262 -0.022705
v -0.338623 0.840332 -0.023682
v -0.326416 0.815430 -0.010498
v -0.327393 0.814941 -0.013428
v -0.326904 0.814941 -0.013428
v -0.317139 0.818359 -0.004639
v -0.318115 0.818359 -0.008057
v -0.320068 0.825684 -0.013428
v -0.321045 0.839355 -0.004150
v -0.322021 0.838867 -0.008057
v -0.315674 0.833496 -0.014404
v -0.323975 0.827637 -0.018799
v -0.343018 0.844238 -0.030518
v -0.328857 0.849609 -0.019287
v -0.329346 0.845703 -0.020752
v -0.332275 0.851562 -0.030029
v -0.320557 0.852539 -0.015381
v -0.320068 0.856445 -0.013916
v -0.317627 0.853027 -0.026611
v -0.341553 0.847168 -0.031982
v -0.340088 0.845703 -0.034424
v -0.341553 0.852051 -0.039307
v -0.330322 0.854980 -0.031982
v -0.332275 0.864746 -0.037842
v -0.330322 0.863770 -0.039795
v -0.342529 0.845703 -0.060791
v -0.343506 0.852051 -0.055908
v -0.330811 0.853516 -0.062256
v -0.341064 0.861328 -0.048096
v -0.334717 0.864746 -0.059326
v -0.331787 0.863770 -0.057861
v -0.327881 0.853516 -0.035400
v -0.321045 0.858398 -0.031494
v -0.321533 0.869141 -0.039307
v -0.319092 0.872559 -0.035889
v -0.316162 0.866699 -0.039795
v -0.323486 0.869141 -0.059326
v -0.318115 0.866699 -0.059814
v -0.350830 0.754883 -0.065186
v -0.347900 0.751953 -0.069580
v -0.344971 0.766113 -0.065674
v -0.373779 0.781250 -0.063721
v -0.370361 0.782227 -0.067139
v -0.359619 0.789062 -0.067627
v -0.364014 0.795410 -0.070557
v -0.367920 0.802246 -0.067139
v -0.354736 0.802734 -0.074951
v -0.357178 0.809082 -0.072998
v -0.349365 0.796875 -0.068603
v -0.341553 0.764160 -0.069092
v -0.340576 0.776367 -0.066650
v -0.337158 0.774414 -0.070557
v -0.331299 0.772461 -0.062744
v -0.336182 0.789062 -0.068603
v -0.331299 0.786133 -0.072998
v -0.341064 0.800293 -0.069580
v -0.334229 0.797363 -0.070557
v -0.335693 0.800781 -0.070557
v -0.332764 0.804688 -0.074463
v -0.332275 0.804688 -0.074463
v -0.343506 0.804688 -0.080811
v -0.329346 0.811523 -0.081299
v -0.328857 0.811523 -0.081299
v -0.328369 0.806152 -0.082764
v -0.325928 0.783691 -0.070557
v -0.320068 0.781738 -0.063232
v -0.313721 0.792480 -0.073486
v -0.313232 0.792480 -0.073486
v -0.326416 0.797363 -0.076416
v -0.319580 0.790039 -0.078369
v -0.326904 0.805664 -0.080322
v -0.326416 0.805664 -0.080322
v -0.321533 0.805176 -0.089600
v -0.319580 0.804688 -0.086670
v -0.364502 0.818359 -0.066650
v -0.363037 0.813477 -0.064209
v -0.361084 0.827637 -0.064697
v -0.354248 0.815430 -0.066162
v -0.359131 0.822266 -0.072510
v -0.352783 0.826172 -0.075928
v -0.345459 0.814941 -0.072998
v -0.345947 0.812500 -0.077881
v -0.348389 0.821777 -0.072021
v -0.353760 0.833984 -0.068115
v -0.343994 0.840820 -0.072021
v -0.346436 0.829590 -0.080322
v -0.346436 0.830078 -0.082764
v -0.346436 0.844238 -0.064209
v -0.344971 0.847168 -0.063232
v -0.338135 0.820801 -0.074951
v -0.338623 0.825684 -0.074951
v -0.343018 0.843262 -0.072998
v -0.336670 0.820312 -0.080322
v -0.336182 0.820312 -0.080322
v -0.335205 0.815430 -0.084717
v -0.330811 0.827637 -0.079834
v -0.335205 0.815430 -0.087646
v -0.328369 0.825684 -0.086182
v -0.338135 0.834961 -0.085693
v -0.331787 0.838867 -0.090576
v -0.331299 0.838867 -0.090576
v -0.327881 0.818359 -0.091553
v -0.327393 0.818359 -0.091553
v -0.320557 0.812988 -0.087646
v -0.323975 0.833496 -0.085693
v -0.319580 0.829590 -0.093506
v -0.314697 0.838379 -0.092529
v -0.336182 0.851562 -0.066650
v -0.334229 0.854980 -0.065186
v -0.335693 0.845703 -0.076416
v -0.335205 0.850098 -0.077881
v -0.328369 0.852539 -0.083252
v -0.324951 0.858398 -0.067139
v -0.323486 0.853027 -0.072510
v -0.322998 0.853027 -0.072510
v -0.322021 0.872559 -0.063232
v -0.327881 0.856445 -0.084717
v -0.320557 0.859375 -0.092041
v -0.320068 0.859375 -0.092041
v -0.320068 0.863281 -0.093506
v -0.331787 0.839355 -0.094482
v -0.327393 0.818359 -0.095459
v -0.318604 0.822266 -0.099853
v -0.318115 0.822266 -0.104736
v -0.314697 0.834961 -0.098389
v -0.323486 0.844727 -0.100342
v -0.322998 0.844727 -0.100342
v -0.323486 0.845215 -0.104736
v -0.313232 0.864258 -0.102783
v -0.312744 0.864258 -0.102783
v -0.312744 0.868652 -0.104248
v -0.315674 0.851074 -0.111084
v -0.315186 0.851074 -0.111084
v -0.315186 0.851562 -0.115967
v -0.311768 0.804688 -0.014893
v -0.311279 0.804688 -0.014893
v -0.302002 0.804199 -0.011475
v -0.304932 0.796387 -0.023193
v -0.308838 0.792480 -0.029541
v -0.308350 0.792480 -0.029541
v -0.304443 0.790039 -0.020752
v -0.301025 0.804199 -0.015869
v -0.304443 0.796875 -0.023193
v -0.290283 0.803711 -0.014404
v -0.289795 0.803711 -0.018311
v -0.291260 0.797852 -0.022705
v -0.293213 0.811523 -0.018799
v -0.281982 0.808594 -0.021728
v -0.283447 0.805176 -0.026611
v -0.308838 0.756836 -0.052490
v -0.300537 0.795898 -0.036865
v -0.304443 0.790039 -0.052490
v -0.290771 0.804199 -0.031982
v -0.290283 0.798828 -0.046143
v -0.287842 0.807617 -0.036377
v -0.291260 0.796387 -0.053955
v -0.282471 0.795898 -0.054932
v -0.291748 0.798828 -0.061279
v -0.284912 0.801270 -0.054443
v -0.262939 0.772949 -0.015869
v -0.274170 0.803711 -0.018799
v -0.269775 0.805664 -0.037842
v -0.279541 0.787109 -0.055420
v -0.272217 0.801270 -0.055908
v -0.262451 0.797363 -0.056885
v -0.307373 0.821777 -0.001709
v -0.312256 0.812988 -0.013428
v -0.312256 0.812988 -0.013916
v -0.302002 0.817383 -0.007568
v -0.303955 0.812500 -0.014404
v -0.299561 0.818848 -0.013916
v -0.309814 0.829102 -0.007568
v -0.305420 0.838379 -0.009521
v -0.303955 0.834961 -0.003662
v -0.303467 0.830078 -0.013916
v -0.300049 0.835449 -0.015381
v -0.291260 0.817871 -0.001709
v -0.294189 0.827148 -0.012939
v -0.291748 0.828125 -0.009521
v -0.288330 0.829590 -0.005615
v -0.287842 0.819824 -0.017334
v -0.285889 0.812500 -0.023682
v -0.296143 0.842773 -0.015869
v -0.310303 0.863281 -0.007080
v -0.310791 0.859375 -0.008545
v -0.303467 0.858398 -0.020752
v -0.294189 0.844238 -0.009521
v -0.290283 0.859863 -0.015381
v -0.284424 0.863281 -0.005615
v -0.284424 0.849121 -0.025146
v -0.309814 0.874023 -0.044678
v -0.299072 0.873047 -0.032959
v -0.311279 0.874023 -0.056396
v -0.266357 0.825195 -0.009521
v -0.268311 0.812500 -0.022705
v -0.263916 0.840820 -0.014893
v -0.280518 0.865234 -0.015381
v -0.260498 0.852539 -0.029053
v -0.256592 0.861328 -0.045166
v -0.303955 0.795898 -0.068115
v -0.311279 0.790039 -0.082764
v -0.311279 0.796875 -0.080322
v -0.310791 0.796875 -0.080322
v -0.308838 0.804199 -0.088135
v -0.310791 0.804199 -0.092041
v -0.298096 0.798340 -0.083740
v -0.297607 0.803711 -0.088135
v -0.298584 0.803711 -0.091553
v -0.300537 0.811523 -0.086670
v -0.295654 0.804199 -0.074463
v -0.291748 0.807617 -0.071045
v -0.289795 0.805176 -0.081299
v -0.289307 0.808594 -0.086182
v -0.282471 0.803711 -0.090576
v -0.273682 0.805176 -0.072998
v -0.276611 0.812012 -0.086670
v -0.253174 0.789062 -0.075439
v -0.270264 0.767578 -0.094971
v -0.258057 0.800781 -0.097900
v -0.312256 0.812500 -0.088623
v -0.308350 0.818848 -0.089600
v -0.303467 0.827148 -0.091553
v -0.302979 0.827148 -0.091553
v -0.312256 0.830078 -0.088623
v -0.308350 0.835449 -0.087646
v -0.304443 0.842773 -0.087646
v -0.303955 0.842773 -0.087646
v -0.292725 0.812500 -0.083252
v -0.296143 0.819824 -0.088623
v -0.302979 0.873047 -0.070068
v -0.310791 0.858398 -0.081299
v -0.310303 0.858398 -0.081299
v -0.299072 0.859863 -0.089111
v -0.298584 0.859863 -0.089111
v -0.290771 0.849121 -0.080811
v -0.289307 0.865234 -0.091064
v -0.311768 0.817383 -0.095459
v -0.302979 0.817871 -0.103271
v -0.300537 0.822754 -0.105713
v -0.308350 0.833984 -0.103760
v -0.301514 0.828125 -0.095459
v -0.299072 0.830078 -0.099853
v -0.308838 0.826660 -0.110107
v -0.307861 0.827148 -0.113037
v -0.299072 0.832520 -0.116455
v -0.298584 0.837402 -0.110596
v -0.293213 0.833984 -0.107178
v -0.293701 0.829102 -0.112061
v -0.290771 0.840820 -0.115478
v -0.290771 0.838379 -0.118408
v -0.287842 0.838867 -0.113037
v -0.287354 0.835938 -0.116455
v -0.303467 0.844238 -0.094482
v -0.300049 0.848145 -0.106689
v -0.301514 0.872559 -0.117920
v -0.295654 0.863281 -0.099853
v -0.292236 0.855957 -0.120850
v -0.281494 0.844727 -0.119385
v -0.289795 0.868652 -0.112549
v -0.266846 0.851562 -0.082764
v -0.259033 0.861328 -0.067627
v -0.278076 0.825195 -0.099365
v -0.273682 0.839355 -0.095459
v -0.255615 0.817383 -0.111084
v -0.328369 0.875977 -0.049072
v -0.330811 0.878906 -0.049072
v -0.313232 0.879395 -0.039307
v -0.316650 0.889648 -0.050049
v -0.315674 0.879395 -0.060791
v -0.318115 0.893066 -0.050049
v -0.313721 0.882324 -0.064209
v -0.310791 0.882324 -0.036377
v -0.300537 0.893555 -0.039307
v -0.304932 0.878906 -0.051025
v -0.303955 0.878906 -0.051025
v -0.307861 0.898438 -0.051025
v -0.299561 0.905762 -0.051514
v -0.293213 0.902344 -0.042236
v -0.296631 0.889160 -0.052002
v -0.290283 0.899414 -0.052490
v -0.295654 0.902344 -0.061768
v -0.285889 0.914062 -0.046143
v -0.289795 0.916016 -0.052490
v -0.283447 0.912109 -0.052978
v -0.287354 0.914062 -0.059326
v -0.283447 0.925293 -0.052978
v -0.281982 0.924316 -0.056885
v -0.261475 0.885254 -0.025635
v -0.279541 0.896973 -0.053467
v -0.281006 0.924316 -0.049561
v -0.280029 0.923340 -0.053467
v -0.279541 0.931152 -0.052002
v -0.279541 0.931152 -0.054443
v -0.280029 0.931641 -0.053467
v -0.278564 0.931152 -0.053467
v -0.279053 0.932129 -0.053467
v -0.257080 0.911621 -0.055420
v -0.303467 0.893555 -0.063232
v -0.281494 0.875488 -0.124268
v -0.267822 0.885254 -0.084228
v -0.315674 0.800293 -0.173096
v -0.313232 0.833008 -0.179932
v -0.324951 0.795410 -0.190674
v -0.314209 0.790527 -0.208740
v -0.322510 0.830566 -0.200439
v -0.304443 0.771484 -0.168701
v -0.312256 0.765625 -0.182373
v -0.286865 0.751465 -0.167725
v -0.289795 0.776367 -0.161865
v -0.298096 0.802734 -0.161865
v -0.276611 0.756348 -0.163818
v -0.273193 0.779785 -0.159912
v -0.264893 0.760742 -0.163818
v -0.264404 0.777832 -0.170166
v -0.258057 0.758301 -0.178955
v -0.259521 0.774414 -0.183350
v -0.280029 0.803711 -0.156494
v -0.265381 0.798340 -0.169189
v -0.303955 0.860352 -0.127197
v -0.291260 0.870605 -0.136963
v -0.282471 0.866211 -0.132080
v -0.296631 0.832031 -0.164795
v -0.284424 0.857422 -0.170654
v -0.280518 0.830078 -0.155518
v -0.260986 0.818848 -0.170166
v -0.271729 0.852051 -0.158447
v -0.254639 0.867676 -0.164795
v -0.262451 0.874512 -0.177002
v -0.303467 0.763672 -0.196533
v -0.287354 0.764648 -0.204834
v -0.295166 0.787109 -0.218994
v -0.272705 0.766602 -0.206787
v -0.264404 0.751953 -0.193603
v -0.264404 0.770020 -0.197510
v -0.257568 0.791504 -0.188232
v -0.250244 0.809082 -0.193115
v -0.264404 0.787598 -0.207764
v -0.259522 0.806641 -0.218506
v -0.279541 0.785645 -0.222900
v -0.279541 0.809570 -0.238037
v -0.297607 0.862305 -0.187744
v -0.305420 0.861816 -0.208740
v -0.311279 0.822754 -0.219971
v -0.293213 0.814941 -0.232178
v -0.281494 0.838379 -0.239014
v -0.296143 0.851074 -0.227295
v -0.270264 0.829102 -0.246338
v -0.271240 0.872070 -0.231201
v -0.260986 0.856445 -0.241455
v -0.253174 0.845215 -0.248291
v -0.289795 0.878906 -0.129639
v -0.277100 0.886719 -0.138428
v -0.271729 0.877930 -0.140381
v -0.272217 0.883789 -0.134521
v -0.277100 0.881836 -0.143311
v -0.258545 0.896973 -0.146728
v -0.271729 0.882324 -0.193603
v -0.277588 0.883789 -0.214111
v -0.226318 0.538574 -0.018311
v -0.225342 0.538086 -0.053467
v -0.215088 0.511230 -0.015381
v -0.207764 0.503418 -0.013916
v -0.215088 0.519531 -0.016357
v -0.192139 0.521973 -0.017334
v -0.210693 0.559082 -0.023682
v -0.211182 0.509277 -0.052002
v -0.211182 0.516113 -0.052002
v -0.202881 0.501465 -0.050537
v -0.194092 0.523438 -0.049561
v -0.213135 0.556152 -0.051514
v -0.202881 0.570312 -0.000244
v -0.239014 0.554688 -0.113525
v -0.241943 0.559570 -0.124756
v -0.197510 0.511230 -0.090088
v -0.187744 0.504883 -0.086670
v -0.197021 0.519531 -0.088135
v -0.216553 0.543945 -0.089600
v -0.209717 0.562012 -0.081299
v -0.190674 0.534180 -0.082764
v -0.203369 0.555176 -0.122803
v -0.195068 0.550293 -0.120361
v -0.230225 0.570312 -0.123779
v -0.202881 0.577637 -0.107178
v -0.180908 0.513184 -0.122314
v -0.178955 0.522949 -0.118896
v -0.170654 0.507324 -0.115479
v -0.235107 0.709961 -0.023682
v -0.236572 0.746094 -0.023682
v -0.204346 0.733398 -0.031982
v -0.227783 0.704590 -0.079346
v -0.243896 0.747070 -0.086670
v -0.239014 0.738281 -0.113037
v -0.184814 0.734375 -0.080322
v -0.165283 0.729492 -0.116943
v -0.236572 0.570312 -0.132080
v -0.228760 0.593262 -0.143311
v -0.226807 0.590332 -0.144775
v -0.226318 0.584473 -0.142334
v -0.230713 0.602051 -0.143799
v -0.228760 0.605469 -0.147217
v -0.220459 0.608887 -0.146728
v -0.226807 0.614258 -0.144287
v -0.228271 0.613770 -0.149658
v -0.225830 0.611328 -0.152100
v -0.218506 0.586426 -0.135010
v -0.187744 0.571289 -0.149658
v -0.207275 0.604004 -0.140381
v -0.214600 0.609375 -0.140869
v -0.195557 0.601562 -0.125244
v -0.193604 0.617676 -0.132568
v -0.198486 0.624023 -0.145264
v -0.217041 0.604980 -0.160400
v -0.217041 0.603516 -0.162842
v -0.211182 0.598145 -0.164307
v -0.203369 0.600098 -0.156494
v -0.212646 0.624512 -0.156982
v -0.206787 0.624512 -0.171631
v -0.207764 0.623047 -0.175537
v -0.191650 0.619629 -0.170654
v -0.199463 0.618164 -0.178955
v -0.159424 0.512207 -0.148193
v -0.159424 0.549805 -0.159912
v -0.151611 0.505859 -0.135986
v -0.155029 0.525391 -0.144287
v -0.138916 0.501953 -0.141357
v -0.134521 0.523438 -0.155518
v -0.140381 0.506836 -0.159424
v -0.153564 0.557129 -0.180420
v -0.179932 0.566406 -0.148193
v -0.179932 0.585938 -0.173584
v -0.171143 0.593262 -0.170166
v -0.156982 0.615723 -0.174072
v -0.145264 0.564453 -0.176025
v -0.242920 0.634766 -0.156006
v -0.239014 0.629883 -0.149658
v -0.219482 0.628906 -0.146728
v -0.223877 0.629395 -0.156006
v -0.241943 0.678223 -0.150146
v -0.239014 0.636230 -0.180420
v -0.219482 0.626465 -0.160889
v -0.218994 0.651855 -0.163330
v -0.211670 0.648438 -0.149170
v -0.191162 0.646484 -0.149170
v -0.216064 0.652344 -0.156982
v -0.213623 0.648926 -0.170166
v -0.204346 0.647949 -0.166260
v -0.199951 0.645508 -0.186768
v -0.198975 0.646973 -0.180908
v -0.210693 0.671387 -0.157959
v -0.216064 0.674316 -0.167236
v -0.210693 0.686523 -0.156494
v -0.210205 0.672852 -0.176025
v -0.199463 0.671875 -0.171631
v -0.248291 0.716797 -0.145752
v -0.230713 0.714355 -0.156006
v -0.242432 0.718750 -0.139893
v -0.241455 0.733398 -0.133545
v -0.227783 0.724121 -0.135010
v -0.219482 0.731934 -0.141846
v -0.219482 0.742188 -0.147217
v -0.220947 0.706055 -0.162842
v -0.246826 0.731445 -0.171631
v -0.227295 0.726562 -0.163330
v -0.214600 0.697754 -0.152100
v -0.212646 0.704102 -0.149658
v -0.190674 0.742676 -0.136475
v -0.215576 0.691406 -0.167236
v -0.210205 0.693359 -0.177002
v -0.215088 0.711426 -0.173096
v -0.199951 0.708008 -0.170166
v -0.198486 0.691406 -0.172607
v -0.207275 0.724121 -0.161377
v -0.196045 0.729980 -0.166748
v -0.227295 0.648926 -0.189697
v -0.221924 0.643066 -0.190674
v -0.225830 0.645996 -0.196533
v -0.220459 0.659668 -0.195068
v -0.209229 0.651367 -0.197021
v -0.197510 0.655762 -0.201416
v -0.189697 0.641602 -0.191650
v -0.187744 0.653809 -0.204346
v -0.215088 0.671387 -0.198975
v -0.213135 0.683105 -0.200928
v -0.215088 0.656250 -0.206787
v -0.205322 0.666016 -0.214600
v -0.192627 0.672852 -0.187744
v -0.194092 0.671875 -0.194580
v -0.189209 0.678223 -0.218506
v -0.187744 0.667480 -0.221924
v -0.195068 0.674316 -0.220947
v -0.195068 0.687012 -0.222412
v -0.222900 0.710449 -0.198486
v -0.235596 0.742676 -0.190186
v -0.230713 0.725098 -0.194580
v -0.223389 0.724121 -0.208252
v -0.215088 0.695801 -0.201416
v -0.187744 0.701660 -0.190186
v -0.189697 0.701660 -0.197998
v -0.216064 0.730957 -0.199951
v -0.201904 0.725586 -0.205322
v -0.194092 0.726074 -0.207764
v -0.188232 0.730957 -0.209228
v -0.205811 0.706055 -0.218994
v -0.198486 0.699219 -0.221924
v -0.189209 0.687988 -0.218994
v -0.191650 0.696289 -0.218994
v -0.180908 0.643066 -0.136963
v -0.185791 0.670898 -0.151123
v -0.185791 0.671387 -0.151123
v -0.171631 0.669922 -0.136963
v -0.182373 0.642578 -0.182861
v -0.144775 0.645996 -0.177490
v -0.136963 0.678711 -0.177490
v -0.181885 0.698730 -0.151123
v -0.176514 0.717773 -0.148682
v -0.166260 0.698730 -0.131103
v -0.179443 0.724609 -0.147705
v -0.133057 0.711426 -0.171143
v -0.132568 0.743164 -0.156494
v -0.180420 0.647949 -0.205811
v -0.170166 0.632324 -0.206787
v -0.161377 0.650879 -0.209228
v -0.182373 0.668945 -0.200439
v -0.175537 0.669434 -0.191162
v -0.173584 0.646973 -0.223389
v -0.180420 0.659180 -0.222900
v -0.181396 0.670898 -0.219482
v -0.174072 0.662598 -0.219971
v -0.174072 0.656250 -0.223877
v -0.175537 0.687012 -0.241455
v -0.168701 0.660156 -0.224853
v -0.165771 0.675781 -0.222412
v -0.158447 0.685547 -0.223877
v -0.160889 0.671875 -0.226807
v -0.153076 0.661621 -0.210693
v -0.144287 0.668457 -0.211670
v -0.134033 0.672363 -0.212158
v -0.125244 0.672852 -0.212158
v -0.149658 0.680176 -0.227783
v -0.138428 0.683594 -0.227783
v -0.177490 0.700195 -0.204346
v -0.171143 0.699707 -0.194580
v -0.184814 0.731934 -0.187744
v -0.187256 0.732910 -0.196533
v -0.175049 0.732910 -0.203369
v -0.184326 0.740723 -0.209228
v -0.168701 0.731445 -0.193115
v -0.160889 0.738281 -0.212158
v -0.180908 0.702637 -0.221436
v -0.183838 0.707031 -0.225342
v -0.172119 0.712891 -0.223389
v -0.167236 0.699707 -0.223389
v -0.164307 0.702148 -0.228271
v -0.172119 0.720703 -0.227783
v -0.173584 0.738770 -0.224853
v -0.151611 0.709473 -0.214111
v -0.147217 0.704590 -0.213623
v -0.141846 0.703613 -0.213623
v -0.138428 0.706055 -0.213623
v -0.136963 0.709961 -0.213623
v -0.133545 0.709961 -0.216553
v -0.136475 0.715332 -0.213135
v -0.130615 0.710938 -0.213135
v -0.156006 0.719238 -0.213623
v -0.155029 0.688477 -0.228271
v -0.124268 0.529297 -0.179443
v -0.104248 0.510742 -0.173584
v -0.113525 0.539062 -0.173584
v -0.073486 0.501465 -0.152100
v -0.080811 0.523438 -0.177979
v -0.077393 0.515625 -0.160400
v -0.084717 0.535156 -0.173584
v -0.123779 0.610840 -0.177490
v -0.099365 0.587891 -0.189209
v -0.041748 0.504883 -0.152588
v -0.042725 0.533203 -0.171631
v -0.043701 0.539062 -0.184814
v -0.045654 0.550293 -0.181396
v -0.046631 0.588379 -0.194092
v -0.120850 0.640625 -0.179443
v -0.120850 0.676758 -0.179932
v -0.124756 0.710938 -0.172607
v -0.080811 0.747070 -0.186768
v -0.094482 0.634277 -0.198486
v -0.108643 0.669922 -0.211182
v -0.123779 0.685059 -0.226318
v -0.090088 0.673828 -0.200928
v -0.115479 0.690918 -0.212158
v -0.086182 0.712891 -0.196533
v -0.046143 0.628418 -0.202393
v -0.044189 0.665527 -0.206299
v -0.041748 0.698730 -0.205811
v -0.038818 0.726562 -0.201904
v -0.013916 0.733887 -0.198975
v -0.006104 0.744629 -0.191162
v -0.005615 0.743652 -0.194580
v -0.235107 0.780762 -0.016357
v -0.249268 0.803223 -0.014404
v -0.233154 0.791992 -0.001221
v -0.243408 0.750000 -0.056396
v -0.249756 0.790527 -0.039307
v -0.196533 0.770996 -0.026123
v -0.203857 0.775391 -0.060303
v -0.243896 0.818848 -0.002686
v -0.237061 0.835938 -0.008057
v -0.230225 0.850098 -0.025146
v -0.248779 0.863281 -0.057373
v -0.245361 0.873535 -0.057373
v -0.226318 0.856934 -0.043701
v -0.231201 0.861816 -0.060303
v -0.222412 0.865234 -0.051025
v -0.196533 0.834961 -0.015869
v -0.206299 0.869629 -0.030518
v -0.200928 0.870117 -0.015381
v -0.190674 0.860352 -0.023193
v -0.209717 0.849609 -0.040283
v -0.209717 0.853516 -0.043701
v -0.209229 0.856445 -0.044189
v -0.206787 0.858887 -0.042725
v -0.213623 0.868164 -0.041748
v -0.205811 0.873047 -0.048584
v -0.209229 0.870605 -0.056396
v -0.198975 0.861816 -0.034424
v -0.193115 0.866211 -0.038818
v -0.201416 0.860352 -0.050537
v -0.242432 0.775391 -0.098877
v -0.229736 0.754395 -0.122803
v -0.244385 0.784668 -0.113525
v -0.204834 0.771484 -0.090576
v -0.200439 0.760742 -0.115967
v -0.238037 0.847656 -0.093506
v -0.230225 0.855957 -0.077393
v -0.224854 0.864258 -0.072021
v -0.249268 0.832031 -0.108154
v -0.226807 0.818359 -0.124268
v -0.201416 0.832520 -0.062744
v -0.192139 0.816895 -0.093018
v -0.203857 0.851562 -0.063232
v -0.204346 0.858887 -0.077393
v -0.211182 0.869629 -0.063721
v -0.210693 0.870117 -0.071045
v -0.214600 0.847656 -0.084229
v -0.214111 0.851562 -0.081299
v -0.213135 0.854980 -0.081299
v -0.211182 0.856934 -0.083740
v -0.205322 0.858398 -0.093506
v -0.218506 0.866211 -0.083740
v -0.209229 0.871582 -0.079346
v -0.198486 0.863281 -0.091064
v -0.206299 0.830078 -0.109619
v -0.213623 0.866211 -0.096436
v -0.210693 0.864746 -0.112549
v -0.199463 0.855469 -0.106201
v -0.187744 0.866211 -0.103760
v -0.195068 0.846680 -0.122803
v -0.167236 0.771973 -0.001221
v -0.175537 0.805176 -0.010498
v -0.164307 0.791504 -0.022705
v -0.170166 0.781738 -0.025635
v -0.171143 0.788574 -0.023682
v -0.168213 0.786621 -0.051025
v -0.170166 0.794434 -0.050049
v -0.162842 0.796875 -0.048584
v -0.129639 0.795898 -0.053955
v -0.125244 0.803223 -0.051514
v -0.181885 0.850586 -0.000732
v -0.179932 0.870605 -0.029541
v -0.168701 0.859375 -0.000244
v -0.186279 0.820312 -0.033447
v -0.150146 0.842773 -0.009521
v -0.147705 0.824707 -0.015869
v -0.139893 0.850098 -0.007568
v -0.133545 0.844727 -0.010498
v -0.148682 0.829590 -0.044678
v -0.151123 0.850586 -0.041748
v -0.141357 0.857910 -0.039795
v -0.135010 0.852051 -0.040283
v -0.165283 0.796387 -0.077393
v -0.162842 0.788574 -0.076904
v -0.158447 0.798828 -0.075928
v -0.184814 0.797852 -0.114990
v -0.156494 0.794434 -0.106201
v -0.132568 0.789062 -0.071533
v -0.133057 0.808594 -0.068604
v -0.135986 0.803711 -0.071533
v -0.137939 0.810547 -0.090088
v -0.153564 0.786133 -0.103271
v -0.149658 0.797363 -0.103760
v -0.126221 0.789551 -0.109619
v -0.145264 0.830078 -0.074951
v -0.127686 0.816406 -0.065186
v -0.127686 0.812500 -0.078369
v -0.147217 0.853516 -0.075439
v -0.131592 0.854004 -0.072021
v -0.137939 0.860352 -0.073486
v -0.136963 0.826660 -0.105225
v -0.127686 0.855957 -0.107666
v -0.136963 0.849609 -0.109619
v -0.243896 0.898926 -0.032471
v -0.234619 0.884766 -0.058350
v -0.234619 0.921875 -0.057373
v -0.223877 0.910156 -0.037353
v -0.217041 0.895996 -0.059326
v -0.198486 0.877930 -0.039307
v -0.189697 0.884766 -0.031494
v -0.203857 0.920898 -0.041748
v -0.213623 0.931152 -0.059326
v -0.188721 0.932617 -0.046143
v -0.197021 0.908203 -0.060791
v -0.197998 0.940918 -0.060791
v -0.187744 0.949219 -0.061768
v -0.249268 0.898926 -0.080811
v -0.228760 0.910156 -0.078857
v -0.203857 0.875488 -0.091064
v -0.208252 0.920898 -0.077881
v -0.192139 0.932617 -0.076904
v -0.197021 0.880859 -0.101807
v -0.190186 0.888184 -0.110107
v -0.191162 0.877441 -0.119873
v -0.180420 0.883789 -0.014893
v -0.181396 0.893066 -0.026123
v -0.180908 0.923828 -0.062256
v -0.178955 0.943359 -0.049072
v -0.172119 0.952637 -0.052002
v -0.167236 0.962891 -0.054932
v -0.163330 0.973633 -0.057861
v -0.160889 0.983398 -0.060303
v -0.181885 0.943359 -0.075928
v -0.172119 0.937500 -0.063232
v -0.179443 0.957031 -0.062744
v -0.173096 0.965332 -0.063721
v -0.175049 0.953125 -0.074951
v -0.166748 0.948730 -0.064209
v -0.169189 0.962891 -0.073486
v -0.162842 0.960449 -0.064697
v -0.167725 0.975098 -0.064697
v -0.164795 0.973633 -0.072021
v -0.160400 0.972168 -0.065186
v -0.158936 0.982422 -0.065674
v -0.161865 0.983398 -0.070557
v -0.163818 0.984375 -0.065186
v -0.158936 0.998047 -0.064209
v -0.158447 0.997559 -0.066162
v -0.159912 0.998047 -0.066162
v -0.158936 0.999512 -0.066162
v -0.159424 0.998047 -0.067627
v -0.230225 0.762695 -0.132568
v -0.238037 0.803223 -0.127197
v -0.218506 0.777344 -0.145752
v -0.198975 0.808105 -0.131103
v -0.195068 0.782715 -0.147217
v -0.207275 0.752930 -0.157471
v -0.194092 0.756348 -0.158936
v -0.189209 0.791992 -0.179932
v -0.243896 0.840820 -0.175049
v -0.219482 0.851074 -0.182373
v -0.197021 0.837891 -0.148193
v -0.191650 0.832031 -0.140869
v -0.202393 0.853516 -0.129150
v -0.189209 0.864258 -0.135010
v -0.188232 0.812500 -0.157471
v -0.193115 0.817383 -0.165771
v -0.191162 0.782715 -0.195068
v -0.236084 0.825195 -0.197998
v -0.242432 0.827637 -0.225342
v -0.219971 0.840820 -0.227295
v -0.230713 0.855469 -0.244385
v -0.234131 0.865723 -0.239502
v -0.214600 0.837402 -0.201416
v -0.195068 0.858887 -0.187744
v -0.191650 0.847168 -0.204346
v -0.204346 0.863770 -0.238525
v -0.207275 0.871582 -0.235107
v -0.196045 0.851074 -0.226807
v -0.180420 0.774902 -0.130615
v -0.178467 0.750000 -0.141357
v -0.184326 0.760742 -0.181885
v -0.167725 0.762207 -0.187256
v -0.185791 0.788086 -0.171143
v -0.168701 0.790527 -0.177490
v -0.139893 0.780273 -0.129150
v -0.142334 0.788086 -0.133545
v -0.136475 0.790527 -0.130615
v -0.125244 0.782715 -0.153564
v -0.177002 0.838379 -0.146728
v -0.182861 0.854980 -0.126221
v -0.184814 0.845215 -0.155518
v -0.180420 0.821289 -0.174072
v -0.171631 0.815918 -0.164307
v -0.187256 0.763184 -0.190186
v -0.174561 0.764648 -0.197510
v -0.186279 0.768555 -0.201904
v -0.177979 0.772461 -0.202881
v -0.183838 0.753906 -0.206787
v -0.177002 0.756348 -0.218506
v -0.183350 0.771484 -0.207764
v -0.167725 0.756836 -0.208740
v -0.176514 0.794434 -0.187744
v -0.175537 0.871094 -0.195068
v -0.173096 0.860840 -0.207764
v -0.176514 0.864258 -0.225342
v -0.229248 0.875488 -0.173584
v -0.233643 0.881836 -0.183350
v -0.202393 0.879395 -0.182861
v -0.239014 0.891113 -0.197998
v -0.241943 0.893555 -0.216553
v -0.239014 0.882324 -0.230713
v -0.205811 0.884277 -0.189697
v -0.210205 0.890625 -0.201416
v -0.213135 0.892578 -0.216064
v -0.188232 0.894531 -0.205322
v -0.190674 0.895020 -0.217041
v -0.211670 0.884277 -0.227783
v -0.188721 0.888672 -0.225830
v -0.181885 0.886719 -0.192139
v -0.177002 0.899902 -0.218018
v -0.163818 0.883789 -0.202881
v -0.169189 0.894531 -0.199951
v -0.160889 0.875977 -0.212158
v -0.160400 0.902344 -0.206299
v -0.183350 0.875000 -0.234131
v -0.164307 0.878418 -0.223877
v -0.170654 0.885254 -0.231689
v -0.166748 0.905273 -0.219482
v -0.161377 0.895020 -0.229736
v -0.157959 0.911621 -0.220947
v -0.153564 0.890137 -0.215576
v -0.148682 0.902344 -0.218506
v -0.153564 0.909668 -0.211670
v -0.148193 0.916992 -0.217529
v -0.148682 0.902344 -0.218994
v -0.154053 0.904785 -0.228271
v -0.150635 0.917969 -0.222900
v -0.145752 0.913086 -0.221436
v -0.148193 0.914062 -0.226807
v -0.142822 0.925293 -0.224853
v -0.108643 0.759277 -0.016846
v -0.117432 0.812012 -0.042236
v -0.100830 0.838379 -0.008057
v -0.107666 0.821777 -0.025635
v -0.110107 0.864258 -0.021240
v -0.109131 0.848633 -0.025635
v -0.104248 0.865234 -0.028076
v -0.112061 0.837402 -0.037842
v -0.111084 0.826172 -0.054932
v -0.117432 0.833984 -0.053467
v -0.104736 0.841309 -0.042236
v -0.107666 0.837891 -0.056885
v -0.103271 0.852051 -0.031982
v -0.123291 0.826172 -0.063232
v -0.121826 0.816406 -0.072998
v -0.116943 0.824219 -0.071045
v -0.120361 0.835938 -0.064697
v -0.111084 0.841797 -0.074951
v -0.104736 0.831543 -0.077881
v -0.122314 0.850098 -0.104248
v -0.092041 0.836426 -0.101318
v -0.113037 0.887695 -0.012451
v -0.112061 0.890625 -0.011963
v -0.113525 0.877441 -0.023682
v -0.116943 0.887207 -0.031006
v -0.118408 0.892090 -0.029541
v -0.117920 0.895508 -0.029541
v -0.116455 0.900879 -0.019775
v -0.111084 0.905762 -0.026123
v -0.105713 0.878906 -0.000244
v -0.098389 0.877441 -0.009521
v -0.107178 0.876465 -0.030518
v -0.115479 0.913574 -0.011963
v -0.111572 0.931641 -0.004639
v -0.113525 0.930176 -0.010010
v -0.110596 0.916504 -0.019775
v -0.109619 0.930664 -0.015869
v -0.104736 0.933594 -0.003662
v -0.110107 0.885254 -0.036377
v -0.119385 0.893555 -0.038330
v -0.112061 0.900879 -0.033447
v -0.114014 0.896484 -0.049072
v -0.102783 0.886230 -0.040283
v -0.082275 0.882812 -0.013428
v -0.086670 0.891113 -0.039795
v -0.110107 0.944824 -0.011475
v -0.107178 0.953125 -0.014404
v -0.098877 0.893066 -0.070068
v -0.083252 0.897461 -0.065186
v -0.085205 0.898926 -0.100342
v -0.052002 0.907227 -0.112061
v -0.028076 0.909180 -0.124756
v -0.122803 0.770996 -0.151611
v -0.119873 0.780273 -0.153564
v -0.105713 0.774414 -0.142334
v -0.100830 0.802734 -0.139404
v -0.106689 0.807617 -0.155518
v -0.104248 0.760254 -0.169678
v -0.101318 0.770996 -0.171143
v -0.105713 0.765625 -0.175049
v -0.076416 0.798828 -0.148193
v -0.066650 0.778809 -0.171143
v -0.084229 0.791016 -0.156982
v -0.092041 0.796875 -0.170654
v -0.075439 0.785156 -0.182861
v -0.123291 0.818359 -0.132568
v -0.121826 0.840332 -0.139404
v -0.108643 0.840820 -0.132080
v -0.113037 0.846191 -0.136963
v -0.103760 0.826172 -0.163818
v -0.095459 0.832520 -0.161377
v -0.092041 0.827637 -0.155029
v -0.087646 0.812500 -0.178955
v -0.080811 0.818359 -0.177002
v -0.077881 0.815430 -0.170166
v -0.080811 0.750488 -0.190186
v -0.078369 0.752441 -0.188232
v -0.070557 0.796875 -0.190186
v -0.064209 0.802734 -0.189209
v -0.045166 0.759277 -0.179932
v -0.062256 0.800781 -0.182861
v -0.039795 0.803223 -0.162842
v -0.049561 0.841797 -0.135986
v -0.055908 0.770508 -0.193115
v -0.052002 0.778320 -0.197998
v -0.031494 0.750000 -0.199463
v -0.045166 0.783691 -0.191650
v -0.046631 0.784180 -0.197510
v -0.022705 0.761230 -0.196045
v -0.023193 0.760742 -0.200439
v -0.061768 0.902832 -0.125244
v -0.032959 0.904785 -0.140381
v 0.000244 0.088379 0.172607
v 0.000244 0.069824 0.156494
v 0.006104 0.090820 0.166260
v 0.000244 0.112793 0.182861
v 0.005615 0.110840 0.185791
v 0.013428 0.113281 0.174072
v 0.056396 0.094238 0.156494
v 0.056396 0.110840 0.161865
v 0.084717 0.061035 0.154053
v 0.070557 0.083008 0.163330
v 0.069580 0.122070 0.172607
v 0.067139 0.100586 0.168701
v 0.073486 0.069824 0.154053
v 0.064209 0.080078 0.154541
v 0.075439 0.085938 0.151123
v 0.074463 0.102539 0.151611
v 0.077393 0.120605 0.152100
v 0.000244 0.156250 0.226807
v 0.000244 0.170898 0.225830
v 0.000244 0.131836 0.215576
v 0.000244 0.136719 0.195068
v 0.000244 0.149902 0.202881
v 0.005127 0.155762 0.199951
v 0.006104 0.145508 0.193115
v 0.015869 0.141113 0.198486
v 0.013916 0.170410 0.199951
v 0.030518 0.170898 0.206299
v 0.049561 0.162109 0.187744
v 0.058838 0.177246 0.188232
v 0.007568 0.201660 0.226318
v 0.012939 0.200195 0.228760
v 0.000244 0.234863 0.248291
v 0.019775 0.235352 0.226807
v 0.027100 0.236328 0.230713
v 0.023682 0.199219 0.202393
v 0.000244 0.234375 0.195068
v 0.030518 0.236328 0.189209
v 0.037842 0.241211 0.219482
v 0.035400 0.197266 0.205322
v 0.046631 0.199219 0.187744
v 0.046143 0.223145 0.203369
v 0.039795 0.226562 0.202881
v 0.057861 0.248047 0.203369
v 0.052490 0.220215 0.189209
v 0.060791 0.245605 0.202881
v 0.025146 0.142090 0.179932
v 0.041748 0.139160 0.173584
v 0.044678 0.148438 0.180420
v 0.039307 0.150879 0.175537
v 0.040283 0.139160 0.169678
v 0.038818 0.141113 0.171143
v 0.042725 0.140625 0.169678
v 0.047119 0.149902 0.172607
v 0.060303 0.132812 0.166748
v 0.037842 0.164062 0.181396
v 0.040283 0.161133 0.179443
v 0.044678 0.173340 0.187256
v 0.053467 0.162109 0.175537
v 0.047119 0.185547 0.184326
v 0.051514 0.186523 0.182861
v 0.061768 0.174805 0.177002
v 0.116943 0.188965 0.189697
v 0.099365 0.235352 0.188232
v 0.109619 0.226562 0.189209
v 0.120361 0.226074 0.189697
v 0.070557 0.155273 0.168213
v 0.080322 0.146484 0.173584
v 0.085693 0.140137 0.152100
v 0.102295 0.166504 0.168213
v 0.095459 0.177246 0.163818
v 0.102783 0.157227 0.148193
v 0.066162 0.202148 0.180908
v 0.073486 0.192383 0.183838
v 0.074463 0.189453 0.175049
v 0.072998 0.198730 0.177002
v 0.085205 0.201172 0.176514
v 0.081787 0.204102 0.173096
v 0.085205 0.198730 0.171143
v 0.086182 0.203125 0.171143
v 0.065674 0.240723 0.186768
v 0.065186 0.240234 0.177490
v 0.087158 0.246582 0.183838
v 0.092529 0.249023 0.186768
v 0.090576 0.247070 0.172119
v 0.091064 0.246094 0.172119
v 0.104736 0.207520 0.187256
v 0.123779 0.189941 0.172119
v 0.110107 0.208984 0.171143
v 0.093994 0.227539 0.185303
v 0.107178 0.246582 0.182861
v 0.107666 0.245605 0.172607
v 0.097900 0.229004 0.171631
v 0.108154 0.249512 0.157471
v 0.114014 0.242676 0.183350
v 0.114990 0.242188 0.172607
v 0.120850 0.242188 0.183350
v 0.124268 0.242676 0.172119
v 0.136475 0.099121 0.203369
v 0.139893 0.109375 0.190186
v 0.143311 0.101562 0.189209
v 0.146240 0.107910 0.194580
v 0.154053 0.101562 0.178467
v 0.142822 0.118164 0.182373
v 0.150146 0.118652 0.186768
v 0.158936 0.108887 0.184814
v 0.171631 0.116699 0.175537
v 0.173584 0.096191 0.164795
v 0.180420 0.103516 0.171143
v 0.187256 0.116211 0.159912
v 0.196533 0.086426 0.148193
v 0.203857 0.092285 0.154053
v 0.205322 0.103027 0.148682
v 0.220459 0.072754 0.127197
v 0.228760 0.078125 0.132080
v 0.230713 0.088379 0.127686
v 0.129150 0.172852 0.192139
v 0.137939 0.178223 0.195068
v 0.145752 0.161621 0.196533
v 0.142334 0.158691 0.194580
v 0.152100 0.161621 0.187744
v 0.158447 0.144531 0.197021
v 0.132568 0.196777 0.193115
v 0.130615 0.216797 0.190674
v 0.144775 0.134766 0.173584
v 0.153076 0.136230 0.178467
v 0.151123 0.155273 0.174561
v 0.142334 0.152344 0.170166
v 0.135498 0.172852 0.178955
v 0.134521 0.172363 0.170654
v 0.146240 0.158691 0.186768
v 0.144775 0.171387 0.175049
v 0.148193 0.177246 0.180908
v 0.134033 0.181152 0.153564
v 0.129639 0.171875 0.136963
v 0.163330 0.126953 0.180908
v 0.171631 0.140137 0.174072
v 0.164795 0.142578 0.172119
v 0.179443 0.126953 0.163330
v 0.177490 0.137207 0.162842
v 0.180908 0.153320 0.165283
v 0.180908 0.148926 0.158936
v 0.176025 0.156250 0.163818
v 0.146240 0.193848 0.175049
v 0.147217 0.216797 0.166260
v 0.132080 0.236328 0.187256
v 0.126221 0.246094 0.182373
v 0.130127 0.189453 0.150146
v 0.139893 0.247559 0.156006
v 0.152588 0.237793 0.156006
v 0.165283 0.189941 0.129639
v 0.172119 0.199219 0.154541
v 0.167725 0.249512 0.139893
v 0.184326 0.246582 0.135010
v 0.180908 0.243164 0.132080
v 0.185303 0.249512 0.131104
v 0.218018 0.143555 0.147705
v 0.214600 0.149414 0.143799
v 0.208740 0.130371 0.139893
v 0.212646 0.152832 0.140381
v 0.191162 0.161133 0.155029
v 0.189697 0.157227 0.150146
v 0.188232 0.165039 0.153076
v 0.200928 0.159180 0.142334
v 0.202881 0.166504 0.142334
v 0.203369 0.163574 0.145264
v 0.213623 0.160645 0.141357
v 0.218018 0.156738 0.142334
v 0.208740 0.156738 0.138916
v 0.210205 0.159180 0.129639
v 0.215088 0.162109 0.136475
v 0.214600 0.186035 0.129150
v 0.218994 0.152344 0.145264
v 0.223877 0.150391 0.141357
v 0.220947 0.147461 0.138428
v 0.221436 0.155273 0.137451
v 0.228760 0.147949 0.128662
v 0.232178 0.152344 0.132080
v 0.230225 0.156738 0.129639
v 0.213135 0.206543 0.133057
v 0.218506 0.211914 0.135010
v 0.195068 0.230469 0.125732
v 0.196045 0.230469 0.128174
v 0.199951 0.234863 0.131104
v 0.200928 0.237305 0.126221
v 0.205322 0.218750 0.129150
v 0.214600 0.226074 0.132080
v 0.221924 0.191406 0.142822
v 0.227295 0.199707 0.125244
v 0.220459 0.215820 0.127686
v 0.230225 0.205566 0.128662
v 0.244385 0.056641 0.101318
v 0.238037 0.116211 0.117432
v 0.156982 0.181641 0.118408
v 0.183838 0.187012 0.076416
v 0.182861 0.182129 0.025635
v 0.233154 0.150391 0.114014
v 0.245361 0.142090 0.113037
v 0.249756 0.146484 0.116455
v 0.248291 0.151367 0.112549
v 0.245361 0.179688 0.102295
v 0.208252 0.211914 0.123779
v 0.216064 0.228516 0.122803
v 0.194580 0.193359 0.079834
v 0.225830 0.212891 0.124756
v 0.232178 0.211426 0.097900
v 0.243408 0.210449 0.110596
v 0.239502 0.203613 0.106201
v 0.239990 0.217773 0.107666
v 0.228271 0.234375 0.099365
v 0.244873 0.241699 0.070068
v 0.236084 0.171387 0.008545
v 0.242432 0.168945 0.002197
v 0.243896 0.177246 0.003174
v 0.246338 0.173828 0.000244
v 0.193604 0.187988 0.022217
v 0.206787 0.244141 0.006103
v 0.215576 0.235352 0.006592
v 0.211182 0.249023 0.004150
v 0.233643 0.241211 0.036865
v 0.221924 0.205566 0.001709
v 0.239502 0.199219 0.018799
v 0.244873 0.214844 0.028076
v 0.238525 0.215332 0.014893
v 0.235596 0.213867 0.005127
v 0.221436 0.223145 0.011475
v 0.226318 0.220703 0.001221
v 0.220947 0.228027 0.005127
v 0.221436 0.228027 0.004639
v 0.231689 0.229004 0.009033
v 0.230713 0.228027 0.001709
v 0.226318 0.241211 0.014404
v 0.226318 0.240234 0.005127
v 0.235596 0.219238 0.031006
v 0.248779 0.222168 0.025635
v 0.244873 0.228027 0.028564
v 0.239990 0.221191 0.008545
v 0.235596 0.227051 0.011963
v 0.007080 0.252441 0.228760
v 0.011475 0.255371 0.230713
v 0.000244 0.270508 0.229736
v 0.000244 0.281250 0.231201
v 0.015381 0.266602 0.200439
v 0.024170 0.259277 0.197510
v 0.029053 0.258789 0.196533
v 0.000244 0.297363 0.206299
v 0.042725 0.264160 0.194092
v 0.055420 0.252441 0.211182
v 0.057373 0.276367 0.191650
v 0.032471 0.312012 0.187744
v 0.000244 0.312500 0.196533
v 0.062256 0.330566 0.199463
v 0.056885 0.328613 0.191650
v 0.053955 0.349609 0.192139
v 0.054443 0.357910 0.191650
v 0.056396 0.350098 0.195557
v 0.061279 0.351562 0.189697
v 0.056396 0.366211 0.191650
v 0.060791 0.271484 0.184326
v 0.058838 0.270996 0.179443
v 0.073486 0.267090 0.207275
v 0.065674 0.290039 0.190186
v 0.068115 0.299316 0.189697
v 0.066650 0.306152 0.190186
v 0.075928 0.311035 0.202881
v 0.086182 0.283203 0.205811
v 0.093994 0.296875 0.204834
v 0.085205 0.258789 0.185303
v 0.086182 0.262695 0.182373
v 0.090088 0.263184 0.184814
v 0.089111 0.262695 0.173584
v 0.089111 0.274902 0.181396
v 0.090576 0.274414 0.182861
v 0.093506 0.274414 0.180908
v 0.092041 0.279297 0.181396
v 0.091553 0.277344 0.175537
v 0.070068 0.294922 0.179443
v 0.067627 0.294922 0.174561
v 0.100830 0.253418 0.182373
v 0.095947 0.264160 0.181396
v 0.100830 0.252441 0.172607
v 0.094971 0.263672 0.172607
v 0.105713 0.250977 0.172119
v 0.107178 0.270508 0.172119
v 0.105225 0.250977 0.168213
v 0.106689 0.270020 0.166748
v 0.099854 0.281250 0.182861
v 0.111572 0.289062 0.168213
v 0.111084 0.287598 0.162842
v 0.121338 0.305176 0.160400
v 0.120361 0.302734 0.155518
v 0.068115 0.312500 0.172607
v 0.070068 0.336426 0.187256
v 0.086182 0.322754 0.184326
v 0.090576 0.323730 0.159912
v 0.085693 0.350586 0.159424
v 0.093506 0.351074 0.162842
v 0.094482 0.324219 0.166260
v 0.095459 0.330078 0.161865
v 0.110107 0.313477 0.180420
v 0.102295 0.312500 0.152588
v 0.100342 0.332520 0.154541
v 0.098389 0.350098 0.153076
v 0.116455 0.343750 0.151123
v 0.112549 0.343750 0.146240
v 0.000244 0.378906 0.194092
v 0.000244 0.437012 0.190186
v 0.034912 0.378906 0.185303
v 0.031982 0.437012 0.183350
v 0.000244 0.476074 0.186768
v 0.046143 0.475586 0.186279
v 0.041748 0.477051 0.180420
v 0.049072 0.473145 0.179932
v 0.052979 0.498535 0.177002
v 0.060303 0.494141 0.187256
v 0.072510 0.378906 0.168701
v 0.090576 0.380859 0.156494
v 0.063721 0.421387 0.184814
v 0.082764 0.436523 0.168213
v 0.099365 0.379395 0.158936
v 0.101807 0.377441 0.147705
v 0.103271 0.403809 0.149170
v 0.111084 0.399414 0.151123
v 0.110107 0.394043 0.139893
v 0.112061 0.433105 0.147705
v 0.124756 0.412109 0.140381
v 0.117432 0.418457 0.138428
v 0.121338 0.406250 0.129639
v 0.077881 0.438965 0.180420
v 0.073975 0.440430 0.177979
v 0.078369 0.437500 0.175537
v 0.081299 0.456543 0.172607
v 0.088135 0.454102 0.177002
v 0.088623 0.451172 0.168701
v 0.062744 0.489746 0.176514
v 0.087646 0.476562 0.168213
v 0.078857 0.499512 0.171143
v 0.089600 0.491699 0.166748
v 0.098877 0.473633 0.174072
v 0.106689 0.492188 0.174072
v 0.102295 0.469727 0.160400
v 0.113037 0.480957 0.154541
v 0.124756 0.469238 0.140869
v 0.123779 0.488281 0.148193
v 0.139404 0.254883 0.181396
v 0.134521 0.257812 0.178955
v 0.133057 0.254395 0.168701
v 0.148193 0.264160 0.173096
v 0.146729 0.265625 0.172119
v 0.142334 0.262207 0.163818
v 0.154053 0.268066 0.156006
v 0.160889 0.266602 0.162354
v 0.163818 0.255371 0.148682
v 0.158936 0.251465 0.142822
v 0.161865 0.250000 0.146240
v 0.171631 0.253418 0.142334
v 0.169189 0.262695 0.143311
v 0.162354 0.276855 0.147217
v 0.170654 0.274902 0.152100
v 0.170166 0.267578 0.142334
v 0.172607 0.258789 0.138428
v 0.177979 0.276855 0.130615
v 0.168213 0.291016 0.136475
v 0.179932 0.288574 0.141357
v 0.132568 0.314453 0.144775
v 0.134521 0.317383 0.149658
v 0.151123 0.327637 0.134033
v 0.148682 0.324219 0.129639
v 0.132080 0.357910 0.129150
v 0.136963 0.357422 0.134033
v 0.140869 0.422852 0.126221
v 0.143799 0.441406 0.139404
v 0.145264 0.459961 0.132568
v 0.152588 0.458496 0.132080
v 0.134033 0.498047 0.153076
v 0.135010 0.491211 0.139893
v 0.147217 0.473633 0.128662
v 0.147705 0.473145 0.128174
v 0.148193 0.481934 0.127197
v 0.144287 0.488770 0.131592
v 0.152588 0.492676 0.135498
v 0.160889 0.472656 0.125244
v 0.156006 0.260254 0.121338
v 0.148682 0.334961 0.113037
v 0.154053 0.368164 0.105713
v 0.169678 0.335938 0.112061
v 0.166260 0.332031 0.108643
v 0.176514 0.312988 0.120850
v 0.184814 0.335449 0.103760
v 0.159912 0.366699 0.110596
v 0.173096 0.337891 0.081787
v 0.185303 0.339355 0.087646
v 0.180420 0.335449 0.085205
v 0.170654 0.373535 0.081787
v 0.178955 0.370605 0.086182
v 0.186279 0.355469 0.077881
v 0.185303 0.257324 0.020264
v 0.182861 0.334961 0.060303
v 0.187256 0.334961 0.060303
v 0.184814 0.331543 0.034912
v 0.179443 0.374512 0.050049
v 0.168213 0.327637 0.017334
v 0.175537 0.325684 0.011963
v 0.184326 0.312988 0.012939
v 0.182861 0.329590 0.006592
v 0.166260 0.366211 0.004639
v 0.176514 0.372070 0.029541
v 0.177002 0.361328 0.000244
v 0.197510 0.257812 0.116943
v 0.213135 0.262695 0.095947
v 0.191650 0.282227 0.114990
v 0.198975 0.304688 0.124756
v 0.207764 0.284180 0.099365
v 0.213135 0.299805 0.105225
v 0.188232 0.264160 0.071533
v 0.218506 0.288574 0.069092
v 0.228760 0.267090 0.069580
v 0.241943 0.279297 0.077881
v 0.241943 0.280273 0.071533
v 0.243896 0.280273 0.065186
v 0.225830 0.283691 0.085693
v 0.230225 0.292480 0.089111
v 0.222900 0.308594 0.071045
v 0.234131 0.297363 0.071533
v 0.244873 0.284180 0.079834
v 0.246826 0.286621 0.072510
v 0.246826 0.285156 0.064209
v 0.197021 0.317383 0.114502
v 0.196533 0.334473 0.101807
v 0.214111 0.321289 0.070557
v 0.209229 0.335449 0.070068
v 0.199951 0.357910 0.086182
v 0.191162 0.359375 0.087158
v 0.189209 0.363770 0.070557
v 0.193115 0.371582 0.077393
v 0.194092 0.374512 0.071045
v 0.187744 0.371582 0.068604
v 0.194092 0.373047 0.065186
v 0.206787 0.356445 0.070068
v 0.204834 0.372070 0.077393
v 0.208252 0.371094 0.070557
v 0.206299 0.372070 0.063232
v 0.218506 0.267090 0.041748
v 0.214600 0.287598 0.038818
v 0.193115 0.253418 0.002197
v 0.194092 0.254395 0.000244
v 0.197021 0.260254 0.001709
v 0.205811 0.267578 0.018311
v 0.211182 0.250488 0.009033
v 0.201904 0.286621 0.020752
v 0.191162 0.283203 0.002197
v 0.210205 0.309082 0.012451
v 0.229736 0.285645 0.055420
v 0.220947 0.303223 0.035400
v 0.234619 0.294922 0.053955
v 0.194092 0.338867 0.060791
v 0.192627 0.335449 0.031982
v 0.192139 0.335938 0.032471
v 0.203369 0.336426 0.036377
v 0.192627 0.361816 0.054932
v 0.190674 0.370605 0.050537
v 0.192139 0.349121 0.044678
v 0.203369 0.357910 0.052979
v 0.206787 0.318848 0.021729
v 0.187744 0.367676 0.027588
v 0.127197 0.382812 0.123779
v 0.148682 0.397949 0.095947
v 0.135010 0.416504 0.116455
v 0.133545 0.430664 0.123291
v 0.153076 0.427246 0.092529
v 0.161377 0.434570 0.101318
v 0.163818 0.395020 0.066650
v 0.177490 0.375000 0.065674
v 0.150146 0.454102 0.122803
v 0.154541 0.444824 0.098389
v 0.148193 0.469238 0.117920
v 0.156982 0.464844 0.110107
v 0.157471 0.464844 0.110107
v 0.168701 0.477051 0.095459
v 0.175537 0.491211 0.114990
v 0.179932 0.444824 0.065186
v 0.175049 0.459961 0.063232
v 0.185791 0.492188 0.071045
v 0.167236 0.391602 0.036865
v 0.162354 0.415039 0.062256
v 0.167236 0.434570 0.059326
v 0.164795 0.415039 0.031982
v 0.159424 0.386719 0.007080
v 0.171631 0.437012 0.027588
v 0.158447 0.413086 0.001709
v 0.210693 0.383789 0.071045
v 0.188232 0.449707 0.028564
v 0.187744 0.470215 0.027100
v 0.252686 0.060547 0.105225
v 0.263428 0.039062 0.076416
v 0.271240 0.041504 0.079346
v 0.276611 0.051758 0.072998
v 0.281006 0.058594 0.064209
v 0.256104 0.071777 0.100342
v 0.263916 0.097656 0.090088
v 0.281006 0.123535 0.063232
v 0.289307 0.115234 0.078857
v 0.285889 0.114258 0.074951
v 0.294189 0.121094 0.076416
v 0.295166 0.124512 0.072021
v 0.301514 0.094727 0.063721
v 0.302979 0.095215 0.065674
v 0.307373 0.098145 0.063721
v 0.307373 0.114258 0.062744
v 0.276611 0.020508 0.056885
v 0.281006 0.021484 0.058350
v 0.273682 0.049805 0.024170
v 0.281006 0.052734 0.024170
v 0.290283 0.027344 0.048096
v 0.285889 0.000488 0.041260
v 0.281494 0.024414 0.035400
v 0.285889 0.025879 0.035400
v 0.289307 0.062012 0.054443
v 0.284424 0.059570 0.034424
v 0.262451 0.072754 0.009521
v 0.272705 0.085938 0.016846
v 0.270264 0.077637 0.008057
v 0.284912 0.062500 0.044678
v 0.284424 0.096680 0.059814
v 0.289307 0.121094 0.046631
v 0.293701 0.124023 0.044678
v 0.302490 0.096680 0.058838
v 0.302490 0.097168 0.053467
v 0.304443 0.098145 0.052978
v 0.308350 0.099609 0.056396
v 0.310791 0.100098 0.060791
v 0.313721 0.078125 0.056885
v 0.262939 0.132812 0.097412
v 0.267334 0.136230 0.101318
v 0.268311 0.143555 0.099365
v 0.267334 0.147949 0.095947
v 0.259521 0.136230 0.091553
v 0.271240 0.186523 0.068115
v 0.301514 0.130371 0.064697
v 0.284424 0.160156 0.066650
v 0.258057 0.209961 0.093994
v 0.254150 0.204590 0.090088
v 0.256104 0.217285 0.091064
v 0.257568 0.208984 0.069092
v 0.272705 0.205566 0.080811
v 0.268799 0.212891 0.079834
v 0.268799 0.201660 0.077393
v 0.279053 0.197266 0.072021
v 0.280029 0.198242 0.068603
v 0.280029 0.198242 0.065186
v 0.273682 0.216309 0.070068
v 0.259521 0.227051 0.070068
v 0.281494 0.199707 0.074951
v 0.282471 0.201172 0.063721
v 0.294678 0.187500 0.068603
v 0.283447 0.205566 0.069580
v 0.272217 0.136230 0.047119
v 0.273682 0.144043 0.031982
v 0.278564 0.155762 0.033936
v 0.277100 0.157715 0.037842
v 0.260986 0.125488 0.015381
v 0.278564 0.148926 0.030029
v 0.258057 0.159668 0.017334
v 0.260010 0.167969 0.020264
v 0.261963 0.164551 0.015381
v 0.296631 0.129883 0.054932
v 0.296631 0.128906 0.049561
v 0.257568 0.210938 0.047119
v 0.257568 0.191895 0.041748
v 0.262451 0.217285 0.045166
v 0.270264 0.205078 0.060303
v 0.270752 0.215332 0.059814
v 0.274658 0.209473 0.058350
v 0.260010 0.223145 0.049072
v 0.263428 0.267578 0.072510
v 0.000244 0.501953 0.184326
v 0.000244 0.532227 0.179443
v 0.000244 0.558594 0.174561
v 0.010498 0.557617 0.172119
v 0.023682 0.532715 0.177490
v 0.039307 0.544922 0.174561
v 0.034912 0.550781 0.175049
v 0.037842 0.547852 0.179443
v 0.046143 0.559570 0.173584
v 0.051025 0.554199 0.180420
v 0.052002 0.548828 0.172607
v 0.000244 0.585938 0.167236
v 0.023193 0.585449 0.170654
v 0.000244 0.619141 0.159912
v 0.009521 0.616699 0.156006
v 0.046143 0.585938 0.173584
v 0.053955 0.562988 0.172119
v 0.045166 0.613770 0.170654
v 0.086182 0.575684 0.189209
v 0.115967 0.566406 0.191162
v 0.102295 0.597168 0.190674
v 0.077881 0.509277 0.186279
v 0.068115 0.518555 0.172607
v 0.093018 0.521973 0.185303
v 0.087158 0.500000 0.167725
v 0.073975 0.559082 0.181885
v 0.067627 0.548828 0.169189
v 0.078369 0.535156 0.172607
v 0.091553 0.541504 0.178467
v 0.113037 0.511230 0.176514
v 0.111572 0.530762 0.182373
v 0.101807 0.533691 0.185791
v 0.120850 0.534668 0.168701
v 0.124756 0.522949 0.155518
v 0.071045 0.608887 0.186768
v 0.116943 0.616211 0.183350
v 0.014893 0.636230 0.152588
v 0.015381 0.650391 0.144287
v 0.000244 0.647461 0.138916
v 0.024170 0.649902 0.149170
v 0.029053 0.645020 0.147217
v 0.019775 0.646973 0.139404
v 0.000244 0.683594 0.144775
v 0.006104 0.665527 0.130615
v 0.009521 0.679688 0.125244
v 0.019287 0.666016 0.134521
v 0.023682 0.662109 0.130615
v 0.056396 0.640625 0.159424
v 0.039307 0.666016 0.141357
v 0.035400 0.666016 0.132080
v 0.043701 0.658691 0.139893
v 0.057861 0.664062 0.136963
v 0.052490 0.677246 0.125244
v 0.055908 0.673828 0.137939
v 0.000244 0.699707 0.133545
v 0.004639 0.710449 0.127197
v 0.011475 0.708008 0.131104
v 0.014404 0.703613 0.126709
v 0.000244 0.734375 0.126221
v 0.085693 0.632324 0.178955
v 0.077393 0.662598 0.140869
v 0.071533 0.664551 0.137939
v 0.071533 0.675293 0.138916
v 0.083740 0.656738 0.148193
v 0.081787 0.670410 0.143799
v 0.088135 0.665039 0.136475
v 0.078369 0.684570 0.131592
v 0.101318 0.651855 0.157959
v 0.113037 0.664062 0.130615
v 0.017822 0.685059 0.119873
v 0.031006 0.677246 0.121826
v 0.027588 0.681641 0.124756
v 0.016846 0.696289 0.116943
v 0.022705 0.702148 0.112549
v 0.025635 0.702637 0.111084
v 0.030029 0.697754 0.110596
v 0.028076 0.700684 0.111084
v 0.021729 0.708496 0.119385
v 0.027588 0.708496 0.115967
v 0.025146 0.714355 0.115967
v 0.029053 0.708984 0.107666
v 0.027588 0.711914 0.106689
v 0.029053 0.717773 0.103271
v 0.014404 0.730957 0.115479
v 0.022217 0.729004 0.119385
v 0.026611 0.723633 0.113525
v 0.000244 0.688965 0.077393
v 0.015381 0.715820 0.068115
v 0.018311 0.694824 0.072021
v 0.021240 0.716797 0.072021
v 0.029053 0.715332 0.062744
v 0.023682 0.745605 0.065186
v 0.045166 0.690430 0.112549
v 0.042725 0.696777 0.115479
v 0.032471 0.706543 0.107178
v 0.038330 0.706543 0.104736
v 0.044189 0.714355 0.099365
v 0.052002 0.693848 0.109619
v 0.051514 0.701172 0.112549
v 0.054932 0.688965 0.112061
v 0.055908 0.692383 0.110107
v 0.058838 0.689453 0.111084
v 0.059814 0.695312 0.113525
v 0.061279 0.701172 0.112549
v 0.054932 0.694336 0.109131
v 0.060303 0.709961 0.108643
v 0.031982 0.731445 0.109131
v 0.032959 0.723633 0.099365
v 0.038330 0.727539 0.095459
v 0.046143 0.720703 0.095459
v 0.045654 0.725098 0.093994
v 0.042725 0.727539 0.093994
v 0.032959 0.748535 0.109131
v 0.039795 0.735840 0.104248
v 0.058838 0.721680 0.102295
v 0.048584 0.734863 0.100342
v 0.031494 0.699219 0.065674
v 0.053955 0.733887 0.091553
v 0.057373 0.727051 0.092041
v 0.060303 0.733398 0.089111
v 0.050049 0.738281 0.091553
v 0.054443 0.740234 0.088623
v 0.054443 0.748047 0.086182
v 0.058350 0.738281 0.071533
v 0.061279 0.734375 0.071533
v 0.057861 0.743164 0.070068
v 0.017822 0.745605 0.060303
v 0.059814 0.717285 0.038818
v 0.031494 0.741211 0.055908
v 0.086670 0.673828 0.124268
v 0.093506 0.680176 0.115479
v 0.104248 0.684570 0.107178
v 0.113037 0.686035 0.102783
v 0.118408 0.681152 0.101807
v 0.066162 0.687988 0.109131
v 0.062744 0.691406 0.108643
v 0.065674 0.697266 0.104248
v 0.070557 0.699219 0.097900
v 0.065674 0.703613 0.100342
v 0.090576 0.690918 0.117920
v 0.087158 0.697266 0.114990
v 0.075439 0.719238 0.095947
v 0.092041 0.730469 0.093994
v 0.076416 0.712891 0.091553
v 0.078857 0.708496 0.086670
v 0.070557 0.731445 0.086670
v 0.068115 0.732910 0.070068
v 0.092041 0.724121 0.078369
v 0.091064 0.729980 0.082764
v 0.087158 0.735840 0.078857
v 0.082275 0.735352 0.063721
v 0.103271 0.693848 0.109619
v 0.107178 0.699707 0.101318
v 0.100830 0.709473 0.094482
v 0.114502 0.693359 0.104248
v 0.109619 0.694824 0.094482
v 0.114014 0.691406 0.097900
v 0.121338 0.687988 0.099854
v 0.108643 0.732910 0.095947
v 0.106689 0.749512 0.104248
v 0.116943 0.731445 0.097412
v 0.120850 0.747559 0.107666
v 0.108643 0.699707 0.087646
v 0.110107 0.716309 0.079346
v 0.113037 0.707031 0.074463
v 0.106201 0.731445 0.065674
v 0.101318 0.744629 0.069092
v 0.105713 0.739258 0.071533
v 0.089600 0.741211 0.008057
v 0.096924 0.742676 0.054443
v 0.104248 0.748047 0.048584
v 0.120850 0.734375 0.055420
v 0.122314 0.744629 0.061279
v 0.127197 0.583984 0.190186
v 0.141357 0.556641 0.168213
v 0.134033 0.509766 0.146729
v 0.150146 0.500488 0.130127
v 0.144287 0.536133 0.140381
v 0.156006 0.570312 0.157959
v 0.140869 0.597656 0.179932
v 0.156982 0.606934 0.157959
v 0.169678 0.583008 0.138916
v 0.172607 0.610840 0.127197
v 0.131592 0.633789 0.166260
v 0.144775 0.646484 0.134033
v 0.169678 0.523926 0.117920
v 0.168701 0.501465 0.109131
v 0.165283 0.551758 0.116943
v 0.178467 0.594727 0.112549
v 0.181396 0.608887 0.100830
v 0.179932 0.569824 0.091553
v 0.184814 0.586426 0.077393
v 0.184814 0.601562 0.081299
v 0.185791 0.534668 0.014404
v 0.194092 0.500977 0.078857
v 0.188232 0.507812 0.077393
v 0.193604 0.619629 0.097900
v 0.194092 0.620117 0.097900
v 0.200439 0.624512 0.107178
v 0.210693 0.598145 0.098877
v 0.217041 0.603027 0.107666
v 0.200439 0.618164 0.081787
v 0.188721 0.615234 0.072021
v 0.195068 0.618164 0.069580
v 0.214111 0.598145 0.087646
v 0.230225 0.578125 0.098389
v 0.238037 0.582031 0.106689
v 0.241943 0.590332 0.103760
v 0.245361 0.592773 0.097412
v 0.223389 0.608887 0.103760
v 0.227783 0.611328 0.095459
v 0.232178 0.578125 0.090576
v 0.231201 0.624512 0.072510
v 0.199463 0.505859 0.039795
v 0.202393 0.517578 0.043701
v 0.206787 0.512207 0.043701
v 0.198975 0.554199 0.039795
v 0.205322 0.559570 0.038818
v 0.204346 0.508789 0.022217
v 0.208252 0.525391 0.026611
v 0.211182 0.522461 0.025635
v 0.206787 0.506836 0.006592
v 0.213135 0.514648 0.005615
v 0.214600 0.526367 0.000732
v 0.215088 0.537598 0.012451
v 0.219482 0.544434 0.011963
v 0.187744 0.581055 0.056885
v 0.195068 0.583984 0.054443
v 0.192627 0.615723 0.043701
v 0.191162 0.587402 0.016846
v 0.143799 0.667480 0.101318
v 0.147705 0.673340 0.100342
v 0.151123 0.683105 0.073975
v 0.166260 0.648438 0.097412
v 0.171143 0.653320 0.095947
v 0.186279 0.648926 0.103271
v 0.175537 0.671875 0.097900
v 0.180908 0.628906 0.086670
v 0.186768 0.633301 0.085205
v 0.179443 0.644531 0.093506
v 0.169678 0.667969 0.088135
v 0.172607 0.663574 0.069580
v 0.180908 0.662598 0.062744
v 0.149170 0.690918 0.113037
v 0.152100 0.710449 0.122803
v 0.141846 0.708984 0.106689
v 0.131592 0.743652 0.110596
v 0.126709 0.727539 0.099854
v 0.135010 0.720215 0.102783
v 0.148193 0.723145 0.118408
v 0.153564 0.718750 0.119873
v 0.154541 0.723145 0.114014
v 0.141846 0.734863 0.114502
v 0.147705 0.736328 0.109619
v 0.140869 0.746582 0.106201
v 0.128174 0.697266 0.073975
v 0.152588 0.745117 0.075439
v 0.160889 0.704102 0.107666
v 0.169189 0.708496 0.105225
v 0.179443 0.708496 0.103271
v 0.160400 0.721191 0.118896
v 0.162842 0.729980 0.111084
v 0.168701 0.728027 0.115967
v 0.171631 0.736328 0.108643
v 0.176514 0.733398 0.113037
v 0.186768 0.722656 0.112061
v 0.177490 0.745605 0.109619
v 0.172607 0.745605 0.105713
v 0.161865 0.693359 0.082764
v 0.167725 0.696777 0.092041
v 0.180420 0.698730 0.086670
v 0.180420 0.696777 0.079834
v 0.187256 0.696289 0.068115
v 0.161865 0.722656 0.088623
v 0.156494 0.719238 0.078857
v 0.157959 0.748535 0.085693
v 0.171631 0.748047 0.080322
v 0.170654 0.745605 0.072021
v 0.175049 0.723633 0.083252
v 0.174561 0.721680 0.075439
v 0.184814 0.719238 0.062744
v 0.180420 0.651855 0.042725
v 0.175049 0.687012 0.052002
v 0.128174 0.716309 0.055420
v 0.155518 0.696777 0.048584
v 0.127686 0.724121 0.059814
v 0.139404 0.721191 0.047119
v 0.139893 0.727539 0.051514
v 0.140381 0.742676 0.052490
v 0.137451 0.733887 0.046631
v 0.150635 0.731445 0.047119
v 0.149658 0.724609 0.043701
v 0.153076 0.739258 0.046631
v 0.148682 0.749023 0.040771
v 0.155029 0.742188 0.042236
v 0.149170 0.740723 0.035400
v 0.152588 0.735840 0.036865
v 0.167725 0.725098 0.040771
v 0.165771 0.721680 0.034424
v 0.169678 0.722168 0.038330
v 0.170166 0.722656 0.038330
v 0.168701 0.727539 0.036865
v 0.181885 0.740234 0.056885
v 0.196533 0.652832 0.097900
v 0.209229 0.629395 0.102295
v 0.196533 0.651855 0.093018
v 0.188721 0.641113 0.072510
v 0.215088 0.630371 0.091553
v 0.203369 0.652344 0.084229
v 0.212158 0.653320 0.078857
v 0.216064 0.634766 0.072998
v 0.216553 0.633301 0.068115
v 0.205811 0.649414 0.074463
v 0.217529 0.655273 0.073975
v 0.216553 0.653809 0.067627
v 0.187744 0.674805 0.092041
v 0.187744 0.673340 0.085693
v 0.194092 0.672852 0.076416
v 0.195068 0.671875 0.072510
v 0.202881 0.675781 0.077393
v 0.210205 0.676758 0.070557
v 0.207275 0.673828 0.062744
v 0.220947 0.680664 0.097900
v 0.220947 0.638672 0.077881
v 0.224365 0.640137 0.070557
v 0.222900 0.637695 0.066162
v 0.227783 0.629395 0.074463
v 0.224365 0.640625 0.074951
v 0.222412 0.648438 0.067139
v 0.222900 0.656250 0.062744
v 0.196533 0.710449 0.110596
v 0.191162 0.702148 0.102295
v 0.203369 0.691895 0.101807
v 0.207275 0.696289 0.106689
v 0.209717 0.696289 0.099365
v 0.203369 0.708496 0.098877
v 0.198486 0.721191 0.097412
v 0.197510 0.732910 0.094482
v 0.197021 0.700195 0.073486
v 0.204346 0.699219 0.065674
v 0.200928 0.744141 0.090088
v 0.195557 0.720215 0.068604
v 0.206787 0.646484 0.062256
v 0.196045 0.665039 0.053467
v 0.190674 0.678223 0.038818
v 0.193115 0.687012 0.037842
v 0.219482 0.645508 0.061279
v 0.219482 0.652832 0.055420
v 0.223389 0.658203 0.049561
v 0.227295 0.661621 0.057861
v 0.231201 0.660645 0.044189
v 0.235107 0.664062 0.053955
v 0.244873 0.662598 0.052490
v 0.241943 0.659180 0.041748
v 0.199463 0.694824 0.055420
v 0.202881 0.715332 0.060791
v 0.199951 0.708008 0.048584
v 0.206299 0.716797 0.041260
v 0.189209 0.739258 0.054443
v 0.200928 0.738770 0.060791
v 0.197998 0.749512 0.044189
v 0.206299 0.728516 0.054443
v 0.218018 0.736328 0.046143
v 0.195068 0.707520 0.017334
v 0.204834 0.706055 0.029541
v 0.218994 0.695801 0.046143
v 0.241943 0.695801 0.038818
v 0.235596 0.739746 0.038818
v 0.220459 0.724609 0.030518
v 0.230713 0.731934 0.031006
v 0.222900 0.731934 0.008057
v 0.240479 0.726562 0.017822
v 0.000244 0.769043 0.124756
v 0.030029 0.759766 0.099854
v 0.017334 0.777344 0.097412
v 0.000244 0.785645 0.109131
v 0.007568 0.794434 0.095459
v 0.014893 0.798340 0.096924
v 0.008057 0.812012 0.095459
v 0.025635 0.781738 0.099365
v 0.000244 0.811523 0.093506
v 0.022705 0.812012 0.078369
v 0.031006 0.796387 0.071045
v 0.025146 0.798828 0.071533
v 0.024658 0.806641 0.071045
v 0.042236 0.762695 0.102295
v 0.041260 0.775879 0.092041
v 0.059814 0.757324 0.080811
v 0.056885 0.765625 0.080322
v 0.057373 0.777344 0.081299
v 0.061768 0.750488 0.066650
v 0.037354 0.785156 0.070557
v 0.035400 0.793945 0.077881
v 0.037354 0.790039 0.070068
v 0.041260 0.782715 0.071045
v 0.046631 0.782715 0.070557
v 0.039795 0.795410 0.069580
v 0.036865 0.798828 0.070557
v 0.039307 0.796875 0.073975
v 0.040771 0.799316 0.070068
v 0.059326 0.785156 0.065674
v 0.000244 0.829590 0.093506
v 0.014893 0.817871 0.071533
v 0.019287 0.815918 0.071045
v 0.026123 0.816406 0.074463
v 0.023682 0.817871 0.070557
v 0.027100 0.814453 0.070068
v 0.027588 0.818359 0.070068
v 0.000244 0.851562 0.070068
v 0.028564 0.774902 0.051514
v 0.034424 0.773438 0.056885
v 0.042236 0.767090 0.048096
v 0.041748 0.799316 0.044189
v 0.048584 0.797363 0.049561
v 0.056885 0.790527 0.040283
v 0.051514 0.822266 0.038818
v 0.059326 0.820312 0.044189
v 0.056885 0.846191 0.036377
v 0.058350 0.872559 0.036377
v 0.065674 0.774414 0.072510
v 0.070557 0.765625 0.073486
v 0.063721 0.781250 0.074463
v 0.108643 0.758789 0.096436
v 0.100830 0.750000 0.087646
v 0.103760 0.764160 0.079346
v 0.107666 0.750488 0.064209
v 0.120361 0.763672 0.089600
v 0.110596 0.768555 0.088623
v 0.112061 0.789551 0.065674
v 0.117920 0.792480 0.072021
v 0.071045 0.757812 0.060791
v 0.085693 0.765625 0.050537
v 0.087646 0.773438 0.060791
v 0.077881 0.791992 0.054443
v 0.083740 0.781738 0.059814
v 0.082764 0.788086 0.061768
v 0.092529 0.799805 0.042236
v 0.073486 0.762695 0.016357
v 0.091553 0.809570 0.000732
v 0.100830 0.774902 0.036865
v 0.111084 0.765625 0.039307
v 0.098389 0.796387 0.047607
v 0.099854 0.790039 0.045654
v 0.103271 0.782715 0.045654
v 0.111572 0.799316 0.031494
v 0.110107 0.805664 0.032959
v 0.103760 0.808594 0.029053
v 0.114990 0.791992 0.031006
v 0.112061 0.784668 0.023193
v 0.116943 0.782227 0.023193
v 0.120850 0.792969 0.010010
v 0.119385 0.798828 0.007568
v 0.069092 0.814453 0.033936
v 0.066162 0.844727 0.041260
v 0.069092 0.868652 0.041260
v 0.079346 0.840820 0.028076
v 0.071533 0.874023 0.010498
v 0.085205 0.867188 0.018311
v 0.121826 0.813477 0.042725
v 0.124268 0.819336 0.009033
v 0.118896 0.825195 0.003662
v 0.100830 0.861328 0.000732
v 0.081299 0.876465 0.033447
v 0.072021 0.882324 0.028564
v 0.086182 0.895996 0.018799
v 0.096436 0.890137 0.021729
v 0.105713 0.903320 0.011963
v 0.094971 0.908203 0.010986
v 0.100830 0.920898 0.003662
v 0.110596 0.917480 0.003174
v 0.137939 0.751465 0.108643
v 0.148193 0.763184 0.104248
v 0.151611 0.759277 0.101318
v 0.126709 0.761230 0.086670
v 0.128662 0.760254 0.087646
v 0.125732 0.763672 0.085205
v 0.133057 0.760742 0.087646
v 0.137939 0.765137 0.086670
v 0.143311 0.773926 0.083252
v 0.156006 0.774414 0.079834
v 0.151123 0.770020 0.069580
v 0.129150 0.785156 0.069580
v 0.150146 0.790527 0.075439
v 0.156494 0.753906 0.123779
v 0.165283 0.760254 0.100342
v 0.157471 0.770996 0.096924
v 0.157959 0.779785 0.097900
v 0.168213 0.765625 0.102783
v 0.176025 0.753418 0.102295
v 0.182373 0.756836 0.104736
v 0.169678 0.772461 0.074463
v 0.168701 0.769043 0.066162
v 0.177002 0.780762 0.079834
v 0.182373 0.775879 0.081299
v 0.161377 0.794922 0.088623
v 0.170654 0.796387 0.064209
v 0.156982 0.800293 0.068604
v 0.159424 0.805664 0.066162
v 0.167725 0.808105 0.076416
v 0.174072 0.790039 0.074951
v 0.175537 0.801270 0.067627
v 0.127686 0.776367 0.060303
v 0.141357 0.754395 0.045654
v 0.138916 0.809570 0.046143
v 0.137451 0.797852 0.037354
v 0.151611 0.794922 0.058838
v 0.154053 0.764160 0.027100
v 0.125732 0.805176 0.012451
v 0.179443 0.760742 0.048584
v 0.178955 0.780273 0.037354
v 0.169189 0.791504 0.055908
v 0.157471 0.754883 0.023682
v 0.157471 0.755371 0.023682
v 0.158447 0.761230 0.027588
v 0.166260 0.750488 0.028564
v 0.166748 0.770020 0.018799
v 0.162842 0.780762 0.001221
v 0.169189 0.777344 0.001709
v 0.183350 0.753906 0.008057
v 0.169678 0.788574 0.005615
v 0.180908 0.799316 0.023193
v 0.127686 0.817383 0.048096
v 0.154053 0.819824 0.043213
v 0.130127 0.832520 0.015869
v 0.136475 0.836914 0.019775
v 0.146729 0.829590 0.018311
v 0.144775 0.814453 0.010010
v 0.160889 0.826660 0.052490
v 0.171143 0.813965 0.040771
v 0.172119 0.816895 0.055908
v 0.176514 0.817871 0.061768
v 0.174072 0.820312 0.049072
v 0.179932 0.812500 0.058350
v 0.187256 0.822754 0.047119
v 0.160400 0.842773 0.022217
v 0.179443 0.841797 0.029053
v 0.175537 0.834473 0.021729
v 0.185791 0.817383 0.006592
v 0.167236 0.851074 0.031006
v 0.187256 0.858398 0.005615
v 0.174072 0.869141 0.007568
v 0.190674 0.761230 0.100830
v 0.190186 0.773926 0.080322
v 0.210693 0.756348 0.082764
v 0.211182 0.772949 0.086670
v 0.205811 0.775879 0.075439
v 0.219971 0.767578 0.074951
v 0.227295 0.781738 0.065186
v 0.195557 0.769531 0.039307
v 0.215088 0.750000 0.050049
v 0.203369 0.760254 0.035400
v 0.207764 0.750000 0.028564
v 0.218506 0.765137 0.009033
v 0.195068 0.810059 0.016846
v 0.209229 0.791504 0.024170
v 0.237061 0.753906 0.040283
v 0.230225 0.753906 0.023682
v 0.225830 0.808105 0.010010
v 0.212646 0.825684 0.003662
v 0.237549 0.896973 0.032471
v 0.260010 0.570312 0.094482
v 0.277100 0.583984 0.086182
v 0.279541 0.604492 0.080322
v 0.279541 0.602539 0.075928
v 0.278564 0.619629 0.073975
v 0.278076 0.616699 0.067627
v 0.284912 0.604004 0.080811
v 0.282471 0.601074 0.073486
v 0.285889 0.601074 0.075439
v 0.287354 0.620117 0.073975
v 0.289307 0.614258 0.064209
v 0.284912 0.613281 0.061768
v 0.286377 0.624023 0.048096
v 0.369873 0.594238 0.000244
v 0.364990 0.619629 0.002686
v 0.273682 0.634766 0.066162
v 0.286865 0.638184 0.065186
v 0.254639 0.652832 0.043701
v 0.273193 0.630371 0.058350
v 0.266357 0.646973 0.059326
v 0.265869 0.642090 0.050049
v 0.256104 0.657227 0.053955
v 0.273682 0.683105 0.042236
v 0.271729 0.655762 0.022705
v 0.277100 0.682617 0.023193
v 0.291748 0.625000 0.050049
v 0.291748 0.625488 0.049561
v 0.289307 0.633301 0.050049
v 0.288330 0.631348 0.034424
v 0.294678 0.632324 0.036377
v 0.285889 0.655762 0.035889
v 0.282959 0.657227 0.054932
v 0.294678 0.636719 0.018311
v 0.301025 0.637695 0.021728
v 0.312256 0.637695 0.008545
v 0.307861 0.636719 0.004150
v 0.284424 0.686035 0.012451
v 0.297119 0.660156 0.015381
v 0.312256 0.665039 0.000244
v 0.257080 0.708496 0.034424
v 0.260498 0.708496 0.017334
v 0.267334 0.714355 0.009033
v 0.260498 0.730469 0.027588
v 0.264404 0.741699 0.028076
v 0.260010 0.743652 0.013428
v 0.293213 0.690918 0.003174
v 0.309326 0.703613 0.008057
v 0.293701 0.729980 0.017334
v 0.290283 0.731445 0.004150
v 0.336182 0.679199 0.004150
v 0.354736 0.646484 0.005127
v 0.273193 0.835938 0.008545
v 0.275635 0.838379 0.011475
v 0.276611 0.840820 0.008057
v 0.280029 0.829102 0.005615
v 0.281006 0.833984 0.000732
v 0.274170 0.838867 0.005615
v 0.264404 0.865723 0.023193
v 0.271729 0.870605 0.029541
v 0.266846 0.844727 0.010498
v 0.276611 0.855957 0.013916
v 0.276123 0.868652 0.005127
v 0.288330 0.822266 0.000732
v 0.294189 0.826660 0.009033
v 0.295654 0.826660 0.006592
v 0.284424 0.832520 0.010986
v 0.285400 0.837402 0.005127
v 0.296631 0.833984 0.000244
v 0.305908 0.821777 0.003174
v 0.286865 0.860352 0.022705
v 0.287354 0.848145 0.001709
v 0.286865 0.872559 0.012939
v 0.301514 0.851074 0.009521
v 0.300049 0.851562 0.013916
v 0.310791 0.845215 0.004639
v 0.311768 0.844727 0.000244
v 0.301025 0.864258 0.000732
v 0.300537 0.868652 0.002197
v 0.256592 0.881348 0.032959
v 0.252197 0.877930 0.029053
v 0.257568 0.886230 0.028076
v 0.253662 0.883789 0.023193
v 0.265381 0.875488 0.015381
v 0.272217 0.878906 0.022217
v 0.078857 0.102539 -0.118408
v 0.000244 0.210938 -0.115967
v 0.025635 0.203125 -0.111084
v 0.038330 0.247070 -0.124268
v 0.113037 0.127441 -0.099854
v 0.116455 0.133789 -0.109619
v 0.065674 0.202148 -0.101807
v 0.072021 0.231934 -0.111572
v 0.101318 0.209961 -0.087158
v 0.101807 0.246094 -0.076904
v 0.104736 0.225098 -0.092041
v 0.000244 0.000000 -0.140869
v 0.040283 0.069824 -0.129150
v 0.039307 0.073242 -0.140869
v 0.079346 0.107910 -0.129639
v 0.203369 0.123535 -0.040771
v 0.223389 0.113281 -0.026611
v 0.230225 0.121094 -0.030029
v 0.243896 0.097168 -0.010498
v 0.164307 0.168457 -0.025146
v 0.184814 0.128906 -0.055420
v 0.166748 0.173340 -0.045654
v 0.169189 0.156250 -0.052979
v 0.173584 0.174316 -0.031494
v 0.177490 0.158203 -0.055908
v 0.175537 0.175781 -0.048584
v 0.150146 0.216797 -0.046143
v 0.136963 0.233887 -0.048096
v 0.126221 0.245117 -0.051025
v 0.128174 0.245117 -0.058350
v 0.154541 0.245605 -0.036377
v 0.158936 0.242188 -0.025635
v 0.160889 0.192383 -0.043213
v 0.169678 0.195312 -0.046143
v 0.163330 0.200195 -0.052979
v 0.174561 0.188477 -0.060303
v 0.179443 0.191406 -0.059814
v 0.174561 0.205078 -0.052490
v 0.165283 0.219238 -0.043701
v 0.171143 0.220703 -0.044678
v 0.170654 0.236328 -0.036865
v 0.159424 0.246094 -0.061279
v 0.139893 0.148438 -0.070557
v 0.145752 0.154785 -0.079346
v 0.168213 0.138184 -0.070557
v 0.169189 0.144531 -0.062744
v 0.168213 0.125488 -0.086670
v 0.174072 0.128906 -0.067627
v 0.177002 0.136230 -0.072998
v 0.175537 0.146484 -0.065674
v 0.186279 0.178711 -0.069092
v 0.132568 0.224121 -0.065186
v 0.126221 0.249512 -0.062744
v 0.135010 0.234375 -0.063232
v 0.146240 0.218750 -0.064209
v 0.159912 0.202148 -0.066162
v 0.167725 0.207520 -0.067139
v 0.172607 0.189941 -0.068115
v 0.175537 0.192383 -0.068604
v 0.161865 0.226074 -0.064697
v 0.201416 0.174805 -0.028076
v 0.198486 0.183105 -0.031006
v 0.218506 0.180664 -0.009522
v 0.208252 0.180176 -0.018311
v 0.210205 0.185059 -0.021729
v 0.200928 0.154785 -0.037354
v 0.189209 0.137695 -0.060303
v 0.197998 0.145508 -0.049561
v 0.209717 0.132324 -0.045166
v 0.209717 0.144531 -0.034912
v 0.187744 0.171387 -0.043701
v 0.195068 0.169434 -0.045166
v 0.197998 0.165039 -0.035400
v 0.202881 0.180664 -0.032471
v 0.187744 0.156250 -0.055908
v 0.227783 0.153320 -0.011963
v 0.230713 0.129395 -0.023193
v 0.224365 0.178223 -0.007080
v 0.220947 0.186035 -0.011963
v 0.230713 0.183105 -0.003174
v 0.227783 0.175781 -0.008545
v 0.230225 0.173340 -0.011963
v 0.229736 0.183105 -0.008057
v 0.233154 0.179688 -0.009522
v 0.234131 0.168457 -0.017334
v 0.237061 0.169922 -0.006104
v 0.236084 0.177734 -0.005127
v 0.234619 0.176270 -0.013428
v 0.239990 0.174316 -0.008057
v 0.195557 0.212402 -0.019775
v 0.207275 0.187988 -0.019775
v 0.219482 0.188477 -0.008057
v 0.234619 0.210449 -0.007568
v 0.000244 0.291016 -0.081299
v 0.014893 0.286133 -0.099854
v 0.000244 0.312012 -0.100830
v 0.038330 0.297363 -0.076904
v 0.046631 0.310059 -0.092041
v 0.038330 0.264648 -0.097412
v 0.023193 0.330078 -0.085205
v 0.000244 0.358887 -0.093018
v 0.000244 0.364258 -0.085693
v 0.023193 0.328613 -0.094971
v 0.000244 0.358398 -0.094971
v 0.046143 0.313477 -0.079346
v 0.038330 0.365234 -0.082764
v 0.123291 0.262207 -0.048584
v 0.121826 0.262695 -0.061768
v 0.123291 0.273438 -0.052979
v 0.122803 0.273926 -0.060303
v 0.116455 0.303711 -0.039307
v 0.092529 0.315918 -0.062256
v 0.110107 0.327637 -0.052979
v 0.120361 0.322754 -0.061768
v 0.103760 0.370605 -0.056396
v 0.070557 0.251465 -0.090088
v 0.067627 0.308594 -0.072998
v 0.071045 0.303711 -0.085693
v 0.080322 0.310547 -0.067627
v 0.095947 0.308594 -0.075439
v 0.087646 0.313965 -0.068604
v 0.073486 0.351562 -0.068115
v 0.082275 0.351074 -0.072021
v 0.086670 0.352539 -0.062744
v 0.000244 0.417480 -0.100830
v 0.039307 0.417480 -0.101318
v 0.077881 0.386230 -0.073975
v 0.089111 0.382324 -0.076904
v 0.090088 0.412109 -0.081787
v 0.075928 0.419434 -0.094971
v 0.093994 0.382812 -0.064697
v 0.104736 0.402832 -0.065674
v 0.101318 0.404297 -0.081787
v 0.106201 0.432129 -0.089111
v 0.118896 0.419434 -0.063232
v 0.117432 0.422852 -0.085693
v 0.014404 0.266602 -0.130127
v 0.000244 0.282227 -0.133057
v 0.000244 0.471191 -0.126709
v 0.040771 0.470215 -0.130615
v 0.072021 0.444336 -0.126709
v 0.074951 0.466309 -0.141357
v 0.081787 0.467773 -0.133545
v 0.068604 0.468750 -0.135986
v 0.087646 0.491699 -0.160400
v 0.100830 0.482910 -0.138916
v 0.105225 0.469238 -0.125732
v 0.108643 0.479492 -0.142822
v 0.099854 0.488281 -0.144287
v 0.101807 0.495605 -0.156006
v 0.113037 0.481934 -0.134521
v 0.124268 0.493164 -0.140381
v 0.114014 0.488770 -0.154541
v 0.146729 0.278809 -0.023193
v 0.152100 0.308105 -0.022705
v 0.127197 0.250000 -0.046631
v 0.131104 0.279785 -0.042725
v 0.128662 0.261719 -0.062256
v 0.127197 0.274414 -0.055420
v 0.125244 0.273926 -0.060791
v 0.128174 0.274414 -0.058838
v 0.125732 0.279297 -0.058838
v 0.133057 0.266113 -0.053467
v 0.133545 0.266602 -0.058838
v 0.141846 0.261230 -0.052002
v 0.142334 0.250000 -0.062256
v 0.142822 0.261230 -0.057861
v 0.152588 0.263184 -0.048584
v 0.150635 0.261719 -0.056396
v 0.135010 0.281250 -0.052490
v 0.140869 0.295898 -0.033936
v 0.145752 0.298828 -0.043213
v 0.168701 0.261230 -0.019287
v 0.181885 0.258301 -0.008057
v 0.182861 0.258789 -0.010010
v 0.186768 0.263184 -0.011963
v 0.183350 0.270996 -0.014893
v 0.186279 0.267578 -0.008545
v 0.183838 0.274414 -0.014404
v 0.177002 0.259277 -0.018799
v 0.179443 0.264648 -0.021240
v 0.172607 0.250488 -0.027588
v 0.171631 0.281738 -0.018311
v 0.157959 0.311523 -0.031006
v 0.178467 0.297363 -0.002197
v 0.185303 0.281738 -0.024170
v 0.164307 0.272949 -0.033936
v 0.166260 0.274902 -0.046631
v 0.162354 0.264648 -0.055420
v 0.156494 0.267578 -0.053467
v 0.168213 0.273438 -0.047607
v 0.177490 0.276367 -0.035889
v 0.144775 0.317871 -0.010986
v 0.150635 0.356445 -0.018799
v 0.131104 0.342285 -0.039307
v 0.141357 0.337891 -0.046631
v 0.163818 0.317871 -0.007568
v 0.170654 0.321289 -0.014404
v 0.161377 0.352051 -0.024658
v 0.197510 0.257812 -0.002197
v 0.195068 0.296875 -0.006592
v 0.143799 0.380859 -0.021240
v 0.145264 0.411133 -0.027588
v 0.125244 0.375488 -0.042236
v 0.135010 0.429688 -0.055420
v 0.154541 0.436035 -0.034424
v 0.167236 0.437500 -0.004150
v 0.178955 0.452637 -0.045166
v 0.185791 0.478027 -0.046631
v 0.132080 0.452637 -0.093506
v 0.137939 0.437500 -0.086182
v 0.132080 0.468262 -0.112549
v 0.159912 0.447754 -0.074951
v 0.163818 0.471680 -0.078857
v 0.187744 0.452148 -0.009033
v 0.192627 0.476562 -0.010498
v 0.125732 0.498535 -0.160889
v 0.251221 0.103516 -0.012939
v 0.252197 0.111328 -0.005615
v 0.260010 0.498535 -0.100342
v 0.000244 0.507812 -0.148682
v 0.000244 0.541504 -0.171143
v 0.000244 0.546875 -0.183838
v 0.000244 0.558105 -0.180420
v 0.041748 0.504883 -0.152588
v 0.042725 0.533203 -0.171143
v 0.044189 0.539062 -0.184814
v 0.045654 0.550293 -0.181396
v 0.000244 0.589355 -0.190186
v 0.046631 0.588379 -0.193604
v 0.073486 0.501465 -0.152100
v 0.077393 0.515625 -0.160400
v 0.080811 0.523438 -0.177979
v 0.084717 0.535156 -0.173584
v 0.104248 0.510742 -0.173584
v 0.124268 0.529297 -0.179443
v 0.113037 0.539062 -0.173584
v 0.123779 0.610840 -0.177490
v 0.099365 0.587891 -0.189209
v 0.000244 0.740723 -0.186768
v 0.000244 0.625000 -0.198486
v 0.000244 0.659180 -0.202393
v 0.046143 0.628418 -0.202393
v 0.044189 0.665527 -0.206299
v 0.000244 0.687500 -0.202393
v 0.000244 0.711426 -0.198975
v 0.000244 0.727051 -0.195068
v 0.013916 0.733887 -0.198975
v 0.000244 0.739746 -0.189697
v 0.006104 0.744629 -0.191162
v 0.005615 0.743652 -0.194580
v 0.041748 0.698730 -0.205811
v 0.038818 0.726562 -0.201904
v 0.120850 0.640625 -0.179443
v 0.120850 0.676758 -0.179932
v 0.080322 0.746582 -0.187256
v 0.124756 0.710938 -0.172607
v 0.090088 0.673828 -0.200928
v 0.094482 0.634277 -0.198486
v 0.108154 0.669922 -0.211182
v 0.123779 0.685059 -0.226318
v 0.086182 0.712891 -0.197021
v 0.115479 0.690918 -0.212158
v 0.170654 0.507324 -0.115967
v 0.180908 0.513184 -0.122314
v 0.178955 0.522949 -0.118896
v 0.192139 0.521973 -0.017334
v 0.207764 0.503418 -0.013916
v 0.215088 0.511230 -0.014893
v 0.214600 0.519531 -0.016357
v 0.210693 0.559082 -0.023682
v 0.202881 0.501465 -0.050537
v 0.194092 0.523438 -0.049561
v 0.211182 0.509277 -0.052002
v 0.211182 0.516113 -0.052002
v 0.213135 0.556152 -0.051514
v 0.226318 0.538574 -0.018311
v 0.225342 0.538086 -0.053467
v 0.202393 0.570312 -0.000244
v 0.187744 0.504883 -0.086670
v 0.197510 0.511230 -0.090088
v 0.197021 0.519531 -0.088135
v 0.190674 0.534180 -0.082764
v 0.217041 0.543945 -0.089600
v 0.209717 0.562012 -0.080811
v 0.195068 0.550293 -0.120361
v 0.203369 0.555176 -0.122803
v 0.239014 0.554688 -0.113525
v 0.241943 0.559570 -0.124756
v 0.203369 0.578125 -0.107178
v 0.230225 0.570312 -0.123779
v 0.184814 0.734375 -0.080322
v 0.165283 0.729492 -0.116943
v 0.204346 0.733398 -0.031982
v 0.235107 0.709961 -0.023682
v 0.236572 0.746094 -0.023682
v 0.227783 0.705078 -0.079346
v 0.243896 0.747070 -0.086670
v 0.238525 0.738770 -0.113037
v 0.138916 0.501953 -0.141357
v 0.135010 0.523438 -0.155518
v 0.151611 0.505859 -0.135986
v 0.155029 0.525391 -0.144287
v 0.140381 0.506836 -0.159424
v 0.153564 0.557129 -0.180420
v 0.159424 0.512207 -0.148193
v 0.159424 0.549805 -0.159912
v 0.145264 0.564453 -0.176025
v 0.179932 0.566406 -0.148193
v 0.171143 0.593262 -0.170166
v 0.179932 0.585938 -0.173584
v 0.156982 0.615723 -0.174072
v 0.187744 0.571289 -0.149658
v 0.218506 0.586426 -0.135010
v 0.195557 0.601562 -0.125244
v 0.193604 0.617676 -0.132568
v 0.198486 0.624023 -0.145264
v 0.207275 0.604004 -0.140381
v 0.215088 0.609375 -0.140869
v 0.191650 0.619629 -0.170654
v 0.199463 0.618164 -0.178955
v 0.203369 0.600098 -0.156494
v 0.211182 0.598145 -0.163818
v 0.217041 0.604980 -0.159912
v 0.217041 0.603516 -0.162842
v 0.206787 0.624512 -0.171631
v 0.212646 0.624512 -0.156494
v 0.207764 0.623047 -0.175537
v 0.226318 0.584473 -0.142334
v 0.228760 0.593262 -0.143311
v 0.226807 0.590332 -0.144775
v 0.236572 0.570312 -0.132080
v 0.220459 0.608887 -0.146729
v 0.228760 0.605469 -0.147217
v 0.230713 0.602051 -0.143799
v 0.225830 0.611328 -0.152100
v 0.226807 0.614258 -0.144287
v 0.228271 0.613770 -0.149658
v 0.144775 0.645996 -0.177490
v 0.136963 0.678711 -0.177490
v 0.180908 0.643066 -0.136963
v 0.171631 0.669922 -0.136963
v 0.185791 0.670898 -0.151123
v 0.185791 0.671387 -0.151123
v 0.182373 0.642578 -0.182861
v 0.133057 0.711426 -0.171143
v 0.132568 0.743164 -0.156494
v 0.166260 0.698730 -0.131104
v 0.181885 0.698730 -0.151123
v 0.176514 0.717773 -0.148682
v 0.179443 0.724609 -0.147705
v 0.125244 0.672852 -0.212158
v 0.133545 0.672363 -0.212158
v 0.143799 0.668457 -0.211670
v 0.153076 0.661621 -0.210693
v 0.138428 0.683594 -0.227783
v 0.149170 0.680176 -0.227783
v 0.170166 0.632324 -0.206787
v 0.160889 0.650879 -0.209229
v 0.179932 0.647949 -0.205811
v 0.175537 0.669434 -0.191162
v 0.182373 0.668945 -0.200439
v 0.173584 0.646973 -0.223389
v 0.168213 0.660156 -0.224854
v 0.157959 0.685547 -0.223389
v 0.160889 0.671875 -0.226807
v 0.165771 0.675781 -0.221924
v 0.173584 0.662598 -0.219971
v 0.174072 0.656250 -0.223877
v 0.180420 0.659180 -0.222900
v 0.180908 0.670898 -0.219482
v 0.175537 0.687012 -0.240967
v 0.130615 0.710938 -0.213135
v 0.133545 0.709961 -0.216064
v 0.138428 0.706055 -0.213623
v 0.136963 0.709961 -0.213623
v 0.135986 0.715332 -0.213135
v 0.141846 0.703613 -0.213623
v 0.147217 0.704590 -0.213623
v 0.151611 0.709473 -0.213623
v 0.155518 0.719238 -0.213623
v 0.155029 0.688477 -0.228271
v 0.171143 0.699707 -0.194580
v 0.177490 0.700195 -0.204346
v 0.168701 0.731445 -0.193115
v 0.160400 0.738281 -0.212158
v 0.185303 0.731934 -0.187744
v 0.187256 0.732910 -0.196045
v 0.174561 0.732910 -0.203369
v 0.184326 0.740723 -0.208740
v 0.163818 0.702148 -0.227783
v 0.167236 0.699707 -0.223389
v 0.171631 0.712891 -0.223389
v 0.180908 0.702637 -0.221436
v 0.183350 0.707031 -0.225342
v 0.172119 0.720703 -0.227783
v 0.173584 0.738770 -0.224854
v 0.191162 0.646484 -0.149170
v 0.211670 0.648438 -0.149170
v 0.198975 0.646973 -0.180908
v 0.199951 0.645508 -0.186768
v 0.204346 0.647949 -0.165771
v 0.216064 0.652344 -0.156982
v 0.213623 0.648926 -0.170166
v 0.199463 0.671875 -0.171631
v 0.210693 0.671387 -0.157959
v 0.210693 0.686523 -0.156494
v 0.216064 0.674316 -0.167236
v 0.210693 0.672852 -0.176025
v 0.219482 0.629395 -0.146729
v 0.223877 0.629395 -0.156006
v 0.239014 0.629883 -0.149658
v 0.242920 0.634766 -0.156006
v 0.241943 0.678223 -0.150146
v 0.219482 0.626465 -0.160889
v 0.218994 0.651855 -0.163330
v 0.239014 0.636230 -0.180420
v 0.214600 0.697754 -0.152100
v 0.212646 0.704102 -0.149658
v 0.190186 0.742676 -0.136475
v 0.199951 0.708008 -0.170166
v 0.198486 0.691406 -0.172607
v 0.215576 0.691406 -0.167236
v 0.210693 0.693359 -0.177002
v 0.215088 0.711914 -0.173096
v 0.196045 0.729980 -0.166748
v 0.207275 0.724121 -0.161377
v 0.230713 0.714355 -0.156006
v 0.248291 0.716797 -0.145752
v 0.227783 0.724609 -0.135010
v 0.219971 0.731934 -0.141846
v 0.219482 0.742188 -0.147217
v 0.241455 0.733398 -0.133545
v 0.242432 0.718750 -0.139893
v 0.220947 0.706055 -0.162842
v 0.227295 0.726562 -0.163330
v 0.246826 0.731445 -0.171631
v 0.189697 0.641602 -0.191650
v 0.197510 0.655762 -0.201416
v 0.187744 0.653809 -0.204346
v 0.209229 0.651367 -0.197021
v 0.192627 0.672852 -0.187744
v 0.194092 0.671875 -0.194092
v 0.189209 0.678223 -0.218506
v 0.215088 0.671387 -0.198975
v 0.212646 0.683105 -0.200928
v 0.205322 0.666016 -0.214600
v 0.215088 0.656250 -0.206787
v 0.187744 0.667480 -0.221924
v 0.195068 0.674316 -0.220947
v 0.194580 0.687012 -0.221924
v 0.221436 0.643066 -0.190674
v 0.225342 0.645996 -0.196533
v 0.227295 0.648926 -0.189697
v 0.220459 0.659668 -0.194580
v 0.187744 0.701660 -0.190186
v 0.189697 0.701660 -0.197998
v 0.215088 0.695801 -0.200928
v 0.193604 0.726074 -0.207764
v 0.187744 0.730957 -0.209229
v 0.201416 0.725586 -0.205322
v 0.216064 0.730957 -0.199463
v 0.189209 0.687988 -0.218994
v 0.191650 0.696777 -0.218994
v 0.197998 0.699219 -0.221924
v 0.205811 0.706055 -0.218994
v 0.222900 0.710449 -0.198486
v 0.230225 0.725098 -0.194580
v 0.222900 0.724121 -0.208252
v 0.235107 0.742676 -0.190186
v 0.108643 0.759277 -0.016846
v 0.117432 0.812012 -0.042236
v 0.100830 0.838379 -0.008057
v 0.107666 0.821777 -0.025635
v 0.109131 0.848633 -0.025635
v 0.104248 0.865234 -0.028076
v 0.110107 0.864258 -0.021240
v 0.104248 0.841309 -0.042236
v 0.107666 0.837891 -0.056885
v 0.112061 0.837402 -0.037842
v 0.111084 0.826172 -0.054932
v 0.117432 0.833984 -0.053467
v 0.102783 0.852051 -0.031982
v 0.092041 0.836426 -0.101318
v 0.104736 0.831543 -0.077881
v 0.116943 0.824219 -0.071045
v 0.123291 0.826172 -0.063232
v 0.121826 0.816406 -0.072998
v 0.111084 0.841797 -0.074951
v 0.120361 0.835938 -0.064697
v 0.122314 0.850098 -0.104248
v 0.028076 0.909180 -0.124756
v 0.052002 0.907227 -0.112061
v 0.082275 0.882812 -0.013428
v 0.086670 0.891113 -0.039795
v 0.098389 0.877441 -0.009521
v 0.105713 0.878906 -0.000244
v 0.107178 0.876465 -0.030518
v 0.113037 0.887695 -0.012451
v 0.112061 0.890625 -0.011963
v 0.113525 0.877441 -0.023682
v 0.116943 0.887207 -0.031006
v 0.116455 0.900879 -0.019775
v 0.111084 0.905762 -0.026123
v 0.118408 0.892090 -0.029541
v 0.117920 0.895508 -0.029541
v 0.104736 0.933594 -0.003662
v 0.115479 0.913574 -0.011963
v 0.111572 0.931641 -0.004639
v 0.113525 0.930176 -0.010010
v 0.110596 0.916504 -0.019775
v 0.109619 0.930664 -0.015869
v 0.102783 0.886230 -0.040283
v 0.110107 0.885254 -0.036377
v 0.112061 0.900879 -0.033447
v 0.119385 0.893555 -0.038330
v 0.114014 0.896484 -0.049072
v 0.107666 0.953125 -0.014404
v 0.110107 0.944824 -0.011475
v 0.072021 0.903320 -0.091064
v 0.083252 0.897461 -0.065186
v 0.085205 0.898926 -0.100342
v 0.098877 0.893066 -0.070068
v 0.000244 0.763184 -0.183838
v 0.000244 0.763672 -0.183838
v 0.000244 0.804199 -0.168701
v 0.045166 0.759277 -0.179932
v 0.039795 0.803223 -0.162842
v 0.061768 0.800293 -0.182861
v 0.000244 0.843262 -0.148682
v 0.049561 0.841797 -0.135986
v 0.022705 0.761230 -0.196045
v 0.023193 0.760742 -0.200439
v 0.031494 0.750000 -0.199463
v 0.051514 0.778320 -0.197998
v 0.055420 0.770020 -0.193115
v 0.044678 0.783203 -0.192139
v 0.046143 0.784180 -0.197998
v 0.076416 0.798828 -0.148193
v 0.066650 0.778809 -0.171143
v 0.074951 0.784668 -0.183350
v 0.084229 0.791016 -0.156982
v 0.091553 0.796387 -0.171143
v 0.105713 0.774414 -0.142334
v 0.122803 0.770508 -0.152100
v 0.119385 0.780273 -0.154053
v 0.100830 0.802734 -0.139893
v 0.103760 0.760254 -0.170166
v 0.100830 0.768066 -0.172607
v 0.105225 0.765625 -0.175537
v 0.124756 0.777344 -0.157471
v 0.106201 0.807129 -0.156494
v 0.091553 0.827637 -0.155518
v 0.077393 0.814941 -0.170654
v 0.079834 0.818359 -0.177490
v 0.087158 0.812500 -0.179443
v 0.108154 0.840820 -0.132080
v 0.122803 0.818359 -0.133057
v 0.121338 0.840332 -0.139893
v 0.112549 0.846191 -0.137451
v 0.102783 0.826172 -0.164307
v 0.094971 0.832031 -0.161865
v 0.077881 0.752441 -0.188232
v 0.080811 0.750000 -0.190674
v 0.063721 0.802246 -0.189697
v 0.070068 0.796875 -0.190674
v 0.000244 0.905762 -0.145752
v 0.000244 0.910156 -0.129639
v 0.032959 0.904785 -0.140381
v 0.061768 0.902832 -0.125244
v 0.129639 0.795898 -0.053955
v 0.125244 0.803223 -0.051514
v 0.168213 0.770996 -0.001221
v 0.165283 0.790527 -0.023193
v 0.170654 0.781250 -0.026123
v 0.175537 0.805176 -0.010498
v 0.172119 0.787598 -0.023682
v 0.168701 0.786621 -0.051025
v 0.170654 0.793945 -0.050049
v 0.163330 0.796875 -0.049072
v 0.151123 0.842285 -0.009521
v 0.148682 0.823730 -0.016357
v 0.134521 0.844238 -0.010498
v 0.141357 0.849609 -0.007568
v 0.149170 0.829590 -0.044678
v 0.135498 0.851562 -0.040283
v 0.142334 0.857910 -0.039307
v 0.151611 0.850586 -0.041260
v 0.168701 0.859375 -0.000244
v 0.181885 0.850586 -0.000732
v 0.179932 0.871094 -0.029541
v 0.186279 0.820312 -0.032959
v 0.132568 0.789062 -0.071533
v 0.133057 0.808594 -0.068604
v 0.135986 0.803711 -0.071533
v 0.137939 0.810547 -0.090088
v 0.126221 0.789551 -0.109619
v 0.153076 0.786621 -0.103760
v 0.156006 0.794922 -0.106201
v 0.149658 0.797363 -0.104248
v 0.162842 0.788574 -0.076904
v 0.158447 0.799316 -0.075928
v 0.165283 0.796875 -0.077881
v 0.184814 0.797852 -0.114990
v 0.127686 0.816406 -0.065186
v 0.127686 0.812500 -0.078369
v 0.145752 0.830566 -0.074951
v 0.132080 0.854004 -0.072510
v 0.137939 0.860352 -0.073486
v 0.147217 0.853516 -0.075439
v 0.136475 0.826660 -0.105713
v 0.127686 0.856445 -0.107666
v 0.136475 0.850098 -0.110107
v 0.197021 0.770508 -0.026123
v 0.203857 0.775391 -0.060303
v 0.235107 0.780762 -0.016357
v 0.233154 0.791992 -0.000732
v 0.249268 0.803223 -0.014404
v 0.243408 0.750000 -0.056397
v 0.249756 0.790527 -0.039307
v 0.196533 0.835449 -0.015869
v 0.200928 0.870117 -0.015381
v 0.190674 0.860352 -0.023193
v 0.206787 0.869629 -0.030518
v 0.193115 0.866211 -0.038818
v 0.198975 0.861816 -0.034424
v 0.201416 0.860352 -0.050537
v 0.209717 0.849609 -0.040283
v 0.206787 0.858887 -0.042725
v 0.210205 0.853516 -0.043701
v 0.209229 0.856445 -0.044189
v 0.213623 0.868164 -0.041748
v 0.205811 0.873047 -0.048584
v 0.209229 0.870605 -0.055908
v 0.243896 0.818848 -0.002197
v 0.237061 0.835938 -0.008057
v 0.230225 0.850098 -0.025147
v 0.226318 0.857422 -0.043701
v 0.222412 0.865234 -0.051025
v 0.231201 0.861816 -0.060303
v 0.248779 0.863281 -0.057373
v 0.245361 0.873535 -0.057373
v 0.204346 0.771484 -0.090576
v 0.199951 0.760742 -0.116455
v 0.229736 0.754883 -0.122803
v 0.242432 0.775391 -0.098877
v 0.244385 0.784668 -0.113525
v 0.201416 0.833008 -0.062744
v 0.192139 0.816895 -0.093018
v 0.198486 0.863281 -0.091064
v 0.203857 0.851562 -0.063232
v 0.204346 0.858887 -0.077393
v 0.210693 0.870117 -0.071045
v 0.211182 0.869629 -0.063232
v 0.205322 0.858398 -0.093506
v 0.214600 0.847656 -0.084229
v 0.214111 0.851562 -0.081299
v 0.213135 0.854980 -0.080811
v 0.211182 0.856934 -0.083740
v 0.209229 0.871582 -0.079346
v 0.218506 0.866211 -0.083740
v 0.206299 0.830078 -0.109619
v 0.199463 0.855469 -0.106201
v 0.187744 0.866211 -0.103760
v 0.195068 0.846680 -0.122314
v 0.213623 0.866211 -0.096436
v 0.210693 0.864746 -0.112549
v 0.230225 0.855957 -0.077393
v 0.224854 0.864258 -0.072021
v 0.238037 0.847656 -0.093506
v 0.226807 0.818359 -0.124268
v 0.249268 0.832031 -0.108154
v 0.180420 0.883789 -0.014893
v 0.181885 0.893066 -0.026123
v 0.180908 0.923828 -0.062256
v 0.167236 0.962891 -0.054932
v 0.178955 0.943359 -0.049072
v 0.172607 0.952637 -0.052002
v 0.163330 0.973633 -0.057861
v 0.160889 0.983398 -0.060303
v 0.166748 0.948730 -0.064209
v 0.162842 0.960449 -0.064697
v 0.169189 0.962891 -0.073486
v 0.172119 0.937500 -0.063232
v 0.181885 0.943359 -0.075928
v 0.179443 0.957031 -0.062744
v 0.173096 0.965820 -0.063721
v 0.175049 0.953125 -0.074951
v 0.160400 0.972168 -0.065186
v 0.158936 0.982910 -0.065674
v 0.161865 0.983398 -0.070557
v 0.168213 0.975098 -0.064697
v 0.164795 0.973633 -0.072021
v 0.158936 0.998047 -0.064209
v 0.158447 0.997559 -0.066162
v 0.158936 0.999512 -0.066162
v 0.159912 0.998047 -0.065674
v 0.159424 0.998047 -0.067627
v 0.164307 0.984375 -0.065186
v 0.189697 0.884766 -0.031494
v 0.198486 0.878418 -0.039307
v 0.217041 0.895996 -0.059326
v 0.188721 0.932617 -0.046143
v 0.197510 0.908203 -0.060791
v 0.204346 0.920898 -0.041748
v 0.213623 0.931152 -0.059326
v 0.243896 0.898926 -0.032471
v 0.234619 0.884766 -0.058350
v 0.223877 0.910156 -0.037354
v 0.234619 0.921875 -0.057373
v 0.187744 0.949219 -0.061768
v 0.197998 0.940918 -0.060791
v 0.203857 0.875488 -0.091064
v 0.192139 0.932617 -0.076904
v 0.208252 0.920898 -0.077881
v 0.197021 0.880859 -0.101807
v 0.190186 0.888184 -0.110107
v 0.191162 0.877441 -0.119873
v 0.249268 0.898926 -0.080811
v 0.228760 0.910156 -0.078857
v 0.139404 0.780273 -0.129639
v 0.135986 0.790527 -0.131104
v 0.142334 0.788086 -0.134033
v 0.180420 0.774902 -0.130615
v 0.178467 0.750488 -0.141357
v 0.167725 0.762207 -0.187256
v 0.184326 0.760742 -0.181885
v 0.168701 0.790527 -0.177490
v 0.185791 0.788086 -0.171143
v 0.177002 0.838379 -0.146240
v 0.182861 0.854980 -0.126221
v 0.184814 0.845215 -0.155518
v 0.171631 0.815918 -0.164307
v 0.180420 0.821289 -0.174072
v 0.167236 0.756836 -0.208740
v 0.174561 0.764648 -0.197510
v 0.187256 0.763184 -0.190186
v 0.177979 0.772461 -0.202393
v 0.186279 0.768555 -0.201904
v 0.177002 0.756348 -0.218018
v 0.183838 0.753906 -0.206787
v 0.182861 0.771484 -0.207764
v 0.176514 0.794434 -0.187744
v 0.175537 0.871094 -0.195068
v 0.173096 0.860840 -0.207764
v 0.176514 0.864258 -0.225342
v 0.218506 0.777344 -0.145752
v 0.198975 0.808105 -0.131104
v 0.195068 0.782715 -0.147217
v 0.194092 0.756348 -0.158936
v 0.207764 0.752930 -0.157471
v 0.189209 0.791992 -0.179932
v 0.230225 0.762695 -0.132568
v 0.238037 0.803223 -0.127197
v 0.191650 0.832031 -0.140869
v 0.197021 0.838379 -0.148193
v 0.202393 0.853516 -0.129150
v 0.189209 0.864258 -0.135010
v 0.188232 0.812500 -0.157471
v 0.193115 0.817383 -0.165771
v 0.243896 0.840820 -0.175049
v 0.218994 0.851074 -0.182373
v 0.191162 0.782715 -0.195068
v 0.214600 0.837402 -0.201416
v 0.195068 0.858887 -0.187744
v 0.191650 0.847168 -0.204346
v 0.196045 0.851074 -0.226807
v 0.204346 0.863770 -0.238525
v 0.207275 0.871582 -0.235107
v 0.236084 0.825195 -0.197998
v 0.219971 0.840820 -0.227295
v 0.242432 0.827637 -0.225342
v 0.230713 0.855469 -0.244385
v 0.234131 0.865723 -0.239502
v 0.153564 0.890137 -0.215576
v 0.148682 0.902344 -0.218506
v 0.148193 0.916992 -0.217529
v 0.153564 0.909668 -0.211670
v 0.148682 0.902344 -0.218994
v 0.154053 0.904785 -0.228271
v 0.145264 0.913086 -0.221436
v 0.145752 0.913086 -0.221436
v 0.148193 0.914062 -0.226807
v 0.150635 0.917969 -0.222900
v 0.142822 0.925293 -0.224365
v 0.163818 0.883789 -0.202881
v 0.169189 0.894531 -0.199951
v 0.160889 0.875977 -0.211670
v 0.160400 0.902344 -0.206299
v 0.181885 0.886719 -0.192139
v 0.177002 0.899902 -0.218018
v 0.164307 0.878418 -0.223877
v 0.170654 0.885254 -0.231689
v 0.161377 0.895020 -0.229736
v 0.166748 0.905273 -0.219482
v 0.183350 0.875000 -0.234131
v 0.157959 0.911621 -0.220947
v 0.202393 0.879395 -0.182861
v 0.229248 0.875488 -0.173584
v 0.233643 0.881836 -0.183350
v 0.188232 0.894531 -0.205322
v 0.190674 0.895020 -0.217041
v 0.205811 0.884277 -0.189697
v 0.210205 0.890625 -0.201416
v 0.213135 0.892578 -0.216064
v 0.188721 0.888672 -0.225830
v 0.211182 0.884277 -0.227783
v 0.239014 0.891113 -0.197998
v 0.241943 0.893555 -0.216553
v 0.239014 0.882324 -0.230713
v 0.278564 0.514648 -0.107178
v 0.272217 0.518555 -0.107666
v 0.274658 0.518066 -0.104248
v 0.277100 0.514160 -0.112061
v 0.269287 0.519043 -0.110596
v 0.272705 0.515625 -0.114502
v 0.280029 0.530273 -0.122803
v 0.273682 0.533691 -0.116455
v 0.279053 0.533203 -0.112549
v 0.274658 0.550781 -0.121338
v 0.287354 0.528320 -0.118897
v 0.289795 0.528320 -0.110596
v 0.283447 0.532227 -0.106689
v 0.291748 0.550781 -0.108643
v 0.284424 0.551270 -0.116455
v 0.301025 0.547363 -0.113525
v 0.300049 0.546875 -0.121826
v 0.255615 0.565918 -0.114502
v 0.256592 0.562500 -0.119873
v 0.265381 0.581543 -0.116943
v 0.278076 0.614746 -0.105713
v 0.286377 0.570312 -0.119385
v 0.284912 0.586914 -0.120850
v 0.297607 0.569824 -0.108643
v 0.300049 0.589355 -0.106201
v 0.310303 0.568848 -0.114502
v 0.291748 0.613281 -0.096924
v 0.297607 0.601562 -0.102295
v 0.305420 0.624512 -0.094971
v 0.308350 0.611816 -0.103760
v 0.356689 0.515137 -0.015381
v 0.355225 0.516113 -0.012939
v 0.345459 0.503418 -0.017334
v 0.358154 0.514160 -0.018311
v 0.357178 0.514648 -0.020752
v 0.356201 0.515137 -0.023682
v 0.351807 0.518555 -0.018799
v 0.366455 0.530273 -0.014893
v 0.365479 0.529785 -0.030029
v 0.368896 0.528809 -0.019775
v 0.367432 0.529297 -0.024658
v 0.356689 0.534180 -0.020752
v 0.359131 0.550293 -0.017822
v 0.363525 0.531738 -0.010010
v 0.372803 0.546387 -0.014404
v 0.368408 0.547852 -0.007080
v 0.374268 0.545410 -0.028564
v 0.360107 0.549316 -0.027100
v 0.370850 0.544922 -0.036377
v 0.358643 0.569336 -0.014893
v 0.353271 0.590820 -0.011475
v 0.370850 0.569336 -0.003662
v 0.343994 0.610352 -0.008057
v 0.356201 0.587891 -0.043213
v 0.360596 0.567383 -0.034424
v 0.374268 0.565430 -0.044678
v 0.374268 0.588867 -0.054443
v 0.347412 0.607910 -0.052002
v 0.313721 0.591309 -0.111572
v 0.369873 0.612793 -0.063721
v 0.258545 0.687988 -0.016357
v 0.299072 0.749512 -0.023193
v 0.265381 0.672852 -0.076416
v 0.293213 0.636719 -0.074951
v 0.288330 0.626953 -0.086670
v 0.303955 0.639648 -0.065186
v 0.307861 0.633301 -0.085205
v 0.304443 0.647949 -0.093018
v 0.306396 0.674316 -0.088135
v 0.302979 0.638184 -0.108643
v 0.304932 0.645508 -0.123779
v 0.296631 0.669434 -0.101807
v 0.291748 0.671875 -0.119873
v 0.253174 0.712891 -0.118897
v 0.273682 0.694824 -0.117920
v 0.270264 0.729980 -0.120850
v 0.304932 0.744141 -0.081787
v 0.283447 0.699219 -0.103272
v 0.298584 0.718262 -0.104248
v 0.298584 0.705566 -0.114502
v 0.303467 0.714355 -0.115967
v 0.326904 0.627930 -0.007568
v 0.329346 0.629395 -0.002197
v 0.318604 0.636230 -0.058350
v 0.329346 0.636230 -0.039307
v 0.336182 0.625488 -0.061279
v 0.371338 0.677734 -0.016846
v 0.357178 0.686523 -0.062256
v 0.364502 0.685059 -0.055420
v 0.367920 0.687012 -0.051025
v 0.374756 0.673340 -0.060791
v 0.374756 0.686523 -0.056397
v 0.371338 0.683105 -0.062256
v 0.327881 0.698730 -0.006104
v 0.332764 0.705078 -0.006104
v 0.329834 0.706055 -0.016357
v 0.342041 0.732422 -0.043701
v 0.341064 0.739746 -0.040772
v 0.329834 0.729004 -0.049561
v 0.343018 0.732422 -0.052979
v 0.339111 0.735352 -0.048584
v 0.340576 0.739258 -0.048584
v 0.337646 0.748535 -0.049072
v 0.342529 0.739746 -0.055908
v 0.353760 0.687500 -0.015381
v 0.356689 0.694336 -0.015869
v 0.352783 0.694336 -0.024658
v 0.366943 0.690430 -0.020264
v 0.362061 0.689941 -0.028076
v 0.371826 0.690918 -0.025635
v 0.355225 0.749023 -0.030518
v 0.365967 0.689453 -0.031494
v 0.365967 0.698242 -0.042725
v 0.367920 0.691895 -0.035889
v 0.372803 0.694336 -0.031494
v 0.370361 0.701172 -0.037354
v 0.373291 0.702148 -0.042725
v 0.364014 0.711914 -0.044678
v 0.368896 0.690918 -0.047119
v 0.374268 0.692383 -0.051514
v 0.371338 0.700195 -0.048096
v 0.344971 0.740723 -0.032471
v 0.348877 0.735840 -0.038818
v 0.352295 0.748535 -0.031982
v 0.354736 0.747070 -0.034912
v 0.358643 0.743652 -0.038818
v 0.357666 0.747070 -0.038330
v 0.358643 0.747070 -0.041748
v 0.344482 0.726074 -0.048096
v 0.351318 0.733887 -0.047607
v 0.350830 0.735840 -0.056397
v 0.359131 0.747070 -0.054932
v 0.357666 0.747070 -0.058350
v 0.355713 0.748535 -0.061768
v 0.360596 0.743164 -0.036865
v 0.363037 0.746094 -0.038330
v 0.362549 0.748535 -0.038330
v 0.362549 0.740723 -0.046143
v 0.359619 0.743652 -0.042236
v 0.360107 0.748535 -0.044189
v 0.361084 0.749512 -0.044189
v 0.361572 0.747559 -0.046631
v 0.362549 0.748047 -0.046631
v 0.364014 0.746094 -0.040772
v 0.363525 0.748535 -0.040283
v 0.360596 0.743652 -0.050537
v 0.360596 0.748535 -0.049561
v 0.362061 0.749512 -0.049561
v 0.360107 0.743652 -0.053955
v 0.359619 0.747070 -0.051025
v 0.364990 0.746094 -0.051025
v 0.364502 0.748535 -0.051514
v 0.364990 0.746094 -0.053467
v 0.364502 0.748535 -0.053955
v 0.362549 0.743164 -0.055908
v 0.314209 0.636230 -0.076904
v 0.323975 0.634766 -0.069092
v 0.322510 0.649414 -0.074463
v 0.327393 0.684082 -0.097412
v 0.361084 0.638184 -0.073975
v 0.347412 0.662109 -0.085205
v 0.359619 0.677734 -0.068604
v 0.362549 0.683594 -0.070557
v 0.336182 0.697754 -0.077881
v 0.335693 0.688477 -0.085693
v 0.341064 0.694336 -0.087158
v 0.348389 0.740723 -0.063232
v 0.358643 0.749023 -0.063232
v 0.284424 0.548828 -0.131592
v 0.293213 0.547852 -0.128662
v 0.252197 0.564453 -0.127686
v 0.261963 0.576660 -0.134033
v 0.265381 0.586914 -0.137939
v 0.271729 0.566895 -0.125244
v 0.267822 0.576172 -0.127197
v 0.269287 0.586914 -0.135498
v 0.255615 0.615723 -0.148193
v 0.260498 0.620117 -0.154053
v 0.265869 0.601074 -0.143311
v 0.273682 0.604004 -0.150635
v 0.285400 0.567383 -0.138916
v 0.281494 0.586914 -0.145752
v 0.299072 0.568848 -0.135498
v 0.309326 0.569336 -0.126221
v 0.311768 0.584961 -0.136475
v 0.306885 0.599121 -0.139893
v 0.298584 0.617188 -0.143311
v 0.316162 0.573730 -0.133057
v 0.312744 0.585938 -0.132080
v 0.317627 0.585938 -0.130615
v 0.320068 0.585449 -0.138428
v 0.316650 0.601074 -0.129150
v 0.313232 0.620117 -0.126709
v 0.321533 0.602051 -0.142822
v 0.318115 0.624512 -0.146240
v 0.267334 0.657227 -0.148193
v 0.284912 0.637695 -0.146240
v 0.307373 0.652344 -0.147705
v 0.290283 0.677734 -0.146240
v 0.272217 0.714355 -0.132080
v 0.266357 0.701172 -0.143311
v 0.250244 0.730469 -0.149170
v 0.276611 0.726074 -0.134033
v 0.256592 0.746094 -0.167236
v 0.262939 0.742676 -0.166748
v 0.253662 0.745117 -0.175537
v 0.256104 0.741211 -0.182861
v 0.261963 0.738770 -0.181885
v 0.267822 0.739258 -0.168701
v 0.267334 0.736816 -0.178955
v 0.267822 0.736816 -0.178467
v 0.270264 0.736328 -0.173584
v 0.285889 0.746582 -0.186279
v 0.286377 0.746582 -0.186279
v 0.291748 0.746582 -0.176514
v 0.275146 0.749023 -0.192139
v 0.377686 0.544922 -0.021240
v 0.378662 0.568359 -0.013916
v 0.385986 0.566406 -0.023682
v 0.393311 0.592773 -0.027100
v 0.381592 0.594238 -0.013428
v 0.380615 0.621582 -0.013916
v 0.395752 0.622070 -0.030518
v 0.380127 0.566406 -0.033936
v 0.383545 0.591309 -0.040772
v 0.383545 0.618164 -0.047119
v 0.376709 0.652344 -0.015381
v 0.379639 0.647949 -0.054443
v 0.392334 0.654297 -0.034912
v 0.386475 0.679199 -0.038818
v 0.379150 0.694336 -0.041260
v 0.262939 0.772949 -0.015869
v 0.274170 0.803711 -0.018799
v 0.262451 0.797363 -0.056885
v 0.269775 0.805664 -0.037842
v 0.279541 0.787109 -0.055420
v 0.272217 0.801270 -0.055908
v 0.289795 0.803711 -0.014404
v 0.282471 0.808594 -0.021729
v 0.283447 0.805176 -0.026611
v 0.289795 0.803711 -0.018311
v 0.291260 0.797852 -0.022705
v 0.293213 0.811523 -0.018799
v 0.302002 0.804199 -0.011475
v 0.311768 0.804688 -0.014893
v 0.304443 0.790039 -0.020752
v 0.308838 0.792480 -0.029541
v 0.301025 0.804199 -0.015869
v 0.304932 0.796875 -0.023193
v 0.308838 0.756836 -0.052490
v 0.287842 0.807617 -0.036377
v 0.290771 0.804199 -0.031982
v 0.290283 0.798828 -0.046143
v 0.282471 0.795898 -0.054932
v 0.291260 0.796387 -0.053955
v 0.284912 0.801270 -0.054443
v 0.291748 0.798828 -0.061279
v 0.300537 0.795898 -0.036865
v 0.304443 0.790039 -0.052490
v 0.263916 0.840820 -0.014893
v 0.266846 0.825195 -0.009522
v 0.268311 0.812500 -0.022705
v 0.260498 0.852539 -0.029053
v 0.281006 0.865234 -0.015381
v 0.256592 0.861328 -0.045166
v 0.291260 0.817871 -0.001709
v 0.294189 0.827148 -0.012939
v 0.288330 0.829590 -0.005615
v 0.291748 0.828125 -0.009522
v 0.287842 0.819824 -0.017334
v 0.285889 0.812500 -0.023682
v 0.296143 0.842773 -0.015869
v 0.302002 0.817383 -0.007568
v 0.299561 0.818848 -0.013916
v 0.303955 0.812500 -0.014404
v 0.307373 0.821777 -0.001709
v 0.312256 0.812988 -0.013428
v 0.303955 0.834961 -0.003662
v 0.300049 0.835449 -0.015381
v 0.303955 0.830078 -0.013916
v 0.309814 0.829102 -0.007568
v 0.305420 0.838379 -0.009522
v 0.293701 0.844238 -0.009522
v 0.284424 0.863281 -0.005615
v 0.290283 0.859863 -0.015381
v 0.284424 0.849121 -0.025147
v 0.310303 0.863281 -0.007080
v 0.310791 0.859375 -0.008545
v 0.303955 0.858398 -0.020752
v 0.299072 0.873047 -0.032959
v 0.309814 0.874023 -0.044678
v 0.311279 0.874023 -0.056397
v 0.253174 0.789062 -0.075439
v 0.273682 0.805176 -0.072998
v 0.276611 0.812012 -0.086670
v 0.270264 0.767578 -0.094971
v 0.258057 0.800781 -0.097900
v 0.295654 0.804199 -0.074463
v 0.291748 0.807617 -0.071045
v 0.282471 0.803711 -0.090576
v 0.289795 0.805176 -0.081299
v 0.289307 0.808594 -0.086182
v 0.303955 0.795898 -0.068115
v 0.311279 0.790039 -0.082764
v 0.298096 0.798340 -0.083740
v 0.297607 0.803711 -0.088135
v 0.298584 0.803711 -0.091553
v 0.300537 0.811523 -0.086670
v 0.311279 0.796875 -0.080322
v 0.309326 0.804199 -0.088135
v 0.310791 0.804199 -0.092041
v 0.259033 0.861328 -0.067627
v 0.266846 0.851562 -0.082764
v 0.255615 0.817383 -0.111084
v 0.278076 0.825195 -0.099365
v 0.273682 0.839355 -0.095459
v 0.292725 0.812500 -0.083252
v 0.296143 0.819824 -0.088623
v 0.303467 0.827148 -0.091553
v 0.312256 0.812500 -0.088623
v 0.304443 0.842773 -0.087647
v 0.308350 0.835449 -0.087647
v 0.312256 0.830566 -0.088623
v 0.290771 0.849121 -0.080811
v 0.289795 0.865234 -0.091064
v 0.302979 0.873047 -0.070068
v 0.310791 0.858398 -0.081299
v 0.299072 0.859863 -0.089111
v 0.293213 0.833984 -0.107178
v 0.287842 0.838867 -0.113037
v 0.287842 0.835938 -0.116455
v 0.293701 0.829102 -0.112061
v 0.290771 0.840820 -0.115479
v 0.290771 0.838379 -0.118408
v 0.302979 0.817871 -0.103272
v 0.300537 0.822754 -0.105713
v 0.311768 0.817383 -0.095459
v 0.299072 0.830078 -0.099854
v 0.302002 0.828125 -0.095459
v 0.308350 0.833984 -0.103760
v 0.308350 0.827148 -0.113037
v 0.308838 0.826660 -0.110107
v 0.299072 0.832520 -0.116455
v 0.298584 0.837402 -0.110596
v 0.295654 0.863281 -0.099854
v 0.281982 0.845215 -0.119385
v 0.292725 0.855957 -0.120850
v 0.289795 0.868652 -0.112549
v 0.303955 0.844238 -0.094482
v 0.300049 0.848145 -0.106689
v 0.302002 0.872559 -0.117920
v 0.343018 0.751953 -0.026611
v 0.337158 0.764160 -0.028076
v 0.332275 0.774414 -0.027588
v 0.341064 0.766113 -0.030518
v 0.336670 0.776367 -0.030518
v 0.312744 0.805176 -0.011475
v 0.313232 0.790039 -0.023682
v 0.321533 0.783691 -0.030029
v 0.326416 0.786133 -0.026123
v 0.320068 0.805664 -0.019775
v 0.321045 0.806152 -0.016846
v 0.322021 0.811523 -0.018311
v 0.320557 0.797363 -0.023682
v 0.326904 0.804688 -0.024170
v 0.331787 0.788574 -0.029541
v 0.329346 0.797363 -0.028076
v 0.330811 0.800293 -0.027588
v 0.336182 0.804688 -0.015869
v 0.339111 0.812012 -0.018311
v 0.336182 0.800293 -0.027588
v 0.317139 0.780762 -0.051025
v 0.325928 0.770508 -0.050049
v 0.333740 0.762207 -0.036377
v 0.339600 0.750000 -0.035400
v 0.328369 0.772461 -0.036377
v 0.339600 0.777832 -0.041748
v 0.341553 0.779297 -0.041260
v 0.331787 0.760254 -0.049561
v 0.342529 0.750000 -0.061768
v 0.336670 0.762207 -0.061768
v 0.336182 0.775391 -0.049072
v 0.338135 0.776855 -0.049561
v 0.341553 0.777832 -0.056885
v 0.343506 0.779297 -0.056885
v 0.317627 0.781738 -0.038330
v 0.319580 0.802734 -0.043701
v 0.324951 0.797852 -0.042725
v 0.326904 0.799805 -0.042725
v 0.321045 0.804688 -0.043701
v 0.323975 0.795898 -0.051025
v 0.318604 0.800293 -0.051514
v 0.323486 0.807129 -0.051025
v 0.325928 0.804688 -0.050049
v 0.321045 0.802734 -0.059326
v 0.326904 0.797852 -0.058838
v 0.322998 0.804688 -0.059326
v 0.332764 0.788086 -0.042236
v 0.335205 0.790039 -0.041748
v 0.329834 0.787109 -0.049561
v 0.331787 0.786621 -0.050049
v 0.334717 0.788086 -0.057861
v 0.338135 0.791504 -0.049561
v 0.337158 0.790039 -0.057861
v 0.329834 0.801758 -0.050537
v 0.328857 0.799805 -0.058838
v 0.346924 0.754883 -0.030029
v 0.367920 0.770020 -0.031006
v 0.367432 0.775391 -0.030029
v 0.370361 0.774414 -0.029053
v 0.367920 0.780762 -0.029053
v 0.372314 0.780762 -0.027100
v 0.358643 0.795410 -0.021729
v 0.354736 0.789062 -0.025635
v 0.348389 0.802734 -0.019287
v 0.351318 0.809082 -0.020752
v 0.344971 0.796875 -0.026611
v 0.365479 0.782227 -0.024170
v 0.369873 0.790039 -0.020752
v 0.363037 0.802246 -0.024170
v 0.366943 0.806641 -0.029541
v 0.349854 0.751953 -0.032959
v 0.352295 0.750488 -0.036377
v 0.358154 0.751953 -0.031982
v 0.358154 0.752930 -0.034424
v 0.356201 0.754395 -0.032471
v 0.353760 0.755859 -0.042236
v 0.355713 0.756836 -0.041748
v 0.346436 0.766602 -0.041260
v 0.348389 0.768066 -0.040772
v 0.347900 0.753906 -0.047607
v 0.353271 0.754883 -0.047607
v 0.355225 0.755859 -0.052979
v 0.357178 0.756836 -0.052979
v 0.358154 0.757812 -0.047119
v 0.354736 0.750488 -0.057861
v 0.352783 0.751953 -0.061279
v 0.345459 0.765625 -0.048584
v 0.344971 0.780762 -0.048584
v 0.347900 0.766602 -0.055420
v 0.350342 0.768066 -0.055420
v 0.351807 0.769531 -0.048096
v 0.363037 0.757324 -0.032471
v 0.367920 0.750000 -0.038818
v 0.368896 0.758301 -0.035889
v 0.364014 0.765625 -0.033447
v 0.365967 0.770996 -0.031494
v 0.367920 0.770508 -0.032959
v 0.372314 0.767090 -0.033447
v 0.374268 0.766113 -0.032471
v 0.374756 0.766113 -0.034912
v 0.373291 0.767090 -0.035400
v 0.370361 0.774902 -0.032471
v 0.374268 0.773926 -0.031982
v 0.372314 0.780762 -0.032471
v 0.360596 0.752930 -0.058350
v 0.361084 0.751953 -0.060791
v 0.359619 0.754395 -0.060791
v 0.365967 0.757324 -0.058838
v 0.369385 0.750000 -0.052002
v 0.370850 0.758301 -0.054932
v 0.366455 0.765625 -0.057861
v 0.370361 0.770508 -0.057861
v 0.368896 0.770996 -0.058838
v 0.369873 0.770508 -0.060303
v 0.374756 0.767090 -0.056397
v 0.371338 0.770020 -0.059326
v 0.370361 0.775879 -0.059326
v 0.370850 0.780762 -0.059814
v 0.372803 0.774902 -0.057861
v 0.374756 0.780762 -0.057373
v 0.371826 0.774902 -0.062256
v 0.374756 0.774414 -0.060303
v 0.347412 0.796387 -0.047607
v 0.363037 0.787109 -0.046143
v 0.371826 0.811523 -0.035400
v 0.373779 0.811523 -0.053955
v 0.370361 0.806641 -0.061279
v 0.317139 0.818359 -0.004639
v 0.318115 0.818359 -0.008057
v 0.326416 0.815430 -0.010498
v 0.327393 0.814941 -0.013428
v 0.320557 0.825684 -0.013428
v 0.315674 0.833496 -0.014404
v 0.321533 0.839355 -0.004150
v 0.322021 0.838867 -0.008057
v 0.323975 0.827637 -0.018799
v 0.329834 0.834961 -0.011475
v 0.338135 0.830078 -0.012939
v 0.339111 0.829590 -0.015381
v 0.329346 0.820312 -0.017334
v 0.332275 0.820801 -0.022705
v 0.332764 0.825684 -0.022217
v 0.339600 0.814941 -0.022705
v 0.343018 0.821777 -0.023193
v 0.337646 0.843262 -0.022705
v 0.338623 0.840332 -0.023682
v 0.320068 0.856445 -0.013916
v 0.320557 0.852539 -0.015381
v 0.318115 0.853027 -0.026611
v 0.328857 0.849609 -0.019287
v 0.329346 0.845703 -0.020752
v 0.332275 0.851562 -0.030029
v 0.343018 0.844238 -0.030518
v 0.321045 0.858398 -0.031494
v 0.327881 0.853516 -0.035400
v 0.319092 0.872559 -0.035889
v 0.316162 0.866699 -0.039795
v 0.321533 0.869141 -0.039307
v 0.318115 0.866699 -0.059814
v 0.323486 0.869141 -0.059326
v 0.330322 0.854980 -0.031982
v 0.341553 0.847168 -0.031982
v 0.340088 0.845703 -0.034424
v 0.341553 0.852051 -0.039307
v 0.332275 0.864746 -0.037842
v 0.330322 0.863770 -0.039795
v 0.330811 0.853516 -0.062256
v 0.342529 0.845703 -0.060791
v 0.343506 0.852051 -0.055908
v 0.331787 0.863770 -0.057861
v 0.334229 0.864746 -0.059326
v 0.341553 0.861328 -0.048096
v 0.346436 0.826172 -0.018311
v 0.349854 0.815430 -0.027588
v 0.353271 0.822266 -0.020752
v 0.359131 0.813477 -0.027588
v 0.357178 0.827637 -0.027588
v 0.348877 0.833984 -0.025635
v 0.359619 0.818359 -0.025147
v 0.352295 0.840820 -0.036865
v 0.354736 0.841309 -0.035400
v 0.354248 0.840820 -0.056397
v 0.357178 0.841309 -0.057373
v 0.365967 0.817383 -0.034424
v 0.365967 0.821289 -0.032959
v 0.369873 0.819824 -0.045166
v 0.370361 0.823242 -0.045166
v 0.367920 0.825684 -0.045166
v 0.360596 0.832031 -0.036865
v 0.361084 0.835449 -0.046143
v 0.364502 0.837402 -0.045654
v 0.368408 0.817383 -0.056397
v 0.368896 0.821289 -0.057861
v 0.362549 0.832031 -0.054932
v 0.343994 0.853027 -0.037354
v 0.354248 0.851074 -0.046631
v 0.345947 0.853027 -0.057373
v 0.351807 0.849121 -0.047119
v 0.343994 0.864746 -0.047607
v 0.341553 0.764160 -0.069092
v 0.331299 0.772461 -0.062744
v 0.340576 0.776367 -0.066650
v 0.337158 0.774414 -0.070557
v 0.313721 0.792480 -0.073486
v 0.319580 0.790039 -0.077881
v 0.320557 0.781738 -0.063232
v 0.325928 0.783691 -0.070557
v 0.326416 0.797363 -0.076416
v 0.319580 0.804688 -0.086670
v 0.326904 0.805664 -0.080322
v 0.321533 0.805176 -0.090088
v 0.331299 0.786133 -0.072998
v 0.336182 0.789062 -0.068604
v 0.334229 0.797363 -0.070557
v 0.335693 0.800781 -0.070557
v 0.332764 0.804688 -0.074463
v 0.341064 0.800293 -0.069580
v 0.329346 0.811523 -0.081299
v 0.328857 0.806152 -0.082764
v 0.343506 0.804688 -0.080811
v 0.350830 0.754883 -0.065186
v 0.347900 0.751953 -0.069580
v 0.344971 0.766113 -0.065674
v 0.349854 0.796875 -0.068604
v 0.354736 0.802734 -0.074951
v 0.357178 0.809082 -0.072998
v 0.359619 0.789062 -0.067627
v 0.364014 0.795410 -0.070557
v 0.370361 0.782227 -0.067139
v 0.373779 0.781250 -0.063721
v 0.367920 0.802246 -0.067139
v 0.320557 0.812988 -0.087647
v 0.327881 0.818359 -0.091553
v 0.319580 0.829590 -0.093506
v 0.314697 0.838379 -0.092529
v 0.323975 0.833496 -0.085693
v 0.338135 0.820801 -0.074951
v 0.338623 0.825684 -0.074951
v 0.343506 0.843262 -0.072998
v 0.335205 0.815430 -0.084717
v 0.330811 0.827637 -0.079834
v 0.335205 0.815430 -0.087647
v 0.328857 0.825684 -0.086182
v 0.336670 0.820312 -0.080322
v 0.331787 0.838867 -0.090576
v 0.338623 0.834961 -0.085693
v 0.324951 0.858398 -0.067139
v 0.323486 0.853027 -0.072510
v 0.322021 0.872559 -0.063232
v 0.320068 0.863281 -0.093506
v 0.320557 0.859375 -0.092041
v 0.334229 0.854980 -0.065186
v 0.335693 0.845703 -0.076416
v 0.335205 0.850098 -0.077881
v 0.336182 0.851562 -0.066650
v 0.328369 0.852539 -0.083252
v 0.328369 0.856445 -0.084717
v 0.318604 0.822266 -0.099854
v 0.318604 0.822266 -0.104736
v 0.327393 0.818359 -0.095459
v 0.315186 0.834961 -0.098389
v 0.331787 0.839355 -0.094482
v 0.323486 0.844727 -0.100342
v 0.323486 0.845215 -0.104736
v 0.313232 0.864258 -0.102783
v 0.312744 0.868652 -0.104248
v 0.315674 0.851074 -0.111084
v 0.315186 0.851562 -0.115967
v 0.345459 0.814941 -0.072998
v 0.345947 0.812500 -0.077881
v 0.348389 0.821777 -0.072022
v 0.354248 0.815430 -0.066162
v 0.352783 0.826172 -0.075928
v 0.359131 0.822266 -0.072510
v 0.343994 0.840820 -0.072022
v 0.353760 0.833984 -0.068115
v 0.346436 0.829590 -0.080322
v 0.346436 0.830078 -0.082764
v 0.363037 0.813477 -0.064209
v 0.364502 0.818359 -0.066650
v 0.361084 0.827637 -0.064697
v 0.344971 0.847168 -0.062744
v 0.346436 0.844238 -0.064209
v 0.261475 0.885254 -0.025635
v 0.279541 0.896973 -0.053467
v 0.257080 0.911621 -0.055420
v 0.281006 0.924316 -0.049561
v 0.280029 0.923340 -0.053467
v 0.279053 0.931152 -0.053467
v 0.279053 0.932129 -0.053467
v 0.279541 0.931152 -0.052002
v 0.279541 0.931152 -0.054443
v 0.280029 0.931641 -0.053467
v 0.293213 0.902344 -0.041748
v 0.290283 0.899414 -0.052490
v 0.295654 0.902344 -0.061768
v 0.310791 0.882324 -0.036377
v 0.300537 0.893555 -0.039307
v 0.303955 0.878906 -0.051025
v 0.297119 0.889160 -0.052002
v 0.305420 0.878906 -0.051025
v 0.299561 0.905762 -0.051514
v 0.307861 0.898438 -0.051025
v 0.285889 0.914062 -0.046143
v 0.283936 0.912109 -0.052979
v 0.287354 0.914062 -0.059326
v 0.289795 0.916016 -0.052490
v 0.283447 0.925293 -0.052979
v 0.281982 0.924316 -0.056885
v 0.268311 0.885254 -0.084229
v 0.303467 0.893555 -0.063232
v 0.281982 0.875488 -0.124268
v 0.313232 0.879395 -0.039307
v 0.316650 0.889648 -0.050049
v 0.316650 0.890137 -0.050049
v 0.315674 0.879395 -0.060791
v 0.318604 0.893066 -0.050049
v 0.328369 0.875977 -0.049072
v 0.330811 0.878906 -0.048584
v 0.313721 0.882324 -0.064209
v 0.264893 0.760742 -0.163818
v 0.264404 0.777832 -0.170166
v 0.258057 0.758301 -0.178955
v 0.259521 0.774414 -0.183350
v 0.276611 0.756348 -0.163818
v 0.273193 0.779785 -0.159912
v 0.265381 0.798340 -0.169189
v 0.280029 0.803711 -0.156494
v 0.286865 0.751465 -0.167725
v 0.289795 0.776367 -0.161865
v 0.304443 0.771484 -0.168701
v 0.312256 0.765625 -0.182373
v 0.298096 0.802734 -0.161865
v 0.280518 0.830078 -0.155518
v 0.260498 0.819336 -0.170166
v 0.254150 0.867676 -0.164795
v 0.262451 0.874512 -0.177002
v 0.271729 0.852051 -0.158447
v 0.282471 0.866211 -0.132080
v 0.291260 0.870605 -0.136963
v 0.304443 0.860352 -0.127197
v 0.296631 0.832031 -0.164795
v 0.283936 0.857422 -0.170654
v 0.264404 0.751953 -0.193604
v 0.263916 0.770020 -0.197510
v 0.272705 0.766602 -0.206787
v 0.257568 0.791504 -0.188232
v 0.250244 0.809082 -0.193115
v 0.264404 0.787598 -0.207764
v 0.259521 0.806641 -0.218506
v 0.279541 0.785645 -0.222900
v 0.279541 0.809570 -0.238037
v 0.287353 0.764648 -0.204834
v 0.303467 0.763672 -0.196533
v 0.295166 0.787109 -0.218994
v 0.270264 0.829102 -0.246338
v 0.253174 0.845215 -0.248291
v 0.260498 0.856445 -0.241455
v 0.271240 0.872070 -0.231201
v 0.297607 0.862305 -0.187744
v 0.305420 0.861816 -0.208740
v 0.293213 0.814941 -0.232178
v 0.281494 0.838379 -0.239014
v 0.311279 0.822754 -0.219971
v 0.296143 0.851074 -0.227783
v 0.315674 0.800293 -0.173096
v 0.313232 0.833008 -0.179932
v 0.324951 0.795410 -0.190674
v 0.314209 0.790527 -0.208740
v 0.322510 0.830566 -0.200439
v 0.258545 0.896973 -0.146729
v 0.272217 0.877930 -0.140381
v 0.272217 0.884277 -0.134521
v 0.277588 0.886719 -0.138428
v 0.277588 0.881836 -0.143311
v 0.289795 0.878906 -0.129639
v 0.271729 0.882324 -0.193604
v 0.277588 0.883789 -0.214111
v 0.377686 0.772461 -0.031006
v 0.375732 0.777832 -0.026611
v 0.375732 0.780273 -0.031006
v 0.379639 0.779297 -0.029541
v 0.380615 0.786133 -0.024170
v 0.385986 0.796387 -0.027588
v 0.378174 0.798828 -0.028564
v 0.381104 0.803223 -0.026123
v 0.381104 0.807617 -0.028564
v 0.385986 0.802734 -0.025635
v 0.389404 0.803223 -0.030518
v 0.387939 0.807129 -0.028076
v 0.378662 0.772461 -0.034424
v 0.375244 0.773926 -0.035400
v 0.375732 0.774414 -0.036865
v 0.377197 0.780273 -0.035889
v 0.381592 0.779297 -0.034424
v 0.377686 0.775879 -0.044678
v 0.383545 0.775879 -0.033936
v 0.385498 0.777344 -0.043701
v 0.375244 0.767090 -0.053955
v 0.377197 0.766113 -0.054443
v 0.381104 0.772461 -0.053955
v 0.377686 0.774414 -0.052002
v 0.377686 0.773926 -0.053467
v 0.379150 0.780273 -0.052979
v 0.377197 0.766113 -0.056885
v 0.380615 0.772461 -0.057861
v 0.377197 0.773926 -0.057373
v 0.378662 0.780273 -0.057861
v 0.379639 0.777832 -0.062256
v 0.385986 0.775879 -0.053467
v 0.383545 0.779297 -0.053467
v 0.383057 0.779297 -0.058350
v 0.375244 0.781250 -0.044678
v 0.388916 0.783203 -0.032471
v 0.389893 0.792969 -0.032959
v 0.375732 0.803711 -0.031494
v 0.380127 0.808105 -0.035889
v 0.385010 0.798828 -0.035889
v 0.385010 0.808105 -0.043701
v 0.377686 0.781250 -0.061279
v 0.382080 0.808105 -0.052490
v 0.378662 0.803711 -0.057373
v 0.381592 0.798828 -0.059814
v 0.386475 0.798828 -0.051514
v 0.385010 0.803223 -0.061768
v 0.389893 0.796875 -0.058838
v 0.389893 0.802734 -0.061279
v 0.384521 0.807617 -0.059326
v 0.390869 0.783203 -0.043213
v 0.392822 0.789062 -0.042725
v 0.393311 0.793457 -0.039307
v 0.394287 0.793457 -0.046143
v 0.395752 0.792480 -0.042725
v 0.391357 0.808105 -0.035400
v 0.393311 0.798340 -0.042725
v 0.396729 0.798340 -0.042236
v 0.392334 0.806152 -0.042725
v 0.391357 0.783203 -0.053955
v 0.392334 0.792969 -0.052979
v 0.392822 0.808105 -0.050537
v 0.392334 0.803223 -0.055420
v 0.391357 0.807129 -0.058350
v 0.375244 0.813965 -0.044678
v 0.375244 0.790039 -0.069092
v 0.385010 0.786133 -0.063721
s 1
f 1 7 30
f 8 7 1
f 9 8 1
f 32 9 1
f 1 30 31
f 1 31 34
f 33 32 1
f 34 33 1
f 12 10 7
f 7 10 30
f 31 30 10
f 66 31 10
f 4 5 19
f 19 20 25
f 26 25 20
f 23 19 5
f 21 20 19
f 19 23 29
f 29 24 19
f 35 29 23
f 10 12 13
f 10 13 41
f 10 41 65
f 10 65 66
f 181 45 44
f 45 181 183
f 17 37 67
f 29 35 38
f 72 38 35
f 68 67 37
f 20 21 22
f 24 29 38
f 38 72 1187
f 48 63 80
f 69 70 74
f 80 74 70
f 104 180 182
f 182 118 104
f 63 61 59
f 61 63 188
f 63 77 79
f 63 79 205
f 49 50 52
f 56 50 49
f 49 51 58
f 52 51 49
f 57 56 49
f 58 57 49
f 54 52 50
f 51 52 76
f 52 54 55
f 52 55 60
f 52 60 78
f 78 76 52
f 64 60 55
f 55 62 64
f 188 185 61
f 190 64 62
f 62 186 189
f 62 189 190
f 190 82 64
f 82 190 197
f 79 199 205
f 199 200 205
f 210 205 200
f 82 197 204
f 73 194 195
f 1195 195 194
f 1208 1193 195
f 195 1195 1201
f 195 1201 1205
f 195 1205 1208
f 1214 1194 1193
f 1193 1208 1209
f 1193 1209 1211
f 1193 1211 1218
f 1215 1214 1193
f 1218 1215 1193
f 196 198 1200
f 1200 1197 196
f 198 202 1200
f 353 347 83
f 83 347 349
f 349 348 83
f 83 348 351
f 83 351 352
f 83 352 353
f 89 96 111
f 94 97 98
f 145 111 96
f 120 118 111
f 123 120 111
f 148 123 111
f 111 145 146
f 111 146 148
f 90 91 92
f 90 92 93
f 150 98 97
f 153 150 100
f 150 149 98
f 149 150 151
f 153 151 150
f 151 153 155
f 109 103 102
f 102 106 109
f 103 109 110
f 118 106 104
f 110 109 106
f 112 110 106
f 118 112 106
f 116 108 107
f 118 117 112
f 117 118 120
f 108 116 119
f 121 119 116
f 119 164 191
f 124 152 164
f 134 164 168
f 152 155 164
f 155 158 164
f 169 168 164
f 316 169 164
f 164 170 171
f 170 164 158
f 164 171 176
f 164 176 316
f 191 164 134
f 191 132 130
f 155 152 151
f 127 126 125
f 128 127 125
f 130 128 125
f 192 187 129
f 359 192 136
f 133 134 168
f 136 167 359
f 167 311 312
f 167 312 359
f 362 359 312
f 139 138 137
f 137 138 157
f 140 139 137
f 157 140 137
f 172 171 144
f 237 172 144
f 248 237 144
f 171 175 176
f 248 238 237
f 174 165 162
f 316 315 169
f 318 312 311
f 311 313 318
f 175 314 315
f 322 314 175
f 325 322 175
f 173 249 250
f 241 244 271
f 309 314 322
f 309 322 323
f 364 412 420
f 1195 1198 1207
f 1202 1201 1195
f 1207 1202 1195
f 1224 1200 202
f 213 208 207
f 213 386 387
f 202 210 1226
f 200 201 210
f 206 201 200
f 201 206 1223
f 211 210 201
f 1223 211 201
f 206 207 208
f 206 208 209
f 206 209 1223
f 210 211 212
f 210 212 216
f 210 216 1226
f 212 211 209
f 209 211 1223
f 216 218 1226
f 218 389 1226
f 1284 1226 389
f 1212 1225 1226
f 1246 1242 1226
f 1292 1246 1226
f 1226 1284 1292
f 214 212 209
f 212 214 216
f 388 387 386
f 393 388 386
f 386 392 393
f 1303 1234 418
f 390 389 218
f 226 223 222
f 222 223 227
f 223 226 228
f 225 231 232
f 2788 2787 233
f 235 2787 2790
f 2787 2788 2789
f 2791 2790 2787
f 276 2790 2807
f 2810 2807 2790
f 292 271 244
f 268 271 520
f 521 520 271
f 258 259 261
f 261 260 258
f 265 264 262
f 307 273 272
f 307 303 273
f 307 304 303
f 268 466 472
f 520 488 471
f 487 481 470
f 459 284 282
f 500 501 503
f 532 503 501
f 307 306 277
f 277 304 307
f 278 276 275
f 2806 278 275
f 2808 2806 275
f 2806 2804 278
f 2804 2806 2812
f 2806 2808 2809
f 2806 2809 2812
f 279 286 289
f 504 459 282
f 2818 290 288
f 288 2805 2818
f 2818 509 290
f 2805 2816 2818
f 509 2818 3026
f 2819 2818 2816
f 2818 2819 3024
f 2818 3024 3026
f 299 298 295
f 295 298 300
f 309 323 328
f 313 317 318
f 323 324 328
f 361 363 366
f 405 366 363
f 491 495 496
f 497 496 495
f 497 437 334
f 530 438 437
f 436 437 438
f 437 497 525
f 437 524 530
f 525 524 437
f 498 497 495
f 497 498 525
f 436 438 440
f 450 449 439
f 538 450 439
f 529 527 439
f 439 527 538
f 336 341 342
f 336 342 443
f 339 338 337
f 337 338 448
f 344 343 342
f 538 344 342
f 342 343 443
f 342 444 450
f 342 450 538
f 448 339 337
f 538 346 344
f 444 446 449
f 447 446 444
f 444 449 450
f 346 538 540
f 527 537 538
f 539 538 537
f 538 539 540
f 345 346 540
f 345 536 842
f 644 645 689
f 644 689 690
f 645 646 689
f 846 646 645
f 848 847 842
f 365 382 385
f 365 360 355
f 402 391 383
f 391 402 423
f 401 397 394
f 394 398 401
f 371 372 430
f 430 373 371
f 398 399 401
f 430 379 373
f 378 379 430
f 378 377 376
f 379 378 376
f 399 379 376
f 380 395 410
f 400 395 380
f 380 410 413
f 435 434 415
f 388 393 1286
f 1288 1286 393
f 1288 1287 1286
f 1287 1288 1294
f 451 427 422
f 435 436 452
f 436 440 452
f 1349 1310 1303
f 1303 1325 1349
f 432 674 678
f 432 678 682
f 432 682 1330
f 2220 1330 682
f 453 452 440
f 533 527 526
f 526 527 529
f 527 533 537
f 690 689 655
f 1331 1332 1333
f 1374 1333 1332
f 1332 1334 1335
f 1332 1335 1374
f 477 460 458
f 490 477 458
f 462 464 465
f 488 474 471
f 483 484 485
f 483 485 487
f 485 486 487
f 491 492 495
f 500 492 491
f 486 485 484
f 532 531 503
f 526 532 533
f 526 531 532
f 519 516 515
f 515 517 518
f 515 518 519
f 547 537 533
f 553 550 547
f 556 553 552
f 557 556 552
f 545 541 534
f 546 545 534
f 548 549 848
f 3361 863 555
f 859 858 850
f 863 861 859
f 863 862 861
f 862 863 864
f 863 3361 3362
f 3365 3361 3099
f 3365 3362 3361
f 1435 1440 1483
f 1481 1480 1435
f 1482 1481 1435
f 1483 1482 1435
f 560 561 566
f 560 566 567
f 561 562 566
f 568 566 562
f 568 567 566
f 578 577 563
f 577 578 579
f 581 579 578
f 658 656 565
f 565 656 662
f 565 657 658
f 659 657 565
f 662 659 565
f 580 586 596
f 596 592 580
f 574 598 1538
f 1488 1473 574
f 1538 1488 574
f 584 587 1480
f 598 601 1538
f 1411 1473 1485
f 1486 1485 1473
f 596 593 592
f 589 597 605
f 749 603 594
f 1572 1561 1482
f 604 599 589
f 605 604 589
f 604 605 752
f 738 739 749
f 750 749 739
f 1560 1537 602
f 608 1010 2018
f 1537 1530 1490
f 1530 1537 1560
f 1530 1560 2008
f 1010 1015 1016
f 1010 1016 2018
f 2455 2018 1016
f 2459 2021 2018
f 2018 2455 2459
f 2035 611 609
f 609 2024 2027
f 609 2027 2035
f 613 611 610
f 2028 2027 2025
f 2027 2028 2029
f 2030 2032 2033
f 2035 2036 2037
f 633 626 625
f 625 630 633
f 633 629 626
f 616 617 2031
f 616 2031 2045
f 623 619 618
f 1869 2030 2031
f 2033 2031 2030
f 2031 2033 2034
f 2031 2034 2041
f 2031 2041 2045
f 2044 2043 2042
f 2046 2045 2041
f 1867 1868 1869
f 2048 2046 2041
f 2046 2048 2055
f 633 630 629
f 636 638 1090
f 1090 639 636
f 638 640 1090
f 1090 640 639
f 642 643 839
f 650 646 643
f 844 839 643
f 839 843 845
f 844 843 839
f 839 845 851
f 840 841 856
f 691 689 646
f 655 689 694
f 689 691 694
f 693 692 649
f 692 693 696
f 696 694 692
f 871 875 902
f 901 899 871
f 903 901 871
f 871 902 903
f 675 677 680
f 694 685 677
f 685 694 695
f 696 695 694
f 706 707 716
f 663 699 700
f 663 700 702
f 663 702 712
f 712 711 663
f 703 700 699
f 699 701 703
f 714 704 700
f 687 686 671
f 818 687 671
f 676 686 688
f 686 687 688
f 775 772 768
f 748 818 825
f 672 676 2229
f 676 688 2229
f 684 680 677
f 679 680 684
f 683 2217 2221
f 698 724 725
f 726 724 698
f 698 725 726
f 714 705 704
f 705 714 745
f 745 741 705
f 739 741 750
f 741 745 750
f 757 750 745
f 783 731 730
f 731 783 784
f 787 784 783
f 731 734 1027
f 814 781 731
f 731 784 785
f 1045 814 731
f 734 1004 1005
f 1020 1004 734
f 734 1008 1027
f 1045 815 814
f 1027 1028 1042
f 1027 1042 1044
f 750 757 759
f 1006 1005 1004
f 1004 1020 1024
f 1002 1005 1006
f 1007 1005 1002
f 763 797 820
f 2245 766 743
f 759 756 750
f 766 2245 2247
f 779 816 825
f 826 825 816
f 822 825 829
f 825 826 834
f 834 829 825
f 822 823 1054
f 1056 1054 823
f 1054 1056 2514
f 1015 1012 764
f 1014 1013 764
f 764 1013 1015
f 1051 1014 764
f 1013 1014 1017
f 1016 1015 1013
f 1017 1016 1013
f 1014 1051 1052
f 901 900 899
f 899 900 904
f 816 904 906
f 905 904 900
f 904 905 906
f 916 826 816
f 816 906 907
f 816 907 917
f 917 916 816
f 806 804 782
f 788 805 807
f 788 807 809
f 786 790 1022
f 1022 790 789
f 1022 1021 786
f 1021 1022 1023
f 789 809 1022
f 809 810 1022
f 810 812 1022
f 1038 1022 812
f 1025 1023 1022
f 1038 1025 1022
f 808 807 805
f 807 808 809
f 824 817 800
f 812 813 1040
f 813 912 1040
f 912 914 1092
f 821 827 830
f 830 828 821
f 823 832 1056
f 1065 1063 831
f 832 833 1056
f 838 940 1065
f 1096 1065 940
f 1064 1065 1096
f 932 915 910
f 932 918 915
f 866 856 841
f 856 866 867
f 853 857 865
f 868 867 866
f 857 860 865
f 867 868 869
f 860 862 868
f 862 864 868
f 3372 868 864
f 3372 869 868
f 864 3363 3372
f 869 3372 3374
f 3372 3373 3375
f 3375 3374 3372
f 890 888 869
f 3374 890 869
f 880 877 873
f 880 878 877
f 878 880 881
f 885 881 880
f 888 885 880
f 887 888 890
f 890 889 887
f 889 890 891
f 3399 891 890
f 890 3374 3399
f 3374 3375 3397
f 3374 3397 3399
f 877 874 873
f 873 874 875
f 879 876 874
f 876 883 924
f 922 921 876
f 883 886 943
f 946 924 883
f 883 943 955
f 955 951 883
f 908 921 922
f 946 925 924
f 886 889 892
f 886 892 943
f 925 946 949
f 946 947 949
f 948 951 953
f 894 3399 3403
f 3397 3398 3399
f 3404 3403 3399
f 894 895 945
f 3403 895 894
f 984 945 895
f 984 980 945
f 3403 897 896
f 3403 3404 3405
f 3418 3417 3403
f 984 983 980
f 987 986 985
f 3419 993 898
f 898 3415 3419
f 992 969 965
f 965 991 992
f 3415 3416 3419
f 3444 3419 3416
f 905 908 909
f 910 930 932
f 930 931 932
f 928 914 913
f 1094 928 913
f 913 1047 1094
f 914 1091 1092
f 1092 1048 1047
f 1092 1050 1048
f 1093 1092 1091
f 1118 1103 941
f 1096 1095 1048
f 1048 1064 1096
f 1103 1102 1096
f 923 926 927
f 947 948 949
f 950 952 954
f 937 960 971
f 937 971 973
f 971 963 961
f 972 971 961
f 971 972 973
f 974 973 972
f 977 978 979
f 942 999 1124
f 970 995 999
f 1000 999 995
f 999 1123 1142
f 1124 1168 1171
f 2695 2531 1089
f 2695 1128 1116
f 958 959 990
f 964 963 962
f 967 964 962
f 959 981 985
f 959 985 988
f 959 988 989
f 959 989 990
f 981 982 985
f 961 963 964
f 961 968 975
f 975 972 961
f 969 968 965
f 968 969 1136
f 1136 975 968
f 975 974 972
f 974 975 976
f 1138 976 975
f 975 1136 1138
f 1152 1136 969
f 1154 1141 1136
f 3733 1153 1152
f 997 996 994
f 994 1144 1146
f 994 1146 3447
f 1138 1137 976
f 1146 1147 1148
f 1146 1148 1159
f 1154 1147 1146
f 1146 1159 1160
f 1146 1160 3447
f 1160 1167 3447
f 3769 3447 1167
f 3763 3744 3447
f 3447 3744 3752
f 3769 3763 3447
f 1006 1003 1002
f 1002 1003 1007
f 1003 1006 1007
f 2457 2455 1016
f 1060 1018 1017
f 1018 1060 1079
f 2464 2470 2474
f 1072 1071 1070
f 1070 1071 1074
f 1071 1072 1074
f 1048 1050 1064
f 2579 2578 2525
f 1105 1106 1115
f 1106 1107 1127
f 1127 1115 1106
f 1125 1130 1133
f 1125 1133 1134
f 1125 1134 2725
f 2697 1133 1129
f 1129 1133 1183
f 2541 2703 2713
f 2724 2717 2716
f 2716 2718 2724
f 1147 1154 1156
f 1145 1149 1150
f 1145 1150 1151
f 1151 1150 1149
f 1160 1159 1147
f 1147 1156 1160
f 1160 1161 1167
f 1156 1157 1158
f 3736 1155 1153
f 1153 3733 3736
f 3733 3734 3735
f 3733 3735 3736
f 1155 3736 3741
f 3737 3736 3735
f 3736 3737 3741
f 1157 3741 3762
f 3762 3741 3739
f 1167 1158 1157
f 1167 1166 1158
f 1161 1166 1167
f 1165 1163 1162
f 1162 1163 1164
f 1165 1164 1163
f 2722 2721 2717
f 2727 2722 2717
f 2740 2729 2728
f 1451 1450 1188
f 1188 1450 1453
f 1452 1451 1188
f 1456 1452 1188
f 1188 1453 1455
f 1188 1455 1456
f 1213 1214 1217
f 1217 1216 1213
f 1214 1215 1217
f 1218 1217 1215
f 1217 1218 1219
f 1198 1199 1207
f 1199 1202 1207
f 1219 1220 1222
f 1230 1222 1220
f 1231 1230 1220
f 1216 1217 1222
f 1217 1219 1222
f 1222 1230 1252
f 1250 1251 1255
f 1251 1253 1255
f 1246 1245 1242
f 1243 1246 1291
f 1292 1291 1246
f 1289 1291 1292
f 1248 1249 1265
f 1273 1271 1265
f 1256 1236 1235
f 1260 1256 1235
f 1236 1256 1259
f 1260 1259 1256
f 1308 1266 1244
f 1289 1290 1291
f 1297 1291 1290
f 1291 1297 1301
f 1301 1300 1291
f 1302 1305 1306
f 1267 1312 1346
f 1279 1280 4016
f 1359 1354 1353
f 1359 1356 1354
f 4142 4006 1382
f 4142 4141 4006
f 4018 4017 4016
f 1290 1294 1297
f 1294 1290 1287
f 1297 1298 1299
f 1297 1299 1301
f 1318 1317 1316
f 1317 1318 1348
f 1318 1316 1315
f 1347 1318 1315
f 1318 1347 1348
f 1335 1339 1341
f 1371 1360 1352
f 1372 1371 1352
f 1343 1342 1340
f 2244 1343 1340
f 1340 2233 2244
f 1343 1383 1386
f 1384 1383 1343
f 2244 1384 1343
f 1384 2244 2281
f 1380 1379 1376
f 1392 1380 1376
f 1376 1386 1392
f 1387 1386 1383
f 1388 1387 1383
f 1385 1384 1344
f 1384 2281 2283
f 1386 1387 1391
f 1386 1391 1392
f 2425 1395 1389
f 2284 2424 2425
f 2426 2425 2424
f 2425 2426 2430
f 2425 2428 2429
f 2430 2428 2425
f 1378 1368 1362
f 1378 1379 1380
f 1366 1370 4100
f 4108 4100 1370
f 4099 4100 4107
f 4108 4107 4100
f 1392 1381 1380
f 1381 1392 1396
f 1393 1392 1391
f 1392 1393 1394
f 1392 1394 1396
f 1387 1388 1390
f 1387 1390 1391
f 1395 1390 1389
f 1476 1475 1411
f 1475 1476 1477
f 1475 1549 1550
f 1498 1495 1494
f 1495 1498 1501
f 1422 1418 1417
f 1417 1419 1422
f 1419 1420 1422
f 1420 1421 1422
f 1423 1422 1421
f 1430 1429 1428
f 1418 1422 1423
f 1482 1483 1484
f 1482 1484 1562
f 1482 1562 1572
f 1551 1484 1483
f 1553 1551 1483
f 1591 1462 1442
f 1461 1464 1465
f 1468 1467 1465
f 1568 1467 1466
f 1466 1467 1468
f 1467 1568 1586
f 1582 1583 1585
f 1444 1446 1589
f 1472 1465 1464
f 1599 1471 1464
f 1464 1471 1472
f 1472 1468 1465
f 1468 1472 1566
f 1572 1566 1472
f 2266 1572 1472
f 1600 1599 1595
f 1466 1468 1566
f 1564 1563 1552
f 1565 1566 1572
f 1570 1568 1564
f 1571 1569 1568
f 1568 1570 1571
f 1568 1569 1586
f 1469 1470 2230
f 1469 2230 2240
f 2253 1602 1601
f 2253 2231 1602
f 2273 2265 2263
f 2263 2265 2266
f 1562 1565 1572
f 2300 2248 1572
f 1572 2266 2269
f 1572 2269 2300
f 2269 2266 2265
f 1500 1478 1474
f 1497 1479 1478
f 1500 1497 1478
f 1479 1497 1530
f 1479 1530 1557
f 1487 1490 1497
f 1497 1493 1487
f 1494 1497 1498
f 1501 1498 1497
f 1530 1497 1490
f 1573 1557 1530
f 2008 1573 1530
f 1557 1573 1574
f 1553 1552 1551
f 1552 1553 1564
f 1487 1493 1496
f 1756 1502 1491
f 1491 1529 1767
f 1491 1700 1756
f 1767 1700 1491
f 1756 1505 1502
f 1769 1756 1700
f 1756 1522 1505
f 1756 1555 1522
f 1555 1756 1897
f 1756 1769 1798
f 1756 1798 1899
f 1899 1897 1756
f 1503 1504 1710
f 1710 1506 1503
f 1504 1507 1710
f 1710 1507 1506
f 1513 1514 1723
f 1723 1515 1513
f 1514 1516 1723
f 1723 1516 1515
f 1898 1556 1555
f 1555 1897 1898
f 1525 1526 1741
f 1525 1741 1742
f 1525 1742 1744
f 1712 1741 1743
f 1742 1741 1712
f 1743 1742 1712
f 1542 1539 1532
f 1544 1540 1539
f 1539 1542 1544
f 1544 1543 1540
f 1532 1541 1542
f 1544 1542 1541
f 1727 1726 1725
f 1728 1727 1725
f 1554 1559 1575
f 1577 1570 1567
f 1578 1571 1570
f 1570 1577 1578
f 1579 1578 1577
f 2372 2251 2248
f 2248 2300 2366
f 2248 2366 2372
f 2301 2300 2269
f 2300 2294 2293
f 2294 2300 2302
f 2300 2301 2366
f 2021 2075 2076
f 2484 2076 2075
f 2076 2484 2485
f 2312 2313 2314
f 2322 2314 2313
f 2485 2317 2315
f 1583 1582 1581
f 1581 1582 1584
f 1593 1583 1581
f 1581 1584 1593
f 1583 1593 1596
f 1605 1603 1600
f 1603 2254 2256
f 2254 2255 2256
f 2254 2257 2259
f 2254 2259 2270
f 2293 2260 1607
f 2257 2258 2259
f 2260 2293 2294
f 2307 2302 2296
f 2309 2307 2296
f 2322 2309 2296
f 1618 1619 2320
f 1619 1620 2320
f 1621 1624 2320
f 2330 2321 2317
f 2320 1622 1618
f 2320 1623 1622
f 2320 1625 1623
f 1624 1626 2320
f 2320 1626 1625
f 2170 2171 2172
f 2173 2172 2171
f 2172 2173 2174
f 2192 2191 2190
f 1715 1713 1711
f 1711 1713 1714
f 1630 1640 1645
f 1630 1645 1678
f 1630 1678 1702
f 1645 1647 1678
f 1647 1655 1678
f 1901 1678 1655
f 1762 1702 1678
f 1762 1706 1702
f 1635 1634 1632
f 1632 1634 1679
f 1679 1677 1632
f 1634 1635 1636
f 1634 1636 1667
f 1677 1665 1664
f 1664 1676 1677
f 1665 1677 1679
f 1679 1669 1665
f 1679 1670 1669
f 1676 1664 1662
f 1639 1681 1682
f 1659 1655 1648
f 1662 1664 1671
f 1711 1714 1716
f 1716 1715 1711
f 1655 1659 1901
f 1672 1671 1664
f 1724 1653 1652
f 1652 1658 1724
f 1653 1724 1729
f 1729 1724 1658
f 1663 1664 1665
f 1666 1664 1663
f 1664 1666 1672
f 1663 1665 1668
f 1668 1666 1663
f 1669 1668 1665
f 1666 1668 1669
f 1666 1669 1685
f 1685 1672 1666
f 1685 1683 1672
f 1669 1670 1685
f 1674 1683 1685
f 1675 1674 1673
f 1686 1683 1674
f 1674 1675 1686
f 1688 1689 1691
f 1904 1694 1690
f 1904 1903 1694
f 1695 1717 1721
f 1695 1721 1722
f 1722 1721 1717
f 1769 1770 1798
f 1829 1826 1708
f 1709 1766 1775
f 1863 1774 1773
f 1863 1858 1774
f 1829 1854 1855
f 1818 1775 1766
f 1914 1818 1766
f 1766 1907 1914
f 1818 1776 1775
f 1725 1726 1728
f 1740 1731 1730
f 1730 1732 1740
f 1740 1733 1731
f 1732 1733 1740
f 1909 1899 1798
f 1906 1934 1936
f 1818 1777 1776
f 1818 1914 1916
f 1916 1915 1818
f 1917 1916 1914
f 1919 1917 1914
f 1780 1793 1812
f 1782 1786 1788
f 1782 1784 1786
f 1787 1786 1785
f 1862 1861 1858
f 1858 1866 1870
f 1856 1858 1870
f 1999 1785 1781
f 1993 1787 1785
f 1996 1993 1785
f 1999 1996 1785
f 1864 1865 2025
f 1781 1998 1999
f 2009 1998 1812
f 2009 2001 1998
f 1999 1997 1996
f 1784 1861 1862
f 1923 1911 1910
f 1911 1923 1924
f 1802 1924 2010
f 1924 1926 2058
f 2058 2010 1924
f 2009 2004 2001
f 2012 2011 2009
f 1824 1825 1827
f 1824 1827 1835
f 1836 1835 1827
f 1835 1833 1832
f 1833 1835 1836
f 1843 1842 1830
f 1871 1843 1830
f 1830 1860 1871
f 1833 1836 1838
f 1836 1837 1838
f 1842 1837 1836
f 1851 1852 1857
f 1837 1842 1846
f 1878 1847 1843
f 1843 1847 1848
f 1843 1871 1878
f 1879 1878 1871
f 1832 1833 1840
f 1833 1838 1841
f 1841 1840 1833
f 1840 1841 1935
f 1935 1933 1840
f 1841 1838 1837
f 1844 1841 1837
f 1846 1844 1837
f 1844 1845 1942
f 1933 1935 1937
f 1850 1848 1847
f 1845 1848 1849
f 1850 1849 1848
f 1845 1849 1947
f 1946 1942 1845
f 1947 1946 1845
f 1946 1943 1942
f 1884 1946 1947
f 1881 1880 1879
f 1880 1881 1882
f 1880 1882 1887
f 1885 1887 1888
f 2124 1887 1882
f 2124 1888 1887
f 1853 1872 1873
f 1870 1857 1856
f 1866 1869 1870
f 1874 1873 1872
f 1890 1874 1872
f 1866 1865 1864
f 2030 1869 1866
f 1881 1879 1874
f 1875 1876 1877
f 1890 1881 1874
f 1891 1890 1877
f 1894 1891 1877
f 1893 1892 1891
f 1894 1893 1891
f 2050 2049 1894
f 1883 1892 2123
f 1892 1893 2123
f 2123 1895 1889
f 2128 2123 1893
f 2123 1974 1895
f 1968 1950 1884
f 1967 1966 1884
f 1884 1966 1968
f 1886 1966 1967
f 1957 1968 1969
f 1886 1971 1972
f 1974 1971 1895
f 1972 1971 1896
f 1896 1971 1974
f 2089 1972 1896
f 1970 1973 1975
f 2130 2125 2049
f 2130 2126 2125
f 2126 2127 2128
f 2049 2050 2133
f 2132 2130 2049
f 2050 2055 2146
f 2147 2133 2050
f 2050 2146 2147
f 1896 2051 2088
f 1896 2088 2089
f 2133 2088 2051
f 2051 2127 2129
f 2051 2129 2132
f 2088 2133 2147
f 1941 1939 1936
f 1910 1913 1923
f 1929 1927 1918
f 2059 1928 1927
f 1927 1929 1932
f 2060 2059 1927
f 1927 1932 2060
f 1918 1921 1922
f 1918 1922 1930
f 1921 1953 1955
f 1955 1953 1952
f 1956 1955 1952
f 1955 1956 1960
f 1980 1962 1961
f 2095 2078 1962
f 1926 1928 2059
f 2061 2058 1926
f 2016 2058 2068
f 2058 2061 2064
f 2058 2064 2068
f 1925 2059 2060
f 2062 2061 1932
f 1944 1945 1949
f 1948 1949 1954
f 1954 1952 1948
f 1952 1954 1956
f 1963 1956 1954
f 1980 1961 1956
f 1956 1963 1964
f 1979 1963 1958
f 2082 1964 1963
f 1963 1965 2082
f 2082 1983 1964
f 1958 1970 1979
f 1970 1975 1979
f 1985 1965 1959
f 2067 2078 2079
f 2095 2079 2078
f 1981 1982 2095
f 2096 2095 1982
f 2079 2095 2096
f 1965 1984 1986
f 1965 1986 2111
f 2083 2082 1965
f 2084 2083 1965
f 2111 2085 1965
f 2081 2082 2083
f 2083 2084 2121
f 2081 2083 2120
f 2121 2120 2083
f 2084 2091 2093
f 2084 2093 2121
f 2111 2092 2085
f 2129 2127 2126
f 1978 2092 2114
f 2101 2096 1982
f 2102 2101 2098
f 2114 1989 1988
f 1991 1992 2112
f 2002 2003 2019
f 2006 2005 2002
f 2019 2006 2002
f 2029 2028 2005
f 2003 2004 2019
f 2004 2007 2019
f 2005 2006 2040
f 2039 2029 2005
f 2040 2039 2005
f 2006 2007 2040
f 2019 2007 2006
f 2007 2011 2040
f 2039 2036 2029
f 2036 2039 2052
f 2039 2040 2053
f 2053 2052 2039
f 2011 2013 2040
f 2011 2012 2013
f 2021 2023 2075
f 2459 2023 2021
f 2017 2013 2012
f 2012 2014 2015
f 2012 2015 2017
f 2016 2015 2014
f 2015 2016 2017
f 2069 2017 2016
f 2016 2068 2069
f 2070 2068 2064
f 2036 2034 2033
f 2034 2036 2052
f 2054 2048 2041
f 2048 2054 2056
f 2048 2056 2057
f 2466 2146 2057
f 2057 2465 2466
f 2474 2467 2464
f 2466 2465 2119
f 2119 2158 2466
f 2469 2468 2467
f 2467 2474 2475
f 2064 2065 2072
f 2072 2070 2064
f 2065 2066 2072
f 2066 2067 2071
f 2066 2071 2072
f 2070 2071 2086
f 2072 2071 2070
f 2086 2071 2067
f 2067 2079 2087
f 2087 2086 2067
f 2079 2081 2087
f 2120 2087 2081
f 2093 2118 2121
f 2094 2093 2091
f 2119 2118 2093
f 2116 2108 2107
f 2116 2110 2108
f 2107 2109 2116
f 2109 2110 2116
f 2489 2490 2500
f 2489 2500 2508
f 2491 2490 2468
f 2501 2500 2490
f 2608 2606 2493
f 2608 2607 2606
f 2154 2152 2150
f 2151 2152 2154
f 2154 2153 2151
f 2150 2153 2154
f 2210 2212 2214
f 2214 2212 2211
f 2214 2213 2210
f 2211 2213 2214
f 2613 2185 2184
f 2196 2198 2205
f 2196 2205 2623
f 2205 2208 2623
f 2235 2238 2239
f 2287 2280 2239
f 2288 2287 2264
f 2284 2282 2280
f 2252 2372 2377
f 2373 2372 2323
f 2372 2373 2377
f 2376 2377 2440
f 2752 2441 2377
f 2377 2639 2747
f 2377 2747 2752
f 2262 2259 2258
f 2258 2261 2262
f 2289 2288 2268
f 2290 2289 2268
f 2432 2430 2426
f 2313 2319 2322
f 2333 2332 2297
f 2297 2332 2334
f 2334 2333 2297
f 2355 2329 2328
f 2317 2318 2330
f 2610 2330 2318
f 2328 2330 2331
f 2610 2331 2330
f 2331 2610 2611
f 2341 2340 2337
f 2340 2341 2343
f 2337 2339 2341
f 2359 2354 2341
f 2348 2347 2343
f 2378 2379 2380
f 2383 2379 2378
f 2384 2383 2378
f 2393 2394 2415
f 2350 2354 2357
f 2358 2357 2354
f 2359 2358 2354
f 2354 2361 2362
f 2422 2360 2359
f 2359 2414 2422
f 2346 2363 2388
f 2388 2385 2346
f 2363 2364 2388
f 2388 2386 2385
f 2407 2388 2364
f 2386 2388 2390
f 2391 2390 2388
f 2410 2391 2388
f 2388 2407 2409
f 2388 2409 2410
f 2383 2384 2387
f 2384 2386 2387
f 2408 2362 2361
f 2350 2352 2353
f 2357 2352 2350
f 2353 2352 2351
f 2351 2352 2357
f 2357 2353 2351
f 2770 2451 2441
f 2383 2387 2389
f 2389 2387 2386
f 2423 2397 2391
f 2423 2398 2397
f 2446 2417 2396
f 2444 2443 2396
f 2396 2443 2446
f 2443 2444 2446
f 2420 2419 2418
f 2421 2420 2418
f 2419 2420 2421
f 2451 2452 4250
f 2780 2452 2451
f 2451 2770 2771
f 4249 4250 4256
f 4251 4250 2452
f 2753 2759 2771
f 2778 2771 2759
f 2778 2779 2780
f 4250 4251 4252
f 4250 4252 4257
f 4257 4256 4250
f 2453 2774 4244
f 2783 2774 2453
f 2749 2755 2774
f 2774 2756 2749
f 2776 2774 2755
f 2783 2781 2774
f 4528 4244 2774
f 4529 4528 2774
f 4531 4254 4244
f 4244 4528 4531
f 2505 2502 2491
f 2483 2477 2476
f 2483 2480 2479
f 2525 2563 2579
f 2493 2508 2608
f 2508 2511 2513
f 2508 2513 2616
f 2616 2608 2508
f 2506 2499 2497
f 2497 2502 2503
f 2505 2503 2502
f 2607 2608 2609
f 2608 2616 2619
f 2647 2643 2539
f 2576 2575 2512
f 2577 2576 2512
f 2510 2575 2576
f 2510 2576 2577
f 2522 2542 2543
f 2696 2704 2708
f 2535 2541 2552
f 2713 2547 2541
f 2547 2713 2715
f 2762 2714 2547
f 2547 2749 2750
f 2547 2750 2762
f 2777 2755 2715
f 2757 2750 2749
f 2749 2756 2757
f 2766 2762 2750
f 2711 2708 2704
f 2600 2601 2603
f 2603 2602 2600
f 2604 2603 2601
f 2602 2603 2604
f 2621 2650 2651
f 2654 2650 2621
f 2621 2651 2654
f 2630 2631 2679
f 2673 2666 2662
f 2681 2679 2672
f 2669 2673 2676
f 2678 2676 2675
f 2675 2677 2685
f 2685 2678 2675
f 2677 2680 2685
f 2680 2681 2683
f 2680 2683 2685
f 2674 2670 2669
f 2676 2674 2669
f 2674 2672 2670
f 2672 2674 2681
f 2694 2691 2688
f 2694 2693 2691
f 2688 2692 2694
f 2692 2693 2694
f 2742 2743 2744
f 2745 2744 2743
f 2744 2745 2785
f 2777 2776 2755
f 2777 2785 2786
f 2719 2720 2734
f 2720 2721 2734
f 2753 2758 2759
f 4528 4529 4531
f 2809 2810 2812
f 2798 2794 2793
f 2800 2799 2796
f 2801 2796 2795
f 2795 2796 2799
f 2813 2841 2843
f 2813 2843 2845
f 2814 2815 2843
f 2846 2843 2815
f 2846 2845 2843
f 2858 2859 2861
f 2828 2824 2820
f 2867 2871 3044
f 2867 3044 3045
f 3046 3033 2829
f 2829 2831 3046
f 2837 2836 2833
f 2833 2836 2838
f 2872 2851 2850
f 2851 2872 2909
f 2851 2909 2931
f 2932 2883 2882
f 2909 2930 2931
f 2936 2933 2919
f 2865 2863 2862
f 2862 2864 2865
f 3070 3068 2871
f 3077 3080 3081
f 3077 3081 3101
f 3056 3061 3067
f 2937 2929 2917
f 2937 2930 2929
f 2887 2885 2884
f 2884 2886 2887
f 2921 2911 2890
f 2894 2892 2891
f 2891 2892 2921
f 2923 2912 2911
f 2911 2921 2923
f 2922 2921 2892
f 2921 2922 2923
f 2944 2924 2895
f 2944 2925 2924
f 2895 2898 2944
f 2944 2927 2925
f 2927 2944 2947
f 2949 2947 2944
f 2955 2949 2944
f 2904 2905 2907
f 2916 2907 2905
f 2907 2906 2904
f 2906 2907 2916
f 2930 2934 2935
f 2937 2934 2930
f 2912 2923 2928
f 2948 2937 2928
f 2934 2937 3139
f 2940 2938 2937
f 2967 2940 2937
f 2937 2957 2987
f 2987 2967 2937
f 2937 2938 3139
f 3133 3130 2935
f 3138 3133 2935
f 3140 3138 2935
f 3140 3139 2938
f 3137 3134 3133
f 3138 3137 3133
f 2940 2967 2968
f 2950 2956 2957
f 2964 2957 2956
f 2965 2971 2987
f 2987 2974 2965
f 2941 2970 3194
f 2970 2988 3194
f 3146 3145 3142
f 3145 3146 3147
f 3147 3194 3196
f 2958 2943 2942
f 2942 2943 2960
f 2959 2958 2942
f 2960 2959 2942
f 2943 2945 2960
f 2945 2954 2955
f 2955 2954 2949
f 2982 2962 2955
f 2956 2961 2964
f 2962 2982 2983
f 3321 2986 2985
f 2985 3320 3321
f 2973 2966 2965
f 2974 2973 2965
f 2966 2973 2976
f 2973 2974 2976
f 2990 2988 2975
f 3327 2993 2991
f 3329 3327 2991
f 3354 3329 3323
f 3328 2995 2994
f 3328 2996 2995
f 3200 3183 3176
f 3327 3329 3332
f 3353 3329 3019
f 3019 3329 3354
f 3329 3353 3356
f 2996 3328 3337
f 3328 3331 3337
f 3359 3005 2996
f 2996 3337 3359
f 3359 3021 3005
f 3331 3336 3337
f 4090 2998 2997
f 2997 2998 3348
f 2997 4067 4082
f 4080 4067 2997
f 2997 4082 4085
f 2997 4085 4090
f 3342 3310 3286
f 3310 3342 3343
f 4080 4068 4067
f 4065 4068 4080
f 4080 4077 4065
f 4080 4074 4070
f 4070 4077 4080
f 4074 4080 4081
f 4085 4086 4090
f 4086 4089 4090
f 4093 4090 4089
f 4084 3007 2999
f 4091 4084 2999
f 3007 3019 3354
f 3349 3345 3344
f 3345 3349 3354
f 4089 4092 4093
f 3182 4036 4158
f 3002 3003 4094
f 4094 3230 3002
f 3002 3230 3231
f 3013 3011 3003
f 3018 3014 3003
f 3003 3011 4094
f 3230 4094 4178
f 4094 3011 3006
f 4177 4094 4035
f 4094 4043 4035
f 4066 4094 4095
f 4094 4177 4178
f 3011 3010 3009
f 3010 3011 3012
f 3013 3012 3011
f 3012 3014 3016
f 3018 3016 3014
f 3234 3233 3017
f 3232 3233 3234
f 3015 3017 3023
f 3353 3019 3008
f 3009 3010 3022
f 3010 3012 4097
f 4097 3022 3010
f 3023 3022 3015
f 3022 3016 3015
f 3016 3022 4097
f 3012 3016 4097
f 3236 3235 3233
f 3041 3040 3039
f 3040 3041 3043
f 3041 3042 3043
f 3057 3058 3060
f 3057 3060 3061
f 3058 3059 3060
f 3061 3060 3059
f 3080 3083 3084
f 3087 3084 3083
f 3089 3087 3083
f 3102 3101 3081
f 3101 3102 3107
f 3107 3104 3101
f 3090 3088 3087
f 3088 3090 3106
f 3087 3089 3090
f 3251 3106 3090
f 3090 3154 3251
f 3251 3109 3106
f 3251 3113 3109
f 3113 3251 3253
f 3251 3252 3253
f 3094 3096 3097
f 3098 3096 3094
f 3121 3120 3098
f 3104 3107 3110
f 3104 3110 3126
f 3126 3121 3104
f 3364 3365 3367
f 3365 3366 3368
f 3368 3367 3365
f 3383 3371 3366
f 3112 3110 3107
f 3103 3114 3115
f 3116 3114 3103
f 3110 3112 3254
f 3128 3126 3110
f 3254 3128 3110
f 3128 3127 3126
f 3127 3128 3129
f 3161 3129 3128
f 3165 3161 3128
f 3261 3164 3128
f 3128 3164 3165
f 3128 3254 3261
f 3254 3260 3261
f 3255 3253 3252
f 3122 3123 3385
f 3384 3385 3390
f 3125 3160 3390
f 3161 3160 3129
f 3167 3164 3162
f 3163 3164 3262
f 3166 3165 3164
f 3265 3166 3164
f 3164 3167 3265
f 3164 3261 3264
f 3264 3262 3164
f 3264 3261 3260
f 3136 3135 3134
f 3137 3136 3134
f 3145 3144 3142
f 3173 3197 3213
f 3197 3199 3213
f 3157 3158 3259
f 3159 3158 3157
f 3259 3159 3157
f 3394 3536 3538
f 3536 3537 3546
f 3546 3538 3536
f 3267 3264 3260
f 3264 3267 3268
f 3547 3546 3537
f 3258 3257 3179
f 3222 3180 3177
f 3241 3222 3177
f 3222 3241 3246
f 3219 3220 3221
f 3219 3221 3223
f 3219 3223 3245
f 4033 4115 4158
f 4197 4158 4115
f 3186 3192 3269
f 3249 3237 3189
f 3249 3239 3237
f 3247 3244 3243
f 3198 3201 3206
f 3201 3229 3238
f 3203 3204 3360
f 3204 3205 3360
f 3360 3210 3203
f 3360 3211 3210
f 3205 3212 3360
f 3360 3212 3211
f 3244 3247 3248
f 3225 3226 3276
f 3276 3223 3221
f 3276 3227 3223
f 3248 3247 3245
f 3226 3227 3276
f 3236 4182 4183
f 4183 4182 4181
f 4190 4183 4181
f 3255 3270 3271
f 3546 3547 3556
f 3579 3574 3278
f 3582 3579 3278
f 4220 3582 3278
f 4209 4207 4139
f 4207 4209 4210
f 3582 4220 4272
f 3300 3296 3295
f 3299 3283 3282
f 3300 3299 3296
f 3283 3299 3303
f 3299 3300 3302
f 3308 3303 3299
f 3299 3304 3308
f 3303 3308 3309
f 3346 3309 3306
f 3309 3308 3306
f 3291 3312 3317
f 3312 3313 3317
f 3294 3290 3289
f 3289 3293 3294
f 3317 3292 3291
f 3317 3293 3292
f 3290 3294 3324
f 3316 3294 3293
f 3317 3316 3293
f 3294 3315 3352
f 3316 3315 3294
f 3351 3324 3294
f 3352 3351 3294
f 3313 3314 3317
f 3314 3315 3317
f 3315 3316 3317
f 3300 3301 3302
f 3304 3306 3308
f 4223 3346 3306
f 3341 3331 3330
f 3330 3338 3341
f 3341 3336 3331
f 3333 3334 3340
f 3334 3335 3340
f 3340 3338 3333
f 3338 3340 3341
f 3336 3341 3357
f 3358 3341 3339
f 3341 3340 3339
f 3358 3357 3341
f 3335 3339 3340
f 3364 3367 3373
f 3367 3369 3373
f 3376 3373 3369
f 3369 3370 3377
f 3377 3376 3369
f 3386 3377 3370
f 3395 3378 3376
f 3376 3379 3395
f 3401 3397 3375
f 3402 3398 3397
f 3397 3400 3402
f 3401 3400 3397
f 3401 3408 3411
f 3379 3381 3395
f 3412 3411 3408
f 3422 3412 3408
f 3408 3421 3422
f 3424 3421 3408
f 3380 3389 3392
f 3380 3391 3393
f 3392 3391 3380
f 3380 3393 3535
f 3535 3534 3380
f 3535 3538 3539
f 3538 3546 3548
f 3410 3407 3402
f 3430 3405 3404
f 3407 3410 3431
f 3405 3430 3433
f 3417 3418 3445
f 3418 3438 3445
f 3436 3433 3430
f 3436 3434 3433
f 3421 3424 3425
f 3426 3425 3424
f 3413 3427 3495
f 3458 3453 3413
f 3462 3458 3413
f 3495 3462 3413
f 3423 3425 3427
f 3427 3500 3501
f 3458 3454 3453
f 3454 3458 3459
f 3465 3459 3458
f 3458 3461 3465
f 3462 3461 3458
f 3460 3462 3463
f 3496 3463 3462
f 3462 3495 3496
f 3438 3440 3445
f 3446 3445 3440
f 3445 3446 3467
f 3445 3467 3473
f 3438 3439 3440
f 3426 3429 3490
f 3491 3490 3429
f 3492 3491 3429
f 3494 3492 3429
f 3512 3501 3500
f 3494 3493 3492
f 3493 3494 3518
f 3594 3545 3543
f 3594 3591 3545
f 3435 3437 3439
f 3455 3439 3437
f 3455 3441 3439
f 3443 3455 3456
f 3455 3442 3441
f 3455 3443 3442
f 3746 3734 3473
f 3474 3473 3467
f 3473 3474 3746
f 3448 3449 3450
f 3753 3744 3738
f 3744 3742 3738
f 3742 3744 3745
f 3752 3744 3743
f 3743 3744 3753
f 3763 3745 3744
f 3740 3752 3753
f 3754 3752 3743
f 3754 3753 3752
f 3739 3742 3763
f 3764 3763 3742
f 3745 3763 3764
f 3451 3477 3488
f 3451 3488 3489
f 3488 3529 3798
f 3488 3761 3794
f 3459 3465 3466
f 3466 3465 3464
f 3469 3470 3472
f 3470 3471 3472
f 3463 3461 3460
f 3461 3463 3465
f 3463 3464 3465
f 3497 3498 3499
f 3506 3479 3475
f 3474 3476 3481
f 3474 3481 3746
f 3476 3472 3471
f 3479 3476 3471
f 3479 3478 3476
f 3476 3478 3481
f 3478 3479 3480
f 3506 3480 3479
f 3749 3746 3481
f 3740 3746 3747
f 3482 3481 3478
f 3481 3482 3483
f 3481 3483 3749
f 3478 3480 3482
f 3484 3485 3486
f 3483 3748 3749
f 3798 3775 3772
f 3518 3515 3493
f 3515 3513 3512
f 3518 3517 3515
f 3517 3518 3616
f 3504 3505 3508
f 3514 3508 3505
f 3508 3514 3524
f 3784 3519 3503
f 3503 3519 3520
f 3519 3784 3834
f 3508 3524 3526
f 3530 3531 3792
f 3516 3517 3616
f 3616 3523 3516
f 3616 3525 3523
f 3525 3616 3644
f 3645 3616 3593
f 3645 3644 3616
f 3787 3834 3836
f 3522 3607 3831
f 3783 3787 3788
f 3837 3609 3608
f 3607 3615 3831
f 3787 3836 3842
f 3644 3645 3647
f 3531 3786 3801
f 3863 3786 3533
f 3785 3786 3836
f 3862 3836 3786
f 3863 3862 3786
f 3533 3649 3863
f 3807 3821 4475
f 4587 4475 3884
f 4475 4587 4590
f 4475 4590 4597
f 3651 3650 3648
f 3649 3653 3863
f 3551 3548 3546
f 3556 3551 3546
f 3543 3549 3550
f 3553 3550 3549
f 3549 3551 3552
f 3549 3552 3553
f 3587 3552 3551
f 3551 3556 3577
f 3551 3577 3587
f 3556 3575 3577
f 3580 3577 3575
f 3577 3580 3585
f 3578 3586 4283
f 3664 3665 3666
f 3921 3567 3566
f 3566 3572 3921
f 3921 3568 3567
f 3564 3588 3589
f 3564 3589 3642
f 3590 3589 3588
f 3595 3599 3602
f 3705 3645 3642
f 3921 3572 3569
f 3921 3569 3568
f 3573 3671 3672
f 3573 3672 3686
f 3686 3685 3573
f 3573 3685 3687
f 3675 3685 3689
f 3688 3687 3685
f 3684 3687 3688
f 3580 3581 3585
f 3586 3585 3584
f 4281 3586 3584
f 3584 4274 4281
f 3652 3647 3645
f 3660 3652 3645
f 3618 3605 3604
f 3604 3606 3618
f 3611 3610 3605
f 3621 3611 3605
f 3605 3618 3621
f 3610 3611 3612
f 3621 3612 3611
f 3844 3615 3614
f 3844 3833 3615
f 3844 3614 3612
f 3612 3622 3844
f 3622 3624 3844
f 3624 3628 3844
f 3849 3844 3628
f 3833 3844 3846
f 3844 3845 3846
f 3849 3845 3844
f 3662 3635 3617
f 3626 3625 3623
f 3698 3627 3625
f 3625 3626 3698
f 3626 3697 3698
f 3854 3701 3698
f 3902 3850 3701
f 3848 3850 3902
f 3719 3663 3641
f 3659 3660 3879
f 3658 3653 3651
f 3656 3657 3873
f 3657 3659 3873
f 3879 3873 3659
f 3873 3879 4577
f 3909 3869 3721
f 3909 3870 3869
f 3675 3689 3690
f 3682 3710 3726
f 3726 3715 3682
f 3710 3712 3726
f 3726 3717 3715
f 3727 3726 3712
f 3726 3718 3717
f 3694 3693 3683
f 3683 3693 3695
f 3695 3694 3683
f 3701 3854 3903
f 3904 3902 3701
f 3701 3903 3904
f 3838 3839 3854
f 3839 3853 3854
f 3902 3904 3905
f 3906 3904 3903
f 3907 3905 3904
f 3904 3906 3907
f 3711 3724 4299
f 3724 4298 4299
f 3712 3713 3727
f 3727 3943 3960
f 3944 3941 3938
f 4875 4877 4899
f 3911 3909 3721
f 3721 3910 3912
f 3912 3911 3721
f 3909 3911 3915
f 3911 3912 3913
f 3911 3913 3915
f 3917 3913 3912
f 3732 3962 3963
f 3968 3964 3963
f 3963 3967 4908
f 3732 3961 3962
f 3966 3962 3957
f 3738 3740 3753
f 3742 3739 3738
f 3768 3766 3765
f 3765 3767 3768
f 3757 3758 3760
f 3758 3759 3760
f 3768 3767 3766
f 3760 3759 3757
f 3862 3842 3836
f 4500 3818 3799
f 4597 4489 4485
f 3805 3808 3868
f 4477 3822 3816
f 3816 3822 3823
f 4501 4503 4504
f 4505 4503 4501
f 4510 4507 4504
f 4504 4507 4512
f 4513 4514 4523
f 3890 3891 3894
f 3894 3893 3890
f 3891 3893 3894
f 3897 3889 3881
f 3914 3898 3881
f 3915 3914 3881
f 4641 4632 4625
f 4595 4677 4678
f 3908 3906 3905
f 3905 3907 3908
f 3908 3907 3906
f 3913 3917 5046
f 3913 4620 4621
f 5046 4620 3913
f 3917 3965 5046
f 5046 4624 4620
f 4624 5046 5050
f 3920 3999 4001
f 4000 3999 3920
f 4002 4000 3920
f 3920 4001 4002
f 3922 3923 3924
f 3927 3923 3922
f 3922 3924 3928
f 3929 3927 3922
f 3922 3928 3929
f 3931 3947 3948
f 3950 3948 3947
f 3948 3950 3951
f 3941 3944 3949
f 3953 3949 3944
f 4900 4872 4867
f 4867 4896 4899
f 4897 4896 4867
f 4867 4899 4900
f 4897 3959 3955
f 3967 3970 4908
f 3970 4901 4919
f 4919 4908 3970
f 4910 4876 3969
f 4876 4910 4943
f 4876 4943 5064
f 4910 4921 4943
f 4924 4922 4901
f 5044 4924 4901
f 3972 3973 3980
f 3980 3977 3972
f 3973 3974 3980
f 3974 3977 3980
f 3991 3993 3994
f 3984 3985 3988
f 5080 3989 3985
f 3989 5080 5087
f 5083 5081 5080
f 3989 5087 5090
f 5095 5094 5092
f 5087 5088 5089
f 5087 5089 5091
f 5097 5096 3995
f 5086 5096 5097
f 5086 5097 5099
f 5096 3996 3995
f 5086 5093 5096
f 5093 5094 5096
f 5094 5095 5096
f 5298 5096 5095
f 5101 5102 5103
f 5312 5103 5102
f 5300 5299 5298
f 5086 5099 5100
f 5100 5099 5078
f 4013 4015 4056
f 4056 4034 4033
f 4116 4124 4125
f 4125 4124 4123
f 4174 4124 4118
f 4071 4072 4073
f 4074 4073 4072
f 4053 4052 4051
f 4079 4072 4071
f 4029 4030 4075
f 4079 4054 4029
f 4029 4075 4079
f 4075 4076 4079
f 4079 4076 4072
f 4031 4035 4043
f 4035 4045 4186
f 4186 4177 4035
f 4046 4058 4170
f 4176 4174 4118
f 4186 4184 4177
f 4186 4185 4184
f 4185 4186 4196
f 4186 4193 4195
f 4186 4195 4196
f 4055 4041 4040
f 4062 4055 4040
f 4041 4055 4063
f 4055 4062 4063
f 4194 4173 4172
f 4053 4051 4049
f 4057 4112 4162
f 4070 4072 4077
f 4072 4076 4077
f 4074 4072 4070
f 4092 4089 4086
f 4131 4126 4110
f 4145 4134 4130
f 4130 4144 4145
f 4134 4133 4131
f 4166 4114 4113
f 4113 4163 4166
f 4166 4164 4114
f 4163 4165 4166
f 4166 4165 4164
f 4119 4128 4135
f 4119 4135 4136
f 4133 4134 4138
f 4148 4145 4144
f 4145 4146 4147
f 4148 4146 4145
f 4145 4147 4151
f 4147 4150 4151
f 4155 4151 4150
f 4151 4155 4216
f 4214 4216 4218
f 4209 4215 4217
f 4153 4150 4147
f 4154 4153 4149
f 4239 4154 4149
f 4150 4152 4155
f 4153 4152 4150
f 4152 4153 4157
f 4153 4154 4157
f 4239 4157 4154
f 4239 4221 4157
f 4236 4237 4239
f 4237 4238 4239
f 4241 4239 4238
f 4239 4240 4305
f 4241 4240 4239
f 4155 4156 4216
f 4268 4216 4156
f 4268 4218 4216
f 4156 4157 4221
f 4306 4268 4156
f 4156 4304 4306
f 4218 4268 4284
f 4196 4192 4191
f 4196 4195 4192
f 4224 4815 4817
f 4818 4815 4224
f 4817 4816 4224
f 4224 4816 4819
f 4820 4818 4224
f 4224 4819 4820
f 4243 4241 4238
f 4311 4307 4305
f 4314 4316 4320
f 4254 4531 4536
f 4541 4536 4531
f 4548 4544 4531
f 4538 4257 4252
f 4568 4260 4257
f 4257 4567 4568
f 4538 4539 4540
f 4552 4351 4260
f 4540 4545 4567
f 4545 4553 4567
f 4351 4350 4261
f 4297 4351 4353
f 4354 4353 4351
f 4351 4549 4725
f 4552 4549 4351
f 4267 4265 4264
f 4264 4265 4356
f 4356 4267 4264
f 4267 4356 4379
f 4386 4361 4360
f 4381 4378 4377
f 4381 4380 4378
f 4377 4380 4381
f 4288 4290 4291
f 4290 4311 4313
f 4313 4315 4317
f 4832 4295 4292
f 4833 4832 4292
f 4293 4336 4985
f 4834 4318 4295
f 4295 4832 4834
f 4986 4985 4336
f 4323 4322 4318
f 4318 4322 4326
f 4835 4323 4318
f 4318 4834 4835
f 4837 4835 4834
f 4989 4837 4834
f 4353 4301 4296
f 4353 4347 4301
f 4353 4354 4423
f 4347 4402 4403
f 4877 4403 4321
f 4321 4323 4877
f 4323 4835 4877
f 4879 4877 4835
f 4877 4878 4880
f 4879 4878 4877
f 4877 4880 4899
f 4320 4315 4314
f 4321 4322 4323
f 4333 4334 4987
f 4335 4334 4333
f 4835 4837 4842
f 4842 4841 4835
f 4835 4841 4879
f 4403 4402 4321
f 4414 4407 4403
f 4416 4414 4403
f 4337 4334 4328
f 4334 4337 4339
f 4340 4338 4337
f 4337 4338 4339
f 4993 4990 4987
f 4342 4339 4338
f 4339 4341 4991
f 4342 4341 4339
f 4339 4991 4993
f 4338 4340 4342
f 4341 4414 4416
f 4341 4416 4991
f 4358 4359 4383
f 4386 4369 4361
f 4364 4363 4362
f 4450 4444 4443
f 4376 4371 4369
f 4396 4376 4369
f 4367 4364 4362
f 4364 4367 4374
f 4367 4368 4373
f 4367 4373 4374
f 4368 4372 4373
f 4374 4373 4372
f 4376 4372 4371
f 4376 4375 4372
f 4375 4376 4448
f 4376 4396 4397
f 4376 4397 4398
f 4376 4398 4468
f 4467 4448 4376
f 4468 4467 4376
f 4451 4453 4454
f 4463 4385 4384
f 4443 4449 4450
f 4451 4450 4449
f 4450 4462 4463
f 4385 4463 4464
f 4465 4463 4462
f 4425 4430 4431
f 4755 4431 4430
f 4430 4754 4755
f 4425 4426 4460
f 4470 4469 4399
f 4462 4469 4470
f 4462 4470 4471
f 4473 4471 4470
f 4407 4410 4418
f 4422 4432 4438
f 4439 4432 4422
f 4421 4456 4457
f 4458 4456 4421
f 4421 4457 4458
f 4432 4433 4438
f 4436 4435 4431
f 4431 4435 4440
f 4755 4436 4431
f 4649 4437 4435
f 4649 4650 5110
f 4892 4889 4888
f 5019 5018 4441
f 4441 5018 5020
f 5023 5019 4441
f 4441 5020 5021
f 4441 5021 5022
f 4441 5022 5024
f 5026 5023 4441
f 4441 5025 5026
f 4466 4471 4472
f 4473 4472 4471
f 4466 4472 4474
f 4474 4473 4466
f 4472 4473 4474
f 4612 4597 4590
f 4489 4597 4601
f 4491 4486 4476
f 4486 4491 4494
f 4488 4489 4601
f 4543 4535 4488
f 4532 4535 4543
f 4535 4573 4574
f 4495 4561 4601
f 4601 4551 4548
f 4601 4561 4551
f 4561 4557 4551
f 4520 4509 4506
f 4520 4510 4509
f 4548 4546 4544
f 4546 4548 4551
f 4545 4547 4553
f 4599 4598 4575
f 4595 4678 4704
f 4608 4734 4737
f 5050 5048 4624
f 5048 5050 5107
f 5110 5107 5050
f 4642 4634 4632
f 4632 4641 4642
f 4635 4633 4631
f 4631 4637 4638
f 4644 4643 4642
f 5075 5081 5093
f 5084 5081 5075
f 5100 5077 5074
f 5074 5086 5100
f 5100 5079 5077
f 4644 4672 4673
f 5079 4646 4645
f 4646 5079 5449
f 4645 4646 5126
f 4660 4672 4674
f 4660 4661 4672
f 5475 5126 4646
f 5138 5127 5126
f 5078 5104 5449
f 5450 5449 5104
f 5475 5140 5139
f 5475 5450 5140
f 4650 5107 5110
f 4758 4752 4675
f 4751 4752 4758
f 4674 4666 4660
f 4759 4669 4666
f 4666 4675 4752
f 4666 4752 4759
f 4656 4657 4664
f 4663 4662 4656
f 4668 4720 4721
f 4668 4721 4722
f 4753 4752 4751
f 4763 4759 4752
f 4721 4720 4671
f 4722 4721 4671
f 5138 5130 5127
f 5138 5135 5130
f 4700 4699 4698
f 4701 4700 4698
f 4699 4700 4702
f 4700 4701 4702
f 4742 4743 4767
f 4767 4746 4742
f 4743 4746 4767
f 4779 4790 4793
f 4792 4790 4779
f 4790 4791 4793
f 4791 4794 4805
f 4794 4802 4807
f 4796 4792 4779
f 4798 4796 4779
f 4798 4797 4796
f 4800 4773 4772
f 4810 4800 4797
f 5503 5501 4765
f 5522 5521 4776
f 4789 4786 4781
f 4781 4788 4789
f 4789 4788 4787
f 4789 4787 4785
f 4805 4795 4791
f 4810 4797 4795
f 4795 4805 4806
f 4795 4806 4810
f 4984 4831 4825
f 4998 4873 4840
f 4989 4990 4996
f 4837 4839 4842
f 4841 4842 4844
f 4844 4843 4841
f 4841 4843 4879
f 4843 4844 4884
f 5007 4884 4844
f 4881 4882 4970
f 4882 4884 4886
f 4884 4885 4887
f 4887 4886 4884
f 5007 4885 4884
f 4845 4846 4847
f 4845 4847 4848
f 4851 4847 4846
f 4849 4848 4847
f 4850 4849 4847
f 4851 4850 4847
f 4856 4857 4862
f 4880 4898 4899
f 4900 4899 4898
f 4971 4900 4898
f 4900 4971 4972
f 5003 5004 5006
f 4891 4943 4978
f 4943 4927 4902
f 4921 4927 4943
f 4978 4943 4902
f 5064 4943 4891
f 4972 4970 4882
f 4972 4971 4970
f 4883 4886 4892
f 4886 4887 4889
f 4886 4889 4892
f 4979 4973 4894
f 4978 4893 4891
f 4905 4906 5044
f 4927 4903 4902
f 4933 4904 4903
f 4903 4927 4933
f 4921 4923 4927
f 4928 4927 4923
f 4927 4930 4932
f 4927 4932 4935
f 4907 4906 4905
f 4905 4975 4976
f 4915 4913 4911
f 4915 4914 4913
f 5387 4982 4981
f 4923 4926 4928
f 4925 4949 5245
f 5245 5221 4925
f 4949 4952 5245
f 5169 5221 5245
f 4952 4969 5245
f 4969 4982 5245
f 5386 5245 4982
f 5245 5196 5169
f 5196 5245 5388
f 5245 5386 5388
f 4930 4931 4932
f 4935 4932 4931
f 4938 4939 5238
f 4939 5237 5239
f 5239 5238 4939
f 5238 5239 5257
f 5257 5240 5238
f 5239 5240 5257
f 5258 4951 4950
f 4950 4958 5258
f 5258 4959 4951
f 4958 4959 5258
f 5274 4968 4966
f 4967 4968 5274
f 4947 4948 5271
f 5270 5250 4947
f 5271 5270 4947
f 5270 5271 5273
f 5273 5272 5270
f 5271 5272 5273
f 5274 4966 4965
f 4965 4967 5274
f 5387 5386 4982
f 5003 5000 4999
f 4999 5002 5003
f 5004 5003 5002
f 5005 5002 4999
f 5005 5004 5002
f 5491 5487 5486
f 5486 5487 5488
f 5489 5488 5487
f 5488 5489 5510
f 5510 5509 5488
f 5509 5510 5511
f 5047 5052 5053
f 5055 5052 5047
f 5047 5053 5054
f 5047 5054 5056
f 5056 5055 5047
f 5057 5053 5052
f 5085 5054 5053
f 5053 5057 5085
f 5066 5056 5054
f 5085 5066 5054
f 5072 5063 5056
f 5056 5066 5072
f 5067 5066 5065
f 5070 5067 5065
f 5065 5066 5085
f 5070 5068 5067
f 5068 5070 5071
f 5113 5071 5070
f 5088 5084 5057
f 5057 5084 5085
f 5089 5088 5057
f 5066 5067 5072
f 5059 5062 5063
f 5059 5063 5178
f 5063 5061 5060
f 5061 5063 5072
f 5178 5063 5060
f 5061 5072 5200
f 5072 5073 5200
f 5081 5084 5088
f 5178 5175 5059
f 5179 5176 5175
f 5175 5178 5179
f 5060 5172 5178
f 5060 5061 5172
f 5073 5186 5200
f 5200 5190 5173
f 5067 5068 5069
f 5071 5069 5068
f 5071 5112 5117
f 5113 5112 5071
f 5112 5115 5119
f 5119 5117 5112
f 5117 5369 5371
f 5094 5093 5081
f 5322 5104 5103
f 5104 5105 5464
f 5322 5105 5104
f 5464 5450 5104
f 5294 5293 5091
f 5095 5297 5298
f 5293 5294 5297
f 5179 5177 5176
f 5296 5295 5177
f 5294 5295 5297
f 5305 5297 5295
f 5301 5298 5297
f 5305 5301 5297
f 5103 5312 5314
f 5103 5314 5322
f 5312 5313 5314
f 5320 5319 5314
f 5314 5319 5322
f 5319 5321 5322
f 5105 5462 5466
f 5478 5462 5105
f 5140 5450 5464
f 5106 5140 5464
f 5462 5478 5480
f 5106 5466 5485
f 5324 5140 5106
f 5485 5481 5106
f 5139 5140 5142
f 5140 5141 5142
f 5324 5141 5140
f 5141 5324 5413
f 5414 5412 5324
f 5324 5412 5413
f 5414 5481 5482
f 5482 5481 5479
f 5480 5481 5485
f 5133 5132 5129
f 5136 5133 5129
f 5131 5116 5115
f 5131 5122 5116
f 5122 5131 5132
f 5114 5115 5116
f 5119 5115 5114
f 5120 5119 5114
f 5114 5116 5121
f 5121 5120 5114
f 5122 5121 5116
f 5370 5369 5118
f 5369 5123 5118
f 5366 5371 5372
f 5118 5123 5373
f 5373 5370 5118
f 5123 5124 5374
f 5374 5373 5123
f 5377 5372 5370
f 5370 5373 5377
f 5373 5374 5375
f 5373 5375 5381
f 5132 5133 5151
f 5134 5151 5397
f 5135 5138 5142
f 5138 5139 5142
f 5133 5136 5137
f 5400 5136 5135
f 5400 5137 5136
f 5135 5142 5163
f 5135 5163 5400
f 5424 5151 5149
f 5424 5423 5151
f 5137 5399 5426
f 5400 5399 5137
f 5425 5398 5397
f 5429 5400 5163
f 5399 5400 5401
f 5429 5428 5400
f 5399 5401 5408
f 5416 5415 5141
f 5413 5412 5332
f 5413 5421 5422
f 5160 5145 5144
f 5144 5147 5160
f 5160 5148 5145
f 5147 5148 5160
f 5149 5156 5424
f 5156 5155 5154
f 5433 5432 5164
f 5168 5173 5190
f 5174 5173 5168
f 5196 5170 5169
f 5388 5367 5196
f 5295 5296 5305
f 5183 5184 5296
f 5305 5296 5184
f 5208 5182 5181
f 5208 5185 5182
f 5185 5208 5288
f 5382 5288 5208
f 5208 5379 5380
f 5208 5380 5382
f 5288 5231 5185
f 5341 5339 5230
f 5301 5305 5306
f 5339 5309 5308
f 5288 5382 5389
f 5372 5368 5366
f 5380 5381 5382
f 5385 5382 5381
f 5261 5260 5222
f 5222 5260 5262
f 5260 5261 5262
f 5289 5232 5228
f 5545 5558 5562
f 5578 5558 5545
f 5582 5581 5552
f 5259 5263 5266
f 5264 5263 5259
f 5265 5264 5259
f 5266 5265 5259
f 5275 5280 5570
f 5564 5280 5275
f 5565 5564 5275
f 5570 5565 5275
f 5281 5277 5276
f 5276 5277 5278
f 5276 5278 5279
f 5276 5279 5281
f 5394 5567 5578
f 5578 5561 5558
f 5578 5567 5561
f 5593 5587 5586
f 5391 5437 5444
f 5301 5306 5307
f 5316 5315 5302
f 5307 5304 5303
f 5315 5316 5317
f 5315 5317 5320
f 5343 5318 5311
f 5328 5326 5317
f 5318 5327 5328
f 5345 5327 5318
f 5318 5343 5345
f 5346 5345 5343
f 5323 5321 5319
f 5326 5320 5317
f 5327 5345 5360
f 5363 5360 5345
f 5321 5323 5483
f 5483 5482 5321
f 5323 5331 5483
f 5414 5482 5483
f 5483 5335 5325
f 5325 5414 5483
f 5325 5335 5412
f 5412 5335 5332
f 5325 5412 5414
f 5337 5330 5329
f 5330 5337 5484
f 5360 5363 5364
f 5334 5336 5337
f 5484 5337 5336
f 5332 5417 5420
f 5420 5419 5332
f 5417 5336 5334
f 5419 5418 5411
f 5418 5419 5420
f 5333 5447 5448
f 5447 5362 5347
f 5448 5447 5347
f 5347 5441 5448
f 5448 5441 5440
f 5347 5362 5363
f 5364 5363 5362
f 5344 5342 5340
f 5342 5344 5350
f 5342 5350 5354
f 5350 5352 5353
f 5350 5353 5354
f 5356 5354 5353
f 5356 5355 5354
f 5361 5355 5348
f 5347 5348 5441
f 5348 5355 5359
f 5355 5356 5359
f 5359 5356 5353
f 5353 5358 5359
f 5446 5359 5358
f 5358 5353 5352
f 5358 5445 5446
f 5446 5445 5439
f 5368 5372 5377
f 5384 5381 5375
f 5381 5383 5385
f 5384 5383 5381
f 5405 5385 5383
f 5407 5405 5383
f 5385 5405 5435
f 5405 5407 5409
f 5405 5409 5435
f 5408 5407 5398
f 5407 5408 5409
f 5434 5436 5437
f 5574 5567 5394
f 5567 5574 5575
f 5425 5408 5398
f 5401 5406 5408
f 5409 5408 5406
f 5427 5410 5401
f 5409 5406 5402
f 5406 5403 5402
f 5443 5442 5403
f 5456 5455 5454
f 5455 5456 5458
f 5454 5455 5457
f 5458 5457 5455
f 5536 5538 5539
f 5536 5537 5538
f 5540 5537 5536
f 5536 5539 5540
f 5554 5553 5549
f 5583 5554 5549
f 5549 5580 5583
f 5595 5580 5579
f 5579 5594 5595
f 5553 5554 5555
f 5599 5555 5554
f 5596 5583 5580
f 5580 5595 5596
f 5583 5596 5600
f 5583 5600 5602
f 5603 5595 5594
f 5595 5603 5604
f 5598 5596 5595
f 5604 5597 5595
f 5595 5597 5598
f 5596 5598 5601
f 5601 5600 5596
f 5600 5597 5589
f 5597 5600 5601
f 5602 5600 5589
f 5605 5606 5607
f 5604 5591 5589
f 5589 5591 5606
f 5591 5592 5606
f 5589 5597 5604
f 5601 5598 5597
f 5607 5606 5592
f 4 3 2 16
f 2 3 6 177
f 84 85 2 177
f 86 16 2 85
f 3 4 19 25
f 26 6 3 25
f 4 16 18 5
f 5 18 35 23
f 7 8 11 12
f 8 9 15 11
f 17 14 9 32
f 44 12 11 43
f 11 15 46 43
f 45 13 12 44
f 42 41 13 45
f 14 17 47 46
f 178 18 16 86
f 17 35 18 47
f 17 32 33 37
f 72 35 17 67
f 182 47 18 178
f 27 21 19 24
f 28 22 21 27
f 39 27 24 38
f 40 28 27 39
f 36 34 31 66
f 33 34 36 37
f 68 37 36 71
f 36 66 69 71
f 1186 39 38 1187
f 1189 40 39 1186
f 41 42 70 65
f 42 48 80 70
f 42 45 183 48
f 43 46 180 179
f 181 44 43 179
f 46 47 182 180
f 188 63 48 183
f 59 54 50 56
f 77 58 51 76
f 55 54 53 62
f 53 54 59 61
f 53 61 185 184
f 186 62 53 184
f 56 57 63 59
f 77 63 57 58
f 60 64 82 78
f 198 80 63 205
f 69 66 65 70
f 67 68 73 195
f 1193 72 67 195
f 68 71 75 73
f 75 71 69 74
f 1194 1187 72 1193
f 73 75 1196 194
f 74 80 198 196
f 1196 75 74 196
f 79 77 76 81
f 76 78 82 81
f 79 81 203 199
f 81 82 204 203
f 87 85 84 88
f 89 86 85 87
f 86 89 111 178
f 87 88 95 94
f 96 89 87 94
f 99 91 90 97
f 90 93 101 100
f 150 97 90 100
f 94 95 99 97
f 145 96 94 98
f 146 145 98 149
f 100 101 154 153
f 102 105 104 106
f 108 105 102 107
f 102 103 113 107
f 103 110 112 113
f 104 105 179 180
f 181 179 105 108
f 107 113 114 116
f 183 181 108 119
f 182 178 111 118
f 114 113 112 117
f 114 117 120 115
f 121 116 114 115
f 115 120 123 122
f 124 121 115 122
f 119 121 124 164
f 188 183 119 191
f 122 123 148 147
f 152 124 122 147
f 191 130 125 126
f 184 185 126 127
f 126 185 188 191
f 127 128 129 187
f 186 184 127 187
f 128 130 132 131
f 192 129 128 131
f 131 132 133 135
f 131 135 136 192
f 132 191 134 133
f 166 135 133 168
f 167 136 135 166
f 138 139 141 159
f 160 157 138 159
f 139 140 142 141
f 160 142 140 157
f 170 159 141 143
f 141 142 236 143
f 142 160 246 236
f 143 144 171 170
f 248 144 143 236
f 146 149 147 148
f 147 149 151 152
f 153 154 156 155
f 155 156 161 158
f 246 170 158 161
f 246 160 159 170
f 219 163 162 165
f 241 174 162 240
f 162 163 242 240
f 165 193 220 219
f 165 174 257 404
f 364 193 165 404
f 166 168 169 310
f 311 167 166 310
f 314 310 169 315
f 171 172 325 175
f 249 173 172 237
f 172 173 326 325
f 173 250 327 326
f 174 241 271 257
f 316 176 175 315
f 186 187 192 189
f 350 190 189 358
f 189 192 359 358
f 384 197 190 350
f 193 215 221 220
f 418 215 193 364
f 1198 1195 194 1196
f 1198 1196 196 1197
f 207 204 197 213
f 386 213 197 384
f 198 205 210 202
f 206 200 199 203
f 1225 1224 202 1226
f 203 204 207 206
f 208 213 214 209
f 217 214 213 387
f 218 216 214 217
f 1227 221 215 1229
f 215 418 1234 1229
f 217 387 388 1281
f 390 218 217 1281
f 223 225 229 227
f 231 225 223 228
f 229 225 224 230
f 224 225 232 294
f 244 243 224 294
f 245 230 224 243
f 235 234 233 2787
f 234 235 274 308
f 276 274 235 2790
f 236 246 247 248
f 237 238 251 249
f 238 248 253 239
f 238 239 254 251
f 239 253 267 266
f 467 254 239 266
f 244 241 240 243
f 240 242 245 243
f 253 248 247 256
f 252 250 249 251
f 255 252 251 254
f 253 256 269 267
f 469 255 254 467
f 269 256 255 469
f 416 404 257 494
f 257 271 501 494
f 258 260 263 262
f 264 259 258 262
f 262 263 302 273
f 303 265 262 273
f 468 467 266 479
f 266 267 480 479
f 267 269 481 480
f 471 466 268 520
f 269 469 470 481
f 270 283 285 284
f 270 284 459 482
f 271 292 507 501
f 293 296 272 301
f 272 296 297 305
f 272 273 302 301
f 272 305 306 307
f 274 276 278 277
f 306 308 274 277
f 275 276 2807 2808
f 277 280 281 304
f 277 278 291 280
f 287 291 278 2804
f 282 286 279 504
f 506 504 279 510
f 279 289 511 510
f 283 281 280 285
f 280 291 286 285
f 282 284 285 286
f 286 291 287 289
f 290 289 287 288
f 287 2804 2805 288
f 289 290 509 508
f 289 508 512 511
f 3036 507 292 2822
f 295 296 293 299
f 297 296 295 300
f 313 314 309 317
f 319 317 309 328
f 313 311 310 314
f 312 318 317 320
f 312 320 363 362
f 317 319 321 320
f 320 321 405 363
f 322 325 326 323
f 323 326 327 324
f 329 330 332 331
f 408 330 329 407
f 329 333 409 407
f 329 331 496 333
f 331 332 478 476
f 331 476 491 496
f 333 334 417 409
f 497 334 333 496
f 436 417 334 437
f 335 433 440 438
f 449 433 335 439
f 529 439 335 528
f 335 438 530 528
f 336 338 339 341
f 444 441 336 443
f 448 338 336 441
f 442 340 339 448
f 444 342 340 442
f 343 344 346 345
f 343 345 645 644
f 690 443 343 644
f 539 536 345 540
f 846 645 345 842
f 365 349 347 382
f 347 353 381 382
f 354 351 348 355
f 348 349 365 355
f 350 358 360 365
f 350 365 385 384
f 356 352 351 354
f 381 353 352 356
f 357 356 354 361
f 354 355 360 361
f 356 357 383 381
f 357 361 366 368
f 357 368 402 383
f 358 359 362 360
f 360 362 363 361
f 364 404 416 412
f 426 418 364 420
f 369 368 366 367
f 366 405 406 367
f 370 369 367 374
f 375 374 367 406
f 368 369 394 402
f 369 370 398 394
f 370 374 372 371
f 370 371 373 398
f 372 374 375 377
f 372 377 378 430
f 399 398 373 379
f 376 377 375 414
f 375 406 410 414
f 380 413 415 434
f 422 400 380 434
f 385 382 381 383
f 392 385 383 391
f 384 385 392 386
f 1283 1281 388 1286
f 389 390 1285 1284
f 390 1281 1283 1285
f 393 392 391 1282
f 391 423 1293 1282
f 393 1282 1294 1288
f 423 402 394 397
f 403 396 395 400
f 411 410 395 419
f 395 396 421 419
f 424 421 396 425
f 396 403 428 425
f 427 403 400 422
f 403 427 429 428
f 411 408 407 410
f 407 409 413 410
f 415 413 409 417
f 415 417 436 435
f 418 426 1325 1303
f 422 434 435 451
f 424 425 1322 1323
f 425 428 1324 1322
f 455 429 427 451
f 428 429 1326 1324
f 429 455 1331 1326
f 446 432 431 445
f 453 445 431 456
f 431 432 1330 1329
f 1336 456 431 1329
f 432 446 447 674
f 446 445 433 449
f 453 440 433 445
f 454 451 435 452
f 447 444 443 654
f 655 654 443 690
f 673 674 447 654
f 451 454 457 455
f 452 453 456 454
f 454 456 1336 457
f 455 457 1332 1331
f 1334 1332 457 1336
f 458 460 461 463
f 464 462 458 463
f 458 462 499 490
f 461 460 459 505
f 477 482 459 460
f 459 504 506 505
f 502 499 462 513
f 462 465 514 513
f 466 471 473 472
f 467 468 470 469
f 468 479 484 483
f 487 470 468 483
f 475 473 471 474
f 474 476 478 475
f 491 476 474 488
f 479 480 486 484
f 480 481 487 486
f 488 489 500 491
f 488 520 521 489
f 492 493 498 495
f 492 500 503 493
f 525 498 493 522
f 493 503 531 522
f 501 507 551 532
f 502 513 515 516
f 3091 551 507 3036
f 508 509 3026 3027
f 3031 512 508 3027
f 513 514 517 515
f 524 525 522 523
f 526 523 522 531
f 529 528 523 526
f 523 528 530 524
f 552 533 532 551
f 553 547 533 552
f 535 536 539 537
f 543 547 535 542
f 535 537 544 542
f 548 536 535 547
f 536 548 848 842
f 541 545 542 544
f 542 545 546 543
f 549 548 547 550
f 549 550 554 849
f 847 848 549 849
f 550 553 556 554
f 3092 552 551 3091
f 3095 557 552 3092
f 554 556 557 555
f 850 849 554 555
f 859 850 555 863
f 555 557 3095 3361
f 558 1402 1399 1432
f 558 559 1403 1402
f 558 1432 1433 1434
f 1435 559 558 1434
f 559 573 1407 1403
f 1480 573 559 1435
f 563 561 560 564
f 569 564 560 567
f 571 562 561 563
f 570 568 562 571
f 572 571 563 577
f 563 564 575 578
f 564 569 576 575
f 567 568 570 569
f 569 570 590 576
f 570 571 572 590
f 572 577 579 580
f 592 590 572 580
f 587 574 573 1480
f 573 574 1473 1407
f 574 587 599 598
f 581 578 575 582
f 575 576 591 582
f 576 590 592 591
f 586 580 579 583
f 579 581 588 583
f 589 588 581 597
f 581 582 594 597
f 582 591 595 594
f 583 584 585 586
f 583 588 587 584
f 584 1480 1481 585
f 596 586 585 1561
f 585 1481 1482 1561
f 587 588 589 599
f 591 592 593 595
f 738 595 593 740
f 593 596 1561 740
f 605 597 594 603
f 594 595 738 749
f 598 599 604 601
f 600 601 606 607
f 608 602 600 607
f 600 602 1537 1536
f 1538 601 600 1536
f 601 604 752 606
f 602 608 2018 1560
f 752 605 603 753
f 603 749 754 753
f 753 751 606 752
f 1009 607 606 751
f 1010 608 607 1009
f 609 611 613 2032
f 2030 2024 609 2032
f 615 613 610 614
f 610 612 627 614
f 610 611 2035 612
f 628 627 612 2038
f 612 2035 2037 2038
f 613 615 628 2038
f 2037 2032 613 2038
f 626 615 614 625
f 630 625 614 627
f 615 626 629 628
f 616 618 620 2042
f 623 618 616 2045
f 2043 617 616 2042
f 617 1867 1869 2031
f 1876 1867 617 2043
f 618 619 621 620
f 624 621 619 622
f 632 622 619 623
f 2044 2042 620 2046
f 620 621 2047 2046
f 621 624 634 2047
f 635 631 622 632
f 637 624 622 631
f 634 632 623 2047
f 623 2045 2046 2047
f 641 634 624 637
f 627 628 629 630
f 631 635 638 636
f 631 636 639 637
f 632 634 641 635
f 640 638 635 641
f 637 639 640 641
f 650 643 642 651
f 642 839 841 840
f 855 651 642 840
f 643 646 846 844
f 646 650 648 691
f 650 651 647 648
f 653 649 647 652
f 692 648 647 649
f 647 651 855 652
f 694 691 648 692
f 771 693 649 769
f 649 653 777 769
f 871 653 652 870
f 652 855 872 870
f 899 777 653 871
f 654 655 675 673
f 677 675 655 694
f 656 658 660 661
f 656 661 668 662
f 660 658 657 664
f 657 659 665 664
f 659 662 668 665
f 660 664 666 706
f 708 661 660 706
f 669 668 661 708
f 701 699 663 711
f 664 665 667 666
f 669 667 665 668
f 707 706 666 767
f 666 667 773 767
f 667 669 717 773
f 669 708 710 717
f 670 671 686 685
f 693 771 670 696
f 670 685 695 696
f 772 671 670 771
f 671 772 775 818
f 677 676 672 684
f 683 684 672 2217
f 2223 2217 672 2229
f 678 674 673 679
f 673 675 680 679
f 685 686 676 677
f 678 679 681 682
f 679 684 683 681
f 2220 682 681 2219
f 681 683 2221 2219
f 2223 2229 697 2222
f 700 703 713 714
f 736 702 700 704
f 713 703 701 709
f 701 711 715 709
f 744 712 702 736
f 704 705 737 736
f 742 737 705 741
f 710 708 706 716
f 720 716 707 719
f 707 767 770 719
f 718 713 709 721
f 709 715 723 721
f 710 716 720 722
f 774 717 710 722
f 711 712 744 715
f 745 714 713 718
f 746 723 715 744
f 776 773 717 774
f 718 721 733 732
f 757 745 718 732
f 792 720 719 791
f 719 770 794 791
f 793 722 720 792
f 721 723 793 733
f 819 774 722 793
f 723 746 747 793
f 724 726 727 729
f 728 725 724 729
f 727 726 725 728
f 780 729 727 730
f 727 728 783 730
f 728 729 780 783
f 730 731 781 780
f 1020 734 731 785
f 731 1027 1044 1045
f 732 733 735 758
f 759 757 732 758
f 797 735 733 793
f 734 1005 1007 1008
f 760 758 735 762
f 763 762 735 797
f 736 737 746 744
f 737 742 747 746
f 738 740 743 739
f 742 741 739 743
f 740 1561 2245 743
f 742 743 766 747
f 822 765 748 825
f 749 750 756 754
f 751 753 754 761
f 751 761 1012 1009
f 754 756 760 761
f 755 765 822 1054
f 755 1054 2460 2246
f 756 759 758 760
f 760 762 1012 761
f 762 763 764 1012
f 1051 764 763 820
f 776 770 767 773
f 771 769 768 772
f 768 769 777 778
f 779 775 768 778
f 770 776 795 794
f 795 776 774 819
f 825 818 775 779
f 904 778 777 899
f 816 779 778 904
f 787 783 780 781
f 781 782 788 787
f 806 782 781 814
f 805 788 782 804
f 786 785 784 790
f 784 787 789 790
f 785 786 1021 1020
f 787 788 809 789
f 798 792 791 796
f 791 794 799 796
f 797 793 792 798
f 794 795 800 799
f 795 819 824 800
f 796 799 802 801
f 803 798 796 801
f 797 798 803 820
f 799 800 817 802
f 1030 803 801 1029
f 801 802 1041 1029
f 802 817 1043 1041
f 1051 820 803 1030
f 808 805 804 806
f 806 814 811 808
f 810 809 808 811
f 810 811 813 812
f 811 814 815 813
f 1039 1038 812 1040
f 813 815 911 912
f 815 1045 1046 911
f 817 824 1055 1043
f 821 822 829 827
f 831 822 821 828
f 832 823 822 831
f 835 834 826 836
f 915 836 826 916
f 827 829 834 835
f 837 830 827 835
f 828 830 837 838
f 1065 831 828 838
f 833 832 831 1063
f 1057 1056 833 1063
f 835 836 939 837
f 836 915 918 939
f 940 838 837 939
f 853 841 839 851
f 872 855 840 856
f 841 853 865 866
f 842 843 844 846
f 845 843 842 847
f 845 847 852 851
f 847 849 850 852
f 854 852 850 858
f 851 852 854 853
f 858 857 853 854
f 856 867 880 872
f 857 858 859 861
f 862 860 857 861
f 866 865 860 868
f 3363 864 863 3362
f 867 869 888 880
f 875 871 870 873
f 870 872 880 873
f 874 877 878 879
f 902 875 874 876
f 876 879 882 883
f 903 902 876 921
f 923 922 876 924
f 882 879 878 881
f 884 882 881 885
f 886 883 882 884
f 948 946 883 951
f 884 885 888 887
f 889 886 884 887
f 889 891 893 892
f 894 893 891 3399
f 944 943 892 893
f 893 894 945 944
f 896 984 895 3403
f 983 984 896 987
f 896 897 992 987
f 897 898 993 992
f 897 3403 3415 898
f 900 901 908 905
f 901 903 921 908
f 907 906 905 909
f 907 909 910 917
f 908 922 910 909
f 910 915 916 917
f 910 922 923 930
f 914 912 911 913
f 1047 913 911 1046
f 1045 1040 912 1046
f 1047 1046 912 1092
f 914 928 1094 1091
f 918 932 933 919
f 940 939 918 919
f 934 920 919 933
f 1096 940 919 920
f 920 935 936 941
f 920 941 1103 1096
f 923 924 925 926
f 931 930 923 927
f 950 926 925 949
f 954 927 926 950
f 929 931 927 954
f 932 931 929 933
f 934 933 929 937
f 929 954 960 937
f 938 936 935 937
f 1118 941 936 1119
f 936 938 1140 1119
f 977 938 937 973
f 938 977 979 1140
f 1116 1122 942 2695
f 1123 999 942 1122
f 942 1124 1125 2695
f 943 944 956 955
f 944 945 980 956
f 950 949 948 953
f 950 953 951 952
f 951 955 956 952
f 957 954 952 958
f 952 956 980 958
f 954 957 962 960
f 967 962 957 966
f 957 958 990 966
f 958 980 981 959
f 960 962 963 971
f 961 964 967 968
f 967 966 965 968
f 965 966 990 991
f 969 992 993 1152
f 970 994 996 995
f 970 999 1142 1143
f 1144 994 970 1143
f 973 974 978 977
f 974 976 979 978
f 976 1137 1140 979
f 982 981 980 983
f 982 983 987 985
f 989 988 985 986
f 990 989 986 991
f 986 987 992 991
f 3733 1152 993 3419
f 995 996 998 1000
f 996 997 1001 998
f 1168 1000 998 1169
f 998 1001 1173 1169
f 999 1000 1168 1124
f 1007 1006 1004 1008
f 1004 1024 1027 1008
f 1015 1010 1009 1012
f 1016 1017 1011 2457
f 1011 1017 1018 1019
f 2456 2457 1011 2462
f 1011 1019 2463 2462
f 1060 1017 1014 1052
f 2470 1019 1018 1079
f 2464 2463 1019 2470
f 1020 1021 1023 1024
f 1026 1024 1023 1025
f 1028 1027 1024 1026
f 1025 1038 1039 1026
f 1031 1028 1026 1033
f 1026 1039 1044 1042
f 1049 1033 1026 1042
f 1028 1031 1049 1042
f 1036 1034 1029 1041
f 1053 1030 1029 1034
f 1052 1051 1030 1053
f 1031 1033 1035 1032
f 1031 1032 1037 1049
f 1032 1035 1072 1070
f 1074 1037 1032 1070
f 1037 1035 1033 1049
f 1034 1036 1075 1073
f 1076 1053 1034 1073
f 1035 1037 1074 1072
f 1036 1041 1043 1066
f 1036 1066 1084 1075
f 1039 1040 1045 1044
f 1043 1055 1058 1066
f 1047 1048 1095 1094
f 1068 1064 1050 1067
f 1085 1067 1050 1097
f 1050 1092 1093 1097
f 1052 1053 1076 1060
f 2517 2460 1054 2514
f 1056 1057 1059 2514
f 1062 1059 1057 1069
f 1057 1063 1065 1069
f 1084 1066 1058 1061
f 1059 1062 2516 2518
f 2517 2514 1059 2518
f 1078 1061 1060 1076
f 1060 1061 2515 1079
f 1061 1078 1080 1084
f 1062 1069 1068 1087
f 1062 1087 2529 2516
f 1069 1065 1064 1068
f 1087 1068 1067 1086
f 1067 1085 1088 1086
f 1078 1076 1073 1077
f 1073 1075 1083 1077
f 1080 1083 1075 1084
f 1082 1081 1077 1083
f 2524 1078 1077 1081
f 2526 1080 1078 2524
f 2527 2470 1079 2515
f 1082 1083 1080 2526
f 1081 2472 2473 2524
f 1081 1082 2578 2472
f 1082 2526 2525 2578
f 1089 1088 1085 1126
f 1085 1097 1098 1126
f 2529 1087 1086 2528
f 1086 1088 2530 2528
f 1088 1089 2531 2530
f 1111 2695 1089 1126
f 1091 1094 1095 1093
f 1093 1095 1098 1097
f 1095 1096 1102 1098
f 1111 1126 1098 1102
f 1118 1119 1099 1117
f 1099 1100 1120 1117
f 1099 1137 1138 1100
f 1099 1119 1140 1137
f 1100 1101 1121 1120
f 1100 1138 1139 1101
f 1101 1142 1123 1121
f 1143 1142 1101 1139
f 1102 1104 1112 1111
f 1102 1103 1118 1104
f 1104 1109 1105 1112
f 1104 1118 1117 1109
f 1105 1109 1110 1106
f 1114 1112 1105 1115
f 1108 1107 1106 1110
f 1122 1116 1107 1108
f 1107 1116 1128 1127
f 1108 1110 1120 1121
f 1123 1122 1108 1121
f 1109 1117 1120 1110
f 1111 1112 1114 1113
f 1130 1125 1124 1171
f 2541 2695 1125 2703
f 2737 2703 1125 2725
f 1129 1183 1178 2724
f 2700 2697 1129 2699
f 2718 2699 1129 2724
f 1131 1133 1130 1174
f 1130 1171 1170 1174
f 1131 1174 1175 1176
f 1177 1132 1131 1176
f 1183 1133 1131 1132
f 1185 1183 1132 1177
f 1134 1135 2738 2725
f 1139 1138 1136 1141
f 1136 1152 1153 1154
f 1144 1143 1139 1141
f 1146 1144 1141 1154
f 1145 1148 1147 1149
f 1159 1148 1145 1151
f 1151 1149 1147 1159
f 1156 1154 1153 1155
f 1157 1156 1155 3741
f 1161 1160 1156 1158
f 3769 1167 1157 3762
f 1164 1161 1158 1162
f 1165 1162 1158 1166
f 1161 1164 1165 1166
f 1168 1169 1170 1171
f 1172 1170 1169 1173
f 1175 1174 1170 1172
f 1181 1179 1178 1184
f 1178 1183 1185 1184
f 2717 2724 1178 1179
f 1182 1180 1179 1181
f 1179 1180 2727 2717
f 2729 2727 1180 2728
f 1180 1182 2732 2728
f 1191 1189 1186 1190
f 1186 1187 1194 1190
f 1192 1191 1190 1213
f 1190 1194 1214 1213
f 1192 1213 1216 1228
f 1199 1198 1197 1203
f 1197 1200 1204 1203
f 1201 1202 1199 1203
f 1206 1204 1200 1224
f 1201 1203 1204 1205
f 1208 1205 1204 1206
f 1209 1208 1206 1210
f 1206 1224 1225 1210
f 1209 1210 1221 1211
f 1212 1221 1210 1225
f 1219 1218 1211 1221
f 1219 1221 1212 1220
f 1231 1220 1212 1238
f 1212 1226 1242 1238
f 1250 1228 1216 1251
f 1216 1222 1252 1251
f 1227 1229 1257 1258
f 1229 1234 1265 1257
f 1230 1231 1232 1233
f 1230 1233 1254 1252
f 1231 1238 1239 1232
f 1310 1265 1234 1303
f 1235 1236 1240 1237
f 1235 1237 1262 1260
f 1261 1240 1236 1259
f 1237 1240 1245 1241
f 1237 1241 1263 1262
f 1245 1239 1238 1242
f 1264 1245 1240 1261
f 1241 1243 1244 1263
f 1246 1243 1241 1245
f 1300 1244 1243 1291
f 1264 1263 1244 1266
f 1244 1300 1302 1306
f 1244 1306 1309 1308
f 1266 1247 1245 1264
f 1247 1266 1267 1248
f 1321 1249 1248 1311
f 1248 1267 1346 1345
f 1273 1265 1249 1272
f 1354 1272 1249 1321
f 1251 1252 1254 1253
f 1269 1258 1257 1270
f 1257 1265 1271 1270
f 1259 1260 1262 1261
f 1261 1262 1263 1264
f 1312 1267 1266 1308
f 1268 1269 1270 1278
f 1268 1278 1280 1279
f 1270 1271 1274 1278
f 1271 1273 1275 1274
f 1275 1273 1272 1355
f 1272 1354 1358 1355
f 1274 1275 1276 1277
f 1280 1278 1274 1277
f 1275 1355 1365 1276
f 1276 1365 1366 1382
f 4006 1277 1276 1382
f 4016 1280 1277 4006
f 1282 1293 1295 1294
f 1283 1286 1287 1290
f 1289 1285 1283 1290
f 1284 1285 1289 1292
f 1294 1295 1298 1297
f 1319 1304 1296 1320
f 1323 1322 1296 1304
f 1296 1322 1324 1327
f 1350 1320 1296 1327
f 1302 1299 1298 1305
f 1300 1301 1299 1302
f 1309 1306 1305 1307
f 1314 1309 1307 1313
f 1308 1309 1314 1312
f 1320 1321 1311 1319
f 1312 1314 1316 1317
f 1312 1317 1348 1346
f 1316 1314 1313 1315
f 1313 1345 1347 1315
f 1354 1321 1320 1350
f 1324 1326 1328 1327
f 1333 1328 1326 1331
f 1327 1328 1351 1350
f 1328 1333 1352 1351
f 1334 1336 1329 1337
f 1329 1330 1338 1337
f 2226 1338 1330 2220
f 1372 1352 1333 1374
f 1334 1337 1339 1335
f 1335 1341 1375 1374
f 1337 1338 1340 1339
f 2233 1340 1338 2226
f 1339 1340 1342 1341
f 1341 1342 1376 1375
f 1342 1343 1386 1376
f 1389 1385 1344 2425
f 1344 1384 2283 2285
f 1344 2285 2284 2425
f 1345 1346 1348 1347
f 1353 1354 1350 1351
f 1351 1352 1360 1353
f 1361 1359 1353 1360
f 1354 1356 1357 1358
f 1355 1358 1364 1365
f 1356 1359 1361 1362
f 1356 1362 1368 1363
f 1364 1358 1357 1367
f 1377 1361 1360 1371
f 1378 1362 1361 1377
f 1363 1368 4106 4098
f 1366 1365 1364 1370
f 1364 1367 1369 1370
f 4142 1382 1366 4100
f 1368 1378 1380 1381
f 1368 1381 4129 4106
f 4108 1370 1369 4105
f 1371 1372 1373 1377
f 1372 1374 1375 1373
f 1373 1375 1376 1379
f 1378 1377 1373 1379
f 1381 1396 4143 4129
f 1383 1384 1385 1388
f 1390 1388 1385 1389
f 1393 1391 1390 1395
f 1393 1395 2427 1394
f 2433 1396 1394 2427
f 1395 2425 2429 2427
f 1396 2433 4225 4143
f 1399 1400 1397 1424
f 1397 1400 1404 1427
f 1397 1414 1413 1424
f 1415 1414 1397 1427
f 1399 1402 1398 1400
f 1398 1402 1403 1401
f 1404 1400 1398 1405
f 1398 1401 1406 1405
f 1426 1432 1399 1424
f 1401 1403 1407 1408
f 1410 1406 1401 1409
f 1431 1427 1404 1436
f 1404 1405 1438 1436
f 1405 1406 1441 1438
f 1406 1410 1547 1441
f 1411 1408 1407 1473
f 1475 1410 1409 1411
f 1410 1475 1550 1547
f 1492 1412 1411 1485
f 1411 1412 1499 1476
f 1412 1492 1494 1495
f 1412 1495 1501 1499
f 1413 1417 1418 1425
f 1413 1414 1419 1417
f 1426 1424 1413 1425
f 1414 1415 1420 1419
f 1415 1416 1421 1420
f 1415 1427 1431 1416
f 1423 1421 1416 1429
f 1428 1429 1416 1431
f 1429 1425 1418 1423
f 1430 1426 1425 1429
f 1433 1432 1426 1430
f 1433 1430 1428 1437
f 1428 1431 1436 1437
f 1439 1434 1433 1437
f 1440 1435 1434 1439
f 1439 1437 1436 1438
f 1440 1439 1438 1441
f 1440 1441 1547 1483
f 1460 1461 1442 1462
f 1442 1461 1465 1467
f 1442 1585 1583 1591
f 1442 1467 1586 1585
f 1446 1444 1443 1445
f 1448 1445 1443 1447
f 1443 1450 1451 1447
f 1453 1450 1443 1444
f 1455 1453 1444 1454
f 1590 1454 1444 1589
f 1460 1462 1445 1448
f 1445 1462 1591 1446
f 1446 1591 1592 1589
f 1449 1448 1447 1457
f 1447 1451 1452 1457
f 1448 1449 1463 1460
f 1449 1457 1458 1459
f 1449 1459 1598 1463
f 1452 1456 1458 1457
f 1456 1455 1454 1458
f 1459 1458 1454 1590
f 1459 1590 1594 1598
f 1464 1461 1460 1463
f 1599 1464 1463 1598
f 1466 1563 1564 1568
f 1565 1563 1466 1566
f 1469 1471 1599 1470
f 2263 1471 1469 2240
f 1470 1599 1601 1602
f 1470 1602 2231 2230
f 2266 1472 1471 2263
f 1489 1486 1473 1488
f 1477 1476 1474 1478
f 1474 1476 1499 1500
f 1475 1477 1548 1549
f 1477 1478 1479 1548
f 1558 1548 1479 1557
f 1483 1547 1550 1553
f 1484 1551 1552 1562
f 1485 1486 1487 1496
f 1493 1492 1485 1496
f 1490 1487 1486 1489
f 1488 1538 1536 1489
f 1489 1536 1537 1490
f 1491 1502 1528 1529
f 1492 1493 1497 1494
f 1497 1500 1499 1501
f 1502 1505 1531 1528
f 1503 1506 1508 1523
f 1524 1504 1503 1523
f 1527 1507 1504 1524
f 1505 1522 1535 1531
f 1506 1507 1527 1508
f 1511 1510 1509 1512
f 1509 1510 1518 1519
f 1746 1512 1509 1751
f 1509 1519 1752 1751
f 1510 1511 1745 1753
f 1750 1518 1510 1753
f 1511 1512 1746 1745
f 1513 1515 1520 1517
f 1521 1514 1513 1517
f 1533 1516 1514 1521
f 1515 1516 1533 1520
f 1752 1519 1518 1750
f 1556 1535 1522 1555
f 1743 1741 1526 1747
f 1528 1531 1532 1539
f 1540 1529 1528 1539
f 1529 1540 1789 1767
f 1541 1532 1531 1535
f 1726 1727 1534 1754
f 1534 1727 1728 1755
f 1546 1541 1535 1556
f 1540 1543 1545 1789
f 1543 1544 1541 1546
f 1794 1545 1543 1546
f 1790 1789 1545 1796
f 1545 1794 1795 1796
f 1546 1556 1898 1794
f 1559 1549 1548 1558
f 1554 1550 1549 1559
f 1567 1553 1550 1554
f 1552 1563 1565 1562
f 1570 1564 1553 1567
f 1577 1567 1554 1575
f 1576 1558 1557 1574
f 1575 1559 1558 1576
f 2021 2008 1560 2018
f 1561 1572 2248 2245
f 1588 1586 1569 1608
f 1569 1571 1610 1608
f 1571 1578 1615 1610
f 1580 1574 1573 2076
f 1573 2008 2021 2076
f 1616 1576 1574 1580
f 1579 1577 1575 1614
f 1575 1576 1616 1614
f 1578 1579 2314 1615
f 1579 1614 2312 2314
f 1617 1616 1580 2315
f 1580 2076 2485 2315
f 1582 1585 1587 1584
f 1592 1591 1583 1596
f 1596 1593 1584 1587
f 1585 1586 1588 1587
f 1597 1596 1587 1588
f 1588 1608 1609 1597
f 1594 1590 1589 1592
f 1592 1596 1595 1594
f 1599 1598 1594 1595
f 1595 1596 1597 1604
f 1605 1600 1595 1604
f 1606 1604 1597 1609
f 1599 1600 1603 1601
f 1601 1603 2256 2253
f 1603 1605 2257 2254
f 1607 1605 1604 1606
f 1605 1607 2260 2257
f 1606 1609 1611 2292
f 2293 1607 1606 2292
f 1611 1609 1608 1610
f 2296 1611 1610 1615
f 2302 2292 1611 2296
f 1612 1619 1618 2166
f 1612 1613 1620 1619
f 2164 2165 1612 2166
f 2187 1613 1612 2165
f 1624 1621 1613 1627
f 2188 1627 1613 2187
f 1614 1616 1617 2312
f 2322 2296 1615 2314
f 2313 2312 1617 2321
f 1617 2315 2317 2321
f 2169 2166 1618 1622
f 1622 1623 2171 2169
f 1623 1625 2173 2171
f 1624 1627 2191 1626
f 1625 1626 2191 2173
f 1627 2188 2190 2191
f 1631 1629 1628 1718
f 1628 1629 1643 1642
f 1628 1642 1714 1713
f 1628 1713 1715 1718
f 1630 1633 1676 1640
f 1701 1633 1630 1702
f 1631 1718 1644 1646
f 1637 1635 1632 1638
f 1676 1633 1632 1677
f 1632 1633 1701 1638
f 1634 1667 1670 1679
f 1639 1636 1635 1637
f 1636 1639 1682 1667
f 1637 1638 1681 1639
f 1704 1681 1638 1703
f 1638 1701 1705 1703
f 1640 1641 1647 1645
f 1662 1641 1640 1676
f 1655 1647 1641 1648
f 1671 1648 1641 1662
f 1642 1643 1646 1644
f 1642 1644 1716 1714
f 1644 1718 1715 1716
f 1693 1659 1648 1671
f 1649 1651 1656 1654
f 1649 1650 1657 1651
f 1660 1657 1650 1661
f 1651 1652 1653 1656
f 1658 1652 1651 1657
f 1660 1656 1653 1729
f 1654 1656 1660 1661
f 1729 1658 1657 1660
f 1659 1693 1694 1901
f 1680 1670 1667 1682
f 1674 1685 1670 1673
f 1689 1673 1670 1680
f 1671 1672 1683 1693
f 1688 1675 1673 1689
f 1687 1686 1675 1688
f 1902 1762 1678 1901
f 1680 1682 1763 1692
f 1764 1689 1680 1692
f 1763 1682 1681 1704
f 1683 1686 1687 1690
f 1694 1693 1683 1690
f 1734 1735 1684 1736
f 1737 1736 1684 1900
f 1687 1688 1691 1690
f 1765 1691 1689 1764
f 1690 1691 1765 1904
f 1692 1763 1834 1831
f 1839 1764 1692 1831
f 1902 1901 1694 1903
f 1698 1697 1695 1722
f 1695 1697 1720 1717
f 1696 1697 1698 1699
f 1720 1697 1696 1719
f 1698 1722 1717 1720
f 1719 1699 1698 1720
f 1700 1767 1768 1769
f 1701 1702 1706 1705
f 1703 1705 1707 1708
f 1826 1704 1703 1708
f 1834 1763 1704 1826
f 1705 1706 1709 1707
f 1706 1762 1766 1709
f 1774 1708 1707 1773
f 1707 1709 1775 1773
f 1708 1774 1854 1829
f 1726 1754 1755 1728
f 1734 1736 1730 1731
f 1730 1736 1737 1732
f 1731 1733 1738 1734
f 1738 1733 1732 1737
f 1739 1735 1734 1738
f 1737 1900 1739 1738
f 1747 1744 1742 1743
f 1745 1746 1749 1748
f 1757 1753 1745 1748
f 1746 1751 1758 1749
f 1759 1757 1748 1791
f 1748 1749 1792 1791
f 1749 1758 1797 1792
f 1750 1753 1757 1760
f 1761 1752 1750 1760
f 1751 1752 1761 1758
f 1757 1759 1799 1760
f 1758 1761 1800 1797
f 1759 1791 1804 1805
f 1806 1799 1759 1805
f 1800 1761 1760 1799
f 1907 1766 1762 1902
f 1934 1765 1764 1839
f 1906 1904 1765 1934
f 1790 1768 1767 1789
f 1770 1769 1768 1771
f 1793 1771 1768 1790
f 1770 1771 1779 1772
f 1808 1798 1770 1772
f 1780 1779 1771 1793
f 1785 1777 1772 1779
f 1772 1777 1818 1808
f 1773 1775 1776 1786
f 1773 1786 1783 1863
f 1856 1854 1774 1858
f 1776 1777 1785 1786
f 1784 1782 1778 2026
f 1778 1782 1788 1994
f 1778 1994 2000 1995
f 1778 1995 2028 2025
f 1779 1780 1781 1785
f 1998 1781 1780 1812
f 1784 2026 1865 1861
f 1790 1796 1801 1793
f 1791 1792 1803 1804
f 1792 1797 1807 1803
f 1793 1801 1802 1812
f 1908 1795 1794 1898
f 1801 1796 1795 1911
f 1795 1908 1910 1911
f 1797 1800 1809 1807
f 1798 1808 1912 1909
f 1809 1800 1799 1806
f 1924 1802 1801 1911
f 2009 1812 1802 2010
f 1813 1804 1803 1814
f 1803 1807 1817 1814
f 1810 1805 1804 1813
f 1811 1806 1805 1810
f 1820 1809 1806 1811
f 1807 1809 1820 1817
f 1808 1818 1915 1912
f 1810 1813 1815 1819
f 1822 1811 1810 1819
f 1821 1820 1811 1822
f 1813 1814 1816 1815
f 1823 1816 1814 1817
f 1817 1820 1821 1823
f 1824 1826 1829 1825
f 1834 1826 1824 1835
f 1830 1827 1825 1828
f 1825 1829 1855 1828
f 1827 1830 1842 1836
f 1857 1852 1828 1855
f 1860 1830 1828 1852
f 1831 1834 1835 1832
f 1831 1832 1840 1839
f 1839 1840 1933 1934
f 1841 1844 1942 1935
f 1842 1843 1848 1846
f 1844 1846 1848 1845
f 1847 1878 1879 1880
f 1887 1850 1847 1880
f 1849 1885 1884 1947
f 1849 1850 1887 1885
f 1860 1852 1851 1859
f 1870 1853 1851 1857
f 1851 1853 1873 1859
f 1869 1868 1853 1870
f 1853 1868 1875 1872
f 1857 1855 1854 1856
f 1858 1861 1865 1866
f 1871 1860 1859 1879
f 1859 1873 1874 1879
f 2027 2024 1864 2025
f 1864 2024 2030 1866
f 1875 1868 1867 1876
f 1872 1875 1877 1890
f 1876 2043 2044 1877
f 2050 1894 1877 2044
f 1881 1890 1883 1882
f 1882 1883 2123 2124
f 1883 1890 1891 1892
f 1884 1885 1888 1967
f 1943 1946 1884 1950
f 1886 1967 1888 1889
f 1886 1889 1895 1971
f 1968 1966 1886 1969
f 1970 1969 1886 1973
f 1888 2124 2123 1889
f 1893 1894 2049 2125
f 1893 2125 2126 2128
f 1896 1974 2127 2051
f 1908 1898 1897 1899
f 1910 1908 1899 1909
f 1902 1903 1905 1907
f 1903 1904 1906 1905
f 1914 1907 1905 1919
f 1905 1906 1940 1919
f 1906 1936 1939 1940
f 1913 1910 1909 1912
f 1927 1913 1912 1915
f 1928 1923 1913 1927
f 1915 1916 1917 1927
f 1917 1919 1953 1920
f 1919 1940 1951 1953
f 1931 1922 1921 1962
f 1921 1955 1960 1962
f 1932 1930 1922 1931
f 1926 1924 1923 1928
f 2062 1932 1931 2063
f 1931 1962 2078 2063
f 1936 1934 1933 1937
f 1938 1937 1935 1942
f 1936 1937 1938 1941
f 1938 1942 1943 1944
f 1949 1941 1938 1944
f 1939 1941 1949 1948
f 1951 1940 1939 1948
f 1943 1950 1945 1944
f 1954 1949 1945 1957
f 1945 1950 1968 1957
f 1954 1957 1958 1963
f 1956 1964 1981 1980
f 1957 1969 1970 1958
f 1959 1975 1977 1985
f 1962 1980 1981 2095
f 1984 1965 1963 1979
f 1982 1981 1964 1983
f 1977 1975 1973 2090
f 1974 2123 2128 2127
f 1986 1984 1976 1978
f 1977 2090 2092 1978
f 1990 1986 1978 1987
f 1982 1983 2098 2101
f 1983 2082 2080 2099
f 2100 2098 1983 2099
f 1986 1990 2112 2111
f 1988 1989 1992 1991
f 2117 2113 1989 2114
f 2177 1992 1989 2113
f 2115 2112 1992 2177
f 1995 2000 2003 2002
f 1995 2002 2005 2028
f 2000 2001 2004 2003
f 2004 2009 2011 2007
f 2009 2010 2014 2012
f 2016 2014 2010 2058
f 2013 2017 2022 2020
f 2053 2040 2013 2020
f 2073 2022 2017 2069
f 2020 2022 2023 2459
f 2456 2053 2020 2459
f 2075 2023 2022 2073
f 2027 2029 2036 2035
f 2036 2033 2032 2037
f 2054 2041 2034 2052
f 2044 2046 2055 2050
f 2146 2055 2048 2057
f 2456 2462 2052 2053
f 2052 2462 2463 2054
f 2054 2463 2464 2056
f 2467 2057 2056 2464
f 2468 2465 2057 2467
f 2061 2062 2065 2064
f 2062 2063 2066 2065
f 2067 2066 2063 2078
f 2086 2069 2068 2070
f 2074 2073 2069 2086
f 2077 2075 2073 2074
f 2074 2086 2087 2120
f 2122 2077 2074 2120
f 2075 2077 2486 2484
f 2077 2122 2606 2486
f 2079 2096 2099 2080
f 2091 2089 2088 2094
f 2158 2094 2088 2147
f 2092 2111 2112 2114
f 2093 2094 2158 2119
f 2096 2097 2100 2099
f 2102 2097 2096 2101
f 2097 2102 2103 2106
f 2105 2100 2097 2106
f 2103 2102 2098 2104
f 2098 2100 2105 2104
f 2103 2104 2107 2108
f 2110 2106 2103 2108
f 2104 2105 2109 2107
f 2105 2106 2110 2109
f 2117 2114 2112 2115
f 2113 2117 2157 2209
f 2178 2177 2113 2209
f 2157 2117 2115 2179
f 2115 2177 2178 2179
f 2118 2119 2490 2489
f 2492 2121 2118 2489
f 2119 2465 2468 2490
f 2120 2121 2492 2122
f 2122 2492 2493 2606
f 2126 2130 2131 2134
f 2156 2129 2126 2134
f 2137 2132 2129 2156
f 2137 2131 2130 2132
f 2135 2134 2131 2136
f 2138 2136 2131 2137
f 2134 2135 2139 2156
f 2135 2136 2140 2141
f 2143 2139 2135 2141
f 2136 2138 2142 2140
f 2137 2156 2139 2138
f 2138 2139 2143 2142
f 2144 2141 2140 2148
f 2140 2142 2149 2148
f 2145 2143 2141 2144
f 2142 2143 2145 2149
f 2144 2148 2150 2152
f 2151 2145 2144 2152
f 2153 2149 2145 2151
f 2155 2147 2146 2557
f 2146 2466 2558 2557
f 2147 2155 2570 2158
f 2148 2149 2153 2150
f 2155 2557 2560 2559
f 2155 2559 2571 2570
f 2210 2209 2157 2212
f 2157 2179 2211 2212
f 2558 2466 2158 2570
f 2159 2160 2163 2161
f 2159 2161 2165 2164
f 2159 2164 2167 2168
f 2180 2160 2159 2168
f 2160 2180 2181 2199
f 2200 2163 2160 2199
f 2187 2165 2161 2162
f 2201 2162 2161 2163
f 2188 2187 2162 2189
f 2202 2189 2162 2201
f 2163 2200 2204 2201
f 2164 2166 2169 2167
f 2167 2169 2171 2170
f 2175 2168 2167 2170
f 2168 2175 2182 2180
f 2170 2172 2176 2175
f 2172 2174 2193 2176
f 2192 2174 2173 2191
f 2174 2192 2195 2193
f 2175 2176 2183 2182
f 2194 2183 2176 2193
f 2178 2209 2210 2213
f 2211 2179 2178 2213
f 2184 2181 2180 2182
f 2181 2184 2185 2186
f 2215 2199 2181 2186
f 2182 2183 2613 2184
f 2183 2194 2622 2613
f 2185 2613 2614 2660
f 2661 2186 2185 2660
f 2663 2215 2186 2661
f 2188 2189 2197 2190
f 2198 2197 2189 2202
f 2195 2192 2190 2197
f 2196 2194 2193 2195
f 2194 2196 2623 2622
f 2195 2197 2198 2196
f 2198 2202 2203 2205
f 2216 2200 2199 2215
f 2206 2204 2200 2216
f 2203 2202 2201 2204
f 2203 2204 2206 2207
f 2208 2205 2203 2207
f 2626 2207 2206 2665
f 2206 2216 2664 2665
f 2625 2208 2207 2626
f 2624 2623 2208 2625
f 2664 2216 2215 2663
f 2217 2218 2225 2221
f 2228 2218 2217 2223
f 2234 2225 2218 2235
f 2218 2228 2236 2235
f 2219 2221 2225 2224
f 2226 2220 2219 2224
f 2228 2223 2222 2227
f 2233 2226 2224 2232
f 2224 2225 2234 2232
f 2236 2228 2227 2237
f 2253 2240 2230 2231
f 2232 2234 2243 2242
f 2244 2233 2232 2242
f 2234 2235 2239 2243
f 2235 2236 2241 2238
f 2238 2241 2267 2264
f 2287 2239 2238 2264
f 2282 2243 2239 2280
f 2240 2253 2256 2263
f 2281 2244 2242 2279
f 2242 2243 2282 2279
f 2251 2247 2245 2248
f 2461 2458 2246 2460
f 2249 2458 2461 2487
f 2488 2250 2249 2487
f 2324 2316 2250 2488
f 2376 2374 2252 2377
f 2271 2255 2254 2270
f 2272 2256 2255 2271
f 2273 2263 2256 2272
f 2261 2258 2257 2260
f 2275 2270 2259 2274
f 2259 2262 2298 2274
f 2295 2261 2260 2294
f 2298 2262 2261 2295
f 2264 2267 2268 2288
f 2277 2269 2265 2273
f 2370 2290 2268 2365
f 2269 2277 2369 2301
f 2276 2271 2270 2275
f 2278 2272 2271 2276
f 2277 2273 2272 2278
f 2274 2298 2303 2304
f 2306 2275 2274 2304
f 2305 2276 2275 2306
f 2338 2278 2276 2305
f 2277 2278 2338 2369
f 2279 2285 2283 2281
f 2284 2285 2279 2282
f 2280 2287 2288 2286
f 2424 2284 2280 2286
f 2286 2288 2289 2291
f 2286 2291 2426 2424
f 2289 2290 2431 2291
f 2290 2370 2438 2431
f 2432 2426 2291 2431
f 2300 2293 2292 2302
f 2299 2295 2294 2302
f 2303 2298 2295 2299
f 2299 2302 2307 2308
f 2310 2303 2299 2308
f 2382 2367 2301 2369
f 2311 2304 2303 2310
f 2344 2306 2304 2311
f 2305 2306 2344 2345
f 2381 2338 2305 2345
f 2325 2308 2307 2309
f 2326 2310 2308 2325
f 2309 2322 2319 2325
f 2329 2311 2310 2326
f 2311 2329 2355 2344
f 2313 2321 2327 2319
f 2373 2323 2316 2324
f 2317 2485 2605 2318
f 2318 2605 2607 2610
f 2326 2325 2319 2327
f 2328 2327 2321 2330
f 2377 2373 2324 2639
f 2324 2488 2545 2639
f 2326 2327 2328 2329
f 2328 2331 2401 2355
f 2635 2401 2331 2611
f 2332 2333 2336 2335
f 2342 2334 2332 2335
f 2333 2334 2342 2336
f 2335 2336 2337 2340
f 2335 2340 2343 2342
f 2343 2337 2336 2342
f 2347 2339 2337 2343
f 2382 2369 2338 2381
f 2339 2378 2380 2393
f 2339 2347 2384 2378
f 2415 2341 2339 2393
f 2348 2343 2341 2349
f 2362 2349 2341 2354
f 2414 2359 2341 2415
f 2356 2345 2344 2355
f 2345 2356 2399 2381
f 2347 2348 2346 2385
f 2346 2348 2349 2363
f 2386 2384 2347 2385
f 2349 2362 2364 2363
f 2361 2354 2350 2353
f 2353 2357 2358 2361
f 2402 2356 2355 2401
f 2403 2399 2356 2402
f 2358 2359 2408 2361
f 2359 2360 2412 2408
f 2406 2404 2360 2422
f 2360 2404 2413 2412
f 2407 2364 2362 2408
f 2365 2368 2371 2370
f 2400 2372 2367 2382
f 2368 2374 2376 2371
f 2370 2371 2439 2438
f 2371 2376 2440 2439
f 2405 2375 2372 2400
f 2375 2405 2636 2634
f 2447 2440 2377 2441
f 2389 2380 2379 2383
f 2392 2393 2380 2389
f 2400 2382 2381 2399
f 2392 2389 2386 2390
f 2390 2391 2397 2392
f 2391 2410 2411 2423
f 2394 2393 2392 2397
f 2394 2397 2398 2395
f 2416 2415 2394 2395
f 2395 2396 2417 2416
f 2444 2396 2395 2398
f 2398 2423 2415 2416
f 2398 2416 2417 2444
f 2405 2400 2399 2403
f 2648 2402 2401 2635
f 2649 2403 2402 2648
f 2636 2405 2403 2649
f 2653 2413 2404 2652
f 2404 2406 2655 2652
f 2406 2422 2412 2413
f 2406 2413 2653 2655
f 2407 2408 2412 2409
f 2409 2412 2411 2410
f 2411 2414 2415 2423
f 2422 2414 2411 2412
f 2417 2418 2419 2444
f 2421 2418 2417 2446
f 2446 2444 2419 2421
f 2427 2429 2434 2433
f 2434 2429 2428 2435
f 2428 2430 2436 2435
f 2430 2432 2437 2436
f 2442 2432 2431 2438
f 2448 2437 2432 2442
f 2433 2434 4226 4225
f 2434 2435 4227 4226
f 2435 2436 4228 4227
f 2436 2437 4233 4228
f 2437 2448 4245 4233
f 2438 2439 2445 2442
f 2439 2440 2447 2445
f 2450 2447 2441 2451
f 2441 2752 2754 2770
f 2442 2445 2449 2448
f 2445 2447 2450 2449
f 2448 2449 4246 4245
f 2449 2450 4249 4246
f 2450 2451 4250 4249
f 2451 2771 2778 2780
f 2784 2454 2452 2780
f 2452 2454 4253 4251
f 2453 2454 2784 2783
f 4253 2454 2453 4244
f 2455 2457 2456 2459
f 2519 2461 2460 2517
f 2537 2487 2461 2519
f 2476 2469 2467 2475
f 2468 2469 2480 2498
f 2499 2491 2468 2498
f 2469 2476 2477 2478
f 2469 2478 2479 2480
f 2494 2474 2470 2527
f 2473 2472 2471 2481
f 2471 2478 2477 2481
f 2479 2478 2471 2562
f 2471 2472 2563 2562
f 2579 2563 2472 2578
f 2473 2481 2482 2525
f 2526 2524 2473 2525
f 2496 2475 2474 2494
f 2483 2476 2475 2496
f 2482 2481 2477 2483
f 2479 2562 2482 2483
f 2496 2498 2480 2483
f 2482 2562 2563 2525
f 2605 2485 2484 2486
f 2607 2605 2486 2606
f 2545 2488 2487 2537
f 2493 2492 2489 2508
f 2490 2491 2502 2501
f 2491 2499 2506 2505
f 2501 2496 2494 2500
f 2508 2500 2494 2495
f 2512 2511 2495 2644
f 2495 2539 2643 2644
f 2499 2498 2496 2497
f 2496 2501 2502 2497
f 2497 2503 2504 2507
f 2572 2506 2497 2507
f 2503 2505 2509 2504
f 2510 2511 2504 2509
f 2504 2511 2512 2507
f 2505 2506 2572 2509
f 2507 2512 2575 2572
f 2575 2510 2509 2572
f 2513 2511 2510 2617
f 2510 2577 2618 2617
f 2512 2644 2618 2577
f 2615 2616 2513 2617
f 2520 2518 2516 2521
f 2532 2521 2516 2529
f 2517 2518 2520 2519
f 2519 2520 2536 2537
f 2520 2521 2538 2536
f 2521 2532 2548 2538
f 2522 2523 2549 2542
f 2708 2549 2523 2696
f 2532 2529 2528 2533
f 2528 2530 2534 2533
f 2530 2531 2535 2534
f 2531 2695 2541 2535
f 2532 2533 2551 2548
f 2533 2534 2553 2551
f 2534 2535 2552 2553
f 2545 2537 2536 2540
f 2536 2538 2546 2540
f 2554 2546 2538 2548
f 2539 2633 2638 2647
f 2639 2545 2540 2640
f 2540 2546 2641 2640
f 2541 2547 2714 2552
f 2544 2543 2542 2550
f 2542 2549 2709 2550
f 2546 2554 2760 2641
f 2547 2715 2755 2749
f 2548 2551 2556 2554
f 2549 2708 2710 2709
f 2551 2553 2555 2556
f 2555 2553 2552 2714
f 2554 2556 2761 2760
f 2761 2556 2555 2763
f 2555 2714 2762 2763
f 2557 2558 2561 2560
f 2558 2570 2571 2561
f 2559 2560 2564 2565
f 2559 2565 2573 2571
f 2560 2561 2567 2564
f 2573 2567 2561 2571
f 2568 2565 2564 2566
f 2580 2566 2564 2567
f 2565 2568 2574 2573
f 2569 2568 2566 2581
f 2566 2580 2587 2581
f 2567 2573 2574 2580
f 2568 2569 2586 2574
f 2569 2581 2582 2588
f 2590 2586 2569 2588
f 2587 2580 2574 2586
f 2591 2582 2581 2587
f 2589 2588 2582 2583
f 2593 2583 2582 2591
f 2583 2584 2594 2589
f 2596 2584 2583 2593
f 2597 2585 2584 2596
f 2584 2585 2599 2594
f 2585 2597 2601 2600
f 2602 2599 2585 2600
f 2591 2587 2586 2590
f 2588 2589 2592 2590
f 2595 2592 2589 2594
f 2593 2591 2590 2592
f 2596 2593 2592 2595
f 2598 2595 2594 2599
f 2597 2596 2595 2598
f 2597 2598 2604 2601
f 2598 2599 2602 2604
f 2611 2610 2607 2609
f 2637 2609 2608 2619
f 2635 2611 2609 2637
f 2612 2637 2619 2620
f 2635 2637 2612 2648
f 2612 2620 2646 2656
f 2649 2648 2612 2656
f 2627 2614 2613 2622
f 2614 2627 2629 2628
f 2662 2660 2614 2628
f 2615 2617 2618 2645
f 2619 2616 2615 2620
f 2646 2620 2615 2645
f 2618 2644 2643 2645
f 2622 2623 2624 2627
f 2629 2627 2624 2632
f 2624 2625 2630 2632
f 2625 2626 2631 2630
f 2626 2665 2671 2631
f 2628 2629 2658 2657
f 2628 2657 2673 2662
f 2629 2632 2659 2658
f 2659 2632 2630 2679
f 2631 2671 2672 2679
f 2633 2634 2636 2638
f 2636 2649 2656 2638
f 2646 2647 2638 2656
f 2639 2640 2642 2747
f 2640 2641 2748 2642
f 2751 2748 2641 2760
f 2752 2747 2642 2754
f 2642 2748 2753 2754
f 2646 2645 2643 2647
f 2653 2652 2650 2654
f 2650 2652 2655 2651
f 2651 2655 2653 2654
f 2676 2673 2657 2675
f 2657 2658 2677 2675
f 2658 2659 2680 2677
f 2659 2679 2681 2680
f 2666 2661 2660 2662
f 2667 2663 2661 2666
f 2668 2664 2663 2667
f 2671 2665 2664 2668
f 2666 2673 2669 2667
f 2670 2668 2667 2669
f 2672 2671 2668 2670
f 2674 2676 2678 2682
f 2683 2681 2674 2682
f 2684 2682 2678 2687
f 2678 2685 2686 2687
f 2690 2683 2682 2684
f 2689 2685 2683 2690
f 2684 2687 2688 2691
f 2693 2690 2684 2691
f 2688 2687 2686 2692
f 2689 2690 2693 2692
f 2696 2698 2702 2704
f 2702 2698 2697 2700
f 2707 2700 2699 2701
f 2726 2701 2699 2718
f 2705 2702 2700 2707
f 2706 2704 2702 2705
f 2742 2713 2703 2737
f 2704 2706 2712 2711
f 2708 2711 2712 2710
f 2744 2715 2713 2742
f 2715 2744 2785 2777
f 2719 2718 2716 2720
f 2716 2717 2721 2720
f 2718 2719 2733 2726
f 2736 2733 2719 2734
f 2721 2722 2723 2735
f 2736 2734 2721 2735
f 2722 2727 2730 2723
f 2739 2737 2725 2738
f 2727 2729 2731 2730
f 2728 2732 2741 2740
f 2741 2731 2729 2740
f 2737 2739 2743 2742
f 2745 2746 2786 2785
f 4571 2786 2746 4572
f 2748 2751 2758 2753
f 2750 2757 2769 2766
f 2751 2760 2761 2764
f 2767 2758 2751 2764
f 2770 2754 2753 2771
f 2769 2757 2756 2775
f 2756 2774 2781 2775
f 2772 2759 2758 2767
f 2759 2772 2779 2778
f 2761 2763 2765 2764
f 2765 2763 2762 2766
f 2764 2765 2768 2767
f 2765 2766 2769 2768
f 2767 2768 2773 2772
f 2768 2769 2775 2773
f 2772 2773 2782 2779
f 2773 2775 2781 2782
f 2774 2776 4530 4529
f 2776 2777 4534 4530
f 2777 2786 4571 4534
f 2784 2780 2779 2782
f 2781 2783 2784 2782
f 2787 2789 2792 2791
f 2790 2791 2811 2810
f 2791 2792 2832 2811
f 2796 2798 2793 2800
f 2794 2798 2797 2840
f 2802 2798 2796 2801
f 2797 2798 2802 2803
f 2852 2840 2797 2853
f 2797 2803 2854 2853
f 2816 2805 2804 2817
f 2804 2812 2821 2817
f 2809 2808 2807 2810
f 2810 2811 2813 2812
f 2841 2813 2811 2832
f 2812 2813 2825 2821
f 2826 2825 2813 2845
f 2835 2834 2814 2842
f 2814 2834 2839 2844
f 2814 2843 2841 2842
f 2847 2815 2814 2844
f 2858 2846 2815 2859
f 2815 2847 2860 2859
f 2816 2817 2820 2819
f 2828 2820 2817 2821
f 2819 2820 3025 3024
f 3028 3025 2820 3029
f 2820 2824 3030 3029
f 2821 2825 2827 2828
f 2822 2823 3035 3036
f 2823 2852 2856 2867
f 2823 2867 3077 3035
f 2824 2828 2829 3033
f 3032 3030 2824 3033
f 2825 2826 2830 2827
f 2829 2828 2827 2831
f 2827 2830 2866 2831
f 2831 2866 3053 3046
f 2833 2834 2835 2837
f 2839 2834 2833 2838
f 2848 2872 2874 2873
f 2848 2902 2903 2908
f 2909 2872 2848 2908
f 2848 2873 2914 2902
f 2849 2869 2868 2875
f 2872 2850 2849 2875
f 2849 2850 2880 2876
f 3064 2869 2849 2876
f 2850 2851 2882 2880
f 2932 2882 2851 2931
f 2852 2853 2855 2856
f 2853 2854 2857 2855
f 2855 2857 2920 2919
f 2933 2856 2855 2919
f 2879 2867 2856 2933
f 2863 2861 2859 2862
f 2859 2860 2864 2862
f 2867 2879 3086 3077
f 2878 2875 2868 2870
f 2868 2869 3055 3054
f 3056 2870 2868 3054
f 3065 3055 2869 3064
f 2877 2878 2870 3066
f 2870 3056 3067 3066
f 3069 3044 2871 3068
f 2872 2875 2878 2874
f 2873 2915 2917 2929
f 2918 2914 2873 2929
f 2881 2877 2876 2880
f 3066 3064 2876 2877
f 2879 2933 2936 3168
f 3169 3086 2879 3168
f 2883 2881 2880 2882
f 2883 2932 3131 3132
f 2885 2887 2890 2889
f 2891 2887 2886 2888
f 2921 2890 2887 2891
f 2894 2891 2888 2893
f 2889 2890 2911 2910
f 2892 2894 2895 2924
f 2925 2922 2892 2924
f 2897 2894 2893 2896
f 2898 2895 2894 2897
f 2900 2897 2896 2899
f 2901 2898 2897 2900
f 2898 2901 2978 2944
f 3279 2900 2899 2977
f 3284 2901 2900 3279
f 3285 2978 2901 3284
f 2904 2903 2902 2905
f 2916 2905 2902 2914
f 2903 2904 2906 2918
f 2929 2908 2903 2918
f 2914 2918 2906 2916
f 2930 2909 2908 2929
f 2910 2911 2912 2913
f 2915 2913 2912 2917
f 2937 2917 2912 2928
f 2919 2920 2979 2936
f 2922 2925 2927 2926
f 2928 2923 2922 2926
f 2926 2927 2947 2946
f 2948 2928 2926 2946
f 3130 2931 2930 2935
f 3131 2932 2931 3130
f 3140 2935 2934 3139
f 2936 2979 2980 2989
f 3200 3168 2936 2989
f 2937 2948 2950 2957
f 2938 2940 2939 3141
f 3138 3140 2938 3141
f 2939 2940 2968 2969
f 2970 2941 2939 2969
f 3146 3141 2939 2941
f 3147 3146 2941 3194
f 2953 2945 2943 2958
f 2982 2955 2944 2978
f 2945 2953 2952 2954
f 2962 2960 2945 2955
f 2946 2947 2949 2951
f 2950 2948 2946 2951
f 2952 2951 2949 2954
f 2950 2951 2952 2956
f 2952 2953 2961 2956
f 2953 2958 2959 2961
f 2957 2964 2985 2986
f 2957 2986 2991 2987
f 2959 2960 2962 2963
f 2964 2961 2959 2963
f 2984 2963 2962 2983
f 2985 2964 2963 2984
f 2965 2966 2972 2971
f 2988 2972 2966 2975
f 2990 2975 2966 2976
f 2971 2968 2967 2987
f 2972 2969 2968 2971
f 2988 2970 2969 2972
f 2974 2987 2991 2993
f 2992 2976 2974 2993
f 2994 2990 2976 2992
f 3281 3279 2977 3280
f 3322 2982 2978 3285
f 3001 2989 2980 2981
f 4028 3001 2981 4024
f 3318 2983 2982 3322
f 3319 2984 2983 3318
f 3320 2985 2984 3319
f 2986 3321 3325 3323
f 3329 2991 2986 3323
f 2988 2990 2994 2995
f 3195 3194 2988 2995
f 2989 3001 3182 3200
f 2992 2993 3327 3326
f 3328 2994 2992 3326
f 2995 2996 3202 3195
f 2996 3005 3228 3202
f 3343 3342 2997 3348
f 2997 3342 3346 4080
f 2998 3000 3350 3348
f 4093 3000 2998 4090
f 3350 3000 2999 3349
f 2999 3007 3354 3349
f 2999 3000 4093 4091
f 4036 3182 3001 4028
f 3018 3003 3002 3004
f 4204 3004 3002 3231
f 3017 3018 3004 3234
f 3232 3234 3004 4204
f 3023 3017 3005 3021
f 3005 3017 3233 3228
f 3019 3007 3006 3011
f 3006 3007 4084 4096
f 4095 4094 3006 4096
f 3008 3019 3011 3009
f 3008 3009 3022 3020
f 3008 3020 3355 3353
f 3015 3016 3018 3017
f 3023 3021 3020 3022
f 3020 3021 3359 3355
f 3027 3026 3024 3025
f 3031 3027 3025 3028
f 3032 3033 3046 3034
f 3034 3046 3051 3047
f 3091 3036 3035 3093
f 3035 3077 3101 3093
f 3039 3038 3037 3041
f 3042 3041 3037 3078
f 3037 3038 3049 3050
f 3037 3050 3079 3078
f 3063 3045 3044 3062
f 3073 3062 3044 3069
f 3072 3051 3046 3053
f 3052 3048 3047 3051
f 3050 3049 3048 3052
f 3050 3052 3085 3079
f 3085 3052 3051 3072
f 3054 3055 3058 3057
f 3061 3056 3054 3057
f 3059 3058 3055 3065
f 3059 3065 3067 3061
f 3062 3073 3075 3083
f 3080 3063 3062 3083
f 3067 3065 3064 3066
f 3071 3069 3068 3070
f 3069 3071 3074 3073
f 3073 3074 3076 3075
f 3089 3083 3075 3151
f 3075 3076 3150 3151
f 3082 3081 3080 3084
f 3081 3082 3105 3102
f 3082 3084 3087 3088
f 3082 3088 3106 3105
f 3089 3151 3152 3155
f 3154 3090 3089 3155
f 3094 3092 3091 3093
f 3092 3094 3097 3095
f 3104 3094 3093 3101
f 3121 3098 3094 3104
f 3099 3361 3095 3097
f 3099 3097 3096 3100
f 3096 3098 3120 3100
f 3366 3365 3099 3383
f 3099 3100 3382 3383
f 3100 3120 3122 3382
f 3102 3105 3108 3107
f 3105 3106 3109 3108
f 3107 3108 3111 3112
f 3108 3109 3113 3111
f 3111 3113 3253 3156
f 3254 3112 3111 3156
f 3117 3115 3114 3118
f 3114 3116 3119 3118
f 3124 3121 3117 3118
f 3126 3124 3118 3119
f 3120 3121 3123 3122
f 3125 3123 3121 3124
f 3384 3382 3122 3385
f 3123 3125 3390 3385
f 3124 3126 3127 3125
f 3125 3127 3129 3160
f 3134 3131 3130 3133
f 3135 3132 3131 3134
f 3136 3137 3144 3143
f 3137 3138 3142 3144
f 3138 3141 3146 3142
f 3143 3144 3149 3148
f 3144 3145 3147 3149
f 3197 3149 3147 3196
f 3148 3149 3197 3173
f 3152 3151 3150 3153
f 3152 3153 3172 3171
f 3175 3155 3152 3171
f 3154 3155 3175 3170
f 3154 3170 3252 3251
f 3156 3253 3255 3256
f 3260 3254 3156 3256
f 3158 3159 3167 3162
f 3158 3163 3262 3259
f 3263 3167 3159 3259
f 3160 3161 3165 3166
f 3394 3390 3160 3536
f 3160 3166 3537 3536
f 3166 3265 3547 3537
f 3264 3265 3167 3263
f 3176 3169 3168 3200
f 3170 3175 3180 3179
f 3170 3179 3257 3252
f 3171 3172 3178 3177
f 3180 3175 3171 3177
f 3214 3174 3173 3213
f 3181 3177 3174 3218
f 3174 3214 3217 3218
f 3177 3178 3184 3241
f 3179 3180 3222 3258
f 3181 3218 3220 3219
f 3183 3200 3182 3187
f 4197 3187 3182 4158
f 3242 3241 3184 3185
f 3185 3188 3190 3242
f 3186 3258 3222 3246
f 3250 3192 3186 3246
f 3257 3258 3186 3269
f 4202 3190 3188 4201
f 3189 3243 3244 3249
f 3189 3237 4205 4189
f 3250 3242 3190 3193
f 4203 3193 3190 4202
f 3191 3192 3250 3193
f 3269 3192 3191 3273
f 3191 3193 4203 4198
f 4206 3273 3191 4198
f 3194 3195 3198 3196
f 3201 3198 3195 3202
f 3199 3197 3196 3198
f 3207 3199 3198 3206
f 3199 3207 3209 3208
f 3215 3213 3199 3208
f 3201 3204 3203 3206
f 3205 3204 3201 3238
f 3201 3202 3228 3229
f 3207 3206 3203 3210
f 3205 3238 3240 3212
f 3211 3209 3207 3210
f 3208 3209 3240 3239
f 3208 3239 3249 3215
f 3209 3211 3212 3240
f 3216 3214 3213 3215
f 3214 3216 3224 3217
f 3215 3249 3244 3216
f 3248 3224 3216 3244
f 3220 3218 3217 3225
f 3217 3224 3226 3225
f 3220 3225 3276 3221
f 3223 3227 3248 3245
f 3227 3226 3224 3248
f 3235 3229 3228 3233
f 3229 3235 3237 3239
f 3240 3238 3229 3239
f 4179 3231 3230 4178
f 3231 4179 4180 4204
f 3236 3233 3232 4182
f 3232 4204 4180 4182
f 4205 3237 3235 3236
f 3236 4183 4190 4205
f 3241 3242 3250 3246
f 3270 3255 3252 3257
f 3266 3256 3255 3271
f 3267 3260 3256 3266
f 3257 3269 3272 3270
f 3555 3265 3264 3268
f 3556 3547 3265 3555
f 3266 3271 3274 3277
f 3278 3267 3266 3277
f 3574 3268 3267 3278
f 3576 3555 3268 3574
f 3275 3272 3269 3273
f 3274 3271 3270 3272
f 4211 3274 3272 3275
f 4207 3275 3273 4206
f 4219 3277 3274 4211
f 3275 4207 4210 4211
f 4220 3278 3277 4219
f 3279 3281 3282 3284
f 3296 3281 3280 3295
f 3299 3282 3281 3296
f 3285 3284 3282 3283
f 3309 3285 3283 3303
f 3285 3309 3286 3322
f 3291 3288 3286 3312
f 3286 3310 3313 3312
f 3318 3322 3286 3288
f 3346 3342 3286 3309
f 3287 3288 3291 3292
f 3293 3289 3287 3292
f 3318 3288 3287 3319
f 3320 3319 3287 3289
f 3321 3320 3289 3290
f 3325 3321 3290 3324
f 3297 3298 3302 3301
f 3307 3298 3297 3305
f 3299 3302 3298 3304
f 3306 3304 3298 3307
f 4222 3307 3305 4023
f 3306 3307 4222 4223
f 3310 3311 3314 3313
f 3347 3311 3310 3343
f 3311 3352 3315 3314
f 3344 3352 3311 3347
f 3323 3325 3345 3354
f 3345 3325 3324 3351
f 3331 3328 3326 3330
f 3326 3327 3332 3330
f 3333 3332 3329 3334
f 3335 3334 3329 3356
f 3330 3332 3333 3338
f 3335 3356 3358 3339
f 3359 3337 3336 3357
f 3343 3348 3350 3347
f 3350 3349 3344 3347
f 3344 3345 3351 3352
f 4081 4080 3346 4223
f 3353 3355 3358 3356
f 3355 3359 3357 3358
f 3364 3363 3362 3365
f 3363 3364 3373 3372
f 3370 3368 3366 3371
f 3367 3368 3370 3369
f 3370 3371 3387 3386
f 3371 3383 3388 3387
f 3378 3375 3373 3376
f 3375 3378 3408 3401
f 3376 3377 3386 3379
f 3378 3395 3420 3408
f 3379 3386 3389 3380
f 3379 3380 3534 3381
f 3420 3395 3381 3396
f 3540 3396 3381 3534
f 3388 3383 3382 3384
f 3384 3392 3389 3388
f 3384 3390 3391 3392
f 3386 3387 3388 3389
f 3393 3391 3390 3394
f 3393 3394 3538 3535
f 3428 3420 3396 3544
f 3396 3540 3541 3544
f 3404 3399 3398 3406
f 3398 3402 3407 3406
f 3410 3402 3400 3409
f 3400 3401 3411 3409
f 3416 3415 3403 3417
f 3403 3405 3433 3418
f 3404 3406 3432 3430
f 3406 3407 3431 3432
f 3408 3420 3428 3424
f 3409 3411 3412 3414
f 3413 3410 3409 3414
f 3410 3413 3453 3431
f 3423 3414 3412 3422
f 3413 3414 3423 3427
f 3416 3417 3445 3444
f 3418 3433 3434 3438
f 3419 3444 3734 3733
f 3423 3422 3421 3425
f 3429 3426 3424 3428
f 3490 3427 3425 3426
f 3427 3490 3491 3500
f 3498 3495 3427 3501
f 3428 3544 3545 3429
f 3591 3494 3429 3545
f 3430 3432 3454 3436
f 3454 3432 3431 3453
f 3434 3436 3437 3435
f 3439 3438 3434 3435
f 3455 3437 3436 3456
f 3436 3454 3459 3456
f 3442 3440 3439 3441
f 3440 3442 3443 3446
f 3443 3456 3457 3468
f 3467 3446 3443 3468
f 3444 3445 3473 3734
f 3755 3449 3447 3752
f 3448 3450 3452 3487
f 3451 3450 3449 3477
f 3756 3477 3449 3755
f 3450 3451 3489 3452
f 3770 3487 3452 3771
f 3452 3489 3772 3771
f 3466 3457 3456 3459
f 3469 3468 3457 3470
f 3457 3466 3475 3470
f 3497 3464 3463 3496
f 3499 3466 3464 3497
f 3466 3499 3504 3502
f 3506 3475 3466 3502
f 3467 3468 3469 3474
f 3476 3474 3469 3472
f 3479 3471 3470 3475
f 3761 3488 3477 3756
f 3484 3482 3480 3485
f 3480 3506 3507 3485
f 3486 3483 3482 3484
f 3483 3486 3751 3748
f 3751 3486 3485 3507
f 3772 3489 3488 3798
f 3797 3529 3488 3794
f 3512 3500 3491 3492
f 3492 3493 3515 3512
f 3592 3518 3494 3591
f 3497 3496 3495 3498
f 3504 3499 3498 3505
f 3498 3501 3514 3505
f 3501 3512 3513 3514
f 3502 3504 3508 3509
f 3510 3506 3502 3509
f 3503 3520 3783 3784
f 3511 3507 3506 3510
f 3507 3511 3791 3751
f 3528 3509 3508 3526
f 3527 3510 3509 3528
f 3530 3511 3510 3527
f 3511 3530 3792 3791
f 3513 3515 3517 3516
f 3523 3514 3513 3516
f 3514 3523 3525 3524
f 3518 3592 3593 3616
f 3522 3520 3519 3521
f 3835 3521 3519 3834
f 3520 3522 3787 3783
f 3607 3522 3521 3608
f 3837 3608 3521 3835
f 3834 3787 3522 3835
f 3522 3831 3837 3835
f 3532 3526 3524 3646
f 3524 3525 3644 3646
f 3533 3528 3526 3532
f 3531 3530 3527 3786
f 3527 3528 3533 3786
f 3799 3798 3529 4475
f 3529 3797 3807 4475
f 3800 3792 3531 3801
f 3532 3646 3648 3650
f 3649 3533 3532 3650
f 3534 3535 3539 3540
f 3542 3539 3538 3548
f 3541 3540 3539 3542
f 3545 3544 3541 3543
f 3541 3542 3549 3543
f 3542 3548 3551 3549
f 3543 3550 3598 3594
f 3550 3553 3563 3598
f 3563 3553 3552 3587
f 4275 4271 3554 4283
f 3575 3556 3555 3576
f 3565 3560 3557 3562
f 3667 3562 3557 3600
f 3558 3560 3561 3559
f 3596 3600 3558 3559
f 3559 3561 3570 3665
f 3664 3596 3559 3665
f 3567 3561 3560 3566
f 3560 3565 3572 3566
f 3561 3567 3568 3570
f 3571 3565 3562 3668
f 3562 3667 3669 3668
f 3563 3587 3588 3564
f 3599 3598 3563 3564
f 3602 3599 3564 3642
f 3565 3571 3569 3572
f 3571 3570 3568 3569
f 3668 3665 3570 3571
f 3684 3671 3573 3687
f 3581 3576 3574 3579
f 3575 3576 3581 3580
f 3586 3578 3577 3585
f 3588 3587 3577 3578
f 3578 4283 3590 3588
f 3583 3581 3579 3582
f 3581 3583 3584 3585
f 4273 3583 3582 4272
f 4274 3584 3583 4273
f 4275 4283 3586 4281
f 3595 3592 3591 3594
f 3602 3593 3592 3595
f 3593 3602 3642 3645
f 3594 3598 3599 3595
f 3601 3600 3596 3597
f 3676 3597 3596 3664
f 3629 3601 3597 3630
f 3631 3630 3597 3676
f 3600 3601 3603 3667
f 3643 3603 3601 3629
f 3603 3643 3633 3678
f 3669 3667 3603 3678
f 3604 3605 3610 3606
f 3613 3609 3606 3610
f 3606 3609 3619 3618
f 3607 3608 3609 3613
f 3607 3613 3614 3615
f 3698 3619 3609 3837
f 3610 3612 3614 3613
f 3612 3621 3623 3622
f 3832 3831 3615 3833
f 3617 3635 3634 3636
f 3617 3636 3840 3841
f 3875 3662 3617 3841
f 3618 3619 3623 3621
f 3619 3620 3626 3623
f 3697 3620 3619 3698
f 3691 3626 3620 3692
f 3696 3692 3620 3697
f 3622 3623 3625 3624
f 3624 3625 3627 3628
f 3626 3691 3696 3697
f 3627 3698 3701 3850
f 3849 3628 3627 3850
f 3629 3630 3634 3635
f 3629 3635 3662 3643
f 3630 3631 3639 3634
f 3631 3632 3640 3639
f 3631 3676 3677 3632
f 3632 3633 3641 3640
f 3678 3633 3632 3677
f 3633 3679 3680 3699
f 3702 3641 3633 3699
f 3704 3679 3633 3706
f 3637 3636 3634 3639
f 3636 3637 3851 3840
f 3637 3639 3640 3638
f 3637 3638 3852 3851
f 3638 3640 3641 3663
f 3638 3663 3869 3852
f 3641 3702 3720 3719
f 3648 3646 3644 3647
f 3725 3660 3645 3705
f 3651 3648 3647 3652
f 3649 3650 3651 3653
f 3651 3652 3661 3658
f 3654 3863 3653 3655
f 3653 3658 3661 3655
f 3654 3655 3657 3656
f 3867 3863 3654 3874
f 3654 3656 3872 3874
f 3655 3661 3659 3657
f 3660 3725 3731 3879
f 3663 3719 3721 3869
f 3677 3676 3664 3666
f 3669 3666 3665 3668
f 3678 3677 3666 3669
f 3670 3673 3671 3684
f 3679 3673 3670 3680
f 3670 3674 3681 3680
f 3688 3674 3670 3684
f 3703 3672 3671 3673
f 3707 3686 3672 3703
f 3673 3679 3704 3703
f 3674 3675 3682 3681
f 3685 3675 3674 3688
f 3710 3682 3675 3690
f 3700 3699 3680 3681
f 3681 3682 3715 3700
f 3685 3686 3707 3689
f 3708 3690 3689 3707
f 3690 3708 3709 3710
f 3691 3692 3693 3694
f 3691 3694 3695 3696
f 3695 3693 3692 3696
f 3698 3837 3838 3854
f 3699 3700 3716 3702
f 3700 3715 3717 3716
f 3702 3716 3722 3720
f 3703 3704 3708 3707
f 3704 3706 3709 3708
f 3711 3709 3706 3724
f 3712 3710 3709 3711
f 3713 3712 3711 3714
f 4875 3714 3711 4299
f 3713 3714 3938 3942
f 3943 3727 3713 3942
f 3944 3938 3714 4875
f 3716 3717 3718 3722
f 3723 3722 3718 3729
f 3718 3726 3727 3729
f 3719 3720 3910 3721
f 3720 3722 3723 3910
f 3723 3729 3730 3728
f 3916 3910 3723 3728
f 3730 3729 3727 3960
f 3728 3730 3732 3963
f 3964 3916 3728 3963
f 3730 3960 3961 3732
f 4618 3879 3731 4300
f 3740 3735 3734 3746
f 3738 3737 3735 3740
f 3739 3741 3737 3738
f 3769 3762 3739 3763
f 3755 3752 3740 3747
f 3766 3764 3742 3765
f 3742 3745 3767 3765
f 3757 3754 3743 3758
f 3743 3753 3759 3758
f 3745 3764 3766 3767
f 3750 3747 3746 3749
f 3756 3755 3747 3750
f 3780 3749 3748 3781
f 3748 3751 3791 3781
f 3782 3750 3749 3780
f 3761 3756 3750 3782
f 3753 3754 3757 3759
f 3761 3782 3796 3794
f 3770 3771 3774 3773
f 3771 3772 3775 3774
f 3773 3774 3777 3776
f 3774 3775 3813 3777
f 3775 3798 3799 3813
f 3776 3777 3814 3778
f 3777 3813 3816 3814
f 3815 3779 3778 3814
f 3779 3815 3823 3824
f 3780 3781 3793 3795
f 3796 3782 3780 3795
f 3781 3791 3792 3793
f 3785 3784 3783 3788
f 3784 3785 3836 3834
f 3785 3788 3790 3789
f 3801 3786 3785 3789
f 3790 3788 3787 3842
f 3810 3801 3789 3819
f 3789 3790 3882 3819
f 3790 3842 3864 3882
f 3804 3793 3792 3800
f 3803 3795 3793 3804
f 3794 3796 3802 3797
f 3802 3796 3795 3803
f 3797 3802 3806 3807
f 3816 3813 3799 3818
f 3799 4485 4517 4500
f 3799 4475 4597 4485
f 3808 3804 3800 3809
f 3800 3801 3810 3809
f 3802 3803 3805 3806
f 3803 3804 3808 3805
f 3820 3806 3805 3868
f 3821 3807 3806 3820
f 3808 3809 3812 3868
f 3809 3810 3811 3812
f 3884 4475 3810 3819
f 3823 3815 3814 3816
f 3817 3818 4500 4498
f 3819 3882 3885 3884
f 3826 3823 3822 4501
f 3822 4477 4479 4481
f 3822 4481 4505 4501
f 3825 3824 3823 3826
f 3825 3826 3827 3828
f 3826 4501 4504 3827
f 3829 3828 3827 3830
f 4512 3830 3827 4504
f 3829 3830 4513 4511
f 3830 4512 4514 4513
f 3831 3832 3838 3837
f 3839 3838 3832 3847
f 3832 3833 3846 3847
f 3839 3847 3855 3843
f 3839 3843 3860 3853
f 3840 3851 3856 3857
f 3866 3841 3840 3857
f 3841 3866 3876 3875
f 3842 3862 3865 3864
f 3843 3855 3859 3858
f 3843 3858 3861 3860
f 3847 3846 3845 3848
f 3845 3849 3850 3848
f 3854 3853 3847 3848
f 3847 3853 3860 3855
f 3903 3854 3848 3902
f 3851 3852 3871 3856
f 3852 3869 3870 3871
f 3861 3859 3855 3860
f 3888 3857 3856 3892
f 3856 3871 3889 3892
f 3883 3866 3857 3888
f 3858 3859 3891 3890
f 3893 3861 3858 3890
f 3859 3861 3893 3891
f 3862 3863 3867 3865
f 3885 3882 3864 3886
f 3864 3865 3887 3886
f 3865 3867 3877 3887
f 3880 3876 3866 3883
f 3867 3874 3878 3877
f 3889 3871 3870 3881
f 3870 3909 3915 3881
f 3878 3874 3872 4577
f 3877 3878 4581 4578
f 4586 3887 3877 4578
f 3878 4577 4579 4581
f 4579 4577 3879 4618
f 3880 3883 3895 3897
f 3880 3881 3898 4580
f 3883 3888 3899 3895
f 3884 3885 4588 4587
f 3885 3886 4585 4588
f 3886 3887 4586 4585
f 3888 3892 3896 3899
f 3896 3892 3889 3897
f 3895 3899 3901 4593
f 4594 3897 3895 4593
f 3901 3899 3896 3900
f 3896 3897 4594 3900
f 3898 3914 3919 4625
f 4596 4580 3898 4625
f 3900 4594 4627 4626
f 4677 3901 3900 4626
f 4595 4593 3901 4677
f 3906 3903 3902 3905
f 3917 3912 3910 3916
f 3918 3915 3913 4621
f 3914 3915 3918 3919
f 3965 3917 3916 3964
f 3918 4621 4622 4639
f 4640 3919 3918 4639
f 4641 4625 3919 4640
f 3926 3924 3923 3925
f 3930 3925 3923 3927
f 3924 3926 3932 3928
f 3925 3930 3937 3936
f 3939 3926 3925 3936
f 3933 3932 3926 3939
f 3927 3929 3931 3930
f 3931 3929 3928 3932
f 3930 3931 3948 3937
f 3931 3932 3933 3946
f 3933 3939 3941 3949
f 3950 3946 3933 3949
f 3934 4865 4864 4866
f 3934 3935 4867 4865
f 3934 4866 5032 5035
f 5036 3935 3934 5035
f 3935 3971 4897 4867
f 5041 3971 3935 5036
f 3941 3939 3936 3940
f 3936 3937 3952 3940
f 3937 3948 3951 3952
f 3940 3942 3938 3941
f 3943 3942 3940 3952
f 3951 3945 3943 3952
f 3961 3960 3943 3945
f 3944 4875 3956 3953
f 3945 3951 3958 3957
f 3962 3961 3945 3957
f 3954 3950 3949 3953
f 3958 3951 3950 3954
f 3955 3954 3953 3956
f 3954 3955 3959 3958
f 3955 3956 4896 4897
f 3956 4875 4899 4896
f 3957 3958 3959 3966
f 3967 3966 3959 3970
f 3959 4897 3971 3970
f 3967 3963 3962 3966
f 4909 3968 3963 4908
f 3969 3965 3964 3968
f 4876 5046 3965 3969
f 4910 3969 3968 4909
f 3970 3971 5041 4901
f 3976 3975 3972 3977
f 3986 3973 3972 3975
f 3987 3974 3973 3986
f 3976 3977 3974 3987
f 3975 3983 3984 3986
f 3975 3976 5082 3983
f 3976 3987 3988 5082
f 3982 3981 3978 4003
f 3990 3979 3978 3981
f 3999 4000 3978 3979
f 3978 4000 4002 4003
f 3979 3990 3992 4004
f 4001 3999 3979 4004
f 3994 3990 3981 3991
f 3981 3982 5098 3991
f 3982 3992 3998 5098
f 3982 4003 4004 3992
f 3985 3984 3983 5080
f 5083 5080 3983 5082
f 3987 3986 3984 3988
f 5092 3988 3985 3989
f 5083 5082 3988 5092
f 3989 5090 5095 5092
f 3998 3992 3990 3994
f 3995 3993 3991 5097
f 5099 5097 3991 5098
f 3998 3994 3993 3997
f 3993 3995 5101 3997
f 3995 3996 5102 5101
f 3996 5096 5298 5299
f 5312 5102 3996 5299
f 5098 3998 3997 5099
f 5103 5099 3997 5101
f 4003 4002 4001 4004
f 4010 4009 4005 4019
f 4005 4017 4018 4019
f 4008 4007 4006 4141
f 4006 4007 4018 4016
f 4007 4008 4012 4011
f 4019 4018 4007 4011
f 4008 4141 4099 4103
f 4120 4012 4008 4103
f 4009 4010 4048 4047
f 4010 4019 4011 4013
f 4010 4013 4056 4048
f 4011 4012 4015 4013
f 4014 4015 4012 4120
f 4056 4015 4014 4034
f 4014 4120 4122 4124
f 4174 4034 4014 4124
f 4022 4021 4020 4073
f 4020 4025 4071 4073
f 4222 4023 4021 4022
f 4022 4073 4074 4081
f 4223 4222 4022 4081
f 4048 4028 4024 4047
f 4025 4052 4053 4071
f 4029 4027 4026 4030
f 4038 4030 4026 4037
f 4027 4029 4054 4050
f 4056 4036 4028 4048
f 4030 4038 4066 4075
f 4038 4037 4031 4043
f 4031 4039 4042 4044
f 4045 4035 4031 4044
f 4031 4032 4058 4059
f 4060 4039 4031 4059
f 4057 4058 4032 4160
f 4036 4056 4033 4158
f 4033 4034 4174 4161
f 4094 4066 4038 4043
f 4039 4040 4041 4042
f 4062 4040 4039 4060
f 4061 4042 4041 4063
f 4064 4044 4042 4061
f 4046 4045 4044 4064
f 4045 4046 4193 4186
f 4059 4058 4046 4064
f 4046 4170 4171 4173
f 4046 4173 4194 4193
f 4049 4050 4054 4053
f 4079 4071 4053 4054
f 4057 4160 4111 4112
f 4170 4058 4057 4162
f 4061 4060 4059 4064
f 4063 4062 4060 4061
f 4069 4068 4065 4078
f 4065 4077 4076 4078
f 4069 4078 4066 4095
f 4076 4075 4066 4078
f 4067 4068 4069 4083
f 4087 4082 4067 4083
f 4096 4083 4069 4095
f 4088 4085 4082 4087
f 4083 4096 4084 4087
f 4088 4087 4084 4091
f 4092 4086 4085 4088
f 4088 4091 4093 4092
f 4110 4101 4098 4106
f 4102 4103 4099 4107
f 4142 4100 4099 4141
f 4101 4110 4126 4123
f 4102 4107 4104 4109
f 4120 4103 4102 4122
f 4102 4109 4121 4122
f 4108 4105 4104 4107
f 4130 4110 4106 4129
f 4110 4130 4134 4131
f 4114 4112 4111 4113
f 4163 4113 4111 4167
f 4112 4114 4164 4162
f 4118 4124 4116 4117
f 4119 4117 4116 4128
f 4116 4125 4127 4128
f 4200 4118 4117 4199
f 4117 4119 4208 4199
f 4188 4176 4118 4200
f 4119 4136 4139 4208
f 4124 4122 4121 4123
f 4127 4125 4123 4126
f 4132 4127 4126 4131
f 4135 4128 4127 4132
f 4144 4130 4129 4143
f 4137 4132 4131 4133
f 4136 4135 4132 4137
f 4140 4137 4133 4138
f 4151 4138 4134 4145
f 4136 4137 4140 4139
f 4215 4140 4138 4214
f 4138 4151 4216 4214
f 4139 4207 4206 4208
f 4139 4140 4215 4209
f 4229 4144 4143 4225
f 4235 4148 4144 4229
f 4153 4147 4146 4149
f 4146 4148 4235 4149
f 4149 4235 4236 4239
f 4156 4155 4152 4157
f 4156 4221 4308 4304
f 4176 4188 4159 4175
f 4202 4201 4159 4188
f 4161 4174 4176 4175
f 4162 4164 4165 4168
f 4171 4170 4162 4168
f 4163 4167 4168 4165
f 4171 4168 4167 4169
f 4173 4171 4169 4172
f 4172 4191 4192 4194
f 4179 4178 4177 4184
f 4185 4180 4179 4184
f 4181 4182 4180 4185
f 4181 4185 4196 4190
f 4196 4191 4187 4190
f 4187 4189 4205 4190
f 4203 4202 4188 4200
f 4193 4194 4192 4195
f 4200 4199 4198 4203
f 4198 4199 4208 4206
f 4212 4210 4209 4217
f 4219 4211 4210 4212
f 4212 4217 4218 4213
f 4220 4219 4212 4213
f 4272 4220 4213 4276
f 4213 4218 4284 4276
f 4217 4215 4214 4218
f 4221 4239 4305 4308
f 4225 4226 4230 4229
f 4226 4227 4231 4230
f 4227 4228 4232 4231
f 4234 4232 4228 4233
f 4229 4230 4236 4235
f 4230 4231 4237 4236
f 4231 4232 4238 4237
f 4232 4234 4243 4238
f 4247 4234 4233 4245
f 4263 4243 4234 4247
f 4311 4305 4240 4309
f 4240 4241 4312 4309
f 4241 4243 4242 4312
f 4242 4243 4263 4258
f 4314 4312 4242 4316
f 4242 4258 4343 4316
f 4255 4253 4244 4254
f 4245 4246 4248 4247
f 4256 4248 4246 4249
f 4247 4248 4262 4263
f 4248 4256 4266 4262
f 4255 4252 4251 4253
f 4252 4255 4537 4538
f 4537 4255 4254 4536
f 4256 4257 4260 4266
f 4257 4538 4540 4567
f 4258 4263 4262 4259
f 4258 4259 4344 4343
f 4259 4262 4266 4261
f 4259 4261 4350 4344
f 4261 4266 4260 4351
f 4554 4552 4260 4568
f 4357 4356 4265 4360
f 4265 4267 4377 4378
f 4265 4378 4380 4379
f 4382 4360 4265 4379
f 4380 4377 4267 4379
f 4268 4269 4285 4284
f 4310 4269 4268 4306
f 4269 4270 4286 4285
f 4307 4270 4269 4310
f 4288 4286 4270 4290
f 4311 4290 4270 4307
f 4271 4275 4280 4277
f 4278 4273 4272 4276
f 4279 4274 4273 4278
f 4274 4279 4282 4281
f 4275 4281 4282 4280
f 4276 4284 4285 4278
f 4277 4280 4289 4287
f 4278 4285 4286 4279
f 4279 4286 4288 4282
f 4280 4282 4288 4289
f 4294 4289 4288 4291
f 4317 4291 4290 4313
f 4319 4294 4291 4317
f 4336 4293 4292 4295
f 4292 4293 4985 4833
f 4295 4318 4333 4336
f 4299 4298 4296 4301
f 4350 4351 4297 4352
f 4299 4301 4877 4875
f 4619 4618 4300 4623
f 4301 4347 4403 4877
f 4619 4623 4302 4647
f 4302 4303 4648 4647
f 4303 4434 4424 4648
f 4310 4306 4304 4308
f 4310 4308 4305 4307
f 4313 4311 4309 4315
f 4309 4312 4314 4315
f 4319 4317 4315 4320
f 4345 4320 4316 4343
f 4318 4326 4327 4333
f 4326 4322 4321 4324
f 4349 4324 4321 4402
f 4327 4326 4324 4325
f 4442 4325 4324 4349
f 4329 4327 4325 4332
f 4405 4332 4325 4442
f 4335 4333 4327 4329
f 4328 4330 4331 4337
f 4328 4329 4332 4330
f 4335 4329 4328 4334
f 4330 4332 4405 4404
f 4406 4331 4330 4404
f 4340 4337 4331 4419
f 4331 4406 4408 4419
f 4986 4336 4333 4987
f 4334 4339 4993 4987
f 4340 4419 4415 4342
f 4341 4342 4415 4414
f 4343 4344 4346 4345
f 4344 4350 4352 4346
f 4349 4402 4348 4365
f 4348 4353 4387 4365
f 4349 4365 4366 4442
f 4424 4354 4351 4725
f 4353 4355 4389 4387
f 4434 4423 4354 4424
f 4730 4389 4355 4729
f 4356 4357 4382 4379
f 4357 4360 4361 4358
f 4357 4358 4383 4382
f 4370 4359 4358 4361
f 4359 4363 4364 4444
f 4368 4363 4359 4370
f 4450 4383 4359 4444
f 4360 4382 4383 4386
f 4361 4369 4371 4370
f 4362 4363 4368 4367
f 4453 4444 4364 4374
f 4388 4366 4365 4387
f 4405 4442 4366 4447
f 4366 4388 4461 4447
f 4368 4370 4371 4372
f 4369 4386 4395 4396
f 4453 4374 4372 4375
f 4375 4448 4454 4453
f 4383 4384 4395 4386
f 4463 4384 4383 4450
f 4384 4385 4400 4395
f 4394 4390 4385 4464
f 4385 4390 4401 4400
f 4393 4388 4387 4389
f 4388 4393 4392 4461
f 4740 4393 4389 4730
f 4744 4401 4390 4739
f 4390 4394 4745 4739
f 4391 4430 4425 4460
f 4391 4460 4461 4392
f 4391 4392 4741 4731
f 4754 4430 4391 4731
f 4392 4393 4740 4741
f 4394 4464 4400 4401
f 4394 4401 4744 4745
f 4397 4396 4395 4400
f 4399 4398 4397 4400
f 4398 4399 4469 4468
f 4464 4463 4399 4400
f 4399 4463 4465 4470
f 4403 4407 4417 4416
f 4409 4406 4404 4446
f 4404 4405 4447 4446
f 4413 4408 4406 4409
f 4412 4410 4407 4420
f 4407 4414 4415 4420
f 5010 4417 4407 4418
f 4408 4413 4412 4420
f 4415 4419 4408 4420
f 4428 4413 4409 4426
f 4409 4446 4460 4426
f 4410 4411 4422 4418
f 4427 4411 4410 4412
f 4439 4422 4411 4427
f 4412 4413 4428 4427
f 4992 4991 4416 4417
f 5011 4992 4417 5010
f 4418 4422 4438 5015
f 5013 5010 4418 5015
f 4602 4648 4424 4725
f 4428 4426 4425 4429
f 4440 4429 4425 4431
f 4427 4428 4429 4439
f 4432 4439 4429 4440
f 5016 4433 4432 4440
f 4888 4438 4433 5014
f 5017 5014 4433 5016
f 4435 4436 4757 4649
f 5016 4440 4435 4437
f 4436 4755 4751 4757
f 5017 5016 4437 4890
f 4437 4649 5110 4890
f 4889 5015 4438 4888
f 4452 4445 4443 4451
f 4443 4444 4453 4451
f 4443 4445 4459 4449
f 4457 4456 4445 4452
f 4445 4456 4458 4459
f 4446 4447 4461 4460
f 4455 4454 4448 4467
f 4452 4451 4449 4459
f 4450 4451 4454 4455
f 4469 4462 4450 4455
f 4458 4457 4452 4459
f 4455 4467 4468 4469
f 4466 4465 4462 4471
f 4473 4470 4465 4466
f 4484 4478 4476 4486
f 4609 4491 4476 4576
f 4477 4478 4484 4479
f 4480 4481 4479 4487
f 4479 4484 4482 4487
f 4505 4481 4480 4502
f 4482 4484 4486 4483
f 4483 4486 4494 4493
f 4485 4489 4527 4517
f 4527 4489 4488 4526
f 4548 4543 4488 4601
f 4574 4526 4488 4535
f 4494 4491 4490 4493
f 4490 4491 4609 4492
f 4492 4609 4598 4610
f 4564 4561 4495 4616
f 4495 4601 4597 4612
f 4495 4612 4613 4616
f 4571 4572 4496 4573
f 4496 4497 4574 4573
f 4497 4524 4526 4574
f 4498 4500 4517 4499
f 4499 4517 4527 4525
f 4506 4505 4502 4518
f 4503 4505 4506 4509
f 4510 4504 4503 4509
f 4506 4518 4521 4520
f 4515 4512 4507 4508
f 4519 4508 4507 4510
f 4521 4519 4510 4520
f 4511 4513 4523 4522
f 4516 4514 4512 4515
f 4522 4523 4514 4516
f 4527 4526 4524 4525
f 4529 4530 4532 4531
f 4530 4534 4535 4532
f 4533 4541 4531 4544
f 4531 4532 4543 4548
f 4542 4541 4533 4569
f 4533 4544 4546 4558
f 4533 4558 4559 4569
f 4573 4535 4534 4571
f 4542 4537 4536 4541
f 4539 4538 4537 4542
f 4545 4540 4539 4570
f 4539 4542 4569 4570
f 4545 4570 4560 4547
f 4557 4558 4546 4551
f 4550 4553 4547 4556
f 4565 4556 4547 4560
f 4549 4552 4554 4555
f 4549 4555 4727 4725
f 4554 4553 4550 4555
f 4550 4556 4562 4726
f 4727 4555 4550 4726
f 4568 4567 4553 4554
f 4563 4562 4556 4565
f 4559 4558 4557 4566
f 4557 4561 4564 4566
f 4565 4560 4559 4566
f 4570 4569 4559 4560
f 4604 4726 4562 4615
f 4562 4563 4617 4615
f 4563 4565 4566 4564
f 4563 4564 4616 4617
f 4609 4576 4575 4598
f 4578 4581 4583 4584
f 4578 4584 4589 4586
f 4583 4581 4579 4582
f 4579 4618 4619 4582
f 4607 4583 4582 4605
f 4582 4619 4647 4605
f 4606 4584 4583 4607
f 4611 4589 4584 4606
f 4585 4586 4589 4592
f 4591 4588 4585 4592
f 4587 4588 4591 4590
f 4614 4592 4589 4611
f 4590 4591 4613 4612
f 4591 4592 4614 4613
f 4627 4594 4593 4595
f 4630 4627 4595 4629
f 4705 4629 4595 4704
f 4596 4625 4632 4652
f 4600 4610 4598 4599
f 4607 4605 4602 4603
f 4602 4605 4647 4648
f 4602 4725 4727 4603
f 4606 4607 4603 4604
f 4603 4727 4726 4604
f 4604 4615 4611 4606
f 4732 4728 4608 4737
f 4608 4653 4735 4734
f 4611 4615 4617 4614
f 4617 4616 4613 4614
f 4622 4621 4620 4624
f 4622 4624 5049 5076
f 5075 4639 4622 5076
f 4624 5048 5051 5049
f 4626 4627 4630 4628
f 4678 4677 4626 4704
f 4626 4628 4705 4704
f 4628 4630 4633 4636
f 4628 4636 4637 4705
f 4633 4630 4629 4631
f 4637 4631 4629 4705
f 4634 4635 4631 4655
f 4631 4638 4658 4655
f 4655 4652 4632 4634
f 4643 4636 4633 4635
f 4643 4635 4634 4642
f 4638 4637 4636 4643
f 4638 4643 4644 4658
f 5074 4640 4639 5075
f 5077 4641 4640 5074
f 5079 4642 4641 5077
f 4645 4644 4642 5079
f 4657 4658 4644 4673
f 4644 4645 5126 4672
f 4711 4712 4646 5449
f 4646 4712 4723 5475
f 4651 4650 4649 4757
f 4650 4651 5111 5107
f 4651 4757 4751 4758
f 4651 4758 5128 5111
f 4652 4655 4661 4660
f 4666 4653 4652 4660
f 4653 4667 4668 4735
f 4653 4666 4669 4667
f 4663 4656 4654 4659
f 4654 4656 4664 4717
f 4667 4659 4654 4668
f 4720 4668 4654 4717
f 4657 4656 4655 4658
f 4655 4656 4662 4661
f 4657 4673 4665 4664
f 4665 4663 4659 4670
f 4659 4667 4671 4670
f 4673 4672 4661 4662
f 4665 4673 4662 4663
f 4670 4717 4664 4665
f 4666 4674 4676 4675
f 4667 4669 4761 4671
f 4762 4735 4668 4722
f 4669 4759 4760 4761
f 4720 4717 4670 4671
f 4762 4722 4671 4761
f 5127 4674 4672 5126
f 5130 4676 4674 5127
f 5128 4758 4675 4676
f 5129 5128 4676 5130
f 4681 4688 4679 4707
f 4679 4688 4689 4718
f 4709 4707 4679 4708
f 4719 4708 4679 4718
f 4685 4682 4680 4686
f 4680 4682 4690 4691
f 4680 4683 4693 4686
f 4696 4683 4680 4691
f 4685 4688 4681 4682
f 4690 4682 4681 4715
f 4681 4707 4716 4715
f 4683 4684 4694 4693
f 4703 4684 4683 4696
f 4699 4694 4684 4698
f 4701 4698 4684 4703
f 4685 4686 4687 4692
f 4689 4688 4685 4692
f 4697 4687 4686 4693
f 4687 4691 4690 4692
f 4696 4691 4687 4697
f 4690 4715 4689 4692
f 4716 4718 4689 4715
f 4693 4694 4695 4697
f 4702 4695 4694 4699
f 4696 4697 4695 4703
f 4701 4703 4695 4702
f 4709 4708 4706 4713
f 4706 4712 4711 4713
f 4706 4708 4719 4724
f 4723 4712 4706 4724
f 4707 4709 4710 4716
f 4709 4713 4714 4710
f 4718 4716 4710 4719
f 4724 4719 4710 4714
f 4714 4713 4711 5451
f 4711 5449 5450 5451
f 4723 4724 4714 5451
f 5450 5475 4723 5451
f 4730 4729 4728 4732
f 4730 4732 4747 4740
f 4731 4733 4753 4754
f 4756 4733 4731 4741
f 4732 4737 4738 4747
f 4752 4753 4733 4763
f 4733 4756 4764 4763
f 4734 4736 4738 4737
f 4734 4735 4762 4736
f 4736 4762 4761 4760
f 4764 4738 4736 4760
f 4756 4747 4738 4764
f 4743 4742 4739 4745
f 4739 4742 4746 4744
f 4756 4741 4740 4747
f 4743 4745 4744 4746
f 4748 4749 4770 4769
f 4791 4790 4748 4794
f 4792 4749 4748 4790
f 4748 4769 4802 4794
f 4749 4750 4771 4770
f 4796 4750 4749 4792
f 4772 4771 4750 4800
f 4750 4796 4797 4800
f 4754 4753 4751 4755
f 4764 4760 4759 4763
f 4765 4766 4768 4774
f 4803 4766 4765 5501
f 4765 5500 5499 5503
f 4765 4774 5513 5500
f 4766 4769 4770 4768
f 4802 4769 4766 4803
f 4768 4770 4771 4775
f 4776 4774 4768 4775
f 4771 4772 4777 4775
f 4772 4773 4778 4777
f 4773 4800 4810 4811
f 4814 4778 4773 4811
f 4774 4776 5515 5513
f 5522 4776 4775 4777
f 5517 5515 4776 5521
f 4777 4778 5523 5522
f 4778 4814 5524 5523
f 4782 4780 4779 4793
f 4779 4783 4784 4798
f 4780 4782 4781 4786
f 4781 4782 4801 4788
f 4782 4793 4799 4801
f 4787 4784 4783 4785
f 4788 4801 4784 4787
f 4799 4798 4784 4801
f 4799 4793 4791 4795
f 4808 4805 4794 4807
f 4795 4797 4798 4799
f 4802 4803 4804 4807
f 4803 5501 5502 4804
f 4808 4807 4804 4812
f 5542 4812 4804 5502
f 4809 4806 4805 4808
f 4806 4809 4811 4810
f 4808 4812 4813 4809
f 4814 4811 4809 4813
f 5543 4813 4812 5542
f 5524 4814 4813 5543
f 4815 4818 4825 4826
f 4827 4817 4815 4826
f 4822 4819 4816 4823
f 4816 4817 4827 4823
f 4818 4820 4821 4825
f 4821 4820 4819 4822
f 4821 4822 4824 4983
f 4984 4825 4821 4983
f 4822 4823 4829 4824
f 4823 4827 4828 4829
f 4824 4829 4836 4988
f 4995 4983 4824 4988
f 4830 4826 4825 4831
f 4828 4827 4826 4830
f 4836 4829 4828 4838
f 4828 4830 4840 4838
f 4830 4831 4998 4840
f 4831 4984 4997 4998
f 4832 4833 4989 4834
f 4833 4985 4986 4989
f 4836 4838 4839 4837
f 4989 4988 4836 4837
f 4873 4839 4838 4840
f 4844 4842 4839 4873
f 4878 4879 4843 4881
f 4882 4881 4843 4884
f 4844 4873 5006 5007
f 4845 4848 4854 4852
f 4858 4846 4845 4852
f 4856 4851 4846 4858
f 4848 4849 4855 4854
f 4849 4850 4853 4855
f 4850 4851 4856 4853
f 4860 4858 4852 4859
f 4852 4854 5031 4859
f 4861 4855 4853 4863
f 4853 4856 4862 4863
f 4854 4855 4861 5031
f 4856 4858 4860 4857
f 4857 4860 4866 4864
f 4869 4862 4857 4864
f 4866 4860 4859 5032
f 4859 5031 5033 5032
f 4861 4863 4870 5038
f 5033 5031 4861 5038
f 4870 4863 4862 4869
f 4864 4865 4868 4869
f 4865 4867 4872 4868
f 4870 4869 4868 4871
f 4874 4871 4868 4872
f 5039 5038 4870 4871
f 4871 4874 5040 5039
f 4974 4874 4872 4900
f 4873 4998 5003 5006
f 4874 4974 5042 5040
f 5050 5046 4876 5064
f 4878 4881 4970 4880
f 4971 4898 4880 4970
f 4882 4886 4883 4972
f 4883 4892 4894 4973
f 4975 4972 4883 4973
f 4885 5007 5009 5012
f 5013 4887 4885 5012
f 5015 4889 4887 5013
f 4888 5014 4894 4892
f 4891 4893 4890 5110
f 4890 4893 4895 5017
f 5050 5064 4891 5110
f 4980 4895 4893 4978
f 4894 4895 4980 4979
f 4894 5014 5017 4895
f 4900 4972 4975 4974
f 4920 4919 4901 4922
f 4901 5041 5043 5044
f 4902 4903 4907 4977
f 4980 4978 4902 4977
f 4903 4904 4906 4907
f 4934 4906 4904 4933
f 4905 5042 4974 4975
f 4977 4907 4905 4976
f 4905 5044 5043 5042
f 5045 5044 4906 4934
f 4920 4909 4908 4919
f 4921 4910 4909 4920
f 4911 4912 4916 4915
f 4936 4912 4911 4937
f 4911 4913 4944 4937
f 4917 4916 4912 5189
f 4912 4936 5166 5189
f 4913 4914 4945 4944
f 4914 4915 4916 4918
f 4914 4918 4981 4945
f 4916 4917 5194 4918
f 4917 5189 5188 5193
f 4917 5193 5195 5194
f 5387 4981 4918 5194
f 4920 4922 4923 4921
f 4926 4923 4922 4924
f 4928 4926 4924 4929
f 5045 4929 4924 5044
f 4925 4936 4937 4949
f 5166 4936 4925 5221
f 4927 4928 4929 4930
f 4934 4933 4927 4935
f 4931 4930 4929 5045
f 4934 4935 4931 5045
f 4937 4944 4952 4949
f 5240 5236 4938 5238
f 4951 4941 4940 4950
f 4958 4950 4940 4953
f 4959 4942 4941 4951
f 4958 4953 4942 4959
f 4944 4945 4969 4952
f 4982 4969 4945 4981
f 4946 4964 4966 4968
f 4967 4963 4946 4968
f 4948 5251 5272 5271
f 4957 4955 4954 4956
f 4954 4955 5242 5241
f 5246 4956 4954 5241
f 4955 4957 5249 5242
f 4962 4957 4956 4961
f 5247 4961 4956 5246
f 4957 4962 5248 5249
f 4966 4964 4960 4965
f 4960 4963 4967 4965
f 5248 4962 4961 5247
f 4976 4975 4973 4979
f 4976 4979 4980 4977
f 4997 4984 4983 4995
f 4986 4987 4990 4989
f 4988 4989 4996 4995
f 4990 4993 4994 4996
f 4991 4992 4994 4993
f 5001 4994 4992 5011
f 5000 4996 4994 5001
f 4995 4996 5000 4997
f 5003 4998 4997 5000
f 4999 5000 5008 5005
f 5000 5001 5009 5008
f 5001 5011 5012 5009
f 5008 5006 5004 5005
f 5009 5007 5006 5008
f 5012 5011 5010 5013
f 5488 5020 5018 5486
f 5018 5019 5490 5486
f 5019 5023 5494 5490
f 5509 5021 5020 5488
f 5030 5022 5021 5509
f 5027 5024 5022 5030
f 5023 5026 5029 5494
f 5029 5026 5025 5028
f 5027 5030 5518 5519
f 5497 5029 5028 5519
f 5496 5494 5029 5497
f 5030 5509 5511 5518
f 5034 5035 5032 5033
f 5033 5038 5039 5034
f 5036 5035 5034 5037
f 5034 5039 5040 5037
f 5036 5037 5043 5041
f 5037 5040 5042 5043
f 5108 5051 5048 5107
f 5049 5051 5070 5065
f 5085 5076 5049 5065
f 5113 5070 5051 5108
f 5052 5055 5062 5058
f 5089 5057 5052 5058
f 5055 5056 5063 5062
f 5058 5062 5059 5171
f 5091 5089 5058 5171
f 5176 5171 5059 5175
f 5173 5172 5061 5200
f 5073 5072 5067 5069
f 5069 5071 5117 5073
f 5073 5117 5371 5186
f 5074 5075 5093 5086
f 5075 5076 5085 5084
f 5079 5100 5078 5449
f 5078 5099 5103 5104
f 5088 5087 5080 5081
f 5081 5083 5092 5094
f 5293 5090 5087 5091
f 5297 5095 5090 5293
f 5091 5171 5176 5177
f 5091 5177 5295 5294
f 5105 5322 5321 5478
f 5414 5324 5106 5481
f 5109 5108 5107 5111
f 5108 5109 5131 5113
f 5109 5111 5128 5129
f 5109 5129 5132 5131
f 5112 5113 5131 5115
f 5117 5119 5123 5369
f 5119 5120 5124 5123
f 5120 5121 5125 5124
f 5121 5122 5134 5125
f 5122 5132 5151 5134
f 5124 5125 5376 5374
f 5125 5134 5397 5376
f 5139 5138 5126 5475
f 5129 5130 5135 5136
f 5149 5151 5133 5153
f 5133 5137 5426 5153
f 5141 5413 5422 5416
f 5430 5142 5141 5415
f 5142 5159 5164 5163
f 5431 5159 5142 5430
f 5143 5144 5145 5146
f 5147 5144 5143 5158
f 5143 5146 5150 5152
f 5143 5152 5154 5158
f 5157 5146 5145 5148
f 5155 5150 5146 5157
f 5147 5158 5157 5148
f 5149 5153 5152 5150
f 5149 5150 5155 5156
f 5425 5397 5151 5423
f 5152 5153 5426 5154
f 5157 5158 5154 5155
f 5154 5426 5424 5156
f 5159 5162 5161 5164
f 5165 5162 5159 5431
f 5433 5164 5161 5506
f 5161 5162 5477 5504
f 5161 5504 5505 5506
f 5162 5165 5541 5477
f 5163 5164 5432 5429
f 5165 5431 5433 5506
f 5165 5506 5505 5541
f 5166 5221 5169 5167
f 5188 5189 5166 5167
f 5170 5168 5167 5169
f 5167 5168 5190 5188
f 5168 5170 5180 5174
f 5214 5180 5170 5196
f 5174 5178 5172 5173
f 5181 5178 5174 5180
f 5177 5179 5183 5296
f 5182 5179 5178 5181
f 5179 5182 5185 5183
f 5208 5181 5180 5214
f 5230 5184 5183 5229
f 5183 5185 5231 5229
f 5306 5305 5184 5308
f 5184 5230 5339 5308
f 5190 5200 5186 5187
f 5366 5187 5186 5371
f 5187 5193 5188 5190
f 5195 5193 5187 5366
f 5191 5192 5213 5212
f 5215 5197 5191 5212
f 5244 5192 5191 5243
f 5191 5197 5252 5243
f 5217 5213 5192 5253
f 5192 5244 5256 5253
f 5194 5195 5365 5387
f 5195 5366 5368 5365
f 5378 5214 5196 5367
f 5216 5198 5197 5215
f 5197 5198 5254 5252
f 5218 5199 5198 5216
f 5198 5199 5255 5254
f 5217 5253 5199 5218
f 5199 5253 5256 5255
f 5201 5202 5203 5204
f 5205 5202 5201 5206
f 5202 5212 5213 5203
f 5215 5212 5202 5205
f 5207 5204 5203 5219
f 5203 5213 5217 5219
f 5205 5206 5209 5210
f 5216 5215 5205 5210
f 5207 5219 5220 5211
f 5208 5214 5378 5379
f 5220 5210 5209 5211
f 5218 5216 5210 5220
f 5217 5218 5220 5219
f 5222 5224 5223 5261
f 5267 5224 5222 5262
f 5223 5224 5226 5225
f 5262 5261 5223 5267
f 5223 5225 5269 5267
f 5269 5226 5224 5267
f 5230 5229 5227 5234
f 5227 5229 5231 5228
f 5227 5228 5232 5233
f 5227 5233 5550 5234
f 5228 5231 5288 5289
f 5230 5234 5235 5341
f 5548 5233 5232 5545
f 5232 5289 5578 5545
f 5233 5548 5549 5550
f 5581 5235 5234 5550
f 5349 5341 5235 5290
f 5582 5290 5235 5581
f 5239 5237 5236 5240
f 5241 5242 5244 5243
f 5241 5243 5252 5246
f 5256 5244 5242 5249
f 5254 5247 5246 5252
f 5255 5248 5247 5254
f 5256 5249 5248 5255
f 5272 5251 5250 5270
f 5263 5264 5544 5268
f 5557 5266 5263 5268
f 5264 5265 5556 5544
f 5265 5266 5557 5556
f 5268 5544 5547 5546
f 5268 5546 5559 5557
f 5282 5278 5277 5284
f 5277 5281 5287 5284
f 5286 5279 5278 5282
f 5287 5281 5279 5286
f 5280 5564 5568 5572
f 5571 5570 5280 5572
f 5282 5284 5285 5283
f 5282 5283 5395 5286
f 5585 5285 5284 5287
f 5585 5287 5286 5395
f 5392 5289 5288 5389
f 5289 5392 5394 5578
f 5351 5349 5290 5608
f 5290 5582 5584 5608
f 5351 5608 5291 5357
f 5291 5292 5444 5357
f 5291 5608 5584 5586
f 5587 5292 5291 5586
f 5292 5396 5391 5444
f 5588 5396 5292 5587
f 5302 5300 5298 5301
f 5299 5300 5313 5312
f 5300 5302 5315 5313
f 5303 5302 5301 5307
f 5302 5303 5310 5316
f 5303 5304 5311 5310
f 5304 5307 5309 5338
f 5343 5311 5304 5338
f 5306 5308 5309 5307
f 5309 5339 5340 5338
f 5317 5316 5310 5328
f 5310 5311 5318 5328
f 5320 5314 5313 5315
f 5319 5320 5331 5323
f 5320 5326 5330 5331
f 5479 5478 5321 5482
f 5326 5328 5329 5330
f 5329 5328 5327 5360
f 5329 5360 5364 5337
f 5483 5331 5330 5484
f 5332 5335 5336 5417
f 5421 5413 5332 5419
f 5333 5334 5362 5447
f 5333 5420 5417 5334
f 5418 5420 5333 5404
f 5440 5404 5333 5448
f 5334 5337 5364 5362
f 5335 5483 5484 5336
f 5338 5340 5342 5343
f 5344 5340 5339 5341
f 5350 5344 5341 5349
f 5346 5343 5342 5354
f 5345 5346 5361 5363
f 5346 5354 5355 5361
f 5347 5363 5361 5348
f 5348 5359 5446 5441
f 5352 5350 5349 5351
f 5351 5357 5358 5352
f 5445 5358 5357 5444
f 5367 5388 5365 5368
f 5386 5387 5365 5388
f 5367 5368 5377 5378
f 5369 5370 5372 5371
f 5373 5379 5378 5377
f 5380 5379 5373 5381
f 5384 5375 5374 5376
f 5383 5384 5376 5397
f 5382 5385 5390 5389
f 5383 5397 5398 5407
f 5391 5390 5385 5435
f 5389 5390 5393 5392
f 5396 5393 5390 5391
f 5391 5435 5434 5437
f 5392 5393 5609 5394
f 5393 5396 5588 5609
f 5610 5574 5394 5609
f 5424 5426 5399 5423
f 5425 5423 5399 5408
f 5427 5401 5400 5428
f 5411 5406 5401 5410
f 5435 5409 5402 5434
f 5402 5403 5436 5434
f 5403 5406 5411 5443
f 5438 5436 5403 5442
f 5411 5418 5404 5443
f 5442 5443 5404 5440
f 5419 5411 5410 5421
f 5422 5421 5410 5427
f 5415 5416 5428 5429
f 5415 5429 5432 5430
f 5427 5428 5416 5422
f 5433 5431 5430 5432
f 5439 5437 5436 5438
f 5445 5444 5437 5439
f 5440 5441 5438 5442
f 5438 5441 5446 5439
f 5454 5453 5452 5456
f 5458 5456 5452 5473
f 5452 5453 5470 5469
f 5452 5469 5472 5473
f 5453 5454 5457 5474
f 5471 5470 5453 5474
f 5473 5474 5457 5458
f 5459 5460 5465 5463
f 5459 5463 5468 5467
f 5459 5469 5470 5460
f 5472 5469 5459 5467
f 5460 5470 5471 5461
f 5460 5461 5476 5465
f 5461 5467 5468 5476
f 5472 5467 5461 5471
f 5462 5463 5465 5466
f 5468 5463 5462 5480
f 5485 5466 5465 5476
f 5485 5476 5468 5480
f 5471 5474 5473 5472
f 5537 5504 5477 5538
f 5539 5538 5477 5541
f 5486 5490 5495 5491
f 5487 5491 5493 5492
f 5512 5489 5487 5492
f 5514 5510 5489 5512
f 5490 5494 5496 5495
f 5498 5493 5491 5495
f 5499 5500 5492 5493
f 5492 5500 5513 5512
f 5493 5498 5507 5499
f 5495 5496 5531 5498
f 5496 5497 5533 5531
f 5497 5519 5534 5533
f 5532 5507 5498 5531
f 5508 5503 5499 5507
f 5508 5502 5501 5503
f 5502 5508 5525 5542
f 5540 5505 5504 5537
f 5539 5541 5505 5540
f 5525 5508 5507 5532
f 5516 5511 5510 5514
f 5520 5518 5511 5516
f 5512 5513 5515 5514
f 5514 5515 5517 5516
f 5516 5517 5527 5520
f 5517 5521 5528 5527
f 5534 5519 5518 5520
f 5520 5527 5529 5534
f 5521 5522 5523 5528
f 5523 5524 5530 5528
f 5524 5543 5526 5530
f 5525 5532 5535 5526
f 5543 5542 5525 5526
f 5529 5530 5526 5535
f 5527 5528 5530 5529
f 5533 5534 5529 5535
f 5535 5532 5531 5533
f 5560 5547 5544 5556
f 5579 5548 5545 5562
f 5580 5549 5548 5579
f 5551 5550 5549 5553
f 5550 5551 5552 5581
f 5551 5553 5555 5552
f 5599 5582 5552 5555
f 5554 5583 5602 5599
f 5556 5557 5559 5560
f 5558 5561 5563 5562
f 5561 5567 5575 5563
f 5562 5563 5594 5579
f 5563 5575 5603 5594
f 5564 5565 5566 5568
f 5571 5566 5565 5570
f 5569 5568 5566 5576
f 5566 5571 5577 5576
f 5573 5572 5568 5569
f 5571 5572 5573 5577
f 5603 5575 5574 5610
f 5602 5584 5582 5599
f 5605 5586 5584 5602
f 5607 5593 5586 5605
f 5590 5588 5587 5593
f 5588 5590 5592 5591
f 5610 5609 5588 5591
f 5605 5602 5589 5606
f 5590 5593 5607 5592
f 5603 5610 5591 5604
