# Blender 5.0.1
# www.blender.org
o tripo_node_90da26dc-f6d0-4fc5-9005-26394257a561
v 0.004811 0.107259 -0.018211 0.7176 0.1922 0.0745
v 0.043118 0.147481 -0.023957 0.9843 0.8902 0.4353
v 0.045033 0.149396 -0.020126 0.9960 0.8941 0.4314
v 0.041203 0.147481 -0.018211 0.9960 0.9294 0.3843
v 0.037372 0.149396 -0.022042 0.9804 0.8941 0.3961
v 0.012473 0.147481 -0.029703 0.8274 0.2980 0.1333
v 0.008642 0.151312 -0.027788 0.8549 0.2980 0.0863
v 0.014388 0.147481 -0.025872 0.8470 0.3372 0.1255
v 0.010557 0.149396 -0.023957 0.7568 0.2353 0.0392
v 0.008642 0.145566 -0.018211 0.9215 0.3647 0.1294
v 0.016303 0.139820 -0.012465 0.7216 0.3137 0.2275
v 0.041203 0.153227 -0.018211 0.8784 0.5686 0.2000
v 0.037372 0.155142 -0.012465 0.9647 0.5961 0.1843
v 0.016303 0.166634 -0.025872 0.8509 0.2667 0.0824
v 0.014388 0.168550 -0.029703 0.7568 0.1882 0.0745
v 0.010557 0.168550 -0.027788 0.7568 0.2000 0.0627
v 0.012473 0.168550 -0.023957 0.8509 0.2353 0.0941
v 0.029711 0.162804 -0.012465 0.8980 0.5882 0.2157
v 0.014388 0.153227 -0.012465 0.6902 0.1569 0.0000
v 0.079509 0.220264 -0.020126 0.7960 0.4235 0.1961
v 0.079509 0.220264 -0.016296 0.8784 0.4745 0.2078
v 0.075679 0.224094 -0.020126 0.8706 0.4275 0.1608
v 0.081425 0.235586 -0.022042 0.9411 0.5373 0.2235
v 0.081425 0.235586 -0.016296 0.8941 0.4510 0.1882
v 0.062271 0.241332 -0.029703 0.8862 0.4432 0.1373
v 0.064187 0.239417 -0.025872 0.8902 0.4980 0.2314
v 0.075679 0.235586 -0.020126 0.9294 0.5137 0.1765
v 0.075679 0.235586 -0.016296 0.9019 0.4745 0.1412
v 0.075679 0.222179 -0.014380 0.8431 0.4314 0.1843
v 0.010557 0.212602 -0.031618 0.8470 0.2863 0.0980
v 0.043118 0.235586 -0.035449 0.7882 0.3176 0.1059
v 0.045033 0.233671 -0.031618 0.8470 0.3176 0.1255
v 0.041203 0.239417 -0.033534 0.8196 0.3372 0.1176
v 0.046949 0.189618 -0.025872 0.8980 0.4784 0.2078
v 0.045033 0.189618 -0.029703 0.9411 0.7333 0.3568
v 0.041203 0.191534 -0.027788 0.4980 0.3412 0.2078
v 0.043118 0.191534 -0.023957 0.4235 0.2000 0.1020
v 0.002896 0.183872 -0.016296 0.6118 0.2118 0.1333
v 0.012473 0.210687 -0.027788 0.7647 0.1569 0.0431
v 0.008642 0.212602 -0.025872 0.8157 0.2000 0.0863
v 0.008642 0.203026 -0.018211 0.7490 0.0941 0.0118
v 0.016303 0.199195 -0.012465 0.5451 0.0588 0.0196
v 0.056525 0.218348 -0.027788 0.8588 0.4980 0.2823
v 0.056525 0.216433 -0.023957 0.8823 0.4510 0.2235
v 0.052695 0.220264 -0.025872 0.7686 0.2941 0.1216
v 0.054610 0.218348 -0.022042 0.7764 0.3216 0.1412
v 0.058441 0.243248 -0.029703 0.9333 0.5333 0.1843
v 0.060356 0.243248 -0.023957 0.9176 0.5725 0.2471
v 0.041203 0.237502 -0.027788 0.8823 0.3647 0.1216
v 0.031626 0.218348 -0.012465 0.5608 0.1020 0.0745
v 0.020134 0.220264 -0.025872 0.7333 0.3137 0.1373
v 0.006727 0.214518 -0.029703 0.8274 0.2902 0.1176
v 0.010557 0.222179 -0.018211 0.5843 0.0824 0.0392
v 0.020134 0.227925 -0.012465 0.5137 0.0431 0.0078
v 0.002896 0.233671 -0.012465 0.6000 0.2706 0.1255
v 0.069933 0.252824 -0.025872 0.9490 0.6197 0.2118
v 0.068017 0.258570 -0.029703 0.9176 0.5843 0.2078
v 0.073763 0.262401 -0.029703 0.8706 0.5961 0.2588
v 0.066102 0.260486 -0.025872 0.8980 0.5608 0.1922
v 0.068017 0.270062 -0.025872 0.8666 0.5333 0.2667
v 0.054610 0.252824 -0.012465 0.7647 0.1686 0.0549
v 0.045033 0.300708 -0.018211 0.4628 0.0667 0.0471
v 0.031626 0.281554 -0.012465 0.5725 0.2157 0.1490
v 0.052695 0.298792 -0.012465 0.4980 0.1255 0.0784
v 0.037372 0.302623 -0.012465 0.5255 0.1176 0.0863
v 0.022049 0.283470 -0.018211 0.3686 0.1137 0.1137
v 0.014388 0.285385 -0.012465 0.5216 0.0706 0.0549
v 0.069933 0.316030 -0.012465 0.9333 0.6510 0.4863
v 0.008642 0.316030 -0.035449 0.8313 0.2627 0.1098
v 0.012473 0.314115 -0.031618 0.7529 0.1569 0.0353
v 0.000981 0.314115 -0.031618 0.6510 0.1412 0.0588
v 0.006727 0.317946 -0.031618 0.7686 0.2078 0.0980
v 0.018219 0.323692 -0.035449 0.8862 0.4118 0.1255
v 0.022049 0.323692 -0.031618 0.8941 0.5216 0.2039
v 0.008642 0.323692 -0.035449 0.8706 0.3608 0.1647
v 0.006727 0.321776 -0.031618 0.7608 0.2510 0.1255
v 0.000981 0.329438 -0.035449 0.7960 0.3412 0.2000
v 0.002896 0.333268 -0.031618 0.7960 0.2196 0.1059
v 0.056525 0.317946 -0.000973 0.9411 0.5882 0.2392
v 0.046949 0.329438 -0.000973 0.9255 0.5686 0.1765
v 0.033541 0.325607 -0.012465 0.5294 0.1294 0.0902
v 0.008642 0.316030 -0.027788 0.7843 0.2039 0.0784
v 0.018219 0.323692 -0.029703 0.9372 0.4902 0.1490
v 0.008642 0.323692 -0.027788 0.7490 0.2157 0.0510
v 0.000981 0.329438 -0.027788 0.5764 0.1373 0.0627
v 0.014388 0.327522 -0.018211 0.8196 0.1765 0.0784
v 0.022049 0.317946 -0.012465 0.4667 0.1137 0.0980
v 0.016303 0.335184 -0.012465 0.7412 0.0824 0.0392
v 0.068017 0.390728 -0.002888 0.9019 0.6432 0.2118
v 0.075679 0.415628 -0.002888 0.9647 0.7568 0.3490
v 0.050779 0.415628 -0.031618 0.9215 0.5098 0.1530
v 0.031626 0.413713 -0.031618 0.9294 0.4157 0.1490
v 0.029711 0.415628 -0.035449 0.7529 0.3216 0.1020
v 0.025880 0.419459 -0.033534 0.7608 0.3098 0.1137
v 0.043118 0.381152 -0.000973 0.8902 0.7333 0.3647
v 0.056525 0.383067 -0.002888 0.9098 0.7333 0.3176
v 0.054610 0.415628 -0.027788 0.9255 0.5686 0.1725
v 0.046949 0.419459 -0.029703 0.8902 0.4471 0.1882
v 0.050779 0.419459 -0.025872 0.8706 0.4589 0.1373
v 0.029711 0.417543 -0.029703 0.7686 0.2471 0.0824
v 0.012473 0.419459 -0.016296 0.6785 0.1804 0.1176
v 0.018219 0.419459 -0.012465 0.7098 0.1647 0.0941
v 0.014388 0.413713 -0.010550 0.8039 0.2118 0.1137
v 0.085255 0.452019 -0.022042 0.9019 0.5255 0.2432
v 0.087171 0.452019 -0.018211 0.8392 0.4275 0.1412
v 0.081425 0.453935 -0.022042 0.8157 0.3961 0.1137
v 0.083340 0.453935 -0.016296 0.8902 0.4550 0.1451
v 0.089086 0.478834 -0.022042 0.9058 0.5216 0.1882
v 0.085255 0.478834 -0.022042 0.8706 0.4823 0.1490
v 0.091001 0.478834 -0.018211 0.8745 0.4863 0.1569
v 0.087171 0.478834 -0.016296 0.8470 0.4667 0.1490
v 0.077594 0.471173 -0.000973 0.9647 0.9176 0.6276
v 0.048864 0.434781 -0.035449 0.8196 0.4118 0.1490
v 0.050779 0.432866 -0.031618 0.9019 0.4706 0.1647
v 0.045033 0.436697 -0.033534 0.7764 0.3568 0.1490
v 0.046949 0.434781 -0.029703 0.8353 0.3843 0.1412
v 0.048864 0.444358 -0.000973 0.9764 0.7608 0.3725
v 0.037372 0.446273 -0.012465 0.2784 0.0588 0.0588
v 0.014388 0.440527 -0.018211 0.5804 0.0510 0.0196
v 0.020134 0.436697 -0.012465 0.6276 0.2510 0.1922
v 0.012473 0.450104 -0.012465 0.7725 0.1843 0.1098
v 0.058441 0.463511 -0.012465 0.7725 0.3333 0.1490
v 0.060356 0.473088 -0.000973 0.9764 0.9019 0.7568
v 0.039287 0.465427 -0.012465 0.8078 0.4510 0.3294
v 0.048864 0.486495 -0.000973 0.8745 0.7137 0.5490
v 0.035457 0.480749 -0.012465 0.5451 0.3137 0.2549
v 0.029711 0.465427 -0.018211 0.4941 0.1530 0.0902
v 0.020134 0.467342 -0.012465 0.4196 0.0706 0.0549
v -0.000935 0.000000 -0.000973 0.9843 0.8627 0.4550
v -0.000935 0.028730 -0.012465 0.9921 0.8431 0.2353
v -0.000935 0.082359 -0.012465 0.6785 0.2902 0.1176
v -0.000935 0.109174 -0.016296 0.7412 0.1843 0.0706
v -0.004765 0.107259 -0.016296 0.7921 0.3294 0.1608
v -0.004765 0.143650 -0.031618 0.7764 0.2471 0.0863
v -0.023919 0.153227 -0.031618 0.8353 0.4275 0.1059
v -0.006681 0.126412 -0.023957 0.7059 0.1961 0.0745
v -0.010511 0.126412 -0.027788 0.8509 0.4235 0.2510
v -0.014342 0.126412 -0.025872 0.7490 0.2314 0.0824
v -0.012427 0.126412 -0.022042 0.6471 0.1686 0.0863
v -0.002850 0.141735 -0.027788 0.8745 0.3529 0.0941
v -0.004765 0.143650 -0.023957 0.6785 0.2000 0.0588
v -0.004765 0.147481 -0.027788 0.7843 0.2745 0.1020
v -0.008596 0.145566 -0.025872 0.7764 0.2823 0.1294
v -0.008596 0.145566 -0.018211 0.7608 0.2706 0.1294
v -0.016257 0.139820 -0.012465 0.4118 0.0471 0.0157
v -0.043072 0.149396 -0.002888 0.9725 0.8509 0.3372
v -0.046903 0.143650 -0.000973 0.9255 0.7921 0.2902
v -0.046903 0.149396 -0.002888 0.9490 0.8313 0.3216
v -0.020088 0.155142 -0.027788 0.8588 0.4706 0.1412
v -0.022003 0.153227 -0.023957 0.8313 0.4157 0.1294
v -0.025834 0.153227 -0.025872 0.8353 0.4353 0.1412
v -0.014342 0.153227 -0.012465 0.4235 0.0471 0.0353
v -0.029665 0.162804 -0.012465 0.9529 0.6471 0.2275
v -0.035411 0.155142 -0.012465 0.9058 0.8196 0.4745
v -0.037326 0.153227 -0.000973 0.9607 0.8823 0.4000
v -0.041157 0.153227 -0.000973 0.9686 0.8980 0.3725
v -0.046903 0.155142 -0.000973 0.9725 0.8706 0.3372
v -0.008596 0.203026 -0.018211 0.9098 0.4432 0.2432
v -0.016257 0.199195 -0.012465 0.4432 0.0627 0.0314
v -0.043072 0.212602 -0.000973 0.9960 0.9215 0.4118
v -0.000935 0.227925 -0.016296 0.8823 0.2353 0.0353
v -0.010511 0.222179 -0.018211 0.8666 0.3686 0.1922
v -0.020088 0.220264 -0.025872 0.5490 0.0824 0.0353
v -0.000935 0.222179 -0.012465 0.9529 0.1922 0.0431
v -0.020088 0.227925 -0.012465 0.3765 0.0667 0.0471
v -0.002850 0.233671 -0.012465 0.7568 0.1373 0.0706
v -0.031580 0.218348 -0.012465 0.5176 0.0667 0.0314
v -0.000935 0.296877 -0.031618 0.6667 0.1647 0.0941
v -0.000935 0.298792 -0.035449 0.7333 0.1686 0.0784
v -0.054564 0.252824 -0.012465 0.9058 0.4157 0.2980
v -0.022003 0.283470 -0.018211 0.3961 0.0667 0.0275
v -0.000935 0.298792 -0.029703 0.6236 0.1725 0.1176
v -0.014342 0.285385 -0.012465 0.4157 0.0745 0.0588
v -0.044988 0.300708 -0.018211 0.6471 0.1686 0.1216
v -0.031580 0.281554 -0.012465 0.3372 0.0510 0.0314
v -0.037326 0.302623 -0.012465 0.3412 0.1608 0.1608
v -0.052649 0.298792 -0.012465 0.3568 0.0157 0.0118
v -0.000935 0.310284 -0.035449 0.7490 0.1647 0.0706
v -0.002850 0.308369 -0.031618 0.7098 0.1294 0.0588
v -0.010511 0.316030 -0.035449 0.7921 0.2118 0.1137
v -0.012427 0.314115 -0.031618 0.6550 0.0941 0.0235
v -0.008596 0.317946 -0.031618 0.7333 0.1804 0.0824
v -0.006681 0.321776 -0.031618 0.6354 0.1294 0.0588
v -0.000935 0.327522 -0.031618 0.6510 0.1530 0.0667
v -0.008596 0.323692 -0.035449 0.7216 0.1922 0.0706
v -0.020088 0.323692 -0.035449 0.8313 0.3804 0.1412
v -0.023919 0.323692 -0.031618 0.7843 0.3372 0.1255
v -0.006681 0.346676 -0.031618 0.7412 0.1882 0.0549
v -0.010511 0.346676 -0.035449 0.7686 0.2510 0.1176
v -0.014342 0.346676 -0.031618 0.7294 0.1882 0.0980
v -0.000935 0.310284 -0.027788 0.7255 0.1725 0.0902
v -0.010511 0.316030 -0.027788 0.6589 0.1333 0.0549
v -0.010511 0.323692 -0.027788 0.6354 0.0902 0.0392
v -0.014342 0.327522 -0.018211 0.6824 0.1333 0.0706
v -0.020088 0.323692 -0.029703 0.7529 0.2784 0.0980
v -0.022003 0.317946 -0.012465 0.4471 0.1294 0.1176
v -0.016257 0.335184 -0.012465 0.4745 0.0667 0.0118
v -0.033495 0.325607 -0.012465 0.5451 0.1176 0.0824
v -0.010511 0.346676 -0.027788 0.7372 0.2275 0.1216
v -0.069887 0.316030 -0.012465 0.5333 0.0863 0.0157
v -0.043072 0.381152 -0.000973 0.9019 0.7059 0.3529
v -0.056480 0.383067 -0.002888 0.9686 0.7764 0.3686
v -0.012427 0.417543 -0.014380 0.5098 0.1294 0.0863
v -0.016257 0.417543 -0.010550 0.5059 0.1098 0.0549
v -0.037326 0.407966 -0.025872 0.7960 0.3451 0.1451
v -0.031580 0.411797 -0.023957 0.7843 0.2706 0.1137
v -0.041157 0.409882 -0.023957 0.7372 0.2823 0.1137
v -0.037326 0.413713 -0.022042 0.7451 0.2510 0.0902
v -0.067972 0.390728 -0.002888 0.9176 0.6000 0.2118
v -0.075633 0.415628 -0.002888 0.8509 0.5333 0.2235
v -0.014342 0.429035 -0.031618 0.7529 0.2235 0.0980
v -0.018173 0.429035 -0.035449 0.6980 0.2039 0.0667
v -0.020088 0.430951 -0.031618 0.7490 0.2275 0.0706
v -0.010511 0.446273 -0.031618 0.7176 0.3294 0.1294
v -0.014342 0.448189 -0.033534 0.7882 0.3961 0.1725
v -0.016257 0.448189 -0.031618 0.7137 0.2902 0.0667
v -0.014342 0.440527 -0.018211 0.5647 0.1098 0.0510
v -0.018173 0.430951 -0.027788 0.7490 0.2157 0.1137
v -0.014342 0.448189 -0.027788 0.6157 0.2588 0.0745
v -0.020088 0.436697 -0.012465 0.3921 0.0824 0.0588
v -0.012427 0.450104 -0.012465 0.4823 0.0902 0.0392
v -0.037326 0.446273 -0.012465 0.3059 0.0392 0.0431
v -0.048818 0.444358 -0.000973 0.9333 0.7098 0.4196
v -0.029665 0.465427 -0.018211 0.7843 0.4980 0.3451
v -0.020088 0.467342 -0.012465 0.4784 0.0941 0.0784
v -0.039241 0.465427 -0.012465 0.4039 0.1922 0.1490
v -0.058395 0.463511 -0.012465 0.7372 0.2667 0.1176
v -0.035411 0.480749 -0.012465 0.3647 0.1451 0.0902
v -0.077548 0.469257 -0.000973 0.9176 0.8353 0.6079
v -0.077548 0.471173 -0.000973 0.9921 0.8941 0.7255
v 0.127393 0.603331 -0.000973 0.6000 0.2353 0.0706
v 0.123562 0.605246 -0.000973 0.8000 0.4275 0.2118
v 0.008642 0.509479 -0.029703 0.8274 0.2235 0.0588
v 0.012473 0.513310 -0.020126 0.7333 0.2157 0.1059
v 0.002896 0.503733 -0.012465 0.9725 0.8313 0.3608
v 0.050779 0.549701 -0.000973 0.7137 0.3647 0.1490
v 0.012473 0.536294 -0.020126 0.6785 0.0941 0.0510
v 0.022049 0.536294 -0.012465 0.5921 0.2314 0.1490
v 0.077594 0.586093 -0.000973 0.9019 0.6197 0.3098
v 0.050779 0.570770 -0.018211 0.8078 0.2980 0.1530
v 0.037372 0.551617 -0.012465 0.3882 0.0431 0.0157
v 0.033541 0.553532 -0.012465 0.6785 0.1490 0.0549
v 0.056525 0.568855 -0.012465 0.9019 0.5608 0.3843
v 0.045033 0.574601 -0.012465 0.7843 0.3647 0.1765
v 0.027795 0.555447 -0.020126 0.6824 0.2157 0.1647
v 0.022049 0.557363 -0.022042 0.8509 0.2118 0.0941
v 0.014388 0.561193 -0.029703 0.8823 0.2941 0.0824
v 0.008642 0.580347 -0.025872 0.8980 0.4078 0.1176
v 0.004811 0.566939 -0.018211 0.7725 0.2392 0.0235
v 0.020134 0.557363 -0.012465 0.5961 0.1412 0.1176
v 0.014388 0.561193 -0.014380 0.5804 0.0863 0.0392
v 0.054610 0.582262 -0.000973 0.8862 0.4706 0.2275
v 0.052695 0.593754 -0.000973 0.8431 0.4118 0.1725
v 0.035457 0.591839 -0.012465 0.8235 0.2510 0.1176
v 0.056525 0.605246 -0.000973 0.8117 0.2745 0.1137
v 0.022049 0.591839 -0.025872 0.6079 0.0824 0.0667
v 0.029711 0.588008 -0.020126 0.7255 0.0941 0.0353
v 0.014388 0.597585 -0.016296 0.5059 0.0667 0.0431
v 0.027795 0.591839 -0.012465 0.5725 0.0510 0.0000
v 0.146546 0.624399 -0.000973 0.5725 0.2471 0.1333
v 0.140800 0.626315 -0.006719 0.3843 0.1333 0.0471
v 0.133139 0.628230 -0.000973 0.7764 0.3137 0.1882
v 0.138885 0.666537 -0.018211 0.6785 0.5530 0.4550
v 0.133139 0.664621 -0.016296 0.3804 0.1490 0.0824
v 0.127393 0.660791 -0.000973 0.8706 0.2471 0.1176
v 0.123562 0.658875 -0.002888 0.8862 0.2157 0.0510
v 0.156123 0.674198 -0.000973 0.8274 0.6393 0.5569
v 0.144631 0.695267 -0.000973 0.5608 0.0784 0.0314
v 0.142715 0.697182 -0.004804 0.5921 0.1451 0.0980
v 0.136969 0.691436 -0.000973 0.5764 0.2549 0.1647
v 0.129308 0.695267 -0.000973 0.8235 0.4196 0.2941
v 0.136969 0.699098 -0.004804 0.5725 0.1765 0.0824
v 0.135054 0.701013 -0.000973 0.6276 0.2471 0.1725
v 0.161869 0.716336 -0.008634 0.7020 0.1843 0.0745
v 0.163784 0.710590 -0.000973 0.8666 0.4118 0.1451
v 0.154207 0.710590 -0.000973 0.8666 0.4432 0.1882
v 0.156123 0.718251 -0.000973 0.7921 0.3961 0.1137
v 0.169530 0.725912 -0.006719 0.2863 0.1961 0.1490
v 0.171445 0.727828 -0.000973 0.6667 0.4745 0.3882
v 0.144631 0.731658 -0.018211 0.5921 0.2314 0.1333
v 0.146546 0.716336 -0.010550 0.7568 0.3412 0.1176
v 0.136969 0.714420 -0.010550 0.4745 0.1333 0.0784
v 0.129308 0.710590 -0.000973 0.5255 0.0471 0.0157
v 0.133139 0.712505 -0.000973 0.5882 0.0667 0.0353
v 0.138885 0.729743 -0.014380 0.3059 0.0667 0.0196
v 0.142715 0.727828 -0.000973 0.7059 0.2549 0.1059
v 0.125477 0.725912 -0.010550 0.2745 0.0510 0.0392
v 0.125477 0.723997 -0.000973 0.2235 0.0314 0.0314
v 0.077594 0.624399 -0.000973 0.7137 0.3686 0.1647
v 0.062271 0.620569 -0.012465 0.7294 0.4941 0.3804
v 0.075679 0.626315 -0.000973 0.8117 0.5333 0.2980
v 0.085255 0.641637 -0.000973 0.9019 0.5294 0.2471
v 0.100578 0.647383 -0.000973 0.9294 0.4823 0.1647
v 0.096747 0.649299 -0.004804 0.7020 0.2471 0.0627
v 0.092917 0.649299 -0.000973 0.9294 0.4510 0.1686
v 0.100578 0.666537 -0.008634 0.8509 0.3843 0.2118
v 0.106324 0.664621 -0.000973 0.8862 0.3529 0.1686
v 0.092917 0.666537 -0.000973 0.9451 0.2549 0.0980
v 0.069933 0.668452 -0.025872 0.6980 0.2510 0.1608
v 0.066102 0.655045 -0.000973 0.7764 0.3333 0.1490
v 0.068017 0.670367 -0.000973 0.4941 0.1530 0.0902
v 0.004811 0.616738 -0.043110 0.9058 0.6276 0.3019
v 0.018219 0.628230 -0.033534 0.9960 0.6785 0.1412
v 0.025880 0.639722 -0.033534 0.7804 0.3372 0.0941
v 0.039287 0.656960 -0.033534 0.5764 0.3176 0.1765
v 0.020134 0.651214 -0.037364 0.4667 0.1294 0.0706
v 0.045033 0.620569 -0.016296 0.6039 0.1647 0.1255
v 0.039287 0.630145 -0.025872 0.3647 0.1490 0.0784
v 0.046949 0.614823 -0.012465 0.3686 0.1333 0.1020
v 0.039287 0.620569 -0.012465 0.5019 0.1020 0.0667
v 0.050779 0.633976 -0.000973 0.9372 0.3451 0.1490
v 0.043118 0.628230 -0.012465 0.5137 0.1608 0.1137
v 0.025880 0.622484 -0.025872 0.1961 0.0196 0.0078
v 0.012473 0.639722 -0.022042 0.8039 0.2745 0.1020
v 0.025880 0.624399 -0.012465 0.2823 0.0784 0.0431
v 0.056525 0.656960 -0.025872 0.4078 0.0627 0.0275
v 0.043118 0.649299 -0.025872 0.3372 0.0235 0.0039
v 0.050779 0.649299 -0.000973 0.4510 0.0667 0.0353
v 0.041203 0.651214 -0.012465 0.4235 0.1294 0.0902
v 0.060356 0.670367 -0.012465 0.4039 0.1020 0.0667
v 0.020134 0.656960 -0.022042 0.5686 0.1882 0.0863
v 0.064187 0.689521 -0.037364 0.2510 0.0471 0.0157
v 0.062271 0.704844 -0.046941 0.8745 0.6393 0.3804
v 0.068017 0.704844 -0.039280 0.3568 0.1255 0.0824
v 0.066102 0.704844 -0.031618 0.3725 0.1608 0.1137
v 0.087171 0.723997 -0.035449 0.6550 0.4550 0.2823
v 0.115901 0.687606 -0.016296 0.3294 0.1569 0.1098
v 0.119731 0.691436 -0.018211 0.6589 0.5373 0.4392
v 0.104409 0.685690 -0.000973 0.5764 0.1686 0.1020
v 0.085255 0.697182 -0.016296 0.7451 0.3608 0.1725
v 0.089086 0.702928 -0.018211 0.5843 0.3412 0.2314
v 0.069933 0.691436 -0.020126 0.5451 0.2432 0.1490
v 0.081425 0.693352 -0.000973 0.8627 0.1922 0.0588
v 0.071848 0.689521 -0.000973 0.5373 0.0471 0.0510
v 0.113985 0.731658 -0.018211 0.2432 0.0510 0.0431
v 0.096747 0.725912 -0.022042 0.3568 0.1137 0.1059
v 0.112070 0.718251 -0.000973 0.3490 0.1020 0.0902
v 0.104409 0.710590 -0.000973 0.4823 0.2078 0.1843
v 0.112070 0.729743 -0.000973 0.2510 0.0784 0.0627
v 0.098663 0.723997 -0.000973 0.3059 0.0627 0.0588
v 0.062271 0.718251 -0.025872 0.2196 0.0784 0.0549
v 0.081425 0.720166 -0.029703 0.4902 0.3451 0.2432
v 0.089086 0.714420 -0.012465 0.2706 0.0667 0.0549
v 0.068017 0.733574 -0.010550 0.2784 0.0941 0.0627
v 0.031626 0.683775 -0.048856 0.6550 0.4039 0.2196
v 0.050779 0.693352 -0.046941 0.6824 0.4510 0.2706
v 0.054610 0.676113 -0.033534 0.6236 0.3882 0.2627
v 0.043118 0.676113 -0.037364 0.2706 0.1412 0.0667
v 0.037372 0.695267 -0.043110 0.5373 0.2980 0.1961
v 0.025880 0.683775 -0.050772 0.7882 0.2392 0.1530
v 0.025880 0.683775 -0.045026 0.6980 0.2000 0.0863
v 0.020134 0.702928 -0.045026 0.6315 0.3412 0.1373
v 0.046949 0.710590 -0.037364 0.7333 0.4314 0.3137
v 0.043118 0.712505 -0.031618 0.3019 0.0980 0.0824
v 0.027795 0.714420 -0.033534 0.5059 0.2078 0.1373
v 0.016303 0.722082 -0.035449 0.3490 0.0902 0.0745
v 0.043118 0.679944 -0.022042 0.3843 0.0784 0.0471
v 0.060356 0.701013 -0.029703 0.2941 0.0824 0.0431
v 0.054610 0.702928 -0.027788 0.4314 0.1530 0.0667
v 0.050779 0.699098 -0.018211 0.6824 0.3412 0.2039
v 0.031626 0.695267 -0.023957 0.4667 0.1725 0.0863
v 0.039287 0.699098 -0.029703 0.4980 0.2196 0.1412
v 0.058441 0.712505 -0.016296 0.3216 0.0627 0.0431
v 0.041203 0.718251 -0.018211 0.5333 0.2549 0.1922
v 0.035457 0.727828 -0.027788 0.2549 0.0941 0.0588
v 0.043118 0.710590 -0.008634 0.3882 0.1294 0.1020
v 0.041203 0.718251 -0.000973 0.4078 0.0431 0.0549
v 0.052695 0.725912 -0.008634 0.3804 0.1098 0.0627
v 0.041203 0.729743 -0.000973 0.3372 0.0745 0.0706
v 0.018219 0.712505 -0.020126 0.5333 0.2863 0.2000
v 0.022049 0.725912 -0.016296 0.4314 0.2235 0.1608
v 0.029711 0.718251 -0.000973 0.3725 0.0549 0.0510
v 0.125477 0.752727 -0.031618 0.3568 0.1647 0.0863
v 0.154207 0.737404 -0.008634 0.4784 0.2275 0.1373
v 0.159953 0.745066 -0.000973 0.6432 0.4471 0.3372
v 0.148461 0.741235 -0.020126 0.4667 0.2510 0.1686
v 0.129308 0.735489 -0.022042 0.4941 0.2980 0.2314
v 0.138885 0.750812 -0.022042 0.3608 0.2000 0.1059
v 0.131223 0.762304 -0.022042 0.8470 0.5961 0.3608
v 0.142715 0.748896 -0.000973 0.6354 0.3647 0.2823
v 0.144631 0.752727 -0.010550 0.5843 0.3490 0.2000
v 0.127393 0.750812 -0.010550 0.4863 0.1176 0.0863
v 0.131223 0.764219 -0.000973 0.9215 0.5255 0.2471
v 0.119731 0.745066 -0.031618 0.4392 0.2471 0.1569
v 0.102493 0.745066 -0.027788 0.2863 0.1804 0.1608
v 0.113985 0.750812 -0.020126 0.2353 0.0745 0.0510
v 0.117816 0.764219 -0.022042 0.8470 0.6236 0.4118
v 0.113985 0.752727 -0.012465 0.6863 0.2510 0.1686
v 0.110155 0.754642 -0.000973 0.5647 0.3098 0.2667
v 0.119731 0.760388 -0.000973 0.6393 0.2823 0.2196
v 0.087171 0.739320 -0.022042 0.3216 0.1333 0.1098
v 0.066102 0.743150 -0.020126 0.3568 0.1608 0.1137
v 0.079509 0.758473 -0.022042 0.8000 0.5843 0.3608
v 0.081425 0.764219 -0.018211 0.8392 0.6354 0.3804
v 0.085255 0.748896 -0.012465 0.4039 0.2039 0.1412
v 0.062271 0.739320 -0.000973 0.3725 0.0549 0.0549
v 0.081425 0.762304 -0.012465 0.5921 0.3647 0.1608
v 0.083340 0.754642 -0.000973 0.4392 0.1686 0.1490
v 0.066102 0.750812 -0.012465 0.2471 0.1137 0.0980
v 0.092917 0.769965 -0.023957 0.3686 0.1255 0.0745
v 0.098663 0.773796 -0.020126 0.8157 0.5530 0.2823
v 0.094832 0.769965 -0.014380 0.3412 0.0941 0.0275
v 0.102493 0.771880 -0.006719 0.7490 0.3294 0.2157
v 0.091001 0.768050 -0.018211 0.3372 0.0745 0.0275
v 0.083340 0.792949 -0.010550 0.6902 0.4589 0.2549
v 0.035457 0.746981 -0.031618 0.3804 0.2196 0.1294
v 0.020134 0.739320 -0.037364 0.2941 0.1647 0.1216
v 0.050779 0.735489 -0.012465 0.3765 0.1686 0.1098
v 0.046949 0.735489 -0.014380 0.3019 0.1569 0.1255
v 0.039287 0.743150 -0.014380 0.3882 0.2275 0.1451
v 0.041203 0.746981 -0.000973 0.3451 0.2000 0.1255
v 0.045033 0.758473 -0.008634 0.4784 0.2000 0.1098
v 0.033541 0.754642 -0.006719 0.5019 0.3216 0.2118
v 0.008642 0.739320 -0.025872 0.3412 0.1294 0.0784
v 0.020134 0.756558 -0.022042 0.4628 0.2000 0.1020
v 0.006727 0.752727 -0.027788 0.3176 0.1490 0.0784
v 0.027795 0.737404 -0.014380 0.3176 0.1804 0.1098
v 0.029711 0.741235 -0.000973 0.3294 0.1294 0.0863
v 0.027795 0.750812 -0.014380 0.4039 0.2196 0.1530
v 0.023965 0.764219 -0.012465 0.2902 0.1686 0.1216
v 0.000981 0.773796 -0.027788 0.3412 0.2588 0.2275
v 0.000981 0.783372 -0.023957 0.5451 0.3216 0.1961
v 0.023965 0.779542 -0.012465 0.2235 0.1294 0.1216
v 0.000981 0.806356 -0.022042 0.6785 0.4471 0.3059
v 0.022049 0.796780 -0.010550 0.3333 0.1137 0.0510
v 0.022049 0.812102 -0.010550 0.1922 0.0980 0.0745
v 0.000981 0.829340 -0.020126 0.5843 0.3647 0.2275
v 0.020134 0.829340 -0.008634 0.2941 0.2275 0.2275
v 0.020134 0.844663 -0.010550 0.3647 0.2039 0.1765
v 0.004811 0.863816 -0.033534 0.4667 0.1412 0.0863
v 0.008642 0.877224 -0.045026 0.6197 0.2627 0.0902
v 0.006727 0.879139 -0.041195 0.6000 0.2275 0.1098
v 0.012473 0.886800 -0.041195 0.5333 0.1451 0.0588
v 0.012473 0.873393 -0.033534 0.5647 0.0902 0.0431
v 0.008642 0.888716 -0.052687 0.5686 0.3059 0.2314
v 0.004811 0.890631 -0.031618 0.2784 0.0510 0.0392
v 0.008642 0.907869 -0.037364 0.5490 0.1608 0.1059
v 0.008642 0.869562 -0.025872 0.8235 0.3804 0.1333
v 0.006727 0.881054 -0.020126 0.2471 0.0431 0.0314
v 0.018219 0.871478 -0.008634 0.2039 0.1020 0.0941
v 0.031626 0.909784 -0.016296 0.7568 0.2392 0.1176
v 0.037372 0.905954 -0.006719 0.6197 0.1216 0.0549
v 0.012473 0.892546 -0.027788 0.4118 0.0824 0.0588
v 0.016303 0.907869 -0.023957 0.9411 0.3647 0.2039
v 0.016303 0.902123 -0.006719 0.2980 0.0706 0.0196
v 0.012473 0.902123 -0.006719 0.4745 0.1882 0.1020
v 0.023965 0.913615 -0.012465 0.8980 0.4275 0.1569
v 0.027795 0.915530 -0.000973 0.2627 0.0745 0.0392
v 0.008642 0.907869 -0.014380 0.4432 0.1725 0.1020
v 0.023965 0.919361 -0.031618 0.7216 0.2432 0.1765
v 0.014388 0.923192 -0.039280 0.7059 0.5019 0.3647
v 0.008642 0.932768 -0.033534 0.7568 0.4471 0.3333
v 0.025880 0.938514 -0.035449 0.5294 0.3882 0.3137
v 0.016303 0.944260 -0.031618 0.4353 0.2392 0.1530
v 0.025880 0.957668 -0.033534 0.5373 0.3019 0.2000
v 0.018219 0.957668 -0.031618 0.4392 0.1922 0.1137
v 0.033541 0.932768 -0.029703 0.4745 0.1882 0.1294
v 0.035457 0.932768 -0.023957 0.4157 0.1255 0.0627
v 0.035457 0.923192 -0.016296 0.4039 0.1412 0.0667
v 0.033541 0.934684 -0.022042 0.5412 0.2196 0.1490
v 0.041203 0.944260 -0.022042 0.7098 0.1333 0.0980
v 0.035457 0.925107 -0.000973 0.3333 0.1137 0.0667
v 0.035457 0.934684 -0.008634 0.5373 0.1922 0.1176
v 0.041203 0.946176 -0.014380 0.4784 0.2275 0.1608
v 0.043118 0.940430 -0.006719 0.6079 0.1490 0.1020
v 0.033541 0.938514 -0.000973 0.3961 0.1333 0.0706
v 0.043118 0.942345 -0.000973 0.6354 0.1608 0.0824
v 0.022049 0.927022 -0.022042 0.3765 0.0824 0.0510
v 0.012473 0.932768 -0.022042 0.8039 0.0902 0.0667
v 0.022049 0.942345 -0.022042 0.3294 0.1098 0.0745
v 0.022049 0.921276 -0.000973 0.8353 0.0941 0.0706
v 0.033541 0.957668 -0.027788 0.4392 0.1765 0.0745
v 0.031626 0.957668 -0.023957 0.6706 0.4078 0.2432
v 0.035457 0.957668 -0.018211 0.5255 0.3372 0.2157
v 0.035457 0.957668 -0.004804 0.5921 0.4039 0.2510
v 0.022049 0.957668 -0.022042 0.3176 0.1725 0.0980
v 0.018219 0.971075 -0.027788 0.6471 0.3019 0.0824
v 0.016303 0.969160 -0.025872 0.6000 0.2823 0.1059
v 0.022049 0.971075 -0.022042 0.6745 0.4589 0.2588
v 0.018219 0.969160 -0.022042 0.5098 0.3019 0.1451
v 0.010557 0.978737 -0.016296 0.5098 0.2863 0.1569
v -0.008596 0.509479 -0.029703 0.8196 0.3882 0.1373
v -0.000935 0.507564 -0.020126 0.9176 0.3451 0.0588
v -0.000935 0.517141 -0.016296 0.9137 0.3529 0.0627
v -0.012427 0.513310 -0.020126 0.6236 0.1255 0.0627
v -0.002850 0.503733 -0.012465 0.9294 0.2627 0.0627
v -0.004765 0.513310 -0.012465 0.8313 0.2588 0.0824
v -0.000935 0.538209 -0.027788 0.9255 0.5882 0.2353
v -0.012427 0.536294 -0.020126 0.6745 0.1530 0.0941
v -0.022003 0.536294 -0.012465 0.2549 0.0627 0.0627
v -0.000935 0.578431 -0.039280 0.7294 0.3098 0.0627
v -0.000935 0.607161 -0.031618 0.5412 0.2235 0.1059
v -0.000935 0.565024 -0.029703 0.9176 0.5530 0.1569
v -0.014342 0.561193 -0.029703 0.8039 0.3137 0.0980
v -0.022003 0.557363 -0.022042 0.6079 0.1647 0.1059
v -0.027749 0.555447 -0.020126 0.8235 0.5255 0.3294
v -0.008596 0.580347 -0.025872 0.8235 0.3137 0.0941
v -0.004765 0.566939 -0.018211 0.9490 0.2667 0.0510
v -0.014342 0.561193 -0.014380 0.3608 0.0784 0.0392
v -0.020088 0.557363 -0.012465 0.4118 0.0667 0.0275
v -0.050734 0.570770 -0.018211 0.8392 0.4078 0.2823
v -0.033495 0.553532 -0.012465 0.5098 0.1176 0.1059
v -0.037326 0.551617 -0.012465 0.3882 0.1137 0.0863
v -0.044988 0.574601 -0.012465 0.6157 0.2039 0.1059
v -0.056480 0.568855 -0.012465 0.5882 0.1882 0.0392
v -0.022003 0.591839 -0.025872 0.7568 0.1137 0.0706
v -0.029665 0.588008 -0.020126 0.5921 0.1686 0.1020
v -0.014342 0.597585 -0.016296 0.3451 0.0863 0.0431
v -0.027749 0.591839 -0.012465 0.5098 0.0863 0.0471
v -0.035411 0.591839 -0.012465 0.5804 0.0980 0.0549
v -0.046903 0.610992 -0.012465 0.2667 0.0235 0.0157
v -0.079464 0.584177 -0.000973 0.7764 0.3921 0.0824
v -0.077548 0.586093 -0.000973 0.8274 0.4902 0.2196
v -0.127347 0.603331 -0.000973 0.5490 0.1765 0.0314
v -0.123516 0.605246 -0.000973 0.7608 0.4196 0.1412
v -0.000935 0.683775 -0.081417 0.5921 0.0745 0.0314
v -0.000935 0.618653 -0.046941 0.8745 0.4432 0.0824
v -0.004765 0.616738 -0.043110 0.7098 0.2588 0.0471
v -0.000935 0.614823 -0.041195 0.8157 0.3843 0.1373
v -0.000935 0.622484 -0.035449 0.7216 0.3137 0.1255
v -0.000935 0.641637 -0.045026 0.9058 0.5412 0.2314
v -0.018173 0.628230 -0.033534 0.8784 0.4823 0.2706
v -0.025834 0.639722 -0.033534 0.9058 0.5333 0.2941
v -0.000935 0.649299 -0.046941 0.8235 0.4745 0.0980
v -0.000935 0.649299 -0.041195 0.8157 0.4275 0.1137
v -0.020088 0.651214 -0.037364 0.3372 0.0824 0.0314
v -0.039242 0.656960 -0.033534 0.7098 0.3098 0.1961
v -0.025834 0.622484 -0.025872 0.3059 0.0588 0.0275
v -0.012427 0.639722 -0.022042 0.8784 0.3490 0.1059
v -0.025834 0.624399 -0.012465 0.3176 0.1020 0.0745
v -0.044988 0.620569 -0.016296 0.5019 0.1412 0.0941
v -0.039242 0.630145 -0.025872 0.3451 0.0863 0.0353
v -0.037326 0.618653 -0.012465 0.3333 0.0078 0.0118
v -0.060310 0.622484 -0.012465 0.6000 0.2000 0.0941
v -0.043072 0.628230 -0.012465 0.5961 0.1216 0.0314
v -0.050734 0.633976 -0.000973 0.9647 0.3019 0.1490
v -0.020088 0.656960 -0.022042 0.5333 0.2235 0.1412
v -0.043072 0.649299 -0.025872 0.3961 0.0275 0.0078
v -0.056480 0.656960 -0.025872 0.6118 0.1686 0.0549
v -0.041157 0.651214 -0.012465 0.4000 0.1373 0.0902
v -0.050734 0.649299 -0.000973 0.5059 0.0588 0.0275
v -0.060310 0.670367 -0.012465 0.4353 0.1137 0.0745
v -0.075633 0.626315 -0.000973 0.8549 0.5412 0.3294
v -0.077548 0.624399 -0.000973 0.5921 0.3019 0.1530
v -0.085210 0.641637 -0.000973 0.8274 0.3882 0.1647
v -0.069887 0.668452 -0.025872 0.7176 0.2549 0.1569
v -0.066056 0.655045 -0.000973 0.6941 0.2549 0.1294
v -0.067972 0.670367 -0.000973 0.4432 0.1294 0.0863
v -0.096702 0.649299 -0.004804 0.6745 0.1804 0.0235
v -0.092871 0.649299 -0.000973 0.9176 0.4118 0.1843
v -0.100532 0.647383 -0.000973 0.8784 0.4745 0.1333
v -0.100532 0.666537 -0.008634 0.8000 0.2706 0.1255
v -0.106278 0.664621 -0.000973 0.7843 0.2627 0.0902
v -0.092871 0.666537 -0.000973 0.9137 0.2118 0.0745
v -0.025834 0.683775 -0.050772 0.6510 0.2706 0.1373
v -0.025834 0.683775 -0.045026 0.6980 0.3255 0.1530
v -0.020088 0.702928 -0.045026 0.7255 0.4157 0.3098
v -0.031580 0.683775 -0.048856 0.5059 0.1804 0.0549
v -0.050734 0.693352 -0.046941 0.4745 0.2588 0.0941
v -0.043072 0.676113 -0.037364 0.3490 0.1530 0.0863
v -0.054564 0.676113 -0.033534 0.5137 0.2471 0.0941
v -0.037326 0.695267 -0.043110 0.5490 0.3412 0.2745
v -0.000935 0.720166 -0.050772 0.7059 0.3961 0.2784
v -0.000935 0.725912 -0.048856 0.6667 0.3882 0.2039
v -0.027749 0.714420 -0.033534 0.4078 0.1530 0.0784
v -0.000935 0.720166 -0.045026 0.7333 0.4902 0.3412
v -0.016257 0.722082 -0.035449 0.2941 0.0902 0.0549
v -0.043072 0.712505 -0.031618 0.4039 0.2235 0.1843
v -0.046903 0.710590 -0.037364 0.7764 0.5333 0.4000
v -0.043072 0.679944 -0.022042 0.6157 0.2039 0.1373
v -0.031580 0.695267 -0.023957 0.4941 0.1569 0.0941
v -0.039242 0.699098 -0.029703 0.4471 0.1373 0.0902
v -0.054564 0.702928 -0.027788 0.4353 0.1686 0.1059
v -0.060310 0.701013 -0.029703 0.2745 0.1020 0.0588
v -0.050734 0.699098 -0.018211 0.6079 0.2432 0.1412
v -0.018173 0.712505 -0.020126 0.4392 0.1530 0.0902
v -0.022003 0.725912 -0.016296 0.3725 0.1804 0.1216
v -0.029665 0.718251 -0.000973 0.3529 0.0627 0.0431
v -0.041157 0.718251 -0.018211 0.4706 0.2235 0.1725
v -0.058395 0.712505 -0.016296 0.3529 0.1294 0.0980
v -0.035411 0.727828 -0.027788 0.3608 0.1647 0.1137
v -0.046903 0.725912 -0.016296 0.3412 0.1216 0.0980
v -0.043072 0.710590 -0.008634 0.3725 0.0902 0.0667
v -0.041157 0.718251 -0.000973 0.3765 0.0431 0.0314
v -0.041157 0.729743 -0.000973 0.2706 0.0549 0.0353
v -0.052649 0.725912 -0.008634 0.4353 0.0706 0.0471
v -0.064141 0.689521 -0.037364 0.2118 0.0039 0.0000
v -0.062226 0.704844 -0.046941 0.8235 0.6354 0.4235
v -0.067972 0.704844 -0.039280 0.3137 0.0471 0.0314
v -0.066056 0.704844 -0.031618 0.3176 0.1176 0.0980
v -0.087125 0.723997 -0.035449 0.3686 0.1804 0.1294
v -0.069887 0.691436 -0.020126 0.6393 0.2627 0.1725
v -0.085210 0.697182 -0.016296 0.5255 0.1373 0.1137
v -0.089040 0.702928 -0.018211 0.4353 0.2392 0.1725
v -0.071802 0.689521 -0.000973 0.4863 0.0431 0.0353
v -0.081379 0.693352 -0.000973 0.8078 0.1098 0.0549
v -0.115855 0.687606 -0.016296 0.3019 0.1255 0.0588
v -0.119686 0.691436 -0.018211 0.3568 0.2275 0.1843
v -0.104363 0.685690 -0.000973 0.6118 0.1530 0.0784
v -0.062226 0.718251 -0.025872 0.2432 0.1176 0.0941
v -0.081379 0.720166 -0.029703 0.3961 0.2196 0.1686
v -0.089040 0.714420 -0.012465 0.2549 0.0275 0.0235
v -0.067972 0.733574 -0.010550 0.3098 0.1294 0.1098
v -0.096702 0.725912 -0.022042 0.2118 0.0510 0.0392
v -0.113940 0.731658 -0.018211 0.2588 0.0667 0.0549
v -0.104363 0.710590 -0.000973 0.3686 0.0863 0.0627
v -0.112024 0.718251 -0.000973 0.3216 0.0627 0.0392
v -0.098617 0.723997 -0.000973 0.2941 0.0667 0.0667
v -0.112024 0.729743 -0.000973 0.2980 0.1294 0.1137
v -0.140754 0.626315 -0.006719 0.3176 0.0980 0.0471
v -0.146500 0.624399 -0.000973 0.4902 0.1765 0.0980
v -0.133093 0.628230 -0.000973 0.5451 0.1725 0.0588
v -0.133093 0.664621 -0.016296 0.4823 0.2157 0.1451
v -0.138839 0.666537 -0.018211 0.5059 0.3216 0.2627
v -0.123516 0.658875 -0.002888 0.8235 0.1608 0.0431
v -0.127347 0.660791 -0.000973 0.8196 0.2510 0.1530
v -0.129262 0.695267 -0.000973 0.6667 0.2157 0.1098
v -0.136924 0.691436 -0.000973 0.4314 0.0902 0.0627
v -0.136924 0.699098 -0.004804 0.4667 0.0980 0.0510
v -0.135008 0.701013 -0.000973 0.4706 0.0941 0.0235
v -0.144585 0.695267 -0.000973 0.5294 0.0902 0.0353
v -0.142670 0.697182 -0.004804 0.5137 0.0980 0.0510
v -0.156077 0.674198 -0.000973 0.7020 0.5333 0.4863
v -0.144585 0.731658 -0.018211 0.5294 0.1451 0.0863
v -0.136924 0.714420 -0.010550 0.4157 0.1020 0.0706
v -0.129262 0.710590 -0.000973 0.4863 0.0706 0.0431
v -0.133093 0.712505 -0.000973 0.4941 0.0784 0.0627
v -0.146500 0.716336 -0.010550 0.9294 0.6354 0.2196
v -0.125432 0.725912 -0.010550 0.2745 0.0667 0.0510
v -0.125432 0.723997 -0.000973 0.2627 0.0510 0.0431
v -0.138839 0.729743 -0.014380 0.3137 0.0627 0.0235
v -0.142670 0.727828 -0.000973 0.7020 0.2941 0.1765
v -0.161823 0.716336 -0.008634 0.4667 0.1098 0.0471
v -0.154162 0.710590 -0.000973 0.9176 0.5255 0.1882
v -0.163738 0.710590 -0.000973 0.8392 0.2902 0.1333
v -0.156077 0.718251 -0.000973 0.7647 0.2235 0.0706
v -0.169484 0.725912 -0.006719 0.3176 0.1686 0.1255
v -0.171400 0.727828 -0.000973 0.4118 0.2471 0.2118
v -0.000935 0.737404 -0.039280 0.5608 0.3608 0.2275
v -0.020088 0.739320 -0.037364 0.2392 0.0353 0.0118
v -0.000935 0.752727 -0.035449 0.5804 0.3686 0.2118
v -0.035411 0.746981 -0.031618 0.3921 0.1373 0.0627
v -0.012427 0.739320 -0.025872 0.2941 0.1059 0.0510
v -0.000935 0.752727 -0.029703 0.4823 0.2549 0.1020
v -0.008596 0.752727 -0.027788 0.5490 0.3529 0.2745
v -0.000935 0.762304 -0.025872 0.5569 0.2823 0.1451
v -0.020088 0.756558 -0.023957 0.3765 0.1765 0.1255
v -0.027749 0.741235 -0.014380 0.3019 0.1098 0.0745
v -0.029665 0.741235 -0.000973 0.3176 0.1098 0.0667
v -0.025834 0.750812 -0.014380 0.2980 0.1373 0.0902
v -0.023919 0.762304 -0.012465 0.2314 0.0941 0.0863
v -0.039241 0.743150 -0.014380 0.3294 0.1569 0.0941
v -0.041157 0.746981 -0.000973 0.4000 0.2157 0.1608
v -0.050734 0.735489 -0.012465 0.3490 0.1608 0.1373
v -0.044988 0.758473 -0.008634 0.4980 0.2863 0.2039
v -0.033495 0.754642 -0.006719 0.4157 0.1922 0.1020
v -0.000935 0.792949 -0.025872 0.3137 0.2510 0.2235
v -0.025834 0.773796 -0.012465 0.3059 0.1451 0.1294
v -0.022003 0.789118 -0.010550 0.1608 0.0392 0.0275
v -0.119686 0.745066 -0.031618 0.4157 0.1530 0.0706
v -0.066056 0.743150 -0.020126 0.2745 0.1098 0.0784
v -0.087125 0.739320 -0.022042 0.3647 0.2078 0.1725
v -0.079464 0.758473 -0.022042 0.7020 0.4510 0.2627
v -0.081379 0.764219 -0.018211 0.7921 0.5333 0.3176
v -0.062226 0.739320 -0.000973 0.4471 0.0706 0.0588
v -0.085210 0.748896 -0.012465 0.3294 0.1137 0.0824
v -0.066056 0.750812 -0.012465 0.3176 0.1255 0.0745
v -0.081379 0.762304 -0.012465 0.6432 0.3882 0.2039
v -0.083294 0.754642 -0.000973 0.5882 0.2353 0.2275
v -0.102448 0.745066 -0.027788 0.3725 0.2549 0.2235
v -0.113940 0.750812 -0.020126 0.2706 0.0863 0.0549
v -0.117770 0.764219 -0.022042 0.6785 0.4667 0.3255
v -0.113940 0.752727 -0.012465 0.6589 0.2118 0.1569
v -0.110109 0.754642 -0.000973 0.4314 0.1922 0.1569
v -0.119686 0.760388 -0.000973 0.7255 0.3529 0.2902
v -0.090956 0.768050 -0.018211 0.2667 0.0510 0.0353
v -0.083294 0.792949 -0.010550 0.7098 0.4902 0.3216
v -0.092871 0.769965 -0.023957 0.3961 0.1490 0.0824
v -0.098617 0.773796 -0.020126 0.5373 0.2588 0.1059
v -0.094786 0.769965 -0.014380 0.3451 0.0863 0.0196
v -0.102448 0.771880 -0.004804 0.7764 0.3647 0.2432
v -0.000935 0.817848 -0.023957 0.2823 0.2392 0.2353
v -0.022003 0.802526 -0.012465 0.1843 0.1020 0.0902
v -0.020088 0.819764 -0.010550 0.4039 0.1608 0.1333
v -0.000935 0.840832 -0.022042 0.2196 0.1647 0.1569
v -0.000935 0.854240 -0.018211 0.4550 0.2432 0.1530
v -0.020088 0.833171 -0.010550 0.1961 0.0667 0.0353
v -0.018173 0.848494 -0.008634 0.1490 0.0431 0.0431
v -0.125432 0.752727 -0.031618 0.5137 0.3255 0.2078
v -0.129262 0.735489 -0.022042 0.4078 0.2471 0.1765
v -0.148416 0.741235 -0.020126 0.3059 0.0784 0.0353
v -0.131178 0.762304 -0.022042 0.4353 0.2039 0.1020
v -0.138839 0.750812 -0.022042 0.4784 0.2902 0.1804
v -0.142670 0.748896 -0.000973 0.5019 0.2392 0.1765
v -0.127347 0.750812 -0.010550 0.3804 0.0902 0.0471
v -0.131178 0.764219 -0.000973 0.9490 0.5255 0.2078
v -0.144585 0.752727 -0.010550 0.4902 0.2980 0.1961
v -0.154162 0.737404 -0.008634 0.4628 0.2314 0.2039
v -0.159908 0.745066 -0.000973 0.4902 0.2941 0.2353
v -0.000935 0.875308 -0.048856 0.7686 0.3372 0.2118
v -0.000935 0.861901 -0.035449 0.5804 0.1373 0.0902
v -0.000935 0.863816 -0.031618 0.3882 0.1020 0.0706
v -0.004765 0.863816 -0.033534 0.3921 0.0824 0.0588
v -0.006681 0.879139 -0.041195 0.5333 0.1922 0.1137
v -0.008596 0.877224 -0.045026 0.4628 0.1333 0.0627
v -0.000935 0.881054 -0.041195 0.5216 0.1882 0.1216
v -0.012427 0.886800 -0.041195 0.4078 0.1333 0.0980
v -0.012427 0.873393 -0.033534 0.7020 0.1490 0.0510
v -0.000935 0.888716 -0.056518 0.5961 0.3686 0.2784
v -0.008596 0.888716 -0.052687 0.3882 0.0588 0.0275
v -0.000935 0.909784 -0.048856 0.6589 0.4628 0.3568
v -0.004765 0.890631 -0.031618 0.2627 0.0431 0.0353
v -0.008596 0.907869 -0.037364 0.6471 0.1961 0.1216
v -0.008596 0.869562 -0.025872 0.7882 0.3294 0.1373
v -0.000935 0.865732 -0.020126 0.3804 0.1961 0.1294
v -0.006681 0.881054 -0.020126 0.1961 0.0549 0.0118
v -0.000935 0.881054 -0.016296 0.2157 0.0745 0.0549
v -0.020088 0.861901 -0.008634 0.2549 0.0510 0.0353
v -0.016257 0.877224 -0.008634 0.1608 0.0157 0.0314
v -0.012427 0.892546 -0.027788 0.3725 0.0588 0.0392
v -0.000935 0.907869 -0.020126 0.2314 0.0588 0.0431
v -0.016257 0.907869 -0.023957 0.8235 0.2745 0.1294
v -0.012427 0.902123 -0.006719 0.6432 0.2275 0.1608
v -0.016257 0.888716 -0.008634 0.2980 0.0471 0.0471
v -0.016257 0.902123 -0.006719 0.4432 0.0706 0.0471
v -0.008596 0.907869 -0.014380 0.3725 0.0863 0.0549
v -0.023919 0.913615 -0.012465 0.8117 0.4078 0.1843
v -0.027749 0.915530 -0.000973 0.1725 0.0196 0.0118
v -0.031580 0.909784 -0.016296 0.5059 0.0941 0.0471
v -0.037326 0.905954 -0.006719 0.2745 0.0431 0.0275
v -0.000935 0.921276 -0.039280 0.5804 0.3608 0.2314
v -0.014342 0.923192 -0.039280 0.7882 0.6393 0.5412
v -0.008596 0.932768 -0.033534 0.6745 0.3882 0.2706
v -0.023919 0.919361 -0.031618 0.4235 0.0706 0.0431
v -0.000935 0.938514 -0.035449 0.8431 0.2118 0.1098
v -0.025834 0.938514 -0.035449 0.5686 0.3568 0.2588
v -0.016257 0.944260 -0.031618 0.3568 0.1882 0.1137
v -0.018173 0.957668 -0.031618 0.5176 0.2275 0.0902
v -0.025834 0.957668 -0.033534 0.6393 0.3961 0.2667
v -0.000935 0.921276 -0.023957 0.4980 0.2510 0.1804
v -0.012427 0.932768 -0.022042 0.7568 0.0824 0.0627
v -0.022003 0.927022 -0.022042 0.3216 0.0392 0.0196
v -0.022003 0.942345 -0.022042 0.3098 0.1137 0.0706
v -0.022003 0.921276 -0.000973 0.8353 0.0941 0.0706
v -0.000935 0.938514 -0.000973 0.7294 0.3451 0.1961
v -0.033495 0.932768 -0.029703 0.4784 0.2863 0.2196
v -0.035411 0.932768 -0.023957 0.4000 0.1608 0.1098
v -0.035411 0.923192 -0.016296 0.2863 0.0275 0.0157
v -0.033495 0.934684 -0.025872 0.2941 0.0706 0.0196
v -0.033495 0.934684 -0.022042 0.3490 0.1216 0.0706
v -0.041157 0.944260 -0.022042 0.7098 0.0980 0.0784
v -0.035411 0.925107 -0.000973 0.4039 0.2157 0.1647
v -0.035411 0.934684 -0.008634 0.5647 0.1530 0.1020
v -0.041157 0.946176 -0.014380 0.4039 0.1530 0.1098
v -0.033495 0.938514 -0.000973 0.5098 0.1804 0.1373
v -0.043072 0.940430 -0.006719 0.4000 0.0824 0.0510
v -0.043072 0.942345 -0.000973 0.5098 0.1569 0.1020
v -0.022003 0.957668 -0.022042 0.3568 0.1882 0.0980
v -0.010511 0.978737 -0.016296 0.6980 0.4510 0.2235
v -0.018173 0.971075 -0.027788 0.8274 0.5921 0.3372
v -0.016257 0.969160 -0.025872 0.6745 0.4078 0.2196
v -0.018173 0.969160 -0.022042 0.6118 0.4235 0.2353
v -0.022003 0.971075 -0.022042 0.6157 0.3921 0.1765
v -0.000935 0.978737 -0.000973 0.8235 0.3412 0.3333
v -0.033495 0.957668 -0.027788 0.3490 0.1059 0.0235
v -0.031580 0.957668 -0.023957 0.4902 0.2157 0.0824
v -0.035411 0.957668 -0.018211 0.4275 0.2432 0.1882
v -0.035411 0.957668 -0.004804 0.5882 0.2471 0.1294
v 0.002896 0.107259 0.016265 0.9058 0.5176 0.2078
v 0.046949 0.143650 0.000942 0.9843 0.9176 0.4589
v 0.046949 0.149396 0.000942 0.9804 0.9294 0.4706
v 0.041203 0.149396 0.000942 0.9921 0.9176 0.4157
v 0.043118 0.149396 0.020096 0.9058 0.6471 0.2471
v 0.037372 0.147481 0.016265 0.8235 0.5098 0.1294
v 0.037372 0.149396 0.022011 0.9411 0.6471 0.2667
v 0.043118 0.147481 0.023926 0.8666 0.5216 0.1608
v 0.016303 0.139820 0.012434 0.5176 0.1412 0.0745
v 0.012473 0.126412 0.022011 0.8039 0.3490 0.1647
v 0.006727 0.126412 0.020096 0.5255 0.1255 0.0627
v 0.010557 0.124497 0.027757 0.7216 0.3216 0.1216
v 0.004811 0.126412 0.025842 0.5647 0.1333 0.0392
v 0.008642 0.145566 0.018180 0.6315 0.2314 0.1333
v 0.002896 0.143650 0.023926 0.6236 0.1608 0.0824
v 0.000981 0.141735 0.027757 0.7412 0.2588 0.0784
v 0.006727 0.145566 0.025842 0.6667 0.2078 0.0627
v 0.002896 0.147481 0.027757 0.6745 0.2078 0.0510
v 0.045033 0.155142 0.000942 0.9921 0.9058 0.4471
v 0.039287 0.153227 0.000942 0.9882 0.9176 0.3608
v 0.037372 0.153227 0.000942 0.9843 0.9255 0.5019
v 0.037372 0.153227 0.014350 0.9137 0.5569 0.1765
v 0.029711 0.162804 0.012434 0.9568 0.7764 0.3333
v 0.014388 0.153227 0.012434 0.6706 0.2118 0.0706
v 0.020134 0.153227 0.022011 0.7020 0.2745 0.0902
v 0.023965 0.153227 0.025842 0.7333 0.3490 0.1294
v 0.018219 0.155142 0.027757 0.7333 0.3137 0.0706
v 0.002896 0.143650 0.031588 0.8313 0.3451 0.1569
v 0.022049 0.153227 0.031588 0.9215 0.6315 0.2549
v 0.043118 0.212602 0.000942 0.9960 0.9529 0.5216
v 0.016303 0.199195 0.012434 0.3608 0.0980 0.0588
v 0.008642 0.203026 0.018180 0.6157 0.2196 0.1216
v 0.031626 0.218348 0.012434 0.5216 0.1490 0.0863
v 0.020134 0.227925 0.012434 0.4706 0.2510 0.2000
v 0.002896 0.233671 0.012434 0.8588 0.3372 0.0980
v 0.020134 0.220264 0.025842 0.7137 0.3686 0.1647
v 0.010557 0.222179 0.018180 0.6824 0.1333 0.0784
v 0.068017 0.250909 0.000942 0.9686 0.8431 0.5333
v 0.073763 0.298792 0.000942 0.9529 0.7647 0.3529
v 0.054610 0.252824 0.012434 0.6980 0.2314 0.1530
v 0.058441 0.266232 0.000942 0.9882 0.8627 0.5490
v 0.031626 0.281554 0.012434 0.3176 0.1059 0.0549
v 0.052695 0.298792 0.012434 0.4275 0.0667 0.0314
v 0.037372 0.302623 0.012434 0.2549 0.1412 0.1412
v 0.045033 0.300708 0.018180 0.2745 0.1294 0.1137
v 0.014388 0.285385 0.012434 0.6824 0.4235 0.3921
v 0.022049 0.283470 0.018180 0.2706 0.1647 0.1490
v 0.069933 0.316030 0.012434 0.7529 0.4667 0.3176
v 0.079509 0.335184 0.000942 0.7647 0.5019 0.2000
v 0.077594 0.337099 0.000942 0.7725 0.5137 0.1961
v 0.033541 0.325607 0.012434 0.5059 0.1569 0.1294
v 0.022049 0.317946 0.012434 0.6276 0.2784 0.2353
v 0.016303 0.335184 0.012434 0.6393 0.2196 0.1569
v 0.014388 0.327522 0.018180 0.6628 0.1882 0.1216
v 0.069933 0.388813 0.000942 1.0000 0.8941 0.4235
v 0.068017 0.390728 0.002858 0.8980 0.6863 0.2706
v 0.064187 0.392644 0.000942 0.8902 0.6197 0.2353
v 0.077594 0.415628 0.002858 0.8235 0.5608 0.2902
v 0.079509 0.417543 0.000942 0.8902 0.5647 0.2941
v 0.073763 0.417543 0.000942 0.9607 0.7608 0.4392
v 0.058441 0.381152 0.000942 0.9960 0.9137 0.4667
v 0.043118 0.379236 0.002858 0.9568 0.8549 0.4784
v 0.054610 0.384982 0.000942 0.8980 0.6980 0.2627
v 0.056525 0.383067 0.002858 0.9333 0.7882 0.3804
v 0.043118 0.409882 0.029672 0.8549 0.4078 0.1333
v 0.039287 0.413713 0.027757 0.7255 0.2784 0.1020
v 0.012473 0.411797 0.012434 0.5764 0.1804 0.1412
v 0.018219 0.417543 0.012434 0.5921 0.1843 0.0941
v 0.012473 0.417543 0.016265 0.5569 0.1765 0.1137
v 0.041203 0.409882 0.033503 0.8235 0.4432 0.1765
v 0.037372 0.413713 0.031588 0.7216 0.2706 0.0667
v 0.087171 0.450104 0.018180 0.9686 0.7020 0.3372
v 0.087171 0.450104 0.022011 0.8706 0.5373 0.2196
v 0.081425 0.452019 0.018180 0.5216 0.2784 0.1137
v 0.083340 0.453935 0.022011 0.8980 0.5255 0.2392
v 0.077594 0.469257 0.000942 0.9529 0.8549 0.5490
v 0.077594 0.471173 0.000942 0.9960 0.9372 0.6315
v 0.091001 0.478834 0.018180 0.8980 0.6000 0.2275
v 0.085255 0.478834 0.018180 0.8000 0.4902 0.1490
v 0.091001 0.478834 0.022011 0.8941 0.5921 0.2353
v 0.087171 0.478834 0.022011 0.9058 0.5921 0.1765
v 0.037372 0.446273 0.012434 0.3529 0.1765 0.1451
v 0.050779 0.432866 0.029672 0.8627 0.4550 0.1843
v 0.046949 0.436697 0.027757 0.8353 0.3725 0.1216
v 0.020134 0.436697 0.012434 0.4157 0.1137 0.0471
v 0.012473 0.450104 0.012434 0.6589 0.2314 0.1765
v 0.014388 0.440527 0.018180 0.4510 0.1412 0.0784
v 0.058441 0.463511 0.012434 0.8039 0.3568 0.1608
v 0.039287 0.465427 0.012434 0.5019 0.2039 0.1098
v 0.035457 0.480749 0.012434 0.6550 0.4039 0.3255
v 0.020134 0.467342 0.012434 0.2980 0.1922 0.1765
v 0.029711 0.465427 0.018180 0.6589 0.4392 0.3216
v 0.050779 0.434781 0.033503 0.9019 0.5255 0.2196
v 0.046949 0.436697 0.033503 0.8392 0.4471 0.1765
v -0.000935 0.000000 0.000942 0.9607 0.7804 0.3725
v -0.000935 0.028730 0.012434 0.9137 0.5098 0.1333
v -0.000935 0.082359 0.012434 0.9058 0.5804 0.2314
v -0.000935 0.109174 0.016265 0.7098 0.2118 0.0745
v -0.004765 0.107259 0.016265 0.9137 0.4392 0.2078
v -0.016257 0.139820 0.012434 0.6118 0.2627 0.1882
v -0.008596 0.145566 0.018180 0.6197 0.1686 0.0392
v -0.014342 0.147481 0.020096 0.7960 0.3725 0.1686
v -0.010511 0.151312 0.022011 0.5412 0.1451 0.0549
v -0.012427 0.151312 0.027757 0.6667 0.2510 0.0863
v -0.016257 0.147481 0.025842 0.8431 0.4157 0.1412
v -0.039241 0.147481 0.016265 0.9725 0.7647 0.2235
v -0.043072 0.147481 0.016265 0.9764 0.8274 0.2549
v -0.039241 0.149396 0.022011 0.9725 0.8196 0.3137
v -0.044988 0.147481 0.023926 1.0000 0.9451 0.4902
v -0.046903 0.149396 0.020096 0.9843 0.7725 0.3529
v -0.014342 0.153227 0.012434 0.6354 0.2039 0.1176
v -0.029665 0.162804 0.012434 0.9372 0.7451 0.2353
v -0.010511 0.168550 0.022011 0.5176 0.1294 0.0510
v -0.012427 0.168550 0.027757 0.5176 0.1530 0.0706
v -0.016257 0.168550 0.022011 0.6550 0.1765 0.0863
v -0.016257 0.168550 0.025842 0.7647 0.2863 0.1216
v -0.043072 0.153227 0.018180 0.9215 0.5921 0.1647
v -0.016257 0.199195 0.012434 0.4039 0.0549 0.0275
v -0.004765 0.183872 0.018180 0.6589 0.3451 0.1922
v -0.008596 0.203026 0.018180 0.7098 0.2863 0.1725
v -0.044988 0.191534 0.022011 0.4392 0.1765 0.1098
v -0.043072 0.191534 0.027757 0.6667 0.5294 0.3490
v -0.048818 0.189618 0.023926 0.8666 0.4353 0.1882
v -0.046903 0.189618 0.029672 0.9843 0.8117 0.4550
v -0.058395 0.203026 0.018180 0.8274 0.3804 0.1294
v -0.054564 0.206856 0.018180 0.8470 0.3804 0.1647
v -0.058395 0.204941 0.023926 0.9058 0.5451 0.2863
v -0.054564 0.208772 0.023926 0.8706 0.3725 0.1608
v -0.000935 0.222179 0.012434 0.9686 0.3882 0.0745
v -0.020088 0.227925 0.012434 0.4000 0.0392 0.0118
v -0.002850 0.233671 0.012434 0.7804 0.2039 0.0510
v -0.000935 0.227925 0.016265 0.9960 0.5647 0.1490
v -0.010511 0.222179 0.018180 0.5412 0.1020 0.0353
v -0.010511 0.222179 0.025842 0.4550 0.0784 0.0510
v -0.016257 0.218348 0.023926 0.4941 0.1020 0.0549
v -0.020088 0.220264 0.025842 0.7921 0.3412 0.1608
v -0.016257 0.218348 0.029672 0.6706 0.2392 0.1059
v -0.031580 0.218348 0.012434 0.4432 0.0510 0.0314
v -0.044987 0.239417 0.027757 0.8862 0.3686 0.1412
v -0.046903 0.235586 0.025842 0.9607 0.4353 0.1608
v -0.012427 0.220264 0.031588 0.5098 0.0863 0.0157
v -0.048818 0.233671 0.031588 0.9255 0.3921 0.1725
v -0.046903 0.237502 0.033503 0.8470 0.3686 0.1333
v -0.075633 0.208772 0.014350 0.8509 0.3765 0.1686
v -0.075633 0.210687 0.020096 0.8549 0.3765 0.1686
v -0.079464 0.206856 0.016265 0.8588 0.4392 0.2000
v -0.079464 0.206856 0.020096 0.9333 0.5059 0.2392
v -0.075633 0.226010 0.014350 0.8706 0.3843 0.1451
v -0.081379 0.226010 0.014350 0.8549 0.3882 0.1569
v -0.075633 0.226010 0.020096 0.8392 0.3882 0.1804
v -0.081379 0.226010 0.020096 0.8862 0.4589 0.1922
v -0.066056 0.241332 0.023926 0.9098 0.4314 0.1412
v -0.064141 0.243248 0.029672 0.9607 0.5725 0.2314
v -0.067972 0.241332 0.027757 0.8627 0.4510 0.1765
v -0.054564 0.252824 0.012434 0.7098 0.2118 0.1137
v -0.058395 0.266232 0.000942 0.9804 0.8274 0.4745
v -0.014342 0.285385 0.012434 0.4784 0.1451 0.1412
v -0.022003 0.283470 0.018180 0.4118 0.0745 0.0824
v -0.031580 0.281554 0.012434 0.4784 0.0980 0.0706
v -0.037326 0.302623 0.012434 0.2941 0.0118 0.0196
v -0.052649 0.298792 0.012434 0.4706 0.0471 0.0588
v -0.044988 0.300708 0.018180 0.4392 0.0549 0.0431
v -0.067972 0.250909 0.000942 0.9686 0.9294 0.5921
v -0.062226 0.245163 0.025842 0.9294 0.4941 0.1490
v -0.069887 0.252824 0.023926 0.9490 0.4980 0.1490
v -0.066056 0.262401 0.025842 0.8470 0.4353 0.0980
v -0.075633 0.260486 0.027757 0.8039 0.4432 0.1882
v -0.069887 0.268147 0.025842 0.7372 0.4353 0.2118
v -0.073718 0.298792 0.000942 0.9725 0.7333 0.3647
v -0.022003 0.317946 0.012434 0.4196 0.1373 0.1451
v -0.016257 0.335184 0.012434 0.5176 0.1530 0.0784
v -0.014342 0.327522 0.018180 0.4392 0.0863 0.0431
v -0.056480 0.317946 0.000942 0.9098 0.5019 0.1804
v -0.033495 0.325607 0.012434 0.6510 0.0745 0.0627
v -0.046903 0.329438 0.000942 0.9607 0.5059 0.1412
v -0.069887 0.316030 0.012434 0.6000 0.3490 0.2784
v -0.079464 0.335184 0.000942 0.7137 0.4863 0.2392
v -0.077548 0.337099 0.000942 0.7333 0.4902 0.2196
v -0.043072 0.379236 0.002858 0.9451 0.7960 0.4353
v -0.058395 0.381152 0.000942 1.0000 0.8431 0.4196
v -0.054564 0.384982 0.000942 0.9568 0.7960 0.3961
v -0.056480 0.383067 0.002858 0.8745 0.6863 0.2392
v -0.069887 0.388813 0.000942 0.9882 0.7294 0.3098
v -0.064141 0.392644 0.000942 0.9490 0.6667 0.2510
v -0.067972 0.390728 0.002858 0.8745 0.6039 0.2196
v -0.073718 0.417543 0.000942 0.8000 0.5137 0.1804
v -0.077548 0.415628 0.002858 0.8117 0.4902 0.1451
v -0.079464 0.417543 0.000942 0.7960 0.4628 0.1725
v -0.020088 0.436697 0.012434 0.4157 0.0392 0.0157
v -0.012427 0.450104 0.012434 0.6863 0.2549 0.1765
v -0.014342 0.440527 0.018180 0.6315 0.1255 0.0392
v -0.037326 0.446273 0.012434 0.4823 0.0353 0.0353
v -0.020088 0.467342 0.012434 0.3647 0.1137 0.0745
v -0.029665 0.465427 0.018180 0.6902 0.4941 0.3843
v -0.039241 0.465427 0.012434 0.2471 0.0471 0.0275
v -0.060310 0.473088 0.000942 0.9764 0.9176 0.6902
v -0.058395 0.463511 0.012434 0.5608 0.1765 0.0824
v -0.035411 0.480749 0.012434 0.6000 0.3725 0.3255
v -0.048818 0.486495 0.000942 0.9411 0.7804 0.6000
v -0.077548 0.471173 0.000942 0.9607 0.8627 0.6706
v 0.125477 0.605246 0.000942 0.7216 0.3098 0.0941
v 0.002896 0.503733 0.012434 0.9137 0.4706 0.0784
v 0.004811 0.513310 0.012434 0.9372 0.7764 0.2667
v 0.012473 0.513310 0.020096 0.7294 0.1725 0.0980
v 0.008642 0.509479 0.029672 0.9647 0.4823 0.1647
v 0.022049 0.536294 0.012434 0.4784 0.2039 0.1294
v 0.012473 0.536294 0.020096 0.7960 0.1530 0.0667
v 0.079509 0.584177 0.000942 0.8431 0.5647 0.2000
v 0.077594 0.586093 0.000942 0.8745 0.6118 0.2667
v 0.037372 0.551617 0.012434 0.3333 0.0824 0.0627
v 0.033541 0.553532 0.012434 0.3647 0.0745 0.0549
v 0.056525 0.568855 0.012434 0.7843 0.6197 0.4667
v 0.045033 0.574601 0.012434 0.6354 0.3216 0.2235
v 0.050779 0.570770 0.018180 0.8862 0.6941 0.5216
v 0.020134 0.557363 0.012434 0.4902 0.1059 0.0627
v 0.014388 0.561193 0.014350 0.4353 0.1137 0.0706
v 0.027795 0.555447 0.020096 0.5569 0.2078 0.1176
v 0.022049 0.557363 0.022011 0.6510 0.1373 0.0431
v 0.014388 0.561193 0.029672 0.9529 0.4275 0.1294
v 0.004811 0.566939 0.018180 0.7882 0.2706 0.1098
v 0.008642 0.580347 0.025842 0.8313 0.3529 0.1569
v 0.035457 0.591839 0.012434 0.8353 0.3765 0.1294
v 0.046949 0.610992 0.012434 0.5569 0.3843 0.3412
v 0.027795 0.591839 0.012434 0.5843 0.1059 0.0431
v 0.029711 0.588008 0.020096 0.7725 0.2823 0.1843
v 0.022049 0.591839 0.025842 0.6745 0.1922 0.1333
v 0.014388 0.597585 0.016265 0.3843 0.0824 0.0392
v 0.140800 0.626315 0.006688 0.3098 0.1020 0.0549
v 0.123562 0.658875 0.002858 0.8470 0.1608 0.0118
v 0.138885 0.666537 0.018180 0.9058 0.8078 0.6510
v 0.133139 0.664621 0.016265 0.3686 0.1804 0.1530
v 0.142715 0.697182 0.004773 0.6863 0.2078 0.1530
v 0.136969 0.699098 0.004773 0.5530 0.1412 0.0784
v 0.161869 0.716336 0.008604 0.8235 0.2667 0.1530
v 0.169530 0.725912 0.006688 0.3137 0.1961 0.1725
v 0.146546 0.716336 0.010519 0.9529 0.6550 0.2941
v 0.136969 0.714420 0.010519 0.3490 0.0627 0.0353
v 0.138885 0.729743 0.014350 0.4000 0.1255 0.0941
v 0.125477 0.725912 0.010519 0.2706 0.0745 0.0627
v 0.144631 0.731658 0.018180 0.7451 0.4118 0.2902
v 0.075679 0.626315 0.000942 0.8039 0.5176 0.2784
v 0.064187 0.620569 0.012434 0.7843 0.5255 0.3765
v 0.096747 0.649299 0.004773 0.7176 0.2588 0.0588
v 0.100578 0.666537 0.008604 0.6745 0.1412 0.0471
v 0.069933 0.668452 0.025842 0.8353 0.3843 0.2510
v 0.046949 0.614823 0.012434 0.2823 0.0549 0.0235
v 0.045033 0.628230 0.012434 0.6785 0.2667 0.1216
v 0.045033 0.620569 0.016265 0.5294 0.2157 0.1882
v 0.039287 0.630145 0.025842 0.2353 0.0353 0.0196
v 0.025880 0.624399 0.012434 0.3098 0.0745 0.0510
v 0.025880 0.622484 0.025842 0.2863 0.0549 0.0392
v 0.012473 0.639722 0.022011 0.6785 0.2275 0.0902
v 0.041203 0.651214 0.012434 0.4510 0.1294 0.0706
v 0.060356 0.670367 0.012434 0.4353 0.1176 0.0549
v 0.056525 0.656960 0.025842 0.4784 0.1530 0.0824
v 0.043118 0.649299 0.025842 0.2980 0.0353 0.0157
v 0.020134 0.656960 0.022011 0.7216 0.3765 0.2157
v 0.004811 0.616738 0.043080 0.7333 0.4550 0.2275
v 0.018219 0.628230 0.033503 0.7921 0.3333 0.0235
v 0.025880 0.639722 0.033503 0.7294 0.2823 0.1098
v 0.039287 0.656960 0.033503 0.5137 0.2275 0.1216
v 0.020134 0.651214 0.037334 0.5176 0.2627 0.1804
v 0.115901 0.687606 0.016265 0.3255 0.1216 0.0588
v 0.119731 0.691436 0.018180 0.5725 0.4863 0.3921
v 0.085255 0.697182 0.016265 0.3921 0.0549 0.0431
v 0.089086 0.702928 0.018180 0.7686 0.5216 0.4078
v 0.069933 0.691436 0.020096 0.7882 0.4275 0.2980
v 0.113985 0.731658 0.018180 0.2118 0.0627 0.0588
v 0.096747 0.725912 0.022011 0.3451 0.1490 0.1216
v 0.089086 0.714420 0.012434 0.2823 0.0588 0.0392
v 0.068017 0.733574 0.010519 0.3647 0.1608 0.1098
v 0.062271 0.718251 0.025842 0.3843 0.1647 0.1294
v 0.081425 0.720166 0.029672 0.5137 0.3568 0.2941
v 0.064187 0.689521 0.037334 0.2980 0.0314 0.0078
v 0.066102 0.704844 0.031588 0.3686 0.1725 0.1176
v 0.068017 0.704844 0.039249 0.4863 0.1451 0.0745
v 0.087171 0.723997 0.035418 0.5373 0.3608 0.2784
v 0.062271 0.704844 0.046910 0.8274 0.5961 0.3412
v 0.043118 0.679944 0.022011 0.4471 0.0980 0.0588
v 0.050779 0.699098 0.018180 0.7098 0.4275 0.1922
v 0.054610 0.702928 0.027757 0.3765 0.1373 0.0784
v 0.031626 0.695267 0.023926 0.3608 0.1098 0.0353
v 0.039287 0.699098 0.029672 0.3490 0.1333 0.0745
v 0.043118 0.710590 0.008604 0.4118 0.1137 0.0706
v 0.052695 0.725912 0.008604 0.4941 0.1530 0.1333
v 0.046949 0.727828 0.014350 0.3686 0.1333 0.0784
v 0.058441 0.712505 0.016265 0.3725 0.0980 0.0784
v 0.041203 0.718251 0.018180 0.4706 0.2706 0.1922
v 0.035457 0.727828 0.027757 0.4471 0.2706 0.1412
v 0.018219 0.712505 0.020096 0.5725 0.2549 0.1647
v 0.022049 0.725912 0.016265 0.5333 0.3294 0.2471
v 0.054610 0.676113 0.033503 0.8902 0.7176 0.5294
v 0.043118 0.676113 0.037334 0.3176 0.1922 0.1216
v 0.037372 0.695267 0.043080 0.5412 0.3137 0.2157
v 0.031626 0.683775 0.048826 0.4550 0.2039 0.1059
v 0.050779 0.693352 0.046910 0.6706 0.4863 0.2863
v 0.025880 0.683775 0.044995 0.4706 0.1804 0.1059
v 0.020134 0.702928 0.044995 0.6745 0.4628 0.2706
v 0.025880 0.683775 0.050741 0.6315 0.2314 0.1922
v 0.046949 0.710590 0.037334 0.5921 0.2549 0.1373
v 0.043118 0.712505 0.031588 0.3333 0.1882 0.1530
v 0.027795 0.714420 0.033503 0.4235 0.2039 0.1294
v 0.016303 0.722082 0.035418 0.2235 0.1137 0.0902
v 0.154207 0.737404 0.008604 0.4706 0.2745 0.2235
v 0.144631 0.752727 0.010519 0.6432 0.3882 0.2588
v 0.127393 0.750812 0.010519 0.4589 0.1333 0.0941
v 0.148461 0.741235 0.020096 0.6667 0.3216 0.2196
v 0.129308 0.735489 0.022011 0.3490 0.1725 0.1020
v 0.138885 0.750812 0.022011 0.5882 0.3725 0.2667
v 0.131223 0.762304 0.022011 0.7490 0.4745 0.3137
v 0.125477 0.752727 0.031588 0.8196 0.6197 0.4353
v 0.113985 0.752727 0.012434 0.8157 0.3843 0.2588
v 0.102493 0.745066 0.027757 0.6667 0.5373 0.5216
v 0.113985 0.750812 0.020096 0.2863 0.0863 0.0392
v 0.117816 0.764219 0.022011 0.8549 0.6157 0.4000
v 0.081425 0.762304 0.012434 0.7059 0.4353 0.2078
v 0.066102 0.750812 0.012434 0.3372 0.1569 0.0980
v 0.087171 0.739320 0.022011 0.4863 0.3333 0.2588
v 0.066102 0.743150 0.020096 0.3882 0.1490 0.1137
v 0.081425 0.764219 0.018180 0.8666 0.6157 0.3804
v 0.079509 0.758473 0.022011 0.8313 0.5921 0.3804
v 0.102493 0.771880 0.006688 0.5569 0.2078 0.1294
v 0.094832 0.769965 0.014350 0.3529 0.0902 0.0392
v 0.098663 0.773796 0.020096 0.8235 0.5961 0.3098
v 0.092917 0.769965 0.023926 0.4902 0.2157 0.0980
v 0.083340 0.792949 0.010519 0.6197 0.4432 0.2823
v 0.091001 0.768050 0.018180 0.3725 0.0902 0.0549
v 0.119731 0.745066 0.031588 0.2510 0.1098 0.0745
v 0.050779 0.735489 0.012434 0.4823 0.2471 0.1647
v 0.039287 0.743150 0.014350 0.4432 0.2784 0.2039
v 0.033541 0.754642 0.006688 0.7176 0.4353 0.2941
v 0.045033 0.758473 0.008604 0.6118 0.2980 0.0941
v 0.027795 0.741235 0.014350 0.4118 0.2471 0.1804
v 0.012473 0.739320 0.025842 0.5451 0.2863 0.1765
v 0.022049 0.756558 0.016265 0.2588 0.1530 0.1333
v 0.020134 0.756558 0.023926 0.3921 0.2078 0.1216
v 0.020134 0.785288 0.014350 0.2745 0.1882 0.1412
v 0.035457 0.746981 0.031588 0.6667 0.4314 0.2745
v 0.020134 0.739320 0.037334 0.6628 0.4863 0.3019
v 0.020134 0.815933 0.012434 0.2941 0.1725 0.1294
v 0.018219 0.848494 0.010519 0.3333 0.2392 0.2157
v 0.016303 0.879139 0.008604 0.3529 0.1765 0.1490
v 0.008642 0.869562 0.025842 0.7372 0.2706 0.1176
v 0.006727 0.881054 0.020096 0.2314 0.0471 0.0431
v 0.037372 0.905954 0.006688 0.6197 0.1451 0.1059
v 0.031626 0.909784 0.016265 0.7412 0.1686 0.0627
v 0.016303 0.902123 0.006688 0.3804 0.1059 0.0353
v 0.023965 0.913615 0.012434 0.9058 0.4196 0.1843
v 0.008642 0.907869 0.014350 0.4118 0.1451 0.0941
v 0.012473 0.892546 0.027757 0.4706 0.0667 0.0275
v 0.016303 0.907869 0.023926 0.9215 0.4510 0.1922
v 0.004811 0.863816 0.033503 0.3176 0.0784 0.0510
v 0.012473 0.873393 0.033503 0.6197 0.1530 0.0431
v 0.008642 0.877224 0.044995 0.5764 0.2275 0.0824
v 0.006727 0.879139 0.041164 0.6039 0.2196 0.0941
v 0.012473 0.886800 0.041164 0.4275 0.1098 0.0353
v 0.004811 0.890631 0.031588 0.3412 0.1020 0.0667
v 0.008642 0.907869 0.037334 0.6471 0.2823 0.2275
v 0.008642 0.888716 0.052656 0.4510 0.1530 0.0863
v 0.043118 0.940430 0.006688 0.4902 0.1490 0.0863
v 0.035457 0.934684 0.008604 0.6039 0.1922 0.1412
v 0.041203 0.946176 0.014350 0.4353 0.1530 0.0824
v 0.035457 0.923192 0.016265 0.3647 0.1255 0.0824
v 0.035457 0.932768 0.023926 0.4667 0.1922 0.1294
v 0.033541 0.932768 0.029672 0.5804 0.3451 0.2432
v 0.033541 0.934684 0.022011 0.6197 0.3216 0.2353
v 0.041203 0.944260 0.022011 0.6824 0.1686 0.0863
v 0.022049 0.927022 0.022011 0.3843 0.0745 0.0471
v 0.012473 0.932768 0.022011 0.8117 0.1373 0.0549
v 0.022049 0.942345 0.022011 0.3294 0.1137 0.0784
v 0.035457 0.957668 0.004773 0.5255 0.3137 0.1686
v 0.035457 0.957668 0.018180 0.6510 0.3647 0.2549
v 0.031626 0.957668 0.023926 0.7333 0.5098 0.3608
v 0.033541 0.957668 0.027757 0.4941 0.2353 0.0824
v 0.022049 0.957668 0.022011 0.3137 0.1608 0.1059
v 0.022049 0.971075 0.022011 0.6550 0.4275 0.2118
v 0.018219 0.969160 0.022011 0.4706 0.2432 0.0824
v 0.016303 0.969160 0.025842 0.6471 0.3686 0.1530
v 0.018219 0.971075 0.027757 0.6315 0.3765 0.1530
v 0.010557 0.978737 0.016265 0.5686 0.3765 0.2235
v 0.023965 0.919361 0.031588 0.3686 0.1294 0.0275
v 0.008642 0.932768 0.033503 0.4510 0.1490 0.0706
v 0.014388 0.923192 0.039249 0.9058 0.7216 0.5569
v 0.025880 0.938514 0.035418 0.6000 0.3882 0.2510
v 0.016303 0.944260 0.031588 0.5294 0.2706 0.1608
v 0.025880 0.957668 0.033503 0.6785 0.4745 0.3294
v 0.018219 0.957668 0.031588 0.5686 0.2667 0.1216
v -0.002850 0.503733 0.012434 0.7647 0.2627 0.0627
v -0.004765 0.513310 0.012434 0.5921 0.2275 0.0745
v -0.000935 0.507564 0.020096 0.9725 0.7804 0.1882
v -0.000935 0.517141 0.016265 0.9058 0.7176 0.3216
v -0.012427 0.513310 0.020096 0.5019 0.0627 0.0118
v -0.008596 0.509479 0.029672 0.9607 0.6039 0.4157
v -0.022003 0.536294 0.012434 0.5059 0.2157 0.1490
v -0.012427 0.536294 0.020096 0.4706 0.1059 0.0588
v -0.000935 0.538209 0.027757 0.9804 0.8157 0.4078
v -0.050734 0.549701 0.000942 0.6706 0.3137 0.1490
v -0.014342 0.561193 0.014350 0.4589 0.0980 0.0510
v -0.020088 0.557363 0.012434 0.4471 0.0824 0.0588
v -0.000935 0.565024 0.029672 0.8039 0.5098 0.3137
v -0.014342 0.561193 0.029672 0.9607 0.6785 0.2549
v -0.022003 0.557363 0.022011 0.6550 0.1059 0.0392
v -0.027749 0.555447 0.020096 0.4471 0.1020 0.0627
v -0.004765 0.566939 0.018180 0.7412 0.1961 0.1176
v -0.008596 0.580347 0.025842 0.8627 0.3843 0.1569
v -0.033495 0.553532 0.012434 0.2902 0.0627 0.0588
v -0.037326 0.551617 0.012434 0.2078 0.0353 0.0078
v -0.044988 0.574601 0.012434 0.4589 0.2000 0.0824
v -0.056480 0.568855 0.012434 0.5961 0.3451 0.1804
v -0.050734 0.570770 0.018180 0.7568 0.4941 0.3019
v -0.027749 0.591839 0.012434 0.4275 0.0353 0.0196
v -0.029665 0.588008 0.020096 0.4784 0.0863 0.0510
v -0.022003 0.591839 0.025842 0.5333 0.1176 0.0941
v -0.014342 0.597585 0.016265 0.4550 0.1020 0.0706
v -0.035411 0.591839 0.012434 0.7059 0.1647 0.1137
v -0.054564 0.582262 0.000942 0.8431 0.3216 0.1451
v -0.052649 0.593754 0.000942 0.8745 0.3765 0.1412
v -0.056480 0.605246 0.000942 0.7960 0.2392 0.1098
v -0.000935 0.578431 0.039249 0.7529 0.4275 0.2118
v -0.000935 0.607161 0.031588 0.7372 0.4000 0.2627
v -0.077548 0.586093 0.000942 0.8902 0.5686 0.2902
v -0.125432 0.605246 0.000942 0.7294 0.3568 0.1490
v -0.025834 0.624399 0.012434 0.3216 0.0902 0.0431
v -0.025834 0.622484 0.025842 0.1843 0.0157 0.0118
v -0.012427 0.639722 0.022011 0.7020 0.3176 0.1059
v -0.046903 0.614823 0.012434 0.3333 0.1137 0.0784
v -0.044988 0.628230 0.012434 0.8196 0.4589 0.3176
v -0.044988 0.620569 0.016265 0.4196 0.1922 0.1608
v -0.039241 0.630145 0.025842 0.2823 0.0157 0.0039
v -0.020088 0.656960 0.022011 0.5255 0.1333 0.0627
v -0.041157 0.651214 0.012434 0.3216 0.0667 0.0431
v -0.060310 0.670367 0.012434 0.4392 0.1333 0.1098
v -0.043072 0.649299 0.025842 0.2784 0.0157 0.0078
v -0.056480 0.656960 0.025842 0.4078 0.0824 0.0275
v -0.000935 0.622484 0.035418 0.7333 0.3765 0.1647
v -0.000935 0.614823 0.041164 0.7059 0.4196 0.1686
v -0.004765 0.616738 0.043080 0.7216 0.3216 0.0863
v -0.000935 0.641637 0.044995 0.9255 0.5804 0.2039
v -0.018173 0.628230 0.033503 0.8039 0.3568 0.0314
v -0.025834 0.639722 0.033503 0.8196 0.4157 0.2235
v -0.000935 0.618653 0.046910 0.6236 0.3333 0.1333
v -0.000935 0.649299 0.041164 0.9725 0.8039 0.1961
v -0.020088 0.651214 0.037334 0.5059 0.1098 0.0824
v -0.000935 0.649299 0.046910 0.9804 0.8706 0.2118
v -0.039241 0.656960 0.033503 0.5137 0.2627 0.1608
v -0.064141 0.620569 0.012434 0.6157 0.3451 0.2314
v -0.077548 0.626315 0.000942 0.7568 0.4667 0.2941
v -0.069887 0.668452 0.025842 0.5530 0.1294 0.0863
v -0.096702 0.649299 0.004773 0.7608 0.2823 0.0941
v -0.100532 0.666537 0.008604 0.4275 0.0706 0.0196
v -0.043072 0.679944 0.022011 0.3294 0.0627 0.0549
v -0.031580 0.695267 0.023926 0.3961 0.1451 0.1020
v -0.039241 0.699098 0.029672 0.5530 0.2980 0.1961
v -0.050734 0.699098 0.018180 0.6315 0.3333 0.2196
v -0.054564 0.702928 0.027757 0.3490 0.1176 0.0667
v -0.018173 0.712505 0.020096 0.4902 0.2235 0.1451
v -0.022003 0.725912 0.016265 0.4589 0.2471 0.2078
v -0.043072 0.710590 0.008604 0.3961 0.0627 0.0549
v -0.052649 0.725912 0.008604 0.4550 0.1725 0.1530
v -0.046903 0.727828 0.014350 0.3843 0.1647 0.1216
v -0.041157 0.718251 0.018180 0.4745 0.2627 0.2000
v -0.058395 0.712505 0.016265 0.3686 0.0745 0.0588
v -0.035411 0.727828 0.027757 0.2823 0.1373 0.0941
v -0.025834 0.683775 0.044995 0.5137 0.1647 0.0863
v -0.020088 0.702928 0.044995 0.5490 0.2784 0.1059
v -0.025834 0.683775 0.050741 0.6510 0.1725 0.1216
v -0.043072 0.676113 0.037334 0.4118 0.2118 0.1373
v -0.054564 0.676113 0.033503 0.7137 0.4863 0.3451
v -0.037326 0.695267 0.043080 0.3725 0.1804 0.1059
v -0.031580 0.683775 0.048826 0.3882 0.1294 0.0471
v -0.050734 0.693352 0.046910 0.5569 0.3765 0.2314
v -0.027749 0.714420 0.033503 0.4314 0.1804 0.1059
v -0.000935 0.720166 0.044995 0.5843 0.3568 0.2000
v -0.016257 0.722082 0.035418 0.1804 0.0627 0.0431
v -0.000935 0.725912 0.048826 0.8431 0.5921 0.3412
v -0.000935 0.720166 0.050741 0.7608 0.5255 0.4235
v -0.043072 0.712505 0.031588 0.3333 0.1647 0.1216
v -0.046903 0.710590 0.037334 0.6000 0.2980 0.1804
v -0.069887 0.691436 0.020096 0.6079 0.1804 0.1412
v -0.085210 0.697182 0.016265 0.3882 0.0588 0.0392
v -0.089040 0.702928 0.018180 0.5882 0.3372 0.2353
v -0.115855 0.687606 0.016265 0.2549 0.0824 0.0157
v -0.119686 0.691436 0.018180 0.5333 0.3804 0.2980
v -0.089040 0.714420 0.012434 0.2235 0.0392 0.0196
v -0.067972 0.733574 0.010519 0.2588 0.1098 0.0784
v -0.062226 0.718251 0.025842 0.3765 0.1961 0.1530
v -0.081379 0.720166 0.029672 0.4667 0.3176 0.2588
v -0.096702 0.725912 0.022011 0.2588 0.0392 0.0196
v -0.113940 0.731658 0.018180 0.1843 0.0588 0.0392
v -0.064141 0.689521 0.037334 0.2706 0.0314 0.0118
v -0.066056 0.704844 0.031588 0.3176 0.1333 0.1020
v -0.067972 0.704844 0.039249 0.3843 0.1373 0.0902
v -0.087125 0.723997 0.035418 0.3686 0.1804 0.1333
v -0.062226 0.704844 0.046910 0.8274 0.6510 0.4314
v -0.000935 0.683775 0.081387 0.4157 0.0588 0.0431
v -0.140754 0.626315 0.006688 0.2275 0.0588 0.0118
v -0.123516 0.658875 0.002858 0.8078 0.1843 0.0471
v -0.133093 0.664621 0.016265 0.4000 0.1804 0.0863
v -0.138839 0.666537 0.018180 0.6236 0.4706 0.4000
v -0.136924 0.699098 0.004773 0.4980 0.1216 0.0745
v -0.142670 0.697182 0.004773 0.5725 0.1569 0.1176
v -0.136924 0.714420 0.010519 0.3372 0.0784 0.0588
v -0.146500 0.716336 0.010519 0.8902 0.5921 0.2588
v -0.125432 0.725912 0.010519 0.2980 0.0824 0.0902
v -0.138839 0.729743 0.014350 0.3882 0.0627 0.0549
v -0.144585 0.731658 0.018180 0.6118 0.2471 0.1804
v -0.161823 0.716336 0.008604 0.7098 0.1961 0.0941
v -0.169484 0.725912 0.006688 0.1333 0.0588 0.0392
v -0.012427 0.739320 0.025842 0.3059 0.0980 0.0667
v -0.000935 0.752727 0.029672 0.5686 0.3568 0.2000
v -0.008596 0.752727 0.027757 0.4039 0.2314 0.1843
v -0.002850 0.764219 0.025842 0.4941 0.3804 0.3372
v -0.025834 0.750812 0.016265 0.2392 0.0824 0.0471
v -0.020088 0.756558 0.023926 0.3882 0.1608 0.1059
v -0.039241 0.743150 0.014350 0.3176 0.1608 0.1020
v -0.050734 0.735489 0.012434 0.4706 0.2902 0.1843
v -0.033495 0.754642 0.006688 0.6471 0.3804 0.2000
v -0.044988 0.758473 0.008604 0.5019 0.1961 0.0784
v -0.023919 0.773796 0.012434 0.2235 0.0824 0.0784
v -0.000935 0.777626 0.025842 0.5098 0.4196 0.3686
v -0.000935 0.789118 0.023926 0.4941 0.3765 0.3019
v -0.000935 0.737404 0.039249 0.5961 0.4118 0.2392
v -0.020088 0.739320 0.037334 0.6276 0.3882 0.2118
v -0.000935 0.752727 0.035418 0.7333 0.5098 0.2902
v -0.035411 0.746981 0.031588 0.4510 0.2745 0.2078
v -0.066056 0.750812 0.012434 0.3961 0.1882 0.1451
v -0.081379 0.762304 0.012434 0.6745 0.3686 0.1647
v -0.066056 0.743150 0.020096 0.4784 0.2980 0.1922
v -0.087125 0.739320 0.022011 0.4550 0.3490 0.3176
v -0.081379 0.764219 0.018180 0.8235 0.5804 0.3568
v -0.079464 0.758473 0.022011 0.6980 0.4667 0.2667
v -0.113940 0.752727 0.012434 0.7372 0.2353 0.1530
v -0.102448 0.745066 0.027757 0.5373 0.4275 0.4000
v -0.113940 0.750812 0.020096 0.2471 0.0863 0.0588
v -0.117770 0.764219 0.022011 0.7137 0.4784 0.3059
v -0.083294 0.792949 0.010519 0.5882 0.3568 0.2078
v -0.090956 0.768050 0.018180 0.3176 0.0392 0.0196
v -0.102448 0.771880 0.004773 0.5176 0.1961 0.1176
v -0.094786 0.769965 0.014350 0.3255 0.0784 0.0314
v -0.098617 0.773796 0.020096 0.7059 0.3882 0.1961
v -0.092871 0.769965 0.023926 0.4275 0.1490 0.0824
v -0.119686 0.745066 0.031588 0.2902 0.1490 0.0706
v -0.020088 0.802526 0.012434 0.1176 0.0157 0.0235
v -0.000935 0.802526 0.022011 0.5019 0.3765 0.2980
v -0.000935 0.814018 0.022011 0.5255 0.4628 0.4628
v -0.020088 0.833171 0.010519 0.1843 0.0667 0.0510
v -0.000935 0.827425 0.020096 0.6276 0.4980 0.3725
v -0.000935 0.838917 0.020096 0.3843 0.3019 0.2823
v -0.000935 0.852324 0.018180 0.5843 0.4471 0.3294
v -0.127347 0.750812 0.010519 0.3843 0.1176 0.0980
v -0.144585 0.752727 0.010519 0.4432 0.2275 0.1530
v -0.129262 0.735489 0.022011 0.2823 0.1333 0.0863
v -0.148416 0.741235 0.020096 0.6902 0.2941 0.2078
v -0.131178 0.762304 0.022011 0.4000 0.1765 0.0941
v -0.138839 0.750812 0.022011 0.3647 0.2039 0.1020
v -0.154162 0.737404 0.008604 0.3961 0.1451 0.1059
v -0.125432 0.752727 0.031588 0.6667 0.4432 0.2902
v -0.018173 0.861901 0.008604 0.1725 0.0118 0.0078
v -0.000935 0.886800 0.014350 0.2235 0.0627 0.0471
v -0.000935 0.865732 0.016265 0.5882 0.3921 0.2863
v -0.008596 0.869562 0.025842 0.6902 0.2549 0.1137
v -0.000935 0.877224 0.016265 0.3372 0.1765 0.1530
v -0.006681 0.881054 0.020096 0.3059 0.0510 0.0353
v -0.000935 0.902123 0.012434 0.3216 0.1137 0.0667
v -0.016257 0.888716 0.006688 0.1961 0.0353 0.0235
v -0.016257 0.902123 0.006688 0.4745 0.1412 0.0745
v -0.008596 0.907869 0.014350 0.3255 0.0745 0.0471
v -0.023919 0.913615 0.012434 0.7725 0.3019 0.1059
v -0.012427 0.892546 0.027757 0.3137 0.0431 0.0157
v -0.000935 0.907869 0.020096 0.3098 0.1137 0.0549
v -0.016257 0.907869 0.023926 0.8745 0.4275 0.2745
v -0.037326 0.905954 0.006688 0.4628 0.0627 0.0510
v -0.031580 0.909784 0.016265 0.5961 0.0941 0.0235
v -0.000935 0.863816 0.031588 0.3608 0.1176 0.0588
v -0.004765 0.863816 0.033503 0.3647 0.0667 0.0235
v -0.000935 0.861901 0.035418 0.5137 0.1530 0.1059
v -0.012427 0.873393 0.033503 0.6079 0.1765 0.0824
v -0.006681 0.879139 0.041164 0.5216 0.1765 0.0902
v -0.008596 0.877224 0.044995 0.4471 0.0824 0.0471
v -0.000935 0.881054 0.041164 0.4863 0.1412 0.0706
v -0.012427 0.886800 0.041164 0.4275 0.1176 0.0549
v -0.000935 0.875308 0.048826 0.5530 0.2314 0.1490
v -0.004765 0.890631 0.031588 0.2432 0.0275 0.0235
v -0.008596 0.907869 0.037334 0.5294 0.1255 0.0941
v -0.008596 0.888716 0.052656 0.2745 0.0314 0.0196
v -0.000935 0.888716 0.056487 0.4550 0.2275 0.1569
v -0.000935 0.909784 0.048826 0.7647 0.6236 0.5216
v -0.012427 0.932768 0.022011 0.8078 0.0588 0.0431
v -0.000935 0.921276 0.023926 0.5608 0.2941 0.2118
v -0.022003 0.927022 0.022011 0.3647 0.0745 0.0510
v -0.022003 0.942345 0.022011 0.3490 0.1412 0.1020
v -0.043072 0.940430 0.006688 0.4157 0.0941 0.0510
v -0.035411 0.934684 0.008604 0.5921 0.2078 0.1373
v -0.041157 0.946176 0.014350 0.3961 0.2157 0.1373
v -0.035411 0.923192 0.016265 0.4314 0.1490 0.1333
v -0.035411 0.932768 0.023926 0.3372 0.1216 0.0745
v -0.033495 0.932768 0.029672 0.3804 0.1686 0.1216
v -0.033495 0.934684 0.022011 0.4000 0.1686 0.0941
v -0.041157 0.944260 0.022011 0.7764 0.1333 0.1059
v -0.033495 0.934684 0.025842 0.3921 0.1333 0.0784
v -0.022003 0.957668 0.022011 0.3686 0.2000 0.1255
v -0.010511 0.978737 0.016265 0.7960 0.5176 0.2314
v -0.018173 0.969160 0.022011 0.5451 0.3372 0.1686
v -0.022003 0.971075 0.022011 0.5921 0.3686 0.1922
v -0.016257 0.969160 0.025842 0.6354 0.4118 0.2000
v -0.018173 0.971075 0.027757 0.9607 0.7333 0.4863
v -0.035411 0.957668 0.004773 0.4745 0.2432 0.1530
v -0.035411 0.957668 0.018180 0.4510 0.2706 0.2000
v -0.031580 0.957668 0.023926 0.3608 0.1569 0.0745
v -0.033495 0.957668 0.027757 0.3490 0.1176 0.0431
v -0.008596 0.932768 0.033503 0.5843 0.3412 0.2078
v -0.000935 0.921276 0.039249 0.6863 0.4784 0.3216
v -0.014342 0.923192 0.039249 0.8078 0.6550 0.5176
v -0.023919 0.919361 0.031588 0.5490 0.1137 0.0980
v -0.000935 0.938514 0.035418 0.8392 0.4392 0.2078
v -0.025834 0.938514 0.035418 0.5294 0.3725 0.3019
v -0.016257 0.944260 0.031588 0.4941 0.2980 0.1882
v -0.018173 0.957668 0.031588 0.5412 0.2745 0.1530
v -0.025834 0.957668 0.033503 0.6785 0.4353 0.2432
s 1
f 92 100 199 188
f 1 11 131
f 415 417 410 406
f 136 132 1
f 137 136 1
f 39 38 52 30
f 888 886 879 869
f 822 837 803 805
f 11 18 131
f 485 482 221 225
f 1219 1213 1211 1198
f 865 791 777 769
f 194 203 166 162
f 862 843 842 852
f 869 868 867 866
f 306 321 492 520
f 164 161 132
f 424 683 684 682
f 918 933 935 919
f 496 501 504 500
f 109 108 104 106
f 1376 1367 1364 1358
f 876 890 892 877
f 1330 1327 1333 1326
f 1315 1313 1108 1109
f 76 75 69 72
f 772 5 4
f 650 651 645 643
f 13 12 5
f 1290 1242 1233 1243
f 1143 1141 1134 1138
f 89 823 829 96
f 1380 1379 1381 1355
f 991 990 253 255
f 1357 1380 1150 1137
f 771 773 776
f 521 525 351 345
f 787 788 790
f 310 312 290 309
f 419 420 1103 418
f 1277 1279 1281 649
f 1003 1002 275 279
f 1316 1317 1326 1314
f 410 411 369 409
f 890 889 883 884
f 911 910 905 909
f 35 34 3 2
f 560 561 587 559
f 1159 1157 1156 1158
f 37 17 14
f 796 797 795 786
f 797 796 785 794
f 16 17 37
f 876 874 146 156
f 420 419 414 416
f 310 309 254 259
f 1235 1236 1219 1198
f 886 906 880 879
f 886 888 904 906
f 53 51 41
f 103 102 87 88
f 880 906 160 155
f 789 770 18
f 483 484 487 221
f 312 311 291 290
f 1333 724 719 1326
f 162 163 167 165
f 927 923 906 898
f 399 395 391 392
f 147 130 129
f 1096 1076 1006 1008
f 770 789 791
f 864 863 770
f 867 781 779 866
f 1025 1029 1060 1047
f 829 830 95 96
f 885 889 890 876
f 104 108 110 105
f 741 740 731 733
f 1209 1205 1204 1026
f 111 110 108 109
f 4 5 2 3
f 207 205 203 204
f 60 28 24
f 696 694 1319 1318
f 56 57 58
f 693 695 672 689
f 60 59 56
f 124 122 117 118
f 1046 1064 1042 1044
f 134 142 7 6
f 25 47 57
f 1352 1381 1382 1339
f 885 876 156 157
f 641 416 414 639
f 111 109 106 107
f 670 671 664 663
f 1357 1383 755 744
f 543 536 535 534
f 1164 1161 958 1158
f 319 318 311 312
f 38 39 40
f 38 40 52
f 1080 1084 1088 1082
f 934 936 921 932
f 67 66 53
f 86 67 53
f 119 101 55
f 121 119 55
f 235 121 55
f 827 826 824 823
f 161 164 166
f 1158 1156 899 900
f 924 177 175 170
f 809 806 61
f 175 177 174 171
f 928 930 926 925
f 812 819 820 814
f 940 939 938 925
f 1104 1106 1098 1101
f 92 101 100
f 959 957 939 940
f 101 94 100
f 102 91 101
f 85 83 74 78
f 836 853 855 837
f 258 256 247 249
f 1351 1338 1117 1125
f 675 681 673 695
f 805 803 900 800
f 1049 1051 1068 1046
f 1159 1158 958 1157
f 233 483 488
f 772 788 13 5
f 937 200 174 177
f 64 807 809
f 809 808 806
f 811 809 807
f 923 927 929 924
f 944 930 928 941
f 1287 1311 659 658
f 343 337 283 331
f 937 944 945 200
f 929 930 944 937
f 428 429 1109 1108
f 200 941 176 174
f 200 945 946 941
f 1354 1353 1347 1350
f 222 220 196 198
f 1085 1086 1039 1097
f 87 102 120
f 83 84 82 70
f 191 168 70 82
f 191 82 72 71
f 72 82 84 76
f 75 73 69
f 70 74 83
f 717 449 445 440
f 712 721 726 716
f 305 317 304 306
f 931 170 167 160
f 180 182 71 178
f 309 255 253 254
f 1226 1224 578 584
f 73 75 77
f 75 76 77
f 168 169 178
f 528 522 492 497
f 894 912 913 896
f 867 865 780 781
f 85 84 83
f 191 179 168
f 191 172 168
f 181 180 178 179
f 1238 1235 1211 1206
f 186 185 180
f 51 50 42 41
f 141 140 8 9
f 192 193 195
f 193 192 182 183
f 556 558 564 566
f 803 970 1158 900
f 37 36 5 12
f 720 714 704 712
f 425 426 1108 1105
f 77 185 186
f 189 188 78 77
f 193 183 85
f 404 402 405 400
f 190 189 77 184
f 195 193 85
f 617 606 594 598
f 825 828 90 89
f 91 97 103 101
f 1352 1349 1353 1355
f 427 428 426 682
f 198 196 173 176
f 73 74 70 69
f 120 118 81 87
f 227 226 222 223
f 1300 1297 669 674
f 702 703 701 430
f 960 963 965 223
f 118 120 124
f 857 853 850
f 102 98 91
f 102 99 98
f 1126 1124 1118 1119
f 954 952 209 210
f 951 956 210 209
f 996 969 231 260
f 948 951 209 202
f 956 955 954 210
f 831 96 95
f 201 947 948 202
f 955 956 951 953
f 912 916 918 913
f 952 954 955 953
f 952 953 950 949
f 832 830 829
f 195 187 181 192
f 1201 1199 1191 1197
f 1039 1080 398 396
f 204 203 194 197
f 56 59 48 26
f 1287 1280 1288 1289
f 873 870 783 784
f 201 949 950 947
f 113 115 106 104
f 1333 1334 725 724
f 29 28 27 22
f 1213 1235 1236 1202
f 919 917 914 915
f 849 848 846 847
f 112 122 123
f 968 964 227 230
f 845 844 112
f 966 967 964 965
f 122 124 126
f 964 967 228 227
f 858 857 856
f 490 485 224 226
f 127 128 234
f 213 212 205 207
f 234 237 238
f 1175 1165 967 966
f 1174 1175 966 1162
f 967 1165 503 228
f 242 241 126 238
f 974 979 985 975
f 236 241 243
f 938 942 928 925
f 1165 512 505 503
f 241 242 243
f 980 979 978
f 171 174 176 173
f 333 298 1012 329
f 155 153 147
f 880 155 147
f 770 863 129 130
f 777 791 792 782
f 801 799 792 791
f 798 801 791 789
f 27 56 58 23
f 799 801 804 800
f 163 162 158
f 899 901 888 897
f 122 112 844 117
f 184 187 195 85
f 1011 1012 298 295
f 146 154 156
f 1099 1101 1098 411
f 1038 1034 283 337
f 889 894 881 883
f 157 156 154
f 578 1224 1225 649
f 1214 1215 544 1186
f 686 715 440 429
f 153 145 133 131
f 19 18 11 10
f 167 159 152 153
f 534 535 533 511
f 649 585 579 577
f 986 987 1164 975
f 798 806 808 801
f 904 901 898 906
f 801 808 810 802
f 895 893 891 892
f 160 167 153 155
f 926 927 898 901
f 585 582 568 579
f 162 171 173
f 162 173 194
f 166 203 217
f 166 217 221
f 1156 1157 958 899
f 811 810 808 809
f 931 924 170
f 167 163 158 159
f 167 170 175 165
f 805 804 801 802
f 329 297 997 265
f 923 924 931
f 66 67 65 62
f 930 929 927 926
f 792 799 800 782
f 820 821 822 814
f 787 790 773 771
f 464 465 459 461
f 796 784 781 780
f 203 205 206
f 220 217 204
f 127 124 120 119
f 860 859 854 855
f 1161 1160 961 958
f 114 116 99 97
f 177 924 937
f 924 929 937
f 1207 1208 1197 1192
f 819 812 79 80
f 936 933 918 916
f 942 938 957 960
f 592 590 561 546
f 203 206 208 204
f 595 1247 1248 596
f 81 80 79 65
f 1134 1141 1142 1133
f 653 652 582 585
f 878 885 157 148
f 208 207 204
f 220 222 226
f 1159 1158 970 971
f 100 94 190 199
f 110 111 107 105
f 201 202 949
f 276 281 274 275
f 831 825 89 96
f 1350 1344 1120 1122
f 950 948 947
f 832 829 823 824
f 872 882 884 873
f 138 143 134 137
f 331 332 325 342
f 1234 1232 1210 1212
f 604 605 670 662
f 314 321 304 303
f 116 107 106 115
f 652 642 581 582
f 1264 1190 515 612
f 1386 1385 1359 1369
f 893 894 889 891
f 45 43 35 36
f 520 529 537 526
f 104 105 114 113
f 1006 1007 1005 1004
f 485 225 224
f 59 57 47 48
f 226 227 228
f 185 183 182 180
f 490 489 485
f 745 755 1383 466
f 891 889 885 878
f 1177 1189 512 1165
f 506 531 533 508
f 116 115 98 99
f 968 230 229
f 1093 1095 1082 1079
f 963 960 957
f 966 965 963
f 1240 1242 1291 1231
f 968 965 964
f 278 279 275 274
f 245 242 238 237
f 118 117 80 81
f 982 985 979 980
f 502 503 505
f 982 980 976 977
f 884 883 870 873
f 969 232 231
f 151 150 149 135
f 514 1190 1264 611
f 261 260 231
f 333 330 327 329
f 1110 1109 429 440
f 1272 1270 627 630
f 614 613 612 610
f 612 616 1266 1264
f 996 998 999
f 265 264 262
f 892 891 878 877
f 488 249 247
f 249 488 493
f 850 819 80 117
f 498 493 488
f 488 494 498
f 250 245 237
f 237 246 251
f 251 250 237
f 243 240 239
f 977 976 239
f 505 512 513 501
f 1174 1171 1178 1177
f 921 922 910 911
f 595 596 593 592
f 509 507 495 499
f 990 984 983 981
f 259 254 251
f 585 1228 1283 653
f 239 252 977
f 1185 1184 1176 1183
f 684 1311 1314 687
f 1164 1163 1160 1161
f 1194 1186 1185 1183
f 36 35 2 5
f 994 995 988 987
f 307 257 256
f 883 881 871 870
f 258 249 248
f 1267 1251 617 623
f 922 920 908 910
f 816 817 818 79
f 1019 1027 1188 989
f 248 491 492
f 315 310 258
f 1028 1027 1019 1017
f 315 313 308
f 115 113 91 98
f 540 538 532 530
f 497 492 491
f 1186 544 534 511
f 492 314 303
f 492 321 314
f 1207 1192 1173 1188
f 1025 1030 1203 1188
f 529 520 492
f 492 522 529
f 1185 1186 511 510
f 1176 1178 1171 1167
f 1183 1176 1167 1166
f 984 990 992
f 731 452 451 711
f 303 313 248 492
f 309 290 255
f 636 632 631 628
f 1171 1174 1162 1163
f 289 290 291
f 289 291 1009
f 289 1009 1010
f 819 850 853 820
f 1010 1009 291
f 281 276 268 269
f 1015 1014 1010
f 1267 1266 1250 1251
f 787 771 3 12
f 466 471 740 735
f 327 328 263 264
f 1120 1342 1348 1123
f 1230 1229 1224 1226
f 615 616 599 553
f 599 616 1265 553
f 599 1250 1266 616
f 539 546 561 527
f 1251 1249 606 617
f 1034 1033 1031 1032
f 599 597 593 596
f 166 164 158 162
f 297 329 1012
f 329 297 296
f 1248 1250 599 596
f 596 599 1218 554
f 551 1217 1218 553
f 553 552 549 551
f 634 628 622 621
f 618 621 622 619
f 618 1268 1269 621
f 1269 1271 634 621
f 1270 1271 1269 1268
f 620 1268 618 619
f 634 635 633 628
f 634 1271 1275 635
f 282 281 269 272
f 952 949 202 209
f 281 277 274
f 1069 1049 1043 1040
f 625 628 631 629
f 834 836 837 839
f 480 478 456 476
f 1034 338 283
f 338 331 283
f 597 598 594 593
f 658 659 422 421
f 287 285 281 282
f 638 637 633 635
f 711 437 433 435
f 1324 1276 1275 1274
f 635 1275 1276 638
f 784 783 779 781
f 1004 1002 277
f 1124 1127 1122 1123
f 1251 1250 1248 1249
f 1320 1310 1274 1273
f 286 285 280
f 691 689 660 624
f 376 374 280
f 215 214 211 212
f 637 698 624 633
f 1008 1006 286
f 690 631 624 660
f 1008 1072 1075
f 373 376 280 384
f 380 375 374
f 694 697 691 698
f 375 380 1072
f 1324 1321 1319 694
f 1076 1036 1007 1006
f 378 376 373
f 1323 1325 1303 1318
f 373 384 386
f 1302 1305 1309 1325
f 1325 1309 1308 1303
f 1078 1077 1075 1073
f 1082 1081 1036 1076
f 386 384 377
f 630 629 605 609
f 626 607 602 594
f 626 1249 1252 607
f 1034 1041 1043 1035
f 332 331 330
f 1038 1037 1041 1034
f 343 340 337
f 337 340 1038
f 336 340 343
f 1033 1034 1035
f 1259 1255 1249 1247
f 1249 1255 1256 1252
f 340 1037 1038
f 149 150 141 142
f 126 125 123 122
f 1256 1297 1301 1257
f 911 909 902 907
f 785 796 780 778
f 566 564 345 351
f 690 671 670 605
f 541 540 535 536
f 659 683 657 422
f 656 653 649 648
f 295 294 292
f 1011 295 292
f 953 951 948 950
f 1218 1217 550 554
f 932 921 911 907
f 1164 1169 1170 1163
f 595 592 546 548
f 299 301 320
f 862 861 841 843
f 320 316 299
f 1259 1247 1216 1236
f 300 301 1022
f 320 301 300
f 1131 1116 448 462
f 301 1013 1022
f 305 316 317
f 189 190 94 93
f 547 542 540 541
f 570 561 527 537
f 1260 1259 1236 1258
f 1235 1239 1258 1236
f 357 348 347
f 358 359 341 325
f 1199 1195 1194 1191
f 308 317 319 315
f 540 542 539 538
f 1023 1022 1013
f 316 305 347 299
f 325 332 299 347
f 1187 1173 1172 1168
f 1203 1205 1209 1026
f 520 519 302
f 518 519 520
f 1206 1203 1030 1063
f 526 521 520
f 1203 1211 1198 1193
f 1028 1025 1020 1027
f 1029 1030 1028 1024
f 304 321 306
f 317 308 304
f 305 306 321
f 1025 1047 1061 1029
f 1238 1237 1239 1235
f 570 573 572 571
f 360 357 359
f 576 575 570 571
f 352 349 345
f 1243 1241 1065 1063
f 564 352 345
f 1210 1206 1063 1065
f 1232 1238 1206 1210
f 974 972 860 857
f 535 540 530 533
f 326 324 323
f 359 326 323
f 588 569 572 559
f 588 573 572 569
f 326 325 324
f 900 866 782 800
f 573 574 590 600
f 325 341 344
f 1043 1041 1086 1039
f 346 349 362
f 359 354 341
f 1069 1070 1051 1049
f 576 572 573 575
f 363 344 341
f 1229 1230 1254 1245
f 336 342 391
f 1253 1230 1226 1227
f 344 368 396
f 1087 1097 1039 1086
f 667 666 603 654
f 666 669 665 603
f 663 666 662 670
f 666 667 661 662
f 1088 1089 1081 1082
f 1086 1041 1037
f 1071 1070 1069 1057
f 826 827 90 828
f 354 355 364
f 913 915 895 896
f 580 583 576 579
f 1070 1071 1059 1056
f 370 364 355
f 651 658 421 645
f 583 584 578 576
f 366 367 368
f 486 483 161 166
f 408 399 392
f 487 486 166 221
f 812 813 816 79
f 393 395 412
f 816 813 811 807
f 1053 1039 396
f 572 565 557 562
f 1065 1241 1244 1067
f 826 828 825 824
f 356 355 352
f 1290 1243 1066 1071
f 564 558 557
f 1241 1243 1238 1232
f 1382 1363 1341 1339
f 31 32 39 30
f 370 355 362
f 361 370 362
f 821 835 837 822
f 770 130 131 18
f 218 219 216 213
f 642 640 567 581
f 229 230 227 223
f 414 407 356
f 639 414 356
f 736 737 733 732
f 643 639 567
f 1105 1103 420 423
f 365 406 410
f 57 59 60 58
f 395 399 408 344
f 418 417 371
f 406 407 415
f 407 414 417
f 417 415 407
f 34 37 12 3
f 419 418 414
f 216 219 214 215
f 798 789 18 50
f 1229 1245 1228 585
f 559 562 558 560
f 413 411 410
f 266 297 329 265
f 856 857 850 117
f 367 1052 1053
f 1051 1064 1046 1068
f 603 586 583 580
f 196 197 194 173
f 411 418 1099
f 411 413 418
f 395 393 385 391
f 16 15 6 7
f 1000 1001 270 268
f 1103 1102 418
f 1054 1057 1069
f 1231 1293 1283 1228
f 364 363 341 354
f 1056 1058 1070
f 1225 1242 1240 1229
f 1070 1069 1056
f 130 147 153 131
f 647 642 652 648
f 875 877 878 148
f 1223 1221 1224 1222
f 1058 1050 1051
f 1051 1070 1058
f 382 379 378
f 1300 1302 1298 1295
f 1307 1305 1302 1300
f 382 387 388
f 1308 1307 1300 1303
f 405 401 400
f 1094 1091 1095 1093
f 405 402 401
f 380 381 383
f 1245 1240 1231 1228
f 382 381 379
f 381 382 383
f 1074 383 382
f 408 392 391 344
f 382 390 1074
f 1073 1074 1078
f 186 187 184 77
f 388 389 403
f 1090 390 389
f 389 390 403
f 864 865 880 147
f 387 382 378 373
f 1074 1077 1078
f 1074 1080 1083
f 1298 1299 1286 1295
f 389 398 1080
f 389 1080 1090
f 1080 1081 1089
f 1086 1081 1080
f 671 676 680 673
f 664 671 673 668
f 387 401 402 388
f 1100 1084 1080
f 1080 1089 1100
f 1055 1040 1039
f 1255 1259 1253 1297
f 1039 1040 1043
f 1297 1294 1284 1253
f 1296 1297 1253 1284
f 339 335 287 288
f 646 421 416
f 416 641 644
f 1100 1089 1088 1084
f 645 644 641
f 1288 1278 1103 1105
f 293 294 296 297
f 421 422 423
f 832 831 95 830
f 646 645 421
f 1101 1102 1107
f 1107 1104 1101
f 1071 1102 1290
f 1107 1102 1071
f 132 10 11 1
f 1216 1247 595 548
f 1103 1278 1292
f 684 687 427 682
f 423 425 1105
f 1274 1275 636 632
f 79 68 62 65
f 1289 1288 1105
f 1312 1311 1287 1289
f 1328 1317 1109 1110
f 1184 1185 510 504
f 1287 658 651
f 790 788 772 774
f 1214 1195 536 543
f 424 657 683
f 1014 1015 1021 1018
f 682 426 424
f 8 14 17 9
f 146 874 875 148
f 426 428 1108
f 636 633 624 632
f 896 895 892 890
f 740 744 755 735
f 1225 1229 585 649
f 1313 1312 1108
f 191 192 181 179
f 687 685 427
f 465 467 462 459
f 429 685 686
f 119 120 102 101
f 299 332 334 301
f 48 49 32 26
f 1314 1326 688 687
f 793 794 785 783
f 402 404 386 388
f 52 33 31 30
f 440 715 717
f 999 1031 329 265
f 685 429 428 427
f 430 431 432
f 915 914 893 895
f 1344 1343 1342 1120
f 817 816 807 68
f 1354 1350 1122 1127
f 432 433 434
f 432 434 438
f 1217 551 549 545
f 132 136 139 133
f 1350 1347 1343 1344
f 806 798 50 61
f 1343 1346 1348 1342
f 704 706 712
f 1124 1121 1111 1118
f 1355 1127 1124 1126
f 707 720 722 713
f 46 45 16 37
f 436 439 449
f 443 439 436
f 726 722 720 716
f 734 732 713 722
f 711 451 437
f 1337 1339 1335 1331
f 748 734 722 729
f 51 53 54 50
f 1380 1355 1151 1150
f 718 715 686 688
f 711 713 732
f 727 729 722 726
f 449 446 445
f 1271 1273 632 636
f 449 717 721
f 1111 1123 1125 1118
f 1331 1335 1338 1351
f 712 716 720
f 1134 1133 1149 1136
f 746 736 732 734
f 57 56 26 25
f 468 458 450
f 450 458 459
f 1387 1374 1372 1378
f 445 446 448
f 1334 1336 728 725
f 1115 1110 440 445
f 717 719 724
f 717 724 725
f 984 992 993 986
f 336 343 331 342
f 459 442 441
f 441 442 447
f 459 447 442
f 752 748 727 728
f 461 459 458
f 1135 1131 1128 1130
f 757 756 748 752
f 728 1336 1363 752
f 1339 1336 1334 1335
f 999 265 262 996
f 1113 1114 1116
f 1119 1116 1114
f 1113 1116 1131
f 1131 1114 1113
f 444 450 459 441
f 754 751 748 756
f 1135 1132 1131
f 1131 1132 1149
f 739 738 737 736
f 685 687 688 686
f 63 61 50 54
f 409 369 364 354
f 1257 1272 630 609
f 743 758 766 750
f 463 468 471
f 1362 1376 1358 1361
f 1244 1234 1263 1067
f 743 741 733 737
f 1115 1117 1327 1110
f 1379 1380 1357 1356
f 758 743 737 738
f 49 40 39 32
f 1377 1372 1371 1369
f 1357 1137 1136 471
f 1147 1146 1155 1154
f 199 190 184 85
f 1155 1146 1145 1143
f 623 617 598 614
f 479 473 472
f 477 478 481
f 481 479 477
f 481 480 479
f 478 480 481
f 474 464 461
f 768 757 753 754
f 827 823 89 90
f 1320 1273 1272 1257
f 1360 1362 1375 757
f 1375 1362 1361 757
f 941 943 198 176
f 1136 1129 471
f 740 471 468 469
f 1090 1080 1074 390
f 322 324 325 347
f 755 745 466 735
f 735 755 764 466
f 764 755 1383 466
f 833 851 861 838
f 452 731 740 469
f 31 33 47 25
f 521 345 306 520
f 470 469 468 460
f 747 751 767 742
f 1132 1136 1149
f 460 468 450 457
f 469 470 454 452
f 499 495 489
f 489 496 500
f 500 499 489
f 993 994 987 986
f 1154 1152 1133 1142
f 1180 1179 1166 1170
f 497 498 508
f 981 983 985 982
f 866 779 778 769
f 510 509 499
f 1018 1019 989 995
f 303 304 308 313
f 381 380 374 376
f 528 530 532
f 506 507 531
f 1139 1130 1128 467
f 373 400 401 387
f 252 981 982 977
f 917 935 936 916
f 990 981 252 253
f 533 530 508
f 972 975 1164 973
f 776 774 772 771
f 1000 1004 1005 1001
f 254 253 252 244
f 1189 513 512
f 1189 1184 513
f 240 244 252 239
f 824 825 831 832
f 243 239 976 236
f 1165 1175 1177
f 616 613 597 599
f 756 757 768 754
f 838 861 862 839
f 851 852 842 840
f 1194 1183 1166 1179
f 782 866 769 777
f 1358 1356 1357 744
f 242 245 240 243
f 1177 1175 1174
f 1177 1178 1189
f 262 261 231 232
f 514 515 1190
f 611 610 514
f 93 92 188 189
f 969 996 262 232
f 263 267 260 261
f 28 29 21 24
f 998 996 260 267
f 852 851 833 834
f 1264 1266 1267
f 612 613 616
f 1385 1379 1356 1359
f 101 103 88 86
f 523 526 537
f 192 191 71 182
f 526 537 527
f 1034 1032 271 338
f 557 558 562
f 349 346 348 345
f 523 532 538
f 527 538 539
f 1060 1029 1023 1013
f 1199 1201 1202 1200
f 1064 1061 1060 1042
f 570 560 561
f 539 542 546
f 1035 1043 1060 1013
f 139 138 131 133
f 652 653 656 648
f 570 575 573
f 1058 1048 1047 1050
f 459 462 448 447
f 307 310 259 257
f 1021 1015 311 318
f 1015 1010 291 311
f 1215 1214 543
f 1022 1021 318 300
f 85 183 76 84
f 548 546 542
f 542 547 548
f 629 630 627 625
f 1200 548 547
f 1017 1018 1021 1024
f 320 319 317 316
f 1035 1013 301 334
f 548 1200 1216
f 545 549 550
f 294 293 1011 292
f 545 550 1217
f 298 296 294 295
f 570 537 526 560
f 1012 1011 293 297
f 978 858 125 236
f 52 40 49 33
f 592 593 594
f 334 332 330 333
f 1033 1035 334 333
f 1200 1202 1216
f 1236 1216 1202
f 417 418 413 410
f 552 553 599
f 296 298 333 329
f 417 414 356 371
f 1306 675 1318 1300
f 561 560 526 527
f 997 297 266 265
f 1218 599 553
f 250 251 254 244
f 142 141 9 7
f 329 327 264 265
f 396 398 395 344
f 1233 1240 1221 1237
f 557 565 567
f 572 562 559
f 371 356 355 364
f 355 356 365 354
f 1221 1240 1245 1223
f 579 576 565
f 1059 1071 1102 1101
f 1313 1314 1311 1312
f 567 640 643
f 1246 1262 1239 1221
f 370 360 359 362
f 1051 1049 1048 1058
f 576 571 572
f 323 324 322 346
f 573 588 591
f 588 589 591
f 359 358 325 326
f 589 590 591
f 603 600 590
f 501 513 1184 504
f 141 139 136 140
f 568 573 600
f 1338 1335 1332 1117
f 1293 1291 1277 1282
f 582 581 568
f 418 372 370 371
f 212 211 206 205
f 1058 1056 1055 1052
f 418 371 364 369
f 206 211 218 208
f 640 642 647
f 648 643 640
f 640 647 648
f 643 649 650
f 818 817 68 79
f 580 600 603
f 1058 1052 367 372
f 1059 1058 372 418
f 788 787 12 13
f 586 584 583
f 369 1056 1059 418
f 1098 1054 369 411
f 914 912 894 893
f 1283 1282 1277 649
f 517 518 520 302
f 863 864 147 129
f 1281 650 649
f 649 653 1285
f 644 645 646 416
f 1285 1283 649
f 64 809 61 63
f 1053 396 368 367
f 1227 1226 584
f 357 360 370 361
f 1220 1224 1221
f 909 905 887 902
f 1240 1221 1224
f 370 366 363 364
f 1224 1229 1240
f 1199 1200 547 541
f 1225 1277 1242
f 1053 1052 1055 1039
f 586 603 665
f 665 1227 584 586
f 1069 1056 369 1054
f 680 679 672 673
f 699 698 637 638
f 1253 1227 665
f 653 1283 1285
f 1158 1159 971 854
f 600 580 579 568
f 1282 1283 1293
f 795 793 783 786
f 328 331 338 271
f 1353 1354 1127 1355
f 1001 273 272 270
f 594 606 626
f 601 604 662
f 391 385 335 336
f 241 236 125 126
f 741 742 744 740
f 1032 1031 999 998
f 328 271 267 263
f 608 604 602
f 602 607 608
f 335 339 340 336
f 502 505 501 496
f 1249 626 606
f 935 933 920 922
f 1249 1248 1247
f 594 601 590 592
f 327 330 331 328
f 1032 998 267 271
f 17 16 7 9
f 1252 608 607
f 1036 1037 340 339
f 608 1252 1256
f 654 661 667
f 666 663 655
f 398 389 388 395
f 511 533 509 510
f 287 335 377 285
f 643 648 577 567
f 1302 1301 1299 1298
f 288 1007 1036 339
f 288 287 282 284
f 1270 1272 1273 1271
f 284 1005 1007 288
f 377 384 280 285
f 660 671 690
f 594 602 604 601
f 1081 1086 1037 1036
f 1297 1256 1255
f 629 631 690 605
f 385 386 377 335
f 366 370 372 367
f 58 60 24 23
f 933 934 932 920
f 284 282 272 273
f 1279 1280 1287 1281
f 273 1001 1005 284
f 43 44 34 35
f 1002 1004 276 275
f 628 625 619 622
f 577 579 565 567
f 32 31 25 26
f 71 72 69 178
f 281 285 286 277
f 628 633 636
f 624 631 632
f 286 280 274 277
f 280 374 278 274
f 1325 1321 1274 1310
f 698 691 624
f 277 1002 1008 286
f 1006 1004 277 286
f 632 1273 1274
f 835 833 838 837
f 1275 1271 636
f 374 375 279 278
f 689 671 660
f 1023 1024 1021 1022
f 1083 1079 1077 1074
f 1092 1093 1079 1083
f 689 691 693
f 378 379 381 376
f 1073 1075 1072 380
f 694 698 699
f 767 754 753 742
f 27 23 20 22
f 1181 1180 1170 1169
f 1274 1321 1324
f 134 143 151 135
f 1072 1003 279 375
f 694 699 1324
f 1292 1290 1102 1103
f 1242 1277 1291
f 1290 1277 1242
f 643 645 641 639
f 70 168 178 69
f 657 425 423 422
f 708 714 720 707
f 673 674 669 666
f 412 397 394 393
f 397 412 395 388
f 394 397 388 386
f 145 144 132 133
f 695 673 672
f 681 674 673
f 1091 1092 1083 1080
f 1223 1219 1220 1221
f 1365 1368 1358 1382
f 138 139 141 143
f 1259 1254 1253
f 1230 1253 1254
f 662 661 654 603
f 662 603 590 601
f 673 666 655 668
f 674 675 1306
f 681 675 674
f 1306 1300 674
f 1297 1296 1294
f 1297 1300 1301
f 1286 1299 1300
f 1300 1295 1286
f 1195 1199 541 536
f 1301 1300 1299
f 1095 1091 1080 1082
f 611 1264 1267 623
f 865 864 770 791
f 1318 1303 1300
f 1309 1305 1307 1304
f 677 678 679
f 677 679 680
f 695 693 692
f 675 695 1318
f 697 695 692
f 697 696 695
f 695 696 1318
f 1074 1073 380 383
f 1098 1106 1057 1054
f 1318 1319 1322
f 1318 1322 1323
f 1315 1314 1313
f 1314 1315 1316
f 706 704 703 702
f 1326 718 688
f 1326 719 718
f 917 916 912 914
f 1328 1326 1317
f 1326 1328 1330
f 21 29 46 44
f 694 696 697
f 692 693 691 697
f 703 704 705
f 1353 1349 1346 1347
f 708 707 704
f 714 708 704
f 1345 1349 1337 1329
f 1349 1352 1339 1337
f 1149 1151 1126 1119
f 1119 1118 1112 1117
f 447 449 444 441
f 410 409 354 365
f 1152 1153 1150 1151
f 1382 1381 1384 1365
f 726 725 723
f 447 448 446 449
f 747 742 734
f 942 943 941 928
f 748 747 734
f 1212 1210 1065 1067
f 723 725 728
f 849 847 842 843
f 757 1361 744 753
f 730 729 727
f 748 730 727
f 1366 1359 1356 1358
f 729 730 748
f 747 748 751
f 876 877 875 874
f 1363 1367 1362 1360
f 1270 1268 620 627
f 366 368 344 363
f 1128 1131 462 467
f 1336 1339 1341
f 1341 1340 1336
f 1336 1340 1363
f 1131 1149 1119 1114
f 1340 1341 1363
f 352 564 639 356
f 1363 1364 1367
f 1382 1364 1363
f 264 263 261 262
f 137 134 140 136
f 472 457 453 455
f 1153 1155 1143 1138
f 1137 1138 1134 1136
f 753 744 742
f 458 468 474 461
f 750 749 742
f 474 468 463 464
f 746 749 765
f 1378 1377 1366 1368
f 300 318 319 320
f 455 477 479 472
f 853 857 860 855
f 1377 1369 1359 1366
f 1145 1144 1141 1143
f 761 760 759
f 759 760 763
f 762 761 759
f 763 762 759
f 763 765 766
f 471 1129 467 463
f 1361 1358 744
f 1219 1222 1224 1220
f 475 467 465 464
f 751 754 767
f 771 772 4 3
f 1317 1316 1315 1109
f 741 743 750 742
f 1137 1150 1153 1138
f 1136 1140 1130 1129
f 1132 1135 1140 1136
f 1368 1366 1358
f 1358 1364 1382
f 749 746 734 742
f 352 355 362 349
f 14 15 36 37
f 544 1215 543 534
f 868 869 879 880
f 15 14 8 6
f 700 709 435 431
f 1101 1099 418 1059
f 325 344 391 342
f 41 42 19 10
f 132 161 41 10
f 836 835 821 820
f 1072 1008 1002 1003
f 158 164 132 144
f 900 897 866
f 796 872 873 784
f 73 77 78 74
f 774 775 790
f 776 775 774
f 310 307 256 258
f 861 851 840 841
f 1330 1328 1110 1327
f 116 114 105 107
f 91 113 114 97
f 46 29 22 45
f 572 573 568 565
f 848 849 843 841
f 795 797 794 793
f 329 1031 1033 333
f 161 55 53 41
f 800 804 805
f 169 168 179 178
f 224 225 221 217
f 923 931 160 906
f 563 566 351 350
f 802 810 815 805
f 1348 1351 1125 1123
f 980 978 236 976
f 101 86 53 55
f 803 837 854
f 897 888 869 866
f 483 235 55 161
f 175 171 162 165
f 815 814 805
f 805 814 822
f 900 899 897
f 97 99 102 103
f 63 66 62 64
f 88 87 67 86
f 1194 1195 1214 1186
f 908 907 902 903
f 289 1010 255 290
f 625 627 620 619
f 837 838 839
f 855 854 837
f 958 961 962 959
f 121 233 234 128
f 959 940 901 899
f 844 845 856 117
f 478 477 455 456
f 488 483 221 482
f 1301 1302 1320 1257
f 486 487 484 483
f 22 20 43 45
f 853 836 820
f 962 963 957 959
f 60 56 27 28
f 78 188 199 85
f 1363 1360 757 752
f 1116 1115 445 448
f 425 657 424 426
f 149 142 134 135
f 717 725 726 721
f 1184 1189 1178 1176
f 1187 1168 988 989
f 871 881 882 872
f 943 223 222 198
f 913 918 919 915
f 766 765 749 750
f 1152 1151 1149 1133
f 962 1160 1162 963
f 859 860 972
f 488 237 234 233
f 972 974 975
f 1383 1357 471 466
f 159 158 144 152
f 93 94 101 92
f 888 901 904
f 157 154 146 148
f 597 613 614 598
f 1312 1289 1105 1108
f 865 867 868 880
f 216 215 212 213
f 1154 1155 1153 1152
f 44 46 37 34
f 1129 1130 1139 467
f 549 552 554 550
f 786 871 872 796
f 150 151 143 141
f 903 902 887
f 905 903 887
f 715 718 719 717
f 703 705 700 701
f 421 423 420 416
f 1281 1287 651 650
f 144 145 153 152
f 971 970 803 854
f 899 958 959
f 66 63 54 53
f 901 925 926
f 940 925 901
f 1292 1279 1277 1290
f 847 846 840 842
f 1004 1000 268 276
f 20 23 24 21
f 881 894 896 882
f 812 814 815 813
f 315 319 312 310
f 896 890 884 882
f 1010 1014 991 255
f 128 127 119 121
f 972 973 854 859
f 226 224 217 220
f 87 81 65 67
f 638 1276 1324 699
f 608 1256 1257 609
f 862 852 834 839
f 1335 1334 1333 1327
f 218 213 207 208
f 463 467 475 464
f 530 528 497 508
f 68 807 64 62
f 599 596 554 552
f 1265 616 615 553
f 775 776 773 790
f 917 919 935
f 936 934 933
f 938 939 957
f 1160 962 961
f 127 234 238 124
f 489 488 482 485
f 1163 1162 1160
f 503 502 490 228
f 502 496 489 490
f 975 983 984
f 975 984 986
f 985 983 975
f 488 247 246 237
f 987 988 1164
f 1168 1164 988
f 495 494 488 489
f 1164 1168 1172
f 1172 1169 1164
f 257 259 251 246
f 247 256 257 246
f 1016 993 992
f 1182 1191 1194 1179
f 992 995 1016
f 1181 1182 1196 1180
f 1182 1181 1169 1172
f 995 989 988
f 493 491 248 249
f 1192 1191 1182 1173
f 783 870 871 786
f 1188 1187 989
f 498 497 491 493
f 1019 1018 1017
f 908 920 932 907
f 1173 1187 1188
f 1020 1025 1188
f 1164 1158 854 973
f 1188 1027 1020
f 946 945 944 941
f 1188 1193 1207
f 1203 1193 1188
f 1096 1082 1076
f 1075 1077 1079
f 404 400 373 386
f 42 50 18 19
f 1079 1082 1096
f 1029 1024 1023
f 305 321 357 347
f 590 589 587 561
f 1047 1060 1061
f 348 346 322 347
f 1017 1024 1028
f 1208 1211 1213 1201
f 1208 1207 1193 1198
f 1030 1025 1028
f 1119 1117 1115 1116
f 1030 1029 1025
f 833 835 836 834
f 357 361 362 359
f 1049 1047 1048
f 1323 1322 1319 1321
f 348 357 321 305
f 1204 1203 1026
f 728 727 726 723
f 1203 1204 1205
f 1203 1206 1211
f 519 518 517 302
f 1066 1063 1062
f 856 845 112 123
f 1063 1066 1243
f 140 134 6 8
f 1040 1055 1056 1069
f 560 558 521 526
f 1254 1259 1223 1245
f 1045 1044 1043
f 1049 1045 1043
f 1057 1106 1107 1071
f 1087 1086 1085
f 1097 1087 1085
f 1262 1246 1221 1223
f 1049 1046 1045
f 1311 684 683 659
f 1014 992 990 991
f 1262 1260 1258 1239
f 1044 1045 1046
f 362 353 323 346
f 1051 1062 1064
f 965 968 229 223
f 1066 1070 1071
f 858 978 979 974
f 407 406 365 356
f 1107 1106 1104
f 525 524 350 351
f 555 556 566 563
f 558 556 525 521
f 840 846 848 841
f 1233 1238 1243
f 557 567 639 564
f 524 555 516 350
f 516 555 563 350
f 556 555 524 525
f 1094 1092 1091
f 1094 1093 1092
f 677 680 676 678
f 664 668 655 663
f 1278 1279 1292
f 1280 1279 1278
f 1288 1280 1278
f 1332 1327 1117
f 1327 1332 1335
f 565 568 581 567
f 1351 1346 1329 1337
f 1111 1121 1123
f 443 444 449 439
f 444 443 433 437
f 1112 1118 1125
f 1124 1123 1121
f 1123 1122 1120
f 706 702 430 432
f 707 710 705 704
f 712 706 432 436
f 1125 1117 1112
f 721 712 436 449
f 1016 995 994 993
f 858 856 123 125
f 936 935 922 921
f 187 186 180 181
f 1126 1151 1355
f 453 457 450 451
f 701 700 431 430
f 403 390 382 388
f 608 609 605 604
f 1297 1253 665 669
f 219 218 211 214
f 1351 1348 1346
f 710 709 700 705
f 709 710 711 435
f 438 443 436 432
f 1351 1337 1331
f 578 649 577 576
f 1385 1384 1381 1379
f 710 707 713 711
f 1352 1355 1381
f 732 733 731 711
f 1140 1135 1130
f 472 473 460 457
f 1365 1384 1387 1378
f 473 476 470 460
f 1144 1142 1141
f 765 763 760 739
f 1385 1386 1387 1384
f 1373 1374 1387 1386
f 1079 1096 1008 1075
f 479 480 476 473
f 1371 1373 1386 1369
f 1144 1145 1148
f 1148 1147 1144
f 1145 1146 1148
f 1146 1147 1148
f 1170 1166 1163
f 1163 1166 1167
f 1163 1167 1171
f 245 250 244 240
f 500 504 510 499
f 44 43 20 21
f 220 204 197 196
f 507 506 494 495
f 506 508 498 494
f 1172 1173 1182
f 1179 1180 1196
f 623 614 610 611
f 1196 1182 1179
f 45 36 15 16
f 248 313 315 258
f 1191 1192 1197
f 522 528 532 523
f 537 529 522 523
f 1208 1201 1197
f 1211 1208 1198
f 1263 1234 1212 1067
f 780 865 769 778
f 538 527 526 523
f 1213 1202 1201
f 783 785 778 779
f 1051 1050 1047 1049
f 1219 1223 1222
f 910 908 903 905
f 1062 1063 1061 1064
f 1043 1044 1042 1060
f 1233 1237 1238
f 362 359 323 353
f 362 355 354 359
f 1070 1066 1062 1051
f 1239 1237 1221
f 533 531 507 509
f 138 137 1 131
f 1223 1259 1261
f 1223 1261 1262
f 1242 1240 1233
f 589 588 559 587
f 610 612 515 514
f 1259 1260 1261
f 1262 1261 1260
f 1231 1291 1242
f 1231 1291 1293
f 1284 1294 1296
f 385 393 394 386
f 1302 1310 1320
f 1325 1310 1302
f 1325 1323 1321
f 678 676 671 689
f 679 678 689 672
f 574 573 591 590
f 483 233 121 235
f 1304 1307 1308
f 1304 1308 1309
f 813 815 810 811
f 443 438 434 433
f 1346 1345 1329
f 270 272 269 268
f 1345 1346 1349
f 1347 1346 1343
f 435 433 432 431
f 451 450 444 437
f 943 942 960 223
f 454 453 451 452
f 49 48 47 33
f 454 470 476 456
f 1014 1018 995 992
f 456 455 453 454
f 1362 1367 1376
f 1378 1368 1365
f 738 761 762 758
f 763 766 758 762
f 1372 1377 1378
f 746 765 739 736
f 1144 1147 1154 1142
f 760 761 738 739
f 1373 1371 1370
f 1370 1371 1372
f 1370 1372 1374
f 1374 1373 1370
f 183 185 77 76
f 1162 966 963
f 857 858 974
f 226 228 490
f 238 126 124
f 1232 1234 1244 1241
