# Blender 5.0.1
# www.blender.org
o tripo_node_b4a7c43a-b37f-46b4-8d53-8a06322f1e13
v -0.018135 0.408508 0.000954 0.5686 0.2941 0.1569
v 0.018135 0.408508 0.000954 0.3647 0.1686 0.0706
v -0.088760 0.019104 0.000954 0.6432 0.4471 0.3529
v 0.088760 0.019104 0.000954 0.4275 0.2745 0.1765
v -0.077309 0.024811 0.000954 0.7137 0.4823 0.3686
v 0.077309 0.024811 0.000954 0.3372 0.1961 0.1216
v -0.067764 0.196625 0.000954 0.6550 0.4118 0.2667
v 0.067764 0.196625 0.000954 0.4706 0.2588 0.1490
v -0.065857 0.217621 0.000954 0.7020 0.4353 0.2980
v 0.065857 0.217621 0.000954 0.4628 0.2392 0.1294
v -0.062038 0.244354 0.000954 0.7098 0.4550 0.3098
v 0.062038 0.244354 0.000954 0.4196 0.2118 0.0980
v -0.063950 0.660522 0.000954 0.4078 0.2432 0.1373
v 0.063950 0.660522 0.000954 0.5764 0.3725 0.2196
v 0.390381 0.746399 0.000954 0.5216 0.3176 0.2078
v 0.182297 0.761658 0.000954 0.7882 0.5647 0.4275
v 0.205200 0.767395 0.000954 0.8823 0.6941 0.5804
v 0.327362 0.767395 0.000954 0.7216 0.4784 0.3294
v 0.144119 0.771240 0.000954 0.7843 0.5608 0.4314
v -0.249115 0.775025 0.000954 0.8313 0.6157 0.4667
v 0.249115 0.775025 0.000954 0.8235 0.5882 0.4432
v -0.031498 0.815125 0.000954 0.7412 0.5294 0.3804
v 0.031498 0.815125 0.000954 0.8588 0.6589 0.4941
v -0.021952 0.851379 0.000954 0.2980 0.1294 0.0353
v 0.021952 0.851379 0.000954 0.8509 0.6118 0.4510
v -0.025770 0.866638 0.000954 0.3176 0.1412 0.0353
v 0.025770 0.866638 0.000954 0.6745 0.4628 0.3255
v -0.039131 0.887634 0.000954 0.3294 0.1882 0.0980
v 0.039131 0.887634 0.000954 0.5882 0.3647 0.2432
v -0.035316 0.954468 0.000954 0.0667 0.0471 0.0314
v 0.035316 0.954468 0.000954 0.0745 0.0392 0.0196
v -0.123123 0.013367 0.000955 0.5255 0.3686 0.2823
v 0.123123 0.013367 0.000955 0.5764 0.3686 0.2549
v -0.123123 0.022919 0.000955 0.4745 0.3216 0.2275
v 0.123123 0.022919 0.000955 0.7098 0.4863 0.3647
v -0.107849 0.166077 0.000955 0.3686 0.1882 0.0902
v 0.107849 0.166077 0.000955 0.6118 0.3882 0.2667
v -0.104034 0.376068 0.000955 0.4275 0.2745 0.1725
v 0.104034 0.376068 0.000955 0.5176 0.3098 0.1882
v -0.390381 0.746399 0.000954 0.4118 0.2275 0.1373
v -0.182297 0.761658 0.000955 0.7725 0.5490 0.4275
v -0.205200 0.767395 0.000955 0.7764 0.5686 0.4510
v -0.327362 0.767395 0.000955 0.5255 0.3333 0.2000
v -0.144119 0.771240 0.000955 0.7882 0.5647 0.4392
v -0.113579 0.036285 0.002863 0.4118 0.2549 0.1608
v 0.113579 0.036286 0.002863 0.6236 0.4157 0.2902
v -0.104034 0.070648 0.002863 0.3686 0.2157 0.1333
v 0.104034 0.070648 0.002863 0.6079 0.4039 0.2823
v -0.098305 0.293976 0.002863 0.3412 0.1882 0.1020
v 0.098305 0.293976 0.002863 0.6315 0.3882 0.2588
v -0.096397 0.335968 0.002863 0.3451 0.2000 0.0980
v 0.096397 0.335968 0.002863 0.5530 0.3372 0.2235
v -0.012408 0.429504 0.002863 0.5333 0.2706 0.1294
v 0.012408 0.429505 0.002863 0.3372 0.1490 0.0588
v -0.115486 0.463867 0.002863 0.3882 0.2314 0.1333
v 0.115486 0.463867 0.002863 0.6000 0.3882 0.2549
v -0.081131 0.587952 0.002863 0.4667 0.4314 0.3765
v 0.081131 0.587952 0.002863 0.8000 0.7647 0.7333
v -0.084946 0.589844 0.002863 0.5059 0.4667 0.4196
v 0.084946 0.589844 0.002863 0.8039 0.7843 0.7529
v -0.077309 0.603210 0.002863 0.3019 0.1569 0.0627
v 0.077309 0.603211 0.002863 0.6393 0.3882 0.2432
v -0.058220 0.645203 0.002863 0.3686 0.2157 0.1098
v 0.058220 0.645203 0.002863 0.5686 0.3608 0.2275
v -0.323547 0.740662 0.002863 0.5686 0.3608 0.2353
v -0.390381 0.740662 0.002863 0.4314 0.2510 0.1725
v 0.323547 0.740662 0.002863 0.5059 0.3216 0.2275
v 0.390381 0.740662 0.002863 0.4471 0.2549 0.1647
v -0.081131 0.748291 0.002863 0.2078 0.0980 0.0235
v 0.081131 0.748291 0.002863 0.7294 0.4941 0.3490
v -0.380829 0.754028 0.002863 0.5255 0.3294 0.2157
v 0.380829 0.754028 0.002863 0.6902 0.4275 0.2902
v -0.163208 0.765503 0.002863 0.8039 0.5843 0.4589
v 0.163208 0.765503 0.002863 0.7882 0.5764 0.4471
v -0.184204 0.773132 0.002863 0.8313 0.6157 0.4941
v 0.184204 0.773132 0.002863 0.8745 0.6863 0.5608
v -0.165115 0.778870 0.002863 0.8509 0.6393 0.5098
v 0.165115 0.778870 0.002863 0.8706 0.6785 0.5373
v -0.121216 0.794128 0.002863 0.7333 0.5059 0.3490
v 0.121216 0.794129 0.002863 0.8862 0.6863 0.5569
v -0.020044 0.834229 0.002863 0.3490 0.1569 0.0392
v 0.020044 0.834229 0.002863 0.8588 0.6236 0.4706
v -0.016226 0.849487 0.002863 0.2941 0.1176 0.0157
v 0.016226 0.849487 0.002863 0.8470 0.6471 0.5137
v -0.031498 0.868591 0.002863 0.3059 0.1294 0.0235
v 0.031498 0.868591 0.002863 0.5412 0.3294 0.1882
v -0.042950 0.902954 0.002863 0.2118 0.1059 0.0392
v 0.042950 0.902954 0.002863 0.3843 0.2510 0.1686
v -0.117393 0.009552 0.004772 0.5608 0.3882 0.3098
v 0.117393 0.009552 0.004772 0.5530 0.3490 0.2432
v -0.069672 0.066834 0.004772 0.6785 0.4157 0.2549
v 0.069672 0.066834 0.004772 0.3451 0.2118 0.1294
v -0.081131 0.091644 0.004772 0.7255 0.4745 0.3216
v 0.081131 0.091644 0.004772 0.5176 0.3294 0.2196
v -0.098305 0.093536 0.004772 0.4314 0.2471 0.1530
v 0.098305 0.093536 0.004772 0.6589 0.3921 0.2392
v -0.081131 0.126007 0.004772 0.6824 0.4314 0.2902
v -0.100220 0.126007 0.004772 0.4471 0.2549 0.1451
v 0.081131 0.126007 0.004772 0.4784 0.2784 0.1608
v 0.100220 0.126007 0.004772 0.6980 0.4039 0.2549
v -0.109764 0.196625 0.004772 0.3529 0.1765 0.0824
v 0.109764 0.196625 0.004772 0.6276 0.3961 0.2745
v -0.052494 0.265350 0.004772 0.6432 0.3490 0.2039
v 0.052494 0.265350 0.004772 0.3843 0.2000 0.0980
v -0.044861 0.282532 0.004772 0.6197 0.3333 0.1725
v 0.044861 0.282532 0.004772 0.3804 0.1922 0.0980
v -0.039131 0.299713 0.004772 0.6432 0.3451 0.1882
v 0.039131 0.299713 0.004772 0.3804 0.1922 0.1020
v -0.115486 0.440979 0.004772 0.3961 0.2392 0.1451
v 0.115486 0.440979 0.004772 0.5686 0.3686 0.2314
v -0.008590 0.452423 0.004772 0.5059 0.2549 0.1255
v 0.008590 0.452423 0.004772 0.3176 0.1373 0.0431
v -0.006681 0.471497 0.004772 0.5294 0.2823 0.1647
v 0.006681 0.471497 0.004772 0.2863 0.1098 0.0275
v -0.069672 0.614685 0.004772 0.3294 0.1961 0.1059
v 0.069672 0.614685 0.004772 0.6510 0.4235 0.2784
v -0.060131 0.629944 0.004772 0.3412 0.1961 0.0980
v 0.060131 0.629944 0.004772 0.6079 0.3882 0.2549
v -0.377014 0.738770 0.004772 0.4589 0.2706 0.1961
v -0.405640 0.738770 0.004772 0.4589 0.2784 0.1961
v 0.377014 0.738770 0.004772 0.4745 0.2549 0.1608
v 0.405640 0.738770 0.004772 0.4902 0.2980 0.2118
v -0.405640 0.744507 0.004772 0.4980 0.2863 0.1843
v -0.419006 0.744507 0.004772 0.5176 0.3059 0.1922
v 0.405640 0.744507 0.004772 0.5019 0.2941 0.1882
v 0.419006 0.744507 0.004772 0.5333 0.3176 0.2157
v -0.390381 0.750244 0.004772 0.5412 0.3490 0.2353
v 0.390381 0.750244 0.004772 0.6550 0.4118 0.2902
v -0.277741 0.754028 0.004772 0.7647 0.5490 0.4157
v 0.277740 0.754029 0.004772 0.6785 0.4628 0.3176
v -0.342651 0.763611 0.004772 0.5019 0.3176 0.1961
v 0.342651 0.763611 0.004772 0.7294 0.4784 0.3294
v -0.092583 0.765503 0.004772 0.2588 0.1137 0.0196
v 0.092583 0.765503 0.004772 0.6628 0.4471 0.3137
v -0.279663 0.769287 0.004772 0.8117 0.6079 0.4589
v 0.279663 0.769287 0.004772 0.8392 0.6039 0.4471
v -0.092583 0.809387 0.004772 0.8392 0.6236 0.4823
v 0.092583 0.809387 0.004772 0.8902 0.6980 0.5451
v -0.020044 0.824646 0.004772 0.5098 0.2980 0.1490
v 0.020044 0.824646 0.004772 0.8745 0.6589 0.5019
v -0.025770 0.965942 0.004772 0.0471 0.0392 0.0314
v 0.025770 0.965942 0.004772 0.0745 0.0392 0.0235
v -0.090675 0.093536 0.006681 0.5608 0.3451 0.2157
v 0.090675 0.093536 0.006681 0.6510 0.4275 0.2941
v -0.079216 0.166077 0.006681 0.6667 0.4275 0.2941
v 0.079216 0.166077 0.006681 0.4667 0.2667 0.1569
v -0.109764 0.219544 0.006681 0.3529 0.1765 0.0745
v 0.109764 0.219544 0.006681 0.6628 0.4157 0.2784
v -0.107849 0.246262 0.006681 0.3529 0.1686 0.0667
v 0.107849 0.246262 0.006681 0.6941 0.4432 0.3059
v -0.035317 0.318817 0.006681 0.6315 0.3372 0.1882
v 0.035317 0.318817 0.006681 0.3647 0.1765 0.0863
v -0.006681 0.484863 0.006681 0.4196 0.2784 0.2039
v 0.006681 0.484863 0.006681 0.2510 0.1059 0.0275
v -0.000955 0.486786 0.006681 0.4589 0.3765 0.3294
v -0.002863 0.486786 0.006681 0.4510 0.3647 0.3059
v -0.004772 0.486786 0.006681 0.4628 0.3529 0.3019
v 0.002863 0.486786 0.006681 0.2941 0.2353 0.2039
v 0.004772 0.486786 0.006681 0.1882 0.0902 0.0353
v -0.075401 0.710144 0.006681 0.5333 0.4550 0.4000
v -0.077309 0.710144 0.006681 0.5255 0.4589 0.4078
v 0.075401 0.710144 0.006681 0.6745 0.5216 0.4314
v 0.077309 0.710144 0.006681 0.7764 0.6745 0.6157
v -0.338837 0.736878 0.006681 0.4980 0.2863 0.1765
v 0.338837 0.736878 0.006681 0.4941 0.2902 0.1843
v -0.390381 0.738770 0.006681 0.4432 0.2432 0.1686
v -0.419006 0.738769 0.006681 0.5059 0.3137 0.2196
v 0.390381 0.738770 0.006681 0.4784 0.2784 0.1961
v 0.419006 0.738770 0.006681 0.5255 0.3176 0.2196
v -0.109764 0.782654 0.006681 0.4667 0.2627 0.1412
v 0.109764 0.782654 0.006681 0.8470 0.6236 0.4745
v -0.077309 0.803650 0.006681 0.8196 0.6000 0.4589
v 0.077309 0.803650 0.006681 0.8745 0.6550 0.5098
v -0.042950 0.920105 0.006681 0.0157 0.0000 0.0000
v 0.042950 0.920105 0.006681 0.2549 0.1530 0.0824
v -0.014317 0.973572 0.006681 0.0235 0.0078 0.0039
v 0.014317 0.973572 0.006681 0.0392 0.0196 0.0039
v -0.073494 0.053467 0.008590 0.7059 0.4392 0.2863
v 0.073494 0.053467 0.008590 0.3647 0.2314 0.1569
v -0.081131 0.070648 0.008590 0.7216 0.4784 0.3255
v 0.081131 0.070648 0.008590 0.5255 0.3333 0.2157
v -0.098305 0.072540 0.008590 0.4039 0.2314 0.1333
v 0.098305 0.072540 0.008590 0.5843 0.3765 0.2392
v -0.090675 0.126007 0.008590 0.5843 0.3568 0.2275
v 0.090675 0.126007 0.008590 0.6197 0.3882 0.2471
v -0.100220 0.166077 0.008590 0.4589 0.2706 0.1608
v 0.100220 0.166077 0.008590 0.6824 0.4196 0.2745
v -0.100220 0.271088 0.008590 0.3137 0.1451 0.0510
v 0.100220 0.271088 0.008590 0.6902 0.4392 0.2980
v -0.096397 0.314972 0.008590 0.3333 0.1725 0.0745
v 0.096397 0.314972 0.008590 0.6276 0.3686 0.2353
v -0.029589 0.339813 0.008590 0.6039 0.3176 0.1765
v 0.029589 0.339813 0.008590 0.3765 0.1765 0.0745
v -0.113579 0.419983 0.008590 0.4039 0.2471 0.1490
v 0.113579 0.419983 0.008590 0.5490 0.3529 0.2118
v -0.356018 0.738770 0.008590 0.4745 0.2627 0.1686
v 0.356018 0.738770 0.008590 0.4706 0.2667 0.1608
v -0.424744 0.740662 0.008590 0.5490 0.3490 0.2471
v 0.424744 0.740662 0.008590 0.5764 0.3529 0.2510
v -0.424744 0.744507 0.008590 0.5490 0.3412 0.2392
v 0.424744 0.744507 0.008590 0.5804 0.3529 0.2510
v -0.405640 0.748291 0.008590 0.5294 0.3294 0.2196
v 0.405640 0.748291 0.008590 0.7137 0.4628 0.3333
v -0.302551 0.750244 0.008590 0.6628 0.4275 0.2823
v 0.302551 0.750244 0.008590 0.4667 0.2706 0.1490
v -0.067764 0.797974 0.008590 0.8078 0.5804 0.4235
v -0.107849 0.797974 0.008590 0.7176 0.5019 0.3490
v 0.067764 0.797974 0.008590 0.8823 0.6863 0.5569
v 0.107849 0.797974 0.008590 0.9098 0.7098 0.5725
v -0.021952 0.815125 0.008590 0.7176 0.4745 0.3216
v -0.033405 0.815125 0.008590 0.7568 0.5373 0.3921
v 0.021952 0.815125 0.008590 0.8745 0.6667 0.5098
v 0.033405 0.815125 0.008590 0.8784 0.6785 0.5255
v -0.000955 0.822754 0.008590 0.8000 0.5569 0.3961
v -0.008590 0.834229 0.008590 0.6197 0.3804 0.2196
v 0.008590 0.834229 0.008590 0.8431 0.6197 0.4550
v -0.020044 0.859009 0.008590 0.3176 0.1333 0.0235
v 0.020044 0.859009 0.008590 0.6941 0.4628 0.3098
v -0.035316 0.874329 0.008590 0.3804 0.2118 0.1020
v 0.035316 0.874329 0.008590 0.6432 0.4157 0.2745
v -0.000955 0.975464 0.008590 0.0235 0.0157 0.0039
v -0.109764 0.013367 0.010499 0.5882 0.4000 0.3137
v 0.109764 0.013367 0.010499 0.4823 0.2980 0.2039
v -0.090675 0.164185 0.010499 0.5686 0.3490 0.2196
v 0.090675 0.164185 0.010499 0.6118 0.3765 0.2353
v -0.062038 0.267273 0.010499 0.6706 0.4039 0.2588
v 0.062038 0.267273 0.010499 0.3765 0.1765 0.0745
v -0.090675 0.292084 0.010499 0.2902 0.1373 0.0510
v 0.090675 0.292084 0.010499 0.5961 0.3568 0.2314
v -0.104034 0.353149 0.010499 0.3804 0.2157 0.1176
v 0.104034 0.353150 0.010499 0.5216 0.3059 0.1843
v -0.029589 0.364624 0.010499 0.6276 0.3255 0.1686
v 0.029589 0.364624 0.010499 0.3529 0.1608 0.0667
v -0.075401 0.733032 0.010499 0.2510 0.1255 0.0431
v 0.075401 0.733032 0.010499 0.7137 0.4941 0.3490
v -0.369385 0.734924 0.010499 0.4706 0.2784 0.1882
v 0.369385 0.734925 0.010499 0.4902 0.2627 0.1608
v -0.405640 0.736877 0.010499 0.4471 0.2392 0.1569
v 0.405640 0.736877 0.010499 0.5216 0.3019 0.2235
v -0.378906 0.742615 0.010499 0.4157 0.2432 0.1530
v 0.378906 0.742615 0.010499 0.4275 0.2471 0.1608
v -0.419006 0.746399 0.010499 0.5530 0.3490 0.2549
v 0.419006 0.746399 0.010499 0.7451 0.4863 0.3412
v -0.388458 0.748291 0.010499 0.3568 0.1961 0.0980
v 0.388458 0.748291 0.010499 0.5176 0.3137 0.2078
v -0.378906 0.752136 0.010499 0.3451 0.1765 0.0863
v 0.378906 0.752136 0.010499 0.6510 0.4314 0.2980
v -0.356018 0.761658 0.010499 0.5373 0.3412 0.2039
v 0.356018 0.761658 0.010499 0.7294 0.4784 0.3294
v -0.304474 0.763611 0.010499 0.8392 0.6315 0.4902
v 0.304474 0.763611 0.010499 0.7647 0.5294 0.3765
v -0.323547 0.765503 0.010499 0.6941 0.4784 0.3255
v 0.323547 0.765503 0.010499 0.7608 0.5176 0.3725
v -0.100220 0.780762 0.010499 0.4550 0.2627 0.1451
v 0.100220 0.780762 0.010499 0.7686 0.5608 0.4196
v -0.000955 0.813233 0.010499 0.8666 0.6432 0.4980
v -0.008590 0.824646 0.010499 0.7843 0.5608 0.4000
v 0.008590 0.824646 0.010499 0.8862 0.6628 0.5176
v -0.037224 0.935364 0.010499 0.0471 0.0078 0.0078
v 0.037224 0.935364 0.010499 0.3059 0.2000 0.1333
v -0.075401 0.040100 0.012408 0.6785 0.4314 0.2941
v 0.075401 0.040100 0.012408 0.3333 0.1882 0.1059
v -0.111671 0.055359 0.012408 0.4118 0.2510 0.1490
v 0.111671 0.055359 0.012408 0.6118 0.4118 0.2902
v -0.088760 0.072540 0.012408 0.5843 0.3725 0.2471
v 0.088760 0.072540 0.012408 0.6706 0.4510 0.3176
v -0.077309 0.194702 0.012408 0.6980 0.4471 0.2902
v 0.077309 0.194702 0.012408 0.4745 0.2745 0.1647
v -0.102127 0.196625 0.012408 0.4589 0.2627 0.1490
v 0.102127 0.196625 0.012408 0.6863 0.4353 0.2941
v -0.067764 0.242432 0.012408 0.7059 0.4550 0.3098
v 0.067764 0.242432 0.012408 0.4706 0.2510 0.1333
v -0.054405 0.284454 0.012408 0.5804 0.3216 0.1843
v 0.054405 0.284454 0.012408 0.3098 0.1294 0.0392
v -0.090675 0.334076 0.012408 0.3490 0.1882 0.0941
v 0.090675 0.334076 0.012408 0.5725 0.3216 0.2078
v -0.107849 0.376068 0.012408 0.3804 0.2235 0.1294
v 0.107849 0.376068 0.012408 0.5333 0.3294 0.2078
v -0.029589 0.387512 0.012408 0.6197 0.3412 0.1882
v 0.029589 0.387512 0.012408 0.3372 0.1608 0.0627
v -0.109764 0.397064 0.012408 0.3921 0.2392 0.1412
v 0.109764 0.397064 0.012408 0.5412 0.3333 0.2078
v -0.419006 0.736877 0.012408 0.4823 0.2902 0.2118
v 0.419006 0.736877 0.012408 0.5333 0.3098 0.2235
v -0.388458 0.740662 0.012408 0.3686 0.2235 0.1490
v -0.424744 0.740662 0.012408 0.4980 0.2980 0.2078
v 0.388458 0.740662 0.012408 0.4000 0.2235 0.1373
v 0.424744 0.740662 0.012408 0.5764 0.3529 0.2510
v -0.424744 0.744507 0.012408 0.4902 0.2863 0.1961
v 0.424744 0.744507 0.012408 0.6039 0.3686 0.2588
v -0.084946 0.752136 0.012408 0.2275 0.0941 0.0039
v 0.084946 0.752136 0.012408 0.6706 0.4432 0.2980
v -0.083038 0.786499 0.012408 0.7333 0.5176 0.3647
v 0.083038 0.786499 0.012408 0.8980 0.7059 0.5686
v -0.094490 0.794128 0.012408 0.7529 0.5294 0.3882
v 0.094490 0.794129 0.012408 0.9019 0.7098 0.5725
v -0.062038 0.799866 0.012408 0.6706 0.5373 0.4510
v 0.062038 0.799866 0.012408 0.8627 0.6706 0.5373
v -0.021952 0.813232 0.012408 0.7490 0.5098 0.3490
v 0.021952 0.813232 0.012408 0.8902 0.6941 0.5490
v -0.008590 0.815125 0.012408 0.8470 0.6354 0.4863
v 0.008590 0.815125 0.012408 0.8431 0.6157 0.4432
v -0.000955 0.832275 0.012408 0.7294 0.5019 0.3451
v -0.008590 0.845642 0.012408 0.3882 0.1725 0.0392
v 0.008590 0.845642 0.012408 0.8078 0.5686 0.4000
v -0.037224 0.885742 0.012408 0.3804 0.2157 0.1176
v 0.037224 0.885742 0.012408 0.7686 0.5255 0.3647
v -0.100220 0.015289 0.014317 0.5961 0.4000 0.2941
v 0.100220 0.015289 0.014317 0.4550 0.2823 0.1922
v -0.073494 0.217621 0.014317 0.7137 0.4667 0.3176
v 0.073494 0.217621 0.014317 0.4628 0.2549 0.1412
v -0.100220 0.219544 0.014317 0.4667 0.2706 0.1490
v 0.100220 0.219544 0.014317 0.7059 0.4471 0.3137
v -0.098305 0.244354 0.014317 0.4784 0.2863 0.1647
v 0.098305 0.244354 0.014317 0.7333 0.4745 0.3412
v -0.092583 0.269165 0.014317 0.3490 0.1647 0.0627
v 0.092583 0.269165 0.014317 0.6902 0.4392 0.3019
v -0.048676 0.299713 0.014317 0.6000 0.3294 0.1922
v 0.048676 0.299713 0.014317 0.2941 0.1176 0.0353
v -0.079216 0.717773 0.014317 0.5882 0.5294 0.4941
v -0.081131 0.717773 0.014317 0.5764 0.5255 0.4745
v 0.079216 0.717773 0.014317 0.5843 0.4078 0.2745
v 0.081131 0.717773 0.014317 0.6276 0.4628 0.3568
v -0.403717 0.740662 0.014317 0.3608 0.1882 0.1216
v -0.424744 0.740662 0.014317 0.4667 0.2980 0.2157
v 0.403717 0.740662 0.014317 0.4039 0.2157 0.1373
v 0.424744 0.740662 0.014317 0.5608 0.3412 0.2314
v -0.390381 0.742615 0.014317 0.3608 0.1882 0.1176
v 0.390381 0.742615 0.014317 0.3725 0.2000 0.1294
v -0.424744 0.744507 0.014317 0.4863 0.2902 0.1961
v 0.424744 0.744507 0.014317 0.5608 0.3372 0.2235
v -0.319733 0.746399 0.014317 0.5373 0.3372 0.2118
v -0.405640 0.746399 0.014317 0.3804 0.2039 0.1255
v 0.319733 0.746399 0.014317 0.4000 0.2196 0.1059
v 0.405640 0.746399 0.014317 0.4823 0.2784 0.1843
v -0.390381 0.750244 0.014317 0.4078 0.2510 0.1647
v 0.390381 0.750244 0.014317 0.4706 0.2784 0.1686
v -0.367462 0.759766 0.014317 0.5373 0.3529 0.2353
v 0.367462 0.759766 0.014317 0.7137 0.4667 0.3294
v -0.056313 0.797974 0.014317 0.8941 0.8274 0.7764
v 0.056313 0.797974 0.014317 0.8666 0.7843 0.7294
v -0.000955 0.809387 0.014317 0.8588 0.6432 0.4941
v -0.025770 0.860962 0.014317 0.3333 0.1412 0.0235
v 0.025770 0.860962 0.014317 0.5216 0.2980 0.1647
v -0.079216 0.057282 0.016226 0.7451 0.4902 0.3451
v 0.079216 0.057282 0.016226 0.4550 0.2902 0.1843
v -0.088760 0.196625 0.016226 0.6000 0.3882 0.2471
v 0.088760 0.196625 0.016226 0.6276 0.3804 0.2471
v -0.088760 0.219544 0.016226 0.6276 0.3961 0.2510
v 0.088760 0.219544 0.016226 0.6471 0.4118 0.2667
v -0.084946 0.244354 0.016226 0.6276 0.3804 0.2432
v 0.084946 0.244354 0.016226 0.6510 0.3882 0.2588
v -0.067764 0.265350 0.016226 0.6550 0.3882 0.2432
v 0.067764 0.265350 0.016226 0.4000 0.1804 0.0784
v -0.088760 0.313080 0.016226 0.2706 0.1137 0.0353
v 0.088760 0.313080 0.016226 0.5255 0.2706 0.1608
v -0.042950 0.318817 0.016226 0.5451 0.2667 0.1333
v 0.042950 0.318817 0.016226 0.2667 0.0980 0.0235
v -0.023861 0.408508 0.016226 0.6510 0.3529 0.2157
v 0.023861 0.408508 0.016226 0.3765 0.1765 0.0706
v -0.067764 0.673828 0.016226 0.3529 0.2039 0.0980
v -0.069672 0.673828 0.016226 0.3490 0.2000 0.1098
v 0.067764 0.673828 0.016226 0.6589 0.4392 0.3019
v 0.069672 0.673828 0.016226 0.6706 0.4392 0.3059
v -0.338837 0.734924 0.016226 0.5569 0.3451 0.2353
v 0.338837 0.734924 0.016226 0.5137 0.3294 0.2314
v -0.417084 0.740662 0.016226 0.4314 0.2549 0.1686
v 0.417084 0.740662 0.016226 0.4823 0.2745 0.1686
v -0.417084 0.744507 0.016226 0.4550 0.2823 0.2078
v 0.417084 0.744507 0.016226 0.5686 0.3412 0.2275
v -0.378906 0.757874 0.016226 0.5569 0.3529 0.2353
v 0.378906 0.757874 0.016226 0.7216 0.4706 0.3255
v -0.336914 0.763611 0.016226 0.6432 0.4275 0.2745
v 0.336914 0.763611 0.016226 0.7725 0.5255 0.3804
v -0.090675 0.773132 0.016226 0.4118 0.2235 0.1059
v 0.090675 0.773132 0.016226 0.8431 0.6236 0.4902
v -0.008590 0.813232 0.016226 0.8666 0.6589 0.5098
v 0.008590 0.813232 0.016226 0.8470 0.6236 0.4628
v -0.090675 0.015289 0.018135 0.6510 0.4471 0.3451
v 0.090675 0.015289 0.018135 0.4706 0.3059 0.2196
v -0.065857 0.658569 0.018135 0.3765 0.2118 0.1020
v 0.065857 0.658569 0.018135 0.6550 0.4275 0.2784
v -0.073494 0.692932 0.018135 0.5176 0.4628 0.4392
v 0.073494 0.692932 0.018135 0.8862 0.8509 0.8313
v -0.075401 0.710144 0.018135 0.5176 0.4550 0.4118
v 0.075401 0.710144 0.018135 0.7529 0.6118 0.5294
v -0.377014 0.740662 0.018135 0.4589 0.2784 0.1922
v -0.403717 0.740662 0.018135 0.3882 0.2000 0.1255
v 0.377014 0.740662 0.018135 0.4823 0.2588 0.1647
v 0.403717 0.740662 0.018135 0.4078 0.2157 0.1176
v -0.403717 0.746399 0.018135 0.4784 0.2902 0.2000
v 0.403717 0.746399 0.018135 0.4510 0.2627 0.1569
v -0.317841 0.757874 0.018135 0.8431 0.6236 0.4902
v 0.317841 0.757874 0.018135 0.6197 0.4118 0.2902
v -0.052494 0.799865 0.018135 0.8157 0.6589 0.5373
v 0.052494 0.799866 0.018135 0.8235 0.7725 0.7333
v -0.056313 0.801758 0.018135 0.9137 0.8117 0.7490
v 0.056313 0.801758 0.018135 0.9098 0.9019 0.8784
v -0.000955 0.843750 0.018135 0.6354 0.4039 0.2432
v -0.041042 0.899109 0.018135 0.3647 0.1961 0.1059
v 0.041042 0.899109 0.018135 0.7608 0.5098 0.3568
v -0.033405 0.948730 0.018135 0.0667 0.0314 0.0157
v 0.033405 0.948730 0.018135 0.2196 0.1530 0.1020
v -0.090675 0.062988 0.020044 0.6236 0.4196 0.2863
v 0.090675 0.062988 0.020044 0.6824 0.4510 0.3137
v -0.111671 0.467682 0.020044 0.3412 0.1843 0.0863
v 0.111671 0.467682 0.020044 0.6667 0.4314 0.2863
v -0.109764 0.484863 0.020044 0.3333 0.1922 0.0941
v 0.109764 0.484863 0.020044 0.6980 0.4550 0.3098
v -0.008590 0.490601 0.020044 0.2941 0.2157 0.1765
v 0.008590 0.490601 0.020044 0.2118 0.1098 0.0706
v -0.107849 0.498230 0.020044 0.3451 0.2000 0.1020
v -0.109764 0.498230 0.020044 0.3372 0.2000 0.1020
v 0.107849 0.498230 0.020044 0.6980 0.4550 0.2980
v 0.109764 0.498230 0.020044 0.6980 0.4550 0.3059
v -0.105942 0.509705 0.020044 0.3412 0.2039 0.1216
v -0.107849 0.509705 0.020044 0.3412 0.2000 0.1176
v 0.105942 0.509705 0.020044 0.6941 0.4550 0.3059
v 0.107849 0.509705 0.020044 0.6863 0.4510 0.3176
v -0.104034 0.528748 0.020044 0.3333 0.2000 0.1020
v 0.104034 0.528748 0.020044 0.6941 0.4510 0.3059
v -0.096397 0.549744 0.020044 0.3176 0.1843 0.0824
v 0.096397 0.549744 0.020044 0.7020 0.4589 0.3059
v -0.062038 0.643311 0.020044 0.3568 0.2039 0.1059
v 0.062038 0.643311 0.020044 0.6471 0.4196 0.2784
v -0.327362 0.736878 0.020044 0.6354 0.4118 0.2706
v 0.327362 0.736878 0.020044 0.5019 0.3333 0.2432
v -0.354096 0.738770 0.020044 0.4980 0.3019 0.2039
v 0.354095 0.738770 0.020044 0.4941 0.2863 0.1804
v -0.388458 0.740662 0.020044 0.4510 0.2353 0.1647
v 0.388458 0.740662 0.020044 0.4589 0.2549 0.1686
v -0.417084 0.744507 0.020044 0.4980 0.3019 0.2196
v 0.417084 0.744507 0.020044 0.5764 0.3451 0.2275
v -0.390381 0.754028 0.020044 0.6276 0.4078 0.2941
v 0.390381 0.754028 0.020044 0.6980 0.4510 0.3019
v -0.010499 0.853271 0.020044 0.3216 0.1294 0.0157
v 0.010499 0.853271 0.020044 0.5647 0.3412 0.2039
v -0.029589 0.866638 0.020044 0.3765 0.2000 0.0863
v 0.029589 0.866638 0.020044 0.6667 0.4314 0.2902
v -0.136490 0.009552 0.021952 0.5255 0.3490 0.2706
v 0.136490 0.009552 0.021952 0.5961 0.3804 0.2706
v -0.134582 0.019104 0.021952 0.5019 0.3372 0.2432
v 0.134582 0.019104 0.021952 0.7255 0.5137 0.4118
v -0.102127 0.057282 0.021952 0.4980 0.3255 0.2275
v 0.102127 0.057282 0.021952 0.6745 0.4275 0.2863
v -0.075401 0.265350 0.021952 0.5804 0.3294 0.2039
v -0.083038 0.265350 0.021952 0.4353 0.2078 0.1020
v 0.075401 0.265350 0.021952 0.4667 0.2432 0.1255
v 0.083038 0.265350 0.021952 0.6157 0.3568 0.2275
v -0.060131 0.282532 0.021952 0.5255 0.2627 0.1373
v 0.060131 0.282532 0.021952 0.3176 0.1137 0.0314
v -0.090675 0.290161 0.021952 0.3098 0.1137 0.0196
v 0.090675 0.290161 0.021952 0.6550 0.3765 0.2510
v -0.086853 0.332153 0.021952 0.3255 0.1373 0.0588
v 0.086853 0.332153 0.021952 0.5725 0.3098 0.1922
v -0.031498 0.337891 0.021952 0.6039 0.3412 0.2118
v 0.031498 0.337891 0.021952 0.3686 0.1922 0.0941
v -0.100220 0.353149 0.021952 0.3608 0.1961 0.0980
v 0.100220 0.353150 0.021952 0.5294 0.3137 0.2000
v -0.018135 0.429504 0.021952 0.6354 0.3490 0.2078
v 0.018135 0.429505 0.021952 0.3843 0.1804 0.0745
v -0.113579 0.444794 0.021952 0.3568 0.2000 0.1020
v 0.113579 0.444794 0.021952 0.6315 0.4078 0.2667
v -0.014317 0.452423 0.021952 0.6745 0.3568 0.1882
v 0.014317 0.452423 0.021952 0.4039 0.1922 0.0902
v -0.012408 0.475311 0.021952 0.6745 0.3725 0.2118
v 0.012408 0.475311 0.021952 0.4235 0.2235 0.1176
v -0.010499 0.484863 0.021952 0.4471 0.2588 0.1569
v 0.010499 0.484863 0.021952 0.3725 0.2078 0.1098
v -0.000955 0.488678 0.021952 0.4863 0.3921 0.3372
v -0.004772 0.488678 0.021952 0.4589 0.3451 0.2784
v -0.008590 0.488678 0.021952 0.2980 0.2275 0.1882
v 0.004772 0.488678 0.021952 0.1686 0.1333 0.1098
v 0.008590 0.488678 0.021952 0.3019 0.1451 0.0588
v -0.090675 0.568848 0.021952 0.3412 0.1843 0.0980
v 0.090675 0.568848 0.021952 0.7568 0.5294 0.3765
v -0.063950 0.628052 0.021952 0.3255 0.1765 0.0863
v 0.063950 0.628052 0.021952 0.7059 0.4432 0.3059
v -0.367462 0.736878 0.021952 0.4706 0.2667 0.1804
v 0.367462 0.736878 0.021952 0.4823 0.2549 0.1686
v -0.081131 0.738770 0.021952 0.2392 0.0902 0.0039
v 0.081131 0.738770 0.021952 0.6706 0.4628 0.3333
v -0.417084 0.740662 0.021952 0.4275 0.2392 0.1569
v 0.417084 0.740662 0.021952 0.4628 0.2667 0.1647
v -0.403717 0.750244 0.021952 0.5764 0.3686 0.2510
v 0.403717 0.750244 0.021952 0.6236 0.3882 0.2588
v -0.331207 0.761658 0.021952 0.7686 0.5451 0.3882
v 0.331207 0.761658 0.021952 0.7921 0.5569 0.4118
v -0.075401 0.782654 0.021952 0.7372 0.4980 0.3333
v 0.075401 0.782654 0.021952 0.9019 0.7137 0.5843
v -0.033405 0.799866 0.021952 0.8274 0.6000 0.4510
v 0.033405 0.799866 0.021952 0.8823 0.6706 0.5216
v -0.041042 0.914368 0.021952 0.3451 0.1882 0.1020
v 0.041042 0.914368 0.021952 0.8235 0.5608 0.4039
v -0.081131 0.020996 0.023861 0.6863 0.4628 0.3412
v 0.081131 0.020996 0.023861 0.3608 0.2196 0.1294
v -0.077309 0.043915 0.023861 0.7333 0.4823 0.3412
v 0.077309 0.043915 0.023861 0.3882 0.2510 0.1686
v -0.111671 0.421875 0.023861 0.3686 0.2157 0.1137
v 0.111671 0.421875 0.023861 0.5804 0.3647 0.2235
v -0.010499 0.475311 0.023861 0.5530 0.2980 0.1647
v 0.010499 0.475311 0.023861 0.4118 0.2118 0.1098
v -0.008590 0.484863 0.023861 0.4902 0.3216 0.2275
v 0.008590 0.484863 0.023861 0.3529 0.1882 0.1020
v -0.081131 0.584107 0.023861 0.5490 0.5176 0.4823
v -0.083038 0.584107 0.023861 0.6236 0.5725 0.5176
v 0.081131 0.584107 0.023861 0.8784 0.8627 0.8431
v 0.083038 0.584107 0.023861 0.8902 0.8784 0.8627
v -0.071587 0.612793 0.023861 0.3216 0.1804 0.0941
v 0.071587 0.612793 0.023861 0.7372 0.4980 0.3529
v -0.077309 0.704407 0.023861 0.5569 0.5098 0.4784
v -0.079216 0.704407 0.023861 0.5647 0.5176 0.4823
v 0.077309 0.704407 0.023861 0.8039 0.7608 0.7333
v 0.079216 0.704407 0.023861 0.7843 0.7608 0.7372
v -0.084946 0.727295 0.023861 0.5843 0.5255 0.4823
v 0.084946 0.727295 0.023861 0.7608 0.6863 0.6393
v -0.083038 0.729187 0.023861 0.5686 0.5059 0.4471
v 0.083038 0.729187 0.023861 0.6550 0.4941 0.3608
v -0.401825 0.738770 0.023861 0.4314 0.2235 0.1530
v 0.401825 0.738770 0.023861 0.4706 0.2627 0.1804
v -0.422821 0.740662 0.023861 0.4628 0.2863 0.2039
v 0.422821 0.740662 0.023861 0.5412 0.3216 0.2196
v -0.323547 0.744507 0.023861 0.5843 0.3804 0.2510
v -0.377014 0.744507 0.023861 0.4471 0.2627 0.1843
v -0.424744 0.744507 0.023861 0.5137 0.3019 0.2039
v 0.323547 0.744507 0.023861 0.4550 0.2588 0.1647
v 0.377014 0.744507 0.023861 0.4667 0.2588 0.1608
v 0.424744 0.744507 0.023861 0.6706 0.4039 0.2902
v -0.375092 0.752136 0.023861 0.5608 0.3647 0.2353
v 0.375092 0.752136 0.023861 0.6667 0.4353 0.2941
v -0.083038 0.763611 0.023861 0.3333 0.1333 0.0314
v 0.083038 0.763611 0.023861 0.8157 0.6157 0.4706
v -0.000955 0.853271 0.023861 0.4432 0.2235 0.0824
v -0.025770 0.958313 0.023861 0.0353 0.0275 0.0078
v 0.025770 0.958313 0.023861 0.1412 0.1020 0.0667
v -0.128845 0.003815 0.025770 0.5373 0.3725 0.2902
v 0.128845 0.003815 0.025770 0.5921 0.3804 0.2745
v -0.121216 0.038178 0.025770 0.4275 0.2549 0.1608
v 0.121216 0.038178 0.025770 0.6667 0.4628 0.3451
v -0.054405 0.297791 0.025770 0.5882 0.3019 0.1922
v 0.054405 0.297791 0.025770 0.3255 0.1294 0.0471
v -0.029589 0.362701 0.025770 0.6510 0.3608 0.1961
v 0.029589 0.362702 0.025770 0.3451 0.1569 0.0588
v -0.104034 0.376068 0.025770 0.3608 0.2039 0.1059
v 0.104034 0.376068 0.025770 0.5804 0.3608 0.2275
v -0.107849 0.398987 0.025770 0.3608 0.2039 0.1059
v 0.107849 0.398987 0.025770 0.5804 0.3647 0.2353
v -0.077309 0.599426 0.025770 0.2863 0.1608 0.0627
v 0.077309 0.599426 0.025770 0.7451 0.4863 0.3294
v -0.083038 0.713928 0.025770 0.6000 0.5490 0.5019
v 0.083038 0.713928 0.025770 0.8039 0.7843 0.7686
v -0.386566 0.742615 0.025770 0.4235 0.2353 0.1608
v 0.386566 0.742615 0.025770 0.4432 0.2353 0.1530
v -0.417084 0.748291 0.025770 0.6079 0.3921 0.2863
v 0.417084 0.748291 0.025770 0.6980 0.4275 0.3059
v -0.388458 0.750244 0.025770 0.4941 0.3019 0.1961
v 0.388458 0.750244 0.025770 0.5569 0.3568 0.2471
v -0.325470 0.755921 0.025770 0.8745 0.6785 0.5530
v 0.325470 0.755921 0.025770 0.7020 0.4902 0.3529
v -0.350281 0.759766 0.025770 0.6902 0.4667 0.3098
v 0.350281 0.759766 0.025770 0.7921 0.5451 0.3882
v -0.067764 0.780762 0.025770 0.8078 0.6863 0.6118
v 0.067764 0.780762 0.025770 0.8862 0.7216 0.6157
v -0.000955 0.799866 0.025770 0.8823 0.6785 0.5333
v -0.008590 0.799866 0.025770 0.8745 0.6628 0.5137
v 0.008590 0.799866 0.025770 0.8941 0.6980 0.5608
v -0.037224 0.929688 0.025770 0.2706 0.1530 0.0824
v 0.037224 0.929688 0.025770 0.7529 0.5019 0.3529
v -0.081131 0.051544 0.027679 0.7372 0.4980 0.3568
v 0.081131 0.051544 0.027679 0.4902 0.3137 0.2157
v -0.069672 0.282532 0.027679 0.4823 0.2314 0.1294
v 0.069672 0.282532 0.027679 0.4118 0.1922 0.1098
v -0.086853 0.309265 0.027679 0.2823 0.0902 0.0078
v 0.086853 0.309265 0.027679 0.6276 0.3333 0.2196
v -0.048676 0.316895 0.027679 0.5098 0.2510 0.1373
v 0.048676 0.316895 0.027679 0.3137 0.1255 0.0314
v -0.029589 0.385620 0.027679 0.6745 0.3843 0.2157
v 0.029589 0.385620 0.027679 0.3372 0.1451 0.0549
v -0.079216 0.725403 0.027679 0.5294 0.4078 0.3294
v 0.079216 0.725403 0.027679 0.6589 0.4628 0.3255
v -0.338837 0.731140 0.027679 0.5569 0.3412 0.2353
v 0.338837 0.731140 0.027679 0.5294 0.3529 0.2627
v -0.415192 0.738770 0.027679 0.4471 0.2549 0.1922
v 0.415192 0.738770 0.027679 0.5373 0.3137 0.2118
v -0.375092 0.740662 0.027679 0.4510 0.2510 0.1804
v -0.422821 0.740662 0.027679 0.5294 0.3333 0.2353
v 0.375092 0.740662 0.027679 0.4510 0.2314 0.1451
v 0.422821 0.740662 0.027679 0.6000 0.3921 0.2863
v -0.401825 0.742615 0.027679 0.4118 0.2314 0.1569
v 0.401825 0.742615 0.027679 0.4353 0.2471 0.1608
v -0.384644 0.744507 0.027679 0.4078 0.2196 0.1412
v -0.424744 0.744507 0.027679 0.5294 0.3176 0.2196
v 0.384644 0.744507 0.027679 0.4196 0.2275 0.1451
v 0.424744 0.744507 0.027679 0.7137 0.4510 0.3255
v -0.401825 0.748291 0.027679 0.5686 0.3608 0.2471
v 0.401825 0.748291 0.027679 0.6902 0.4510 0.3255
v -0.384644 0.750244 0.027679 0.3647 0.1922 0.1059
v 0.384644 0.750244 0.027679 0.4471 0.2510 0.1451
v -0.361725 0.757874 0.027679 0.6863 0.4784 0.3412
v 0.361725 0.757874 0.027679 0.7921 0.5412 0.4000
v -0.018135 0.857117 0.027679 0.3765 0.1451 0.0196
v 0.018135 0.857117 0.027679 0.5137 0.2823 0.1451
v -0.033405 0.881958 0.027679 0.3804 0.2157 0.1176
v 0.033405 0.881958 0.027679 0.8157 0.5725 0.4196
v -0.014317 0.965942 0.027679 0.0353 0.0157 0.0039
v 0.014317 0.965942 0.027679 0.0941 0.0627 0.0431
v -0.090675 0.055359 0.029589 0.6667 0.4392 0.3176
v 0.090675 0.055359 0.029589 0.6706 0.4510 0.3137
v -0.083038 0.284454 0.029589 0.3568 0.1294 0.0353
v 0.083038 0.284454 0.029589 0.5804 0.3098 0.2000
v -0.422821 0.742615 0.029589 0.5686 0.3608 0.2549
v 0.422821 0.742615 0.029589 0.6824 0.4510 0.3255
v -0.422821 0.744507 0.029589 0.5921 0.3961 0.2941
v 0.424744 0.744507 0.029589 0.7098 0.4784 0.3529
v -0.000955 0.967834 0.029589 0.1137 0.0784 0.0549
v -0.119308 0.003815 0.031498 0.5608 0.3882 0.2902
v 0.119308 0.003815 0.031498 0.5294 0.3412 0.2510
v -0.081131 0.328339 0.031498 0.4157 0.1804 0.0706
v 0.081131 0.328339 0.031498 0.6628 0.3686 0.2432
v -0.092583 0.353149 0.031498 0.3529 0.1765 0.0824
v 0.092583 0.353150 0.031498 0.5216 0.2627 0.1451
v -0.029589 0.408508 0.031498 0.6863 0.4157 0.2549
v 0.029589 0.408508 0.031498 0.3568 0.1686 0.0745
v -0.014317 0.498230 0.031498 0.4980 0.3765 0.3019
v -0.382721 0.740662 0.031498 0.3333 0.1451 0.0784
v -0.415192 0.740662 0.031498 0.4784 0.2902 0.2039
v 0.382721 0.740662 0.031498 0.3529 0.1490 0.0745
v 0.415192 0.740662 0.031498 0.6039 0.3765 0.2627
v -0.394196 0.742615 0.031498 0.3490 0.1765 0.1098
v 0.394196 0.742615 0.031498 0.3921 0.2157 0.1294
v -0.415192 0.746399 0.031498 0.5882 0.3961 0.2784
v 0.415192 0.746399 0.031498 0.7372 0.4941 0.3686
v -0.394196 0.748291 0.031498 0.4000 0.2196 0.1333
v 0.394196 0.748291 0.031498 0.4235 0.2392 0.1451
v -0.373200 0.755921 0.031498 0.6941 0.4784 0.3412
v 0.373199 0.757874 0.031498 0.7960 0.5569 0.4118
v -0.340729 0.759766 0.031498 0.7764 0.5530 0.4039
v 0.340729 0.759766 0.031498 0.8117 0.5882 0.4510
v -0.075401 0.761658 0.031498 0.5451 0.4784 0.4392
v 0.075401 0.761658 0.031498 0.8627 0.7529 0.6706
v -0.056313 0.776917 0.031498 0.8980 0.8431 0.7882
v 0.056313 0.776917 0.031498 0.9372 0.8823 0.8549
v -0.031498 0.939209 0.031498 0.2235 0.1255 0.0510
v 0.031498 0.939209 0.031498 0.6510 0.4235 0.2823
v -0.063950 0.299713 0.033405 0.5647 0.2745 0.1647
v 0.063950 0.299713 0.033405 0.3804 0.1530 0.0706
v -0.077309 0.303528 0.033405 0.3725 0.1490 0.0667
v 0.077309 0.303528 0.033405 0.5843 0.3098 0.1961
v -0.037224 0.337891 0.033405 0.6354 0.3333 0.2078
v 0.037224 0.337891 0.033405 0.3568 0.1725 0.0706
v -0.075401 0.339813 0.033405 0.4589 0.2235 0.1098
v 0.075401 0.339813 0.033405 0.6941 0.4078 0.2706
v -0.029589 0.431427 0.033405 0.7216 0.4471 0.2941
v 0.029589 0.431427 0.033405 0.4039 0.1961 0.0863
v 0.014317 0.498230 0.033405 0.3882 0.2275 0.1451
v -0.062038 0.677673 0.033405 0.3255 0.1843 0.0863
v -0.065857 0.677673 0.033405 0.3294 0.1765 0.0824
v 0.062038 0.677673 0.033405 0.7843 0.5451 0.3882
v 0.065857 0.677673 0.033405 0.7843 0.5333 0.3608
v -0.065857 0.691040 0.033405 0.4823 0.4432 0.4196
v 0.065857 0.691040 0.033405 0.8823 0.8784 0.8706
v -0.352203 0.738770 0.033405 0.4628 0.2784 0.1843
v -0.392273 0.738770 0.033405 0.3412 0.1608 0.0902
v 0.363647 0.738770 0.033405 0.4392 0.2314 0.1451
v 0.392273 0.738770 0.033405 0.3843 0.1882 0.1176
v -0.363648 0.740662 0.033405 0.3176 0.1451 0.0667
v 0.352203 0.740662 0.033405 0.4784 0.2784 0.1804
v -0.403717 0.742615 0.033405 0.3451 0.1686 0.0941
v 0.403717 0.742615 0.033405 0.3843 0.2000 0.1255
v -0.081131 0.744507 0.033405 0.5725 0.5137 0.4589
v -0.083038 0.744507 0.033405 0.5961 0.5333 0.5019
v 0.081131 0.744507 0.033405 0.9058 0.8784 0.8509
v 0.083038 0.744507 0.033405 0.8980 0.9019 0.8862
v -0.352203 0.752136 0.033405 0.7059 0.4863 0.3529
v 0.352203 0.752136 0.033405 0.8745 0.6432 0.5059
v -0.384644 0.754028 0.033405 0.6118 0.4078 0.2823
v 0.384644 0.754029 0.033405 0.6785 0.4353 0.2980
v -0.062038 0.782654 0.033405 0.8274 0.8078 0.7843
v 0.062038 0.782654 0.033405 0.9058 0.9098 0.9098
v -0.021952 0.860962 0.033405 0.3765 0.1882 0.0667
v 0.021952 0.860962 0.033405 0.7333 0.4980 0.3333
v -0.037224 0.895325 0.033405 0.3765 0.2000 0.0941
v 0.037224 0.895325 0.033405 0.8392 0.6039 0.4550
v -0.105942 0.003815 0.035316 0.5490 0.3725 0.2784
v 0.105942 0.003815 0.035316 0.4941 0.3137 0.2196
v -0.025770 0.454315 0.035316 0.7529 0.4823 0.3294
v 0.025770 0.454315 0.035316 0.4823 0.2510 0.1373
v -0.023861 0.467682 0.035316 0.7764 0.5059 0.3686
v 0.023861 0.467682 0.035316 0.5216 0.2902 0.1686
v -0.102127 0.469605 0.035317 0.3804 0.1961 0.0863
v 0.102127 0.469605 0.035317 0.7725 0.5059 0.3568
v -0.021952 0.479157 0.035316 0.7960 0.5255 0.3882
v 0.021952 0.479157 0.035316 0.5176 0.3059 0.1882
v -0.020044 0.488678 0.035316 0.8078 0.5294 0.3725
v 0.020044 0.488678 0.035316 0.5098 0.3019 0.1882
v -0.008590 0.494415 0.035316 0.5294 0.3961 0.3216
v -0.016226 0.494415 0.035316 0.5725 0.3490 0.2432
v -0.018135 0.494415 0.035316 0.7098 0.4510 0.3137
v 0.008590 0.494415 0.035316 0.3961 0.3372 0.3137
v 0.016226 0.494415 0.035316 0.4784 0.2902 0.1843
v 0.018135 0.494415 0.035316 0.4980 0.3019 0.1961
v -0.060131 0.660522 0.035316 0.3098 0.1686 0.0784
v 0.060131 0.660522 0.035316 0.7529 0.5059 0.3255
v -0.329285 0.740662 0.035316 0.7490 0.5255 0.3843
v -0.373200 0.740662 0.035316 0.3529 0.1569 0.0824
v 0.329285 0.740662 0.035316 0.4392 0.2667 0.1647
v 0.373199 0.740662 0.035316 0.4078 0.2078 0.1216
v -0.354096 0.746399 0.035316 0.4784 0.3098 0.2078
v -0.361725 0.746399 0.035316 0.3412 0.1686 0.0902
v -0.405640 0.746399 0.035316 0.3608 0.1725 0.0902
v 0.354095 0.746399 0.035316 0.5804 0.3647 0.2432
v 0.361725 0.746399 0.035316 0.4432 0.2432 0.1255
v 0.405640 0.746399 0.035317 0.5255 0.2980 0.1765
v -0.394196 0.750244 0.035316 0.5137 0.3216 0.1961
v 0.394196 0.750244 0.035317 0.5921 0.3568 0.2314
v -0.361725 0.752136 0.035316 0.5333 0.3294 0.2275
v -0.371277 0.752136 0.035316 0.7294 0.5098 0.4078
v 0.361725 0.752136 0.035316 0.8313 0.5921 0.4745
v 0.371277 0.752136 0.035317 0.8588 0.6197 0.5019
v -0.050587 0.780762 0.035316 0.8196 0.6236 0.4863
v 0.050587 0.780762 0.035316 0.9098 0.8902 0.8666
v -0.010499 0.853271 0.035316 0.3686 0.1569 0.0471
v 0.010499 0.853271 0.035316 0.5098 0.2784 0.1412
v -0.035316 0.906738 0.035316 0.4628 0.2706 0.1725
v 0.035316 0.906738 0.035316 0.9058 0.6785 0.5216
v -0.081131 0.030548 0.037224 0.7098 0.4863 0.3568
v 0.081131 0.030548 0.037224 0.3804 0.2275 0.1451
v -0.109764 0.038178 0.037224 0.5490 0.3568 0.2549
v 0.109764 0.038178 0.037224 0.7176 0.4902 0.3608
v -0.060131 0.314972 0.037224 0.6315 0.3372 0.2078
v 0.060131 0.314972 0.037224 0.4863 0.2314 0.1255
v -0.058220 0.328339 0.037224 0.6000 0.3176 0.1922
v 0.058220 0.328339 0.037224 0.4157 0.1961 0.0902
v -0.035317 0.362701 0.037224 0.7020 0.3882 0.2392
v 0.035317 0.362702 0.037224 0.3765 0.1843 0.0863
v -0.098305 0.376068 0.037224 0.3608 0.1725 0.0745
v 0.098305 0.376068 0.037224 0.6745 0.4196 0.2706
v -0.104034 0.448608 0.037224 0.3647 0.1843 0.0824
v 0.104034 0.448609 0.037224 0.7568 0.4863 0.3333
v -0.020044 0.479157 0.037224 0.8000 0.5333 0.3765
v 0.020044 0.479157 0.037224 0.5176 0.2980 0.1765
v -0.100220 0.482971 0.037224 0.4000 0.2235 0.0941
v 0.100220 0.482971 0.037224 0.7843 0.5294 0.3804
v -0.018135 0.488678 0.037224 0.7882 0.5098 0.3490
v 0.018135 0.488678 0.037224 0.5019 0.3059 0.2000
v -0.000955 0.494415 0.037224 0.5882 0.4902 0.4353
v -0.058220 0.626160 0.037224 0.3372 0.1725 0.0784
v 0.058220 0.626160 0.037224 0.8078 0.5412 0.3843
v -0.056313 0.643311 0.037224 0.3059 0.1530 0.0510
v 0.056313 0.643311 0.037224 0.7764 0.5137 0.3490
v -0.344543 0.736878 0.037224 0.5294 0.2823 0.1686
v 0.344543 0.736878 0.037224 0.5059 0.3098 0.2157
v -0.403717 0.738770 0.037224 0.3372 0.1647 0.0941
v 0.403717 0.738770 0.037224 0.4039 0.1961 0.1176
v -0.380829 0.740662 0.037224 0.3490 0.1530 0.0863
v 0.380829 0.740662 0.037224 0.4039 0.2039 0.1176
v -0.413269 0.742615 0.037224 0.4667 0.2823 0.1922
v 0.413269 0.742615 0.037224 0.5216 0.2980 0.1686
v -0.371277 0.746399 0.037224 0.3490 0.1647 0.0902
v -0.413269 0.746399 0.037224 0.4314 0.2627 0.1765
v 0.371277 0.746399 0.037224 0.5490 0.3216 0.2157
v 0.413269 0.746399 0.037224 0.6432 0.4235 0.3019
v -0.382721 0.752136 0.037224 0.7764 0.5373 0.4196
v 0.382721 0.752136 0.037224 0.8627 0.6197 0.4823
v -0.331207 0.754028 0.037224 0.8745 0.6589 0.5255
v 0.331207 0.754028 0.037224 0.7804 0.5647 0.4314
v -0.031498 0.778870 0.037224 0.8706 0.6471 0.5019
v 0.031498 0.778870 0.037224 0.8431 0.6236 0.4784
v -0.054405 0.782654 0.037224 0.8157 0.6628 0.5530
v 0.054405 0.782654 0.037224 0.9098 0.8784 0.8549
v -0.031498 0.914368 0.037224 0.3216 0.1608 0.0706
v 0.031498 0.914368 0.037224 0.8706 0.6432 0.4863
v -0.035316 0.921997 0.037224 0.3255 0.1765 0.0824
v 0.035316 0.921997 0.037224 0.8627 0.6157 0.4471
v -0.090675 0.001923 0.039131 0.6315 0.4314 0.3451
v 0.090675 0.001923 0.039131 0.4745 0.3176 0.2235
v -0.073494 0.318817 0.039131 0.5216 0.2471 0.1451
v 0.073494 0.318817 0.039131 0.6550 0.3647 0.2432
v -0.069672 0.332153 0.039131 0.5804 0.3176 0.1961
v 0.069672 0.332153 0.039131 0.6589 0.3765 0.2471
v -0.067764 0.343628 0.039131 0.5255 0.2784 0.1647
v 0.067764 0.343628 0.039131 0.6706 0.3882 0.2588
v -0.083038 0.356995 0.039131 0.3921 0.1843 0.0863
v 0.083038 0.356995 0.039131 0.6276 0.3608 0.2314
v -0.104034 0.400879 0.039131 0.3608 0.1804 0.0824
v 0.104034 0.400879 0.039131 0.6902 0.4392 0.2902
v -0.105942 0.425690 0.039131 0.3608 0.1765 0.0824
v 0.105942 0.425690 0.039131 0.7137 0.4471 0.2941
v -0.098305 0.496307 0.039131 0.4392 0.2392 0.1333
v 0.098305 0.496307 0.039131 0.7921 0.5412 0.4000
v -0.096397 0.507752 0.039131 0.4667 0.2706 0.1490
v 0.096397 0.507752 0.039131 0.8313 0.5569 0.4039
v -0.094490 0.526856 0.039131 0.4706 0.2667 0.1490
v 0.094490 0.526856 0.039131 0.8235 0.5569 0.4039
v -0.086853 0.547852 0.039131 0.3921 0.2039 0.0941
v 0.086853 0.547852 0.039131 0.8000 0.5451 0.3882
v -0.081131 0.565064 0.039131 0.5176 0.3098 0.1843
v 0.081131 0.565064 0.039131 0.8666 0.6236 0.4706
v -0.073494 0.580322 0.039131 0.4823 0.4392 0.3882
v 0.073494 0.580322 0.039131 0.8823 0.8509 0.8235
v -0.073494 0.702515 0.039131 0.5725 0.5412 0.4980
v -0.075401 0.702515 0.039131 0.5804 0.5373 0.5019
v 0.073494 0.702515 0.039131 0.7647 0.7059 0.6785
v 0.075401 0.702515 0.039131 0.7568 0.7216 0.6980
v -0.411377 0.738770 0.039131 0.3804 0.2078 0.1137
v 0.411377 0.738770 0.039131 0.4550 0.2510 0.1569
v -0.390381 0.740662 0.039131 0.3725 0.1725 0.0941
v 0.390381 0.740662 0.039131 0.4353 0.2275 0.1294
v -0.380829 0.746399 0.039131 0.4314 0.2432 0.1686
v 0.380829 0.746399 0.039131 0.5961 0.3608 0.2510
v -0.403717 0.748291 0.039131 0.6039 0.3765 0.2706
v 0.403717 0.748291 0.039131 0.6471 0.3804 0.2471
v -0.348389 0.752136 0.039131 0.7451 0.5294 0.4039
v 0.348389 0.752136 0.039131 0.8353 0.6000 0.4745
v -0.000955 0.778870 0.039131 0.8862 0.7098 0.5764
v -0.023861 0.948730 0.039131 0.4432 0.2745 0.1608
v 0.023861 0.948730 0.039131 0.7137 0.4941 0.3490
v -0.069672 0.360809 0.041042 0.5137 0.2706 0.1490
v 0.069672 0.360809 0.041042 0.6745 0.3961 0.2667
v -0.037224 0.385620 0.041042 0.7372 0.4392 0.2941
v 0.037224 0.385620 0.041042 0.3804 0.1882 0.0863
v -0.037224 0.431427 0.041042 0.7490 0.4784 0.3333
v 0.037224 0.431427 0.041042 0.4392 0.2118 0.0941
v -0.035317 0.484863 0.041042 0.8157 0.5725 0.4432
v 0.035317 0.484863 0.041042 0.5843 0.3882 0.2706
v -0.031498 0.494415 0.041042 0.8313 0.5843 0.4471
v 0.031498 0.494415 0.041042 0.6118 0.3843 0.2549
v -0.100220 0.496307 0.041042 0.4471 0.2549 0.1373
v 0.100220 0.496307 0.041042 0.8000 0.5569 0.4118
v -0.098305 0.507752 0.041042 0.4628 0.2863 0.1765
v 0.098305 0.507752 0.041042 0.8157 0.5569 0.4039
v -0.023861 0.509705 0.041042 0.6315 0.5569 0.5098
v 0.023861 0.509705 0.041042 0.5019 0.3294 0.2432
v -0.075401 0.580322 0.041042 0.5804 0.5176 0.4628
v 0.075401 0.580322 0.041042 0.8902 0.8745 0.8470
v -0.065857 0.608948 0.041042 0.4039 0.2353 0.1216
v 0.065857 0.608948 0.041042 0.8509 0.6079 0.4471
v -0.084946 0.727295 0.041042 0.5176 0.4667 0.4314
v 0.084946 0.727295 0.041042 0.8313 0.7882 0.7608
v -0.356018 0.736878 0.041042 0.3765 0.1882 0.1176
v 0.356018 0.736878 0.041042 0.4628 0.2510 0.1530
v -0.413269 0.742615 0.041042 0.4196 0.2353 0.1412
v 0.413269 0.742615 0.041042 0.6550 0.4078 0.2823
v -0.359833 0.744507 0.041042 0.3725 0.2039 0.1176
v 0.359833 0.744507 0.041042 0.4353 0.2432 0.1490
v -0.413269 0.746399 0.041042 0.5137 0.3216 0.2235
v 0.413269 0.746399 0.041042 0.7686 0.5137 0.3843
v -0.392273 0.748291 0.041042 0.7451 0.5137 0.3882
v 0.392273 0.748291 0.041042 0.8392 0.5843 0.4471
v -0.071587 0.761658 0.041042 0.7412 0.7294 0.7137
v 0.071587 0.761658 0.041042 0.9294 0.9333 0.9490
v -0.010499 0.780762 0.041042 0.8941 0.7137 0.5686
v 0.010499 0.780762 0.041042 0.8588 0.6471 0.4902
v -0.025770 0.878113 0.041042 0.4745 0.2784 0.1530
v 0.025770 0.878113 0.041042 0.8823 0.6432 0.4941
v -0.044861 0.337891 0.042950 0.6236 0.3647 0.2314
v 0.044861 0.337891 0.042950 0.3843 0.1725 0.0784
v -0.039131 0.408508 0.042950 0.7372 0.4628 0.3098
v 0.039131 0.408508 0.042950 0.4118 0.1961 0.0824
v -0.039131 0.452423 0.042950 0.7686 0.5019 0.3568
v 0.039131 0.452423 0.042950 0.4941 0.2784 0.1569
v -0.035317 0.482971 0.042950 0.8117 0.5804 0.4510
v 0.035317 0.482971 0.042950 0.6039 0.3804 0.2588
v -0.031498 0.494415 0.042950 0.8235 0.5882 0.4510
v 0.031498 0.494415 0.042950 0.6039 0.3843 0.2549
v -0.027680 0.502075 0.042950 0.7960 0.5608 0.4235
v 0.027680 0.502075 0.042950 0.5961 0.3804 0.2549
v -0.071587 0.595581 0.042950 0.4118 0.2275 0.1333
v 0.071587 0.595581 0.042950 0.8431 0.5843 0.4353
v -0.083038 0.712036 0.042950 0.5608 0.5137 0.4902
v 0.083038 0.712036 0.042950 0.8313 0.8078 0.7804
v -0.401825 0.738770 0.042950 0.3961 0.1961 0.1098
v -0.409454 0.738770 0.042950 0.4000 0.2157 0.1255
v 0.401825 0.738770 0.042950 0.4667 0.2510 0.1569
v 0.409454 0.738770 0.042950 0.5137 0.2902 0.1804
v -0.338837 0.740662 0.042950 0.7725 0.5412 0.4078
v 0.338837 0.740662 0.042950 0.4941 0.2902 0.1765
v -0.390381 0.744507 0.042950 0.4941 0.2941 0.2039
v 0.390381 0.744507 0.042950 0.5686 0.3255 0.2118
v -0.401825 0.746399 0.042950 0.7059 0.4823 0.3568
v 0.401825 0.746399 0.042950 0.8392 0.5725 0.4510
v -0.000955 0.849487 0.042950 0.4235 0.2157 0.0980
v -0.025770 0.912476 0.042950 0.3804 0.2157 0.1216
v 0.025770 0.912476 0.042950 0.8431 0.6550 0.5098
v -0.031498 0.929688 0.042950 0.3451 0.1961 0.1059
v 0.031498 0.929688 0.042950 0.8666 0.6510 0.4980
v -0.012408 0.952576 0.042950 0.6824 0.4667 0.3294
v 0.012408 0.952576 0.042950 0.8117 0.5961 0.4432
v -0.136490 0.005737 0.044861 0.5373 0.3451 0.2588
v 0.136490 0.005737 0.044861 0.5647 0.3333 0.2275
v -0.079216 0.007629 0.044861 0.7176 0.4902 0.3608
v 0.079216 0.007630 0.044861 0.4078 0.2510 0.1608
v -0.140304 0.009552 0.044861 0.5530 0.3608 0.2823
v 0.140304 0.009552 0.044861 0.6197 0.4078 0.3059
v -0.140304 0.017181 0.044861 0.4510 0.2902 0.2078
v 0.140304 0.017182 0.044861 0.7216 0.5294 0.4432
v -0.086853 0.038178 0.044861 0.7412 0.5255 0.4000
v -0.098305 0.038178 0.044861 0.6315 0.4353 0.3019
v 0.086853 0.038178 0.044861 0.5490 0.3765 0.2784
v 0.098305 0.038178 0.044861 0.7098 0.4902 0.3686
v -0.056313 0.341705 0.044861 0.6118 0.3529 0.2157
v 0.056313 0.341705 0.044861 0.5098 0.2667 0.1530
v -0.044861 0.360809 0.044861 0.7059 0.4392 0.3059
v 0.044861 0.360809 0.044861 0.4353 0.2235 0.1098
v -0.088760 0.377960 0.044861 0.4157 0.2157 0.1020
v 0.088760 0.377960 0.044861 0.6902 0.4235 0.2784
v -0.035317 0.469605 0.044861 0.7882 0.5373 0.3961
v 0.035317 0.469605 0.044861 0.5451 0.3451 0.2314
v -0.027680 0.502075 0.044861 0.7921 0.5490 0.4196
v 0.027680 0.502075 0.044861 0.5921 0.3843 0.2667
v -0.037224 0.524963 0.044861 0.6236 0.4667 0.3961
v 0.037224 0.524963 0.044861 0.6276 0.4275 0.3137
v -0.054405 0.679565 0.044861 0.4275 0.2471 0.1412
v 0.054405 0.679565 0.044861 0.8941 0.6745 0.5216
v -0.058220 0.691040 0.044861 0.5255 0.4823 0.4432
v 0.058220 0.691040 0.044861 0.8588 0.8509 0.8588
v -0.352203 0.734924 0.044861 0.4353 0.1961 0.1137
v 0.352203 0.734925 0.044861 0.5059 0.3098 0.2157
v -0.401825 0.742615 0.044861 0.4784 0.2784 0.1765
v 0.401825 0.742615 0.044861 0.5961 0.3490 0.2353
v -0.356018 0.748291 0.044861 0.6315 0.4078 0.2784
v 0.356018 0.748291 0.044861 0.7176 0.4823 0.3451
v -0.340729 0.750244 0.044861 0.8353 0.6471 0.5294
v 0.340729 0.750244 0.044861 0.8274 0.5882 0.4589
v -0.012408 0.855225 0.044861 0.4628 0.2392 0.1176
v 0.012408 0.855225 0.044861 0.7529 0.5137 0.3608
v -0.018135 0.872375 0.044861 0.5294 0.3372 0.2039
v 0.018135 0.872375 0.044861 0.8823 0.6510 0.4823
v -0.027679 0.893372 0.044861 0.6706 0.4471 0.3137
v 0.027679 0.893372 0.044861 0.9098 0.6863 0.5412
v -0.027679 0.904846 0.044861 0.7333 0.5294 0.3843
v 0.027679 0.904846 0.044861 0.8902 0.7294 0.6039
v -0.010499 0.912476 0.044861 0.6628 0.4784 0.3490
v -0.016226 0.912476 0.044861 0.6393 0.4589 0.3412
v 0.010499 0.912476 0.044861 0.6157 0.4157 0.2863
v 0.016226 0.912476 0.044861 0.6197 0.4353 0.3216
v -0.027679 0.918213 0.044861 0.1686 0.0706 0.0510
v 0.027679 0.918213 0.044861 0.6393 0.4471 0.3176
v -0.000955 0.954468 0.044861 0.7608 0.5333 0.3804
v -0.126938 0.005737 0.046768 0.4706 0.2823 0.1961
v 0.126938 0.005737 0.046768 0.4823 0.2902 0.1961
v -0.056313 0.360809 0.046768 0.6510 0.3921 0.2549
v 0.056313 0.360809 0.046768 0.5569 0.3137 0.1922
v -0.048676 0.383698 0.046768 0.7294 0.4550 0.3059
v 0.048676 0.383698 0.046768 0.4902 0.2706 0.1451
v -0.094490 0.400879 0.046768 0.3921 0.1961 0.0902
v 0.094490 0.400879 0.046768 0.7333 0.4550 0.3176
v -0.094490 0.473419 0.046768 0.4902 0.2823 0.1490
v 0.094490 0.473419 0.046768 0.7960 0.5412 0.4000
v -0.048676 0.488678 0.046768 0.8431 0.5961 0.4628
v 0.048676 0.488678 0.046768 0.6628 0.4471 0.3019
v -0.046768 0.500122 0.046768 0.8392 0.6118 0.4667
v 0.046768 0.500122 0.046768 0.6863 0.4471 0.3137
v -0.014317 0.505859 0.046768 0.5608 0.4823 0.4353
v 0.014317 0.505859 0.046768 0.6432 0.6354 0.6236
v -0.048676 0.626160 0.046768 0.4432 0.2432 0.1255
v 0.048676 0.626160 0.046768 0.8470 0.5843 0.4353
v -0.062038 0.694885 0.046768 0.5647 0.5216 0.4863
v 0.062038 0.694885 0.046768 0.7490 0.7294 0.7137
v -0.411377 0.742615 0.046768 0.5921 0.4039 0.2941
v 0.411377 0.742615 0.046768 0.8078 0.5608 0.4314
v -0.411377 0.746399 0.046768 0.6471 0.4550 0.3412
v 0.411377 0.746399 0.046768 0.8588 0.6157 0.4863
v -0.063950 0.761658 0.046768 0.8078 0.7804 0.7608
v 0.063950 0.761658 0.046768 0.9215 0.9255 0.9255
v -0.050587 0.763611 0.046768 0.8588 0.7647 0.6980
v 0.050587 0.763611 0.046768 0.9098 0.8941 0.8823
v -0.010499 0.904846 0.046768 0.5451 0.3568 0.2196
v -0.016226 0.904846 0.046768 0.7921 0.6000 0.4432
v 0.010499 0.904846 0.046768 0.9294 0.7490 0.6079
v 0.016226 0.904846 0.046768 0.9019 0.7137 0.5843
v -0.075401 0.379883 0.048676 0.5373 0.3019 0.1765
v 0.075401 0.379883 0.048676 0.6589 0.4000 0.2667
v -0.062038 0.383698 0.048676 0.6276 0.3843 0.2392
v 0.062038 0.383698 0.048676 0.6197 0.3686 0.2314
v -0.094490 0.425690 0.048676 0.4196 0.2235 0.1098
v 0.094490 0.425690 0.048676 0.7529 0.4902 0.3294
v -0.092583 0.450501 0.048676 0.4667 0.2627 0.1412
v 0.092583 0.450501 0.048676 0.7686 0.5098 0.3608
v 0.044861 0.498230 0.048676 0.6785 0.4353 0.2980
v -0.044861 0.500122 0.048675 0.8470 0.6079 0.4667
v -0.000955 0.505859 0.048675 0.7255 0.6980 0.6902
v -0.041042 0.513489 0.048675 0.7960 0.5412 0.4000
v 0.041042 0.513489 0.048676 0.6315 0.4118 0.2863
v -0.065857 0.559326 0.048676 0.8431 0.8117 0.7843
v 0.065857 0.559326 0.048676 0.8000 0.6628 0.5764
v -0.065857 0.561218 0.048676 0.7372 0.7176 0.6941
v 0.065857 0.561218 0.048676 0.9019 0.8588 0.8274
v -0.060131 0.576477 0.048676 0.6785 0.6276 0.5921
v 0.060131 0.576477 0.048676 0.8549 0.8235 0.7882
v -0.058220 0.679565 0.048676 0.4157 0.2432 0.1333
v 0.058220 0.679565 0.048676 0.8745 0.6706 0.5216
v -0.367462 0.738770 0.048675 0.4392 0.2549 0.1725
v 0.367462 0.738770 0.048676 0.4628 0.2432 0.1294
v -0.077309 0.746399 0.048676 0.5804 0.5294 0.5059
v 0.077309 0.746399 0.048676 0.9098 0.9411 0.9568
v -0.000955 0.757874 0.048676 0.8823 0.7059 0.5647
v -0.048676 0.765503 0.048676 0.8157 0.6863 0.5961
v 0.048676 0.765503 0.048676 0.9333 0.9019 0.8784
v -0.000955 0.853271 0.048676 0.5451 0.3137 0.1843
v -0.008590 0.870483 0.048676 0.4902 0.2745 0.1451
v 0.008590 0.870483 0.048676 0.8509 0.6118 0.4550
v -0.018135 0.874329 0.048676 0.4784 0.2902 0.1686
v 0.018135 0.874329 0.048676 0.8784 0.6510 0.4980
v -0.016226 0.880005 0.048676 0.5216 0.3176 0.1922
v 0.016226 0.880005 0.048676 0.9019 0.6706 0.5255
v -0.012408 0.889587 0.048676 0.4667 0.2902 0.1804
v 0.012408 0.889587 0.048676 0.9058 0.7059 0.5686
v -0.016226 0.895325 0.048676 0.7216 0.5412 0.4039
v 0.016226 0.895325 0.048676 0.9137 0.7372 0.6079
v -0.021952 0.935364 0.048676 0.6197 0.4275 0.2863
v 0.021952 0.935364 0.048676 0.8745 0.7098 0.5961
v -0.113579 0.003815 0.050587 0.4902 0.3098 0.2235
v 0.113579 0.003815 0.050587 0.4863 0.3019 0.2118
v -0.130752 0.022919 0.050587 0.5961 0.4118 0.2980
v 0.130752 0.022919 0.050587 0.6980 0.5059 0.4000
v -0.052494 0.406616 0.050587 0.7372 0.4706 0.3333
v 0.052494 0.406616 0.050587 0.5059 0.2784 0.1569
v -0.044861 0.429504 0.050587 0.7490 0.4823 0.3372
v 0.044861 0.429505 0.050587 0.4823 0.2667 0.1490
v -0.048676 0.488678 0.050587 0.8392 0.6000 0.4706
v 0.048676 0.488678 0.050587 0.6667 0.4392 0.3019
v -0.083038 0.494415 0.050587 0.6589 0.4314 0.2980
v 0.083038 0.494415 0.050587 0.8235 0.6236 0.5059
v -0.081131 0.505859 0.050587 0.6941 0.4589 0.3216
v 0.081131 0.505859 0.050587 0.8470 0.6315 0.5098
v -0.041042 0.513489 0.050587 0.7843 0.5333 0.4000
v 0.041042 0.513489 0.050587 0.6315 0.4275 0.2863
v -0.077309 0.524963 0.050587 0.7372 0.5059 0.3686
v 0.077309 0.524963 0.050587 0.8353 0.6157 0.4863
v -0.056313 0.530701 0.050587 0.6824 0.4432 0.2941
v 0.056313 0.530701 0.050587 0.6902 0.4510 0.3216
v -0.071587 0.544068 0.050587 0.5843 0.3451 0.2000
v 0.071587 0.544068 0.050587 0.8117 0.5882 0.4432
v -0.048676 0.557434 0.050587 0.7294 0.7020 0.6745
v 0.048676 0.557434 0.050587 0.8470 0.8313 0.8235
v -0.044861 0.574585 0.050587 0.5961 0.4314 0.3451
v 0.044861 0.574585 0.050587 0.8941 0.8353 0.7921
v -0.062038 0.576477 0.050587 0.7059 0.6510 0.6157
v 0.062038 0.576477 0.050587 0.8549 0.8000 0.7490
v -0.039131 0.605103 0.050587 0.4823 0.2706 0.1530
v 0.039131 0.605103 0.050587 0.8196 0.5961 0.4628
v -0.054405 0.607056 0.050587 0.5490 0.3412 0.2157
v 0.054405 0.607056 0.050587 0.8549 0.6315 0.4941
v -0.035316 0.624207 0.050587 0.4823 0.2823 0.1608
v 0.035316 0.624207 0.050587 0.8274 0.5804 0.4235
v -0.048676 0.643311 0.050587 0.3255 0.1686 0.0667
v 0.048676 0.643311 0.050587 0.8235 0.5608 0.4039
v -0.052494 0.662415 0.050587 0.3137 0.1569 0.0549
v 0.052494 0.662415 0.050587 0.7960 0.5530 0.3921
v -0.365540 0.734924 0.050587 0.4392 0.2392 0.1569
v 0.365540 0.734924 0.050587 0.4706 0.2510 0.1412
v -0.348389 0.736878 0.050587 0.4863 0.2627 0.1490
v 0.348389 0.736878 0.050587 0.4432 0.2392 0.1255
v -0.350281 0.744507 0.050587 0.8431 0.6197 0.4941
v -0.367462 0.744507 0.050587 0.4628 0.2627 0.1530
v 0.350281 0.744507 0.050587 0.7686 0.5373 0.4118
v 0.367462 0.744507 0.050587 0.5764 0.3412 0.2196
v -0.052494 0.767395 0.050587 0.8549 0.8117 0.7764
v 0.052494 0.767395 0.050587 0.9176 0.8823 0.8549
v -0.000955 0.868591 0.050587 0.6039 0.3765 0.2392
v -0.010499 0.899109 0.050587 0.5921 0.3961 0.2784
v 0.010499 0.899109 0.050587 0.8980 0.7137 0.5686
v -0.006681 0.914368 0.050587 0.6236 0.4353 0.3059
v 0.006681 0.914368 0.050587 0.7255 0.5373 0.4000
v -0.018135 0.920105 0.050587 0.6157 0.4432 0.3412
v 0.018135 0.920105 0.050587 0.4667 0.3255 0.2235
v -0.140304 0.001923 0.052494 0.6000 0.3961 0.3098
v 0.140304 0.001923 0.052494 0.6079 0.3725 0.2588
v -0.144119 0.005737 0.052494 0.5530 0.3412 0.2510
v 0.144119 0.005737 0.052494 0.6079 0.3608 0.2549
v -0.126938 0.009552 0.052494 0.4471 0.2549 0.1686
v 0.126938 0.009552 0.052494 0.4157 0.2196 0.1255
v -0.128845 0.015289 0.052494 0.4863 0.3019 0.2039
v 0.128845 0.015289 0.052494 0.5843 0.3804 0.2823
v -0.079216 0.019104 0.052494 0.7333 0.5019 0.3608
v 0.079216 0.019104 0.052494 0.3921 0.2353 0.1490
v -0.081131 0.402802 0.052494 0.5255 0.2980 0.1647
v 0.081131 0.402802 0.052494 0.7176 0.4628 0.3137
v -0.046768 0.452423 0.052494 0.7764 0.5176 0.3882
v 0.046768 0.452423 0.052494 0.5490 0.3176 0.1922
v -0.048676 0.471497 0.052494 0.8117 0.5569 0.4275
v 0.048676 0.471497 0.052494 0.6118 0.4000 0.2667
v -0.063950 0.492493 0.052494 0.8196 0.6079 0.4863
v 0.063950 0.492493 0.052494 0.7608 0.5216 0.3882
v -0.083038 0.494415 0.052494 0.6667 0.4353 0.2980
v 0.083038 0.494415 0.052494 0.8313 0.6079 0.4863
v -0.062038 0.503967 0.052494 0.8431 0.6118 0.4706
v 0.062038 0.503967 0.052494 0.7451 0.5098 0.3765
v -0.081131 0.505859 0.052494 0.7020 0.4667 0.3216
v 0.081131 0.505859 0.052494 0.8431 0.6315 0.5098
v -0.058220 0.519226 0.052494 0.8000 0.5530 0.4157
v 0.058220 0.519226 0.052494 0.7216 0.4784 0.3333
v -0.018135 0.521118 0.052494 0.6197 0.5882 0.5608
v 0.018135 0.521118 0.052494 0.8000 0.7882 0.7647
v -0.035317 0.540222 0.052494 0.7020 0.6745 0.6471
v 0.035317 0.540222 0.052494 0.8274 0.8313 0.8196
v -0.052494 0.542114 0.052494 0.6276 0.5137 0.4510
v 0.052494 0.542114 0.052494 0.7176 0.5216 0.3921
v -0.048676 0.557434 0.052494 0.7294 0.7059 0.6667
v 0.048676 0.557434 0.052494 0.8470 0.8431 0.8353
v -0.058220 0.591797 0.052494 0.5725 0.3765 0.2353
v 0.058220 0.591797 0.052494 0.8470 0.6157 0.4706
v -0.067764 0.700562 0.052494 0.5569 0.5216 0.4902
v 0.067764 0.700562 0.052494 0.7412 0.7020 0.6706
v -0.006681 0.887634 0.052494 0.5843 0.3725 0.2314
v 0.006681 0.887634 0.052494 0.9098 0.7608 0.6118
v -0.006681 0.908630 0.052494 0.6276 0.4275 0.2745
v 0.006681 0.908630 0.052494 0.9294 0.7490 0.5921
v -0.000955 0.914368 0.052494 0.9529 0.7608 0.6157
v -0.008590 0.920105 0.052494 0.6157 0.4157 0.2784
v 0.008590 0.920105 0.052494 0.7294 0.5333 0.3804
v -0.000955 0.921997 0.052494 0.8353 0.6315 0.4823
v -0.000955 0.937317 0.052494 0.8745 0.6824 0.5451
v -0.010499 0.937317 0.052494 0.8039 0.5843 0.4275
v 0.010499 0.937317 0.052494 0.9137 0.8078 0.7372
v -0.096397 0.000000 0.054405 0.5490 0.3529 0.2627
v 0.096397 0.000000 0.054405 0.4863 0.3176 0.2196
v -0.132675 0.001923 0.054405 0.4823 0.2863 0.2118
v 0.132675 0.001923 0.054405 0.5764 0.3490 0.2667
v -0.144119 0.011475 0.054405 0.5921 0.3921 0.3059
v 0.144119 0.011475 0.054405 0.7255 0.5019 0.4000
v -0.067764 0.404694 0.054405 0.6432 0.3961 0.2588
v 0.067764 0.404694 0.054405 0.6432 0.4000 0.2549
v -0.083038 0.473419 0.054405 0.6039 0.3804 0.2392
v 0.083038 0.473419 0.054405 0.8235 0.5843 0.4628
v -0.063950 0.492493 0.054405 0.8274 0.6079 0.4784
v 0.063950 0.492493 0.054405 0.7725 0.5216 0.3882
v -0.062038 0.503967 0.054405 0.8392 0.6197 0.4784
v 0.062038 0.503967 0.054405 0.7451 0.5216 0.3843
v -0.058220 0.519226 0.054405 0.8000 0.5530 0.4157
v 0.058220 0.519226 0.054405 0.7098 0.4823 0.3490
v -0.000955 0.521118 0.054405 0.7608 0.7451 0.7451
v -0.033405 0.555481 0.054405 0.7294 0.6902 0.6824
v 0.031498 0.555481 0.054405 0.8509 0.8078 0.7882
v -0.046768 0.572693 0.054405 0.7725 0.7137 0.6745
v 0.046768 0.572693 0.054405 0.8431 0.7882 0.7568
v -0.042950 0.589844 0.054405 0.5333 0.3019 0.1843
v 0.042950 0.589844 0.054405 0.8157 0.5882 0.4392
v -0.069672 0.698669 0.054405 0.5608 0.5098 0.4706
v 0.069672 0.698669 0.054405 0.7412 0.7098 0.6863
v -0.083038 0.727295 0.054405 0.4823 0.4314 0.3843
v 0.083038 0.727295 0.054405 0.8588 0.8470 0.8235
v -0.361725 0.731140 0.054405 0.4745 0.2432 0.1412
v 0.361725 0.731140 0.054405 0.4980 0.2706 0.1725
v -0.000955 0.738770 0.054405 0.8078 0.6236 0.4863
v -0.363648 0.744507 0.054405 0.7059 0.4667 0.3372
v 0.363647 0.744507 0.054405 0.8313 0.5764 0.4353
v -0.010499 0.759766 0.054405 0.9019 0.7137 0.5764
v 0.010499 0.759766 0.054405 0.7137 0.5098 0.3647
v -0.010499 0.874329 0.054405 0.4863 0.2667 0.2039
v 0.010499 0.874329 0.054405 0.8823 0.6393 0.5294
v -0.008590 0.880005 0.054405 0.4823 0.2314 0.1255
v 0.008590 0.880005 0.054405 0.7882 0.5490 0.4157
v -0.010499 0.891479 0.054405 0.4510 0.2588 0.1373
v 0.010499 0.891479 0.054405 0.9019 0.6902 0.5373
v -0.012408 0.895325 0.054405 0.4980 0.2941 0.1725
v 0.012408 0.895325 0.054405 0.9058 0.6667 0.5176
v -0.117393 0.022919 0.056313 0.6236 0.4275 0.3059
v 0.117393 0.022919 0.056313 0.7020 0.5098 0.4118
v -0.056313 0.427612 0.056313 0.7529 0.4980 0.3686
v -0.083038 0.427612 0.056313 0.5412 0.3137 0.1765
v 0.056313 0.427612 0.056313 0.5686 0.3372 0.2039
v 0.083038 0.427612 0.056313 0.7372 0.4823 0.3451
v -0.018135 0.536438 0.056313 0.6980 0.6863 0.6863
v 0.018135 0.536438 0.056313 0.8235 0.7921 0.7804
v -0.033405 0.553589 0.056313 0.7294 0.6941 0.6824
v 0.033405 0.553589 0.056313 0.8431 0.8274 0.8039
v -0.029589 0.570801 0.056313 0.5019 0.2902 0.1686
v 0.029589 0.570801 0.056313 0.8902 0.8196 0.7647
v -0.037224 0.643311 0.056313 0.4078 0.2275 0.1137
v 0.037224 0.643311 0.056313 0.7843 0.5490 0.3961
v -0.048676 0.691040 0.056313 0.5804 0.5137 0.4628
v 0.048676 0.691040 0.056313 0.9098 0.8941 0.8784
v -0.050587 0.694885 0.056313 0.5569 0.5373 0.5176
v 0.050587 0.694885 0.056313 0.7725 0.7451 0.7294
v -0.000955 0.725403 0.056313 0.7804 0.5804 0.4432
v -0.371277 0.736878 0.056313 0.4902 0.3176 0.2392
v 0.371277 0.736878 0.056313 0.6000 0.3255 0.1922
v -0.373200 0.740662 0.056313 0.5216 0.3333 0.2314
v 0.373199 0.740662 0.056313 0.6941 0.4628 0.3372
v -0.027679 0.757874 0.056313 0.8745 0.7137 0.6079
v 0.027679 0.757874 0.056313 0.8313 0.6197 0.4706
v -0.000955 0.872375 0.056313 0.6980 0.3961 0.3216
v -0.000955 0.878113 0.056313 0.5961 0.2902 0.2078
v -0.000955 0.885742 0.056313 0.7804 0.5921 0.4275
v -0.006681 0.902954 0.056313 0.6706 0.4628 0.3176
v 0.006681 0.902954 0.056313 0.9058 0.7137 0.5608
v -0.000955 0.910583 0.056313 0.9294 0.7608 0.6276
v -0.140304 0.001923 0.058220 0.6157 0.4118 0.3216
v 0.140304 0.001923 0.058220 0.7020 0.4471 0.3451
v -0.144119 0.003815 0.058220 0.5843 0.3608 0.2627
v 0.144119 0.003815 0.058220 0.6354 0.3882 0.2823
v -0.130752 0.007629 0.058220 0.3490 0.1843 0.1020
v 0.130752 0.007630 0.058220 0.4039 0.2118 0.1176
v -0.117393 0.009552 0.058220 0.4628 0.2549 0.1686
v 0.117393 0.009552 0.058220 0.4353 0.2588 0.1686
v -0.134582 0.011475 0.058220 0.4078 0.2353 0.1451
v 0.134582 0.011475 0.058220 0.6157 0.3843 0.2863
v -0.140304 0.013367 0.058220 0.6079 0.4039 0.3059
v 0.140304 0.013367 0.058220 0.7294 0.4745 0.3843
v -0.117393 0.015289 0.058220 0.5569 0.3608 0.2510
v 0.117393 0.015289 0.058220 0.5961 0.3882 0.2902
v -0.069672 0.427612 0.058220 0.6667 0.4196 0.2902
v 0.069672 0.427612 0.058220 0.7059 0.4510 0.3137
v -0.083038 0.450501 0.058220 0.5882 0.3686 0.2235
v 0.083038 0.450501 0.058220 0.7960 0.5294 0.4039
v -0.060131 0.471497 0.058220 0.8039 0.5686 0.4510
v 0.060131 0.471497 0.058220 0.7059 0.4667 0.3294
v -0.071587 0.473419 0.058220 0.7333 0.5059 0.3647
v 0.071587 0.473419 0.058220 0.7804 0.5451 0.4196
v -0.000955 0.534485 0.058220 0.7882 0.7686 0.7451
v -0.031498 0.570801 0.058220 0.5804 0.4589 0.3921
v 0.031498 0.570801 0.058220 0.8627 0.8274 0.7882
v -0.044861 0.681519 0.058220 0.5333 0.3372 0.2078
v 0.044861 0.681519 0.058220 0.8823 0.6745 0.5373
v -0.050587 0.694885 0.058220 0.5569 0.5294 0.5059
v 0.050587 0.694885 0.058220 0.7294 0.7176 0.7059
v -0.004772 0.725403 0.058220 0.7960 0.5961 0.4510
v 0.004772 0.725403 0.058220 0.6745 0.4784 0.3412
v -0.357910 0.734924 0.058220 0.6628 0.4078 0.2823
v -0.371277 0.734925 0.058220 0.4745 0.2823 0.2078
v 0.357910 0.734924 0.058220 0.5961 0.3765 0.2549
v 0.371277 0.734924 0.058220 0.5764 0.3372 0.2118
v -0.357910 0.740662 0.058220 0.7843 0.5333 0.4039
v 0.357910 0.740662 0.058220 0.7921 0.5530 0.4314
v -0.067764 0.748291 0.058220 0.7568 0.7412 0.7294
v 0.067764 0.748291 0.058220 0.9294 0.9411 0.9255
v -0.006681 0.891479 0.058220 0.3921 0.1922 0.0706
v 0.006681 0.891479 0.058220 0.8823 0.6785 0.5255
v -0.006681 0.895325 0.058220 0.5608 0.3568 0.2196
v 0.006681 0.895325 0.058220 0.8902 0.6824 0.5333
v -0.128845 0.001923 0.060131 0.5294 0.3490 0.2706
v -0.136490 0.001923 0.060131 0.4745 0.2784 0.1922
v 0.136490 0.001923 0.060131 0.6393 0.4118 0.2980
v 0.128845 0.001923 0.060131 0.5137 0.3216 0.2510
v -0.132675 0.005737 0.060131 0.3372 0.1725 0.1059
v 0.132675 0.005737 0.060131 0.3921 0.2000 0.1176
v -0.144119 0.007629 0.060131 0.5921 0.3882 0.2941
v 0.144119 0.007630 0.060131 0.7372 0.4902 0.3843
v -0.083038 0.024811 0.060131 0.7608 0.5255 0.4000
v 0.083038 0.024811 0.060131 0.4784 0.3137 0.2157
v -0.058220 0.450501 0.060131 0.7843 0.5333 0.4039
v -0.071587 0.450501 0.060131 0.7020 0.4550 0.3176
v 0.058220 0.450501 0.060131 0.6315 0.4078 0.2627
v 0.071587 0.450501 0.060131 0.7372 0.4863 0.3529
v -0.016226 0.551697 0.060131 0.7647 0.7372 0.7176
v 0.016226 0.551697 0.060131 0.8392 0.8039 0.7804
v -0.000955 0.624207 0.060131 0.5333 0.3176 0.2000
v -0.048676 0.681519 0.060131 0.5176 0.3255 0.2118
v 0.048676 0.681519 0.060131 0.8862 0.6785 0.5451
v -0.077309 0.710144 0.060131 0.4941 0.4471 0.4000
v 0.077309 0.710144 0.060131 0.8588 0.8549 0.8509
v -0.000955 0.712036 0.060131 0.8117 0.5921 0.4510
v -0.004772 0.713928 0.060131 0.8274 0.6276 0.4863
v 0.004772 0.713928 0.060131 0.7451 0.5530 0.4275
v -0.367462 0.733032 0.060131 0.5137 0.2902 0.1843
v 0.367462 0.733032 0.060131 0.6785 0.4275 0.3137
v -0.039131 0.754028 0.060131 0.8392 0.7529 0.6824
v 0.039131 0.754028 0.060131 0.9255 0.8745 0.8392
v -0.000955 0.902954 0.060131 0.8902 0.7059 0.5569
v -0.140304 0.003815 0.062038 0.5137 0.3098 0.2157
v 0.140304 0.003815 0.062038 0.6628 0.4196 0.3098
v -0.134582 0.011475 0.062038 0.5764 0.3921 0.2941
v 0.134582 0.011475 0.062038 0.7176 0.4863 0.4039
v -0.104034 0.024811 0.062038 0.5412 0.3412 0.2275
v 0.104034 0.024811 0.062038 0.7098 0.5019 0.4000
v -0.000955 0.549744 0.062038 0.8078 0.7764 0.7568
v -0.029589 0.587952 0.062038 0.5098 0.2823 0.1569
v 0.029589 0.587952 0.062038 0.7882 0.5686 0.4314
v -0.029589 0.603210 0.062038 0.5412 0.3176 0.1765
v 0.029589 0.603210 0.062038 0.8353 0.6039 0.4667
v -0.027679 0.624207 0.062038 0.5921 0.3765 0.2432
v 0.027679 0.624207 0.062038 0.8274 0.5764 0.4275
v -0.042950 0.664307 0.062038 0.4823 0.2667 0.1451
v 0.042950 0.664307 0.062038 0.8509 0.6393 0.4980
v -0.000955 0.700562 0.062038 0.8235 0.6902 0.5921
v -0.010499 0.700562 0.062038 0.8627 0.7490 0.6589
v 0.010499 0.700562 0.062038 0.8117 0.6863 0.5961
v -0.363648 0.733032 0.062038 0.7372 0.4745 0.3412
v 0.363647 0.733032 0.062038 0.7608 0.5294 0.4235
v -0.371277 0.740662 0.062038 0.7529 0.5216 0.4118
v 0.371277 0.740662 0.062038 0.8980 0.6510 0.5412
v -0.052494 0.752136 0.062038 0.8823 0.8745 0.8666
v 0.052494 0.752136 0.062038 0.9058 0.9098 0.8980
v -0.039131 0.755920 0.062038 0.8509 0.7725 0.7098
v 0.039131 0.755920 0.062038 0.9215 0.8666 0.8196
v -0.000955 0.889587 0.062038 0.8353 0.6393 0.5019
v -0.096397 0.003815 0.063950 0.5451 0.3372 0.2432
v -0.123123 0.003815 0.063950 0.5176 0.3098 0.2118
v -0.136490 0.003815 0.063950 0.3961 0.2118 0.1176
v 0.096397 0.003815 0.063950 0.4706 0.2941 0.1961
v 0.123123 0.003815 0.063950 0.5490 0.3412 0.2432
v 0.136490 0.003815 0.063950 0.5412 0.3255 0.2196
v -0.138397 0.007629 0.063950 0.4823 0.2823 0.1882
v 0.138397 0.007630 0.063950 0.7255 0.4510 0.3529
v -0.104034 0.009552 0.063950 0.4510 0.2588 0.1725
v -0.142212 0.009552 0.063950 0.6863 0.4902 0.3921
v 0.104034 0.009552 0.063950 0.4550 0.2745 0.1765
v 0.142212 0.009552 0.063950 0.7960 0.5569 0.4550
v -0.092583 0.028656 0.063950 0.7059 0.4902 0.3725
v 0.092583 0.028656 0.063950 0.6824 0.4745 0.3568
v -0.000955 0.549744 0.063950 0.7960 0.7764 0.7568
v -0.014317 0.568848 0.063950 0.5608 0.3647 0.2549
v 0.014317 0.568848 0.063950 0.8431 0.7608 0.7176
v -0.027679 0.645203 0.063950 0.5764 0.3451 0.2118
v 0.027679 0.645203 0.063950 0.7725 0.5333 0.3804
v -0.365540 0.736878 0.063950 0.8000 0.5569 0.4471
v 0.365540 0.736878 0.063950 0.8862 0.6315 0.5216
v -0.000955 0.897217 0.063950 0.8823 0.6902 0.5686
v -0.086853 0.003815 0.065857 0.7020 0.4667 0.3647
v 0.086853 0.003815 0.065857 0.4589 0.3098 0.2275
v -0.130752 0.013367 0.065857 0.4980 0.2980 0.2000
v 0.130752 0.013367 0.065857 0.6236 0.3647 0.2588
v -0.104034 0.015289 0.065857 0.4353 0.2510 0.1569
v 0.104034 0.015289 0.065857 0.5804 0.3765 0.2745
v -0.000955 0.566956 0.065857 0.8706 0.8000 0.7451
v -0.016226 0.566956 0.065857 0.8000 0.7686 0.7333
v 0.016226 0.566956 0.065857 0.8588 0.7960 0.7451
v -0.000955 0.603210 0.065857 0.8274 0.5961 0.4550
v -0.014317 0.624207 0.065857 0.8000 0.5490 0.4000
v 0.014317 0.624207 0.065857 0.7647 0.5294 0.3843
v -0.000955 0.645203 0.065857 0.7176 0.4667 0.3176
v -0.000955 0.668152 0.065857 0.7804 0.5373 0.3843
v -0.033405 0.683411 0.065857 0.6510 0.4392 0.3059
v 0.033405 0.683411 0.065857 0.9019 0.7255 0.5921
v -0.035316 0.692932 0.065857 0.7804 0.7255 0.6824
v 0.035316 0.692932 0.065857 0.9176 0.8706 0.8509
v -0.037224 0.698669 0.065857 0.7804 0.7568 0.7529
v 0.037224 0.698669 0.065857 0.6785 0.6236 0.5921
v -0.058220 0.700562 0.065857 0.5764 0.5294 0.4980
v 0.058220 0.700562 0.065857 0.8000 0.7725 0.7529
v -0.075401 0.729187 0.065857 0.5373 0.4902 0.4589
v 0.075401 0.729187 0.065857 0.9411 0.9411 0.9215
v -0.000955 0.740662 0.065857 0.7451 0.5882 0.4980
v -0.132675 0.000000 0.067764 0.5373 0.3372 0.2471
v 0.132675 0.000000 0.067764 0.6628 0.3961 0.2980
v -0.119308 0.003815 0.067764 0.4941 0.2823 0.2000
v -0.136490 0.003815 0.067764 0.5882 0.3568 0.2667
v 0.119308 0.003815 0.067764 0.5137 0.3019 0.2275
v 0.136490 0.003815 0.067764 0.6315 0.3608 0.2432
v -0.121216 0.009552 0.067764 0.3647 0.1765 0.0941
v 0.121216 0.009552 0.067764 0.4784 0.2902 0.1922
v -0.000955 0.566956 0.067764 0.8235 0.8039 0.7804
v -0.000955 0.584106 0.067764 0.7372 0.4902 0.3529
v -0.014317 0.586060 0.067764 0.6667 0.4235 0.2784
v 0.014317 0.586060 0.067764 0.7804 0.5333 0.4000
v -0.014317 0.603210 0.067764 0.7647 0.5255 0.3804
v 0.014317 0.603210 0.067764 0.8157 0.5882 0.4392
v -0.014317 0.645203 0.067764 0.7686 0.5255 0.3725
v 0.014317 0.645203 0.067764 0.7804 0.5294 0.3804
v -0.016226 0.666199 0.067764 0.8039 0.5725 0.4196
v -0.029589 0.666199 0.067764 0.6785 0.4471 0.2941
v 0.016226 0.666199 0.067764 0.7686 0.5176 0.3686
v 0.029589 0.666199 0.067764 0.8509 0.6393 0.4941
v -0.000955 0.685303 0.067764 0.8000 0.5882 0.4510
v -0.000955 0.700562 0.067764 0.9058 0.9137 0.9058
v -0.060131 0.700562 0.067764 0.5647 0.5098 0.4823
v 0.060131 0.700562 0.067764 0.7960 0.7804 0.7608
v -0.010499 0.740662 0.067764 0.7686 0.5764 0.4392
v 0.010499 0.740662 0.067764 0.5843 0.3882 0.2627
v -0.000955 0.744507 0.067764 0.7843 0.6315 0.5373
v -0.126938 0.001923 0.069672 0.5373 0.3294 0.2353
v 0.126938 0.001923 0.069672 0.5921 0.3568 0.2353
v -0.138397 0.007629 0.069672 0.5961 0.3372 0.2392
v 0.138397 0.007630 0.069672 0.7412 0.4628 0.3765
v -0.123123 0.009552 0.069672 0.3372 0.1765 0.0980
v 0.123123 0.009552 0.069672 0.4628 0.2549 0.1530
v -0.083038 0.011475 0.069672 0.7921 0.5294 0.3921
v 0.083038 0.011475 0.069672 0.4196 0.2549 0.1686
v -0.125030 0.015289 0.069672 0.6628 0.4589 0.3490
v 0.125030 0.015289 0.069672 0.6157 0.3647 0.2392
v -0.102127 0.019104 0.069672 0.5137 0.3176 0.2196
v 0.102127 0.019104 0.069672 0.4314 0.2235 0.1333
v -0.018135 0.683411 0.069672 0.8392 0.6276 0.4823
v -0.035316 0.683411 0.069672 0.6471 0.4353 0.2980
v 0.018135 0.683411 0.069672 0.8784 0.6980 0.5686
v 0.035316 0.683411 0.069672 0.9019 0.7216 0.5882
v -0.000955 0.694885 0.069672 0.7882 0.5961 0.4628
v -0.021952 0.700562 0.069672 0.8392 0.8392 0.8392
v -0.023861 0.700562 0.069672 0.8627 0.8313 0.8196
v 0.021952 0.700562 0.069672 0.8549 0.8392 0.8196
v 0.023861 0.700562 0.069672 0.8274 0.8078 0.7960
v -0.008590 0.713928 0.069672 0.8666 0.7843 0.7294
v 0.008590 0.713928 0.069672 0.8078 0.6706 0.5843
v -0.008590 0.727295 0.069672 0.8313 0.6785 0.5882
v 0.008590 0.727295 0.069672 0.7294 0.5804 0.4784
v -0.010499 0.744507 0.069672 0.8627 0.6706 0.5333
v 0.010499 0.744507 0.069672 0.5921 0.4078 0.2863
v -0.109764 0.003815 0.071587 0.4000 0.1961 0.1059
v 0.109764 0.003815 0.071587 0.5059 0.3216 0.2157
v -0.084946 0.017181 0.071587 0.7960 0.5412 0.4196
v 0.084946 0.017182 0.071587 0.5019 0.3176 0.2196
v -0.094490 0.020996 0.071587 0.6824 0.4667 0.3451
v 0.094490 0.020996 0.071587 0.6902 0.4667 0.3568
v -0.000955 0.685303 0.071587 0.8196 0.6039 0.4550
v -0.020044 0.694885 0.071587 0.8039 0.6941 0.6236
v 0.020044 0.694885 0.071587 0.8784 0.7921 0.7372
v -0.134582 0.003815 0.073494 0.6039 0.3647 0.2510
v 0.134582 0.003815 0.073494 0.7372 0.4589 0.3529
v -0.134582 0.009552 0.073494 0.6785 0.4628 0.3725
v 0.134582 0.009552 0.073494 0.7372 0.4745 0.3765
v -0.121216 0.015289 0.073494 0.5608 0.3608 0.2510
v 0.121216 0.015289 0.073494 0.5882 0.3451 0.2314
v -0.018135 0.685303 0.073494 0.8157 0.6079 0.4667
v 0.018135 0.685303 0.073494 0.8862 0.7020 0.5764
v -0.000955 0.713928 0.073494 0.8627 0.8313 0.8235
v -0.065857 0.733032 0.073494 0.7412 0.7137 0.7020
v 0.065857 0.733032 0.073494 0.9215 0.9058 0.8902
v -0.000955 0.740662 0.073494 0.8196 0.6706 0.5764
v -0.100220 0.000000 0.075401 0.5294 0.3216 0.2353
v 0.100220 0.000000 0.075401 0.5373 0.3372 0.2471
v -0.119308 0.001923 0.075401 0.5216 0.3019 0.2235
v 0.119308 0.001923 0.075401 0.6000 0.3529 0.2510
v -0.109764 0.005737 0.075401 0.3176 0.1569 0.0667
v -0.125030 0.005737 0.075401 0.4471 0.2275 0.1451
v -0.126938 0.005737 0.075401 0.4275 0.2039 0.1098
v 0.109764 0.005737 0.075401 0.4157 0.2275 0.1333
v 0.125030 0.005737 0.075401 0.5647 0.3137 0.2039
v 0.126938 0.005737 0.075401 0.7333 0.4628 0.3608
v -0.128845 0.009552 0.075401 0.7176 0.5019 0.3686
v 0.128845 0.009552 0.075401 0.7608 0.4941 0.3882
v -0.044861 0.706299 0.075401 0.7333 0.7020 0.6824
v 0.044861 0.706299 0.075401 0.8235 0.7960 0.7725
v -0.000955 0.712036 0.075401 0.8666 0.8353 0.8196
v -0.065857 0.713928 0.075401 0.5961 0.5530 0.5216
v 0.065857 0.713928 0.075401 0.9098 0.8980 0.8784
v -0.039131 0.738770 0.075401 0.9058 0.8823 0.8666
v 0.039131 0.738770 0.075401 0.9019 0.8745 0.8627
v 0.039131 0.738770 0.075401 0.9019 0.8745 0.8627
v -0.000955 0.740662 0.075401 0.8235 0.6667 0.5764
v -0.023861 0.740662 0.075401 0.9451 0.9098 0.8784
v 0.023861 0.740662 0.075401 0.8431 0.8039 0.7725
v -0.090675 0.000000 0.077309 0.7098 0.4510 0.3451
v 0.090675 0.000000 0.077309 0.4980 0.3216 0.2432
v -0.113579 0.001923 0.077309 0.5176 0.2902 0.2078
v 0.113579 0.001923 0.077309 0.5490 0.3255 0.2235
v -0.107849 0.009552 0.077309 0.2902 0.1412 0.0667
v 0.107849 0.009552 0.077309 0.4000 0.2118 0.1137
v -0.111671 0.017181 0.077309 0.7098 0.5137 0.3843
v 0.111671 0.017182 0.077309 0.7020 0.4628 0.3412
v -0.046768 0.706299 0.077309 0.7176 0.6941 0.6785
v 0.046768 0.706299 0.077309 0.8353 0.8078 0.7960
v -0.021952 0.712036 0.077309 0.8509 0.8235 0.8039
v 0.021952 0.712036 0.077309 0.7451 0.7216 0.6902
v -0.000955 0.727295 0.077309 0.8980 0.8666 0.8549
v -0.052494 0.736877 0.077309 0.8588 0.8431 0.8313
v 0.052494 0.736877 0.077309 0.9019 0.9058 0.9019
v -0.039131 0.738770 0.077309 0.9058 0.8862 0.8745
v 0.039131 0.738770 0.077309 0.9058 0.8784 0.8627
v -0.125030 0.009552 0.079216 0.6393 0.3843 0.2902
v 0.125030 0.009552 0.079216 0.7176 0.4628 0.3686
v -0.107849 0.017181 0.079216 0.3255 0.1451 0.0706
v 0.107849 0.017182 0.079216 0.4314 0.2275 0.1373
v -0.035316 0.713928 0.079216 0.8470 0.8157 0.7960
v 0.035316 0.713928 0.079216 0.8431 0.8117 0.7921
v -0.000955 0.727295 0.079216 0.8941 0.8666 0.8549
v -0.121216 0.003815 0.081131 0.5764 0.3216 0.2275
v 0.121216 0.003815 0.081131 0.6941 0.4118 0.3176
v -0.084946 0.005737 0.081131 0.7647 0.4980 0.3686
v 0.084946 0.005737 0.081131 0.4157 0.2392 0.1569
v -0.035316 0.713928 0.081131 0.8627 0.8157 0.7804
v 0.035316 0.713928 0.081131 0.8549 0.8157 0.7843
v -0.037224 0.725403 0.081131 0.8745 0.8588 0.8353
v -0.037224 0.725403 0.081131 0.8784 0.8588 0.8353
v 0.037224 0.725403 0.081131 0.8627 0.8588 0.8392
v 0.037224 0.725403 0.081131 0.8666 0.8588 0.8392
v -0.021952 0.727295 0.081131 0.9058 0.8902 0.8706
v 0.021952 0.727295 0.081131 0.8313 0.8000 0.7686
v -0.113579 0.005737 0.083038 0.5137 0.2980 0.1882
v 0.113579 0.005737 0.083038 0.6667 0.4157 0.3019
v -0.123123 0.009552 0.083038 0.6863 0.4471 0.3412
v 0.123123 0.009552 0.083038 0.6589 0.4078 0.3216
v -0.086853 0.015289 0.083038 0.8039 0.5490 0.4432
v 0.086853 0.015289 0.083038 0.5686 0.3529 0.2510
v -0.096397 0.019104 0.083038 0.6667 0.4392 0.3216
v 0.096397 0.019104 0.083038 0.7020 0.4784 0.3765
v -0.050587 0.719666 0.083038 0.8039 0.7882 0.7725
v 0.050587 0.719666 0.083038 0.8823 0.8784 0.8588
v -0.037224 0.725403 0.083038 0.8823 0.8588 0.8353
v 0.037224 0.725403 0.083038 0.8745 0.8470 0.8235
v 0.104034 0.000000 0.084946 0.6589 0.4157 0.3255
v -0.117393 0.009552 0.084946 0.7725 0.5255 0.3921
v 0.117393 0.009552 0.084946 0.7843 0.5255 0.4196
v -0.104034 -0.000000 0.084946 0.5216 0.3137 0.2353
v -0.096397 0.000000 0.088760 0.6589 0.4196 0.3137
v 0.096397 0.000000 0.088760 0.5255 0.3294 0.2314
v -0.109764 0.005737 0.088760 0.4078 0.1765 0.1137
v 0.109764 0.005737 0.088760 0.7372 0.4589 0.3529
v -0.109764 0.013367 0.090675 0.5608 0.3216 0.2275
v 0.109764 0.013367 0.090675 0.6902 0.4235 0.3216
v -0.090675 0.005737 0.092583 0.8039 0.5216 0.4118
v 0.090675 0.005737 0.092583 0.5530 0.3059 0.2078
v -0.090675 0.011475 0.092583 0.8039 0.5333 0.4275
v 0.090675 0.011475 0.092583 0.6628 0.4000 0.2980
v -0.100220 0.005737 0.094490 0.7412 0.4471 0.3490
v 0.100220 0.005737 0.094490 0.7568 0.4157 0.3333
v -0.100220 0.013367 0.094490 0.6980 0.4275 0.3255
v 0.100220 0.013367 0.094490 0.7176 0.4745 0.3804
v -0.111671 0.051544 -0.000954 0.3843 0.2353 0.1490
v -0.104034 0.271088 -0.000954 0.3255 0.1765 0.0941
v 0.104034 0.271088 -0.000954 0.6197 0.3961 0.2588
v -0.113578 0.482971 -0.000954 0.3765 0.2275 0.1294
v 0.113579 0.482971 -0.000954 0.6039 0.3882 0.2510
v -0.092583 0.572693 -0.000954 0.3490 0.2118 0.1255
v 0.092583 0.572693 -0.000954 0.6824 0.4550 0.3176
v -0.369385 0.734925 -0.000954 0.4745 0.2863 0.1961
v -0.384644 0.738770 -0.000954 0.4667 0.3019 0.2118
v -0.392273 0.738770 -0.000954 0.4863 0.3412 0.2588
v -0.378906 0.740662 -0.000954 0.4667 0.2706 0.1804
v -0.306366 0.744507 -0.000954 0.5294 0.3255 0.2000
v -0.369385 0.755921 -0.000954 0.4863 0.3019 0.1882
v -0.203293 0.759766 -0.000954 0.7686 0.5490 0.4353
v -0.102127 0.771240 -0.000954 0.3019 0.1530 0.0549
v -0.308289 0.771240 -0.000954 0.6393 0.4235 0.2784
v -0.117394 0.782654 -0.000954 0.8235 0.5921 0.4314
v -0.107849 0.809387 -0.000954 0.7725 0.5490 0.4039
v -0.073494 0.036285 -0.000955 0.6236 0.4039 0.2627
v 0.073494 0.036286 -0.000955 0.3059 0.1647 0.0863
v 0.111671 0.051544 -0.000954 0.5647 0.3725 0.2510
v -0.067764 0.671936 -0.000955 0.4039 0.2471 0.1451
v -0.069672 0.671936 -0.000955 0.3725 0.2314 0.1255
v 0.067764 0.671936 -0.000955 0.5921 0.3804 0.2471
v 0.069672 0.671936 -0.000955 0.5882 0.3843 0.2549
v -0.077309 0.727295 -0.000955 0.2745 0.1451 0.0549
v 0.077309 0.727295 -0.000955 0.7490 0.5333 0.4000
v 0.369385 0.734925 -0.000954 0.4902 0.2902 0.1922
v 0.378906 0.736878 -0.000954 0.4314 0.2471 0.1608
v -0.399902 0.738770 -0.000954 0.4902 0.3294 0.2471
v -0.405640 0.738770 -0.000954 0.5490 0.3686 0.2667
v 0.384644 0.738770 -0.000954 0.4745 0.2863 0.1882
v 0.392273 0.738770 -0.000954 0.5137 0.3255 0.2235
v 0.399902 0.738770 -0.000954 0.5412 0.3451 0.2471
v 0.405640 0.738770 -0.000954 0.6157 0.4235 0.3176
v 0.378906 0.740662 -0.000954 0.4432 0.2588 0.1647
v 0.306366 0.744507 -0.000954 0.4980 0.3137 0.2039
v -0.249115 0.755921 -0.000955 0.8157 0.6079 0.4823
v 0.249115 0.755921 -0.000954 0.7216 0.5098 0.3686
v 0.369385 0.755921 -0.000954 0.6824 0.4471 0.3137
v 0.203293 0.759766 -0.000954 0.8353 0.6276 0.4823
v 0.102127 0.771240 -0.000955 0.6589 0.4353 0.2980
v 0.308289 0.771240 -0.000954 0.7333 0.4863 0.3255
v 0.117393 0.782654 -0.000955 0.8706 0.6471 0.4980
v 0.107849 0.809387 -0.000955 0.9098 0.7176 0.5882
v -0.033405 0.878113 -0.000955 0.2863 0.1333 0.0431
v 0.033405 0.878113 -0.000955 0.4941 0.2784 0.1569
v -0.069672 0.047730 -0.002863 0.6276 0.4000 0.2706
v 0.069672 0.047730 -0.002863 0.3294 0.1843 0.1059
v -0.073494 0.089722 -0.002863 0.6785 0.3961 0.2314
v 0.073494 0.089722 -0.002863 0.3568 0.2039 0.1255
v -0.104034 0.091644 -0.002863 0.3765 0.2118 0.1255
v 0.104034 0.091644 -0.002863 0.5843 0.3961 0.2863
v -0.107849 0.126007 -0.002863 0.3647 0.2039 0.1098
v 0.107849 0.126007 -0.002863 0.6118 0.4000 0.2823
v -0.069672 0.166077 -0.002863 0.6510 0.3961 0.2588
v 0.069672 0.166077 -0.002863 0.4941 0.2784 0.1569
v -0.100220 0.316895 -0.002863 0.3608 0.2157 0.1137
v 0.100220 0.316895 -0.002863 0.5569 0.3412 0.2157
v -0.096397 0.355072 -0.002863 0.3725 0.2196 0.1216
v 0.096397 0.355072 -0.002863 0.5176 0.3137 0.1843
v -0.023861 0.387512 -0.002863 0.5882 0.3137 0.1686
v 0.023861 0.387512 -0.002863 0.3568 0.1725 0.0706
v -0.107849 0.395142 -0.002863 0.4196 0.2549 0.1608
v 0.107849 0.395142 -0.002863 0.5059 0.3059 0.1843
v -0.109764 0.498230 -0.002863 0.3647 0.2275 0.1373
v -0.111671 0.498230 -0.002863 0.3568 0.2235 0.1294
v 0.109764 0.498230 -0.002863 0.6118 0.4039 0.2588
v 0.111671 0.498230 -0.002863 0.6118 0.4000 0.2588
v -0.107849 0.511597 -0.002863 0.3608 0.2157 0.1255
v -0.109764 0.511597 -0.002863 0.3686 0.2196 0.1255
v 0.107849 0.511597 -0.002863 0.6079 0.3921 0.2627
v 0.109764 0.511597 -0.002863 0.6079 0.3921 0.2510
v -0.104034 0.530701 -0.002863 0.3490 0.2196 0.1294
v 0.104034 0.530701 -0.002863 0.6118 0.3921 0.2510
v -0.098305 0.553589 -0.002863 0.3451 0.2157 0.1294
v 0.098305 0.553589 -0.002863 0.6118 0.4039 0.2745
v -0.073494 0.681518 -0.002863 0.6039 0.5647 0.5451
v 0.073494 0.681518 -0.002863 0.8549 0.8627 0.8666
v -0.377014 0.734925 -0.002863 0.4941 0.3059 0.2275
v -0.384644 0.734925 -0.002863 0.5059 0.3098 0.2196
v -0.392273 0.734925 -0.002863 0.5255 0.3412 0.2432
v -0.399902 0.734925 -0.002863 0.5490 0.3647 0.2745
v 0.377014 0.734925 -0.002863 0.4550 0.2432 0.1608
v 0.384644 0.734924 -0.002863 0.4941 0.3019 0.2078
v 0.392273 0.734924 -0.002863 0.5176 0.3255 0.2392
v 0.399902 0.734924 -0.002863 0.5569 0.3490 0.2549
v -0.356018 0.736878 -0.002863 0.4941 0.2902 0.1961
v -0.405640 0.736878 -0.002863 0.5608 0.3765 0.2706
v 0.356018 0.736878 -0.002863 0.4902 0.2863 0.1922
v 0.405640 0.736877 -0.002863 0.6079 0.4118 0.2941
v -0.399902 0.740662 -0.002863 0.4628 0.2863 0.1961
v -0.405640 0.740662 -0.002863 0.5530 0.3686 0.2745
v 0.399902 0.740662 -0.002863 0.6236 0.4000 0.2784
v 0.405640 0.740662 -0.002863 0.6667 0.4510 0.3294
v -0.394196 0.742615 -0.002863 0.4275 0.2432 0.1451
v 0.394196 0.742615 -0.002863 0.6236 0.3961 0.2706
v -0.279663 0.744507 -0.002863 0.5569 0.3412 0.2118
v -0.386566 0.744507 -0.002863 0.4157 0.2392 0.1608
v 0.279663 0.744507 -0.002863 0.5059 0.3098 0.1725
v 0.386566 0.744507 -0.002863 0.5686 0.3529 0.2314
v -0.378906 0.746399 -0.002863 0.4863 0.2941 0.1882
v 0.378906 0.746399 -0.002863 0.5882 0.3804 0.2510
v -0.182297 0.754028 -0.002863 0.6079 0.4039 0.2784
v 0.182297 0.754028 -0.002863 0.5961 0.3765 0.2471
v -0.161301 0.755920 -0.002863 0.7059 0.4706 0.3412
v -0.357910 0.755921 -0.002863 0.4863 0.3019 0.1922
v 0.161301 0.755921 -0.002863 0.6471 0.4275 0.2941
v 0.357910 0.755921 -0.002863 0.6667 0.4432 0.3019
v -0.216660 0.763611 -0.002863 0.8313 0.6315 0.5019
v 0.216660 0.763611 -0.002863 0.8235 0.6039 0.4823
v -0.130753 0.776917 -0.002863 0.8157 0.5961 0.4510
v 0.130753 0.776917 -0.002863 0.8235 0.5961 0.4550
v -0.147934 0.782654 -0.002863 0.8431 0.6354 0.5019
v -0.188034 0.782654 -0.002863 0.8000 0.5843 0.4471
v 0.147934 0.782654 -0.002863 0.8784 0.6745 0.5373
v 0.188034 0.782654 -0.002863 0.9098 0.7020 0.5686
v -0.168930 0.788391 -0.002863 0.8313 0.6079 0.4589
v 0.168930 0.788391 -0.002863 0.8980 0.6863 0.5490
v -0.041042 0.939209 -0.002863 0.0667 0.0471 0.0314
v 0.041042 0.939209 -0.002863 0.0863 0.0510 0.0118
v -0.065857 0.062988 -0.004772 0.6236 0.3843 0.2588
v 0.065857 0.062988 -0.004772 0.3372 0.1922 0.1059
v -0.073494 0.126007 -0.004772 0.6863 0.4078 0.2432
v 0.073494 0.126007 -0.004772 0.4118 0.2275 0.1255
v -0.054405 0.194702 -0.004772 0.6980 0.4353 0.2941
v 0.054405 0.194702 -0.004772 0.4471 0.2627 0.1490
v -0.052494 0.215729 -0.004772 0.7176 0.4432 0.2941
v 0.052494 0.215729 -0.004772 0.4628 0.2667 0.1490
v -0.109764 0.246262 -0.004772 0.3216 0.1725 0.0863
v 0.109764 0.246262 -0.004772 0.6079 0.3921 0.2706
v -0.025770 0.341705 -0.004772 0.5647 0.3216 0.1843
v 0.025770 0.341705 -0.004772 0.3608 0.1765 0.0824
v -0.025770 0.366516 -0.004772 0.5804 0.3176 0.1804
v 0.025770 0.366516 -0.004772 0.3529 0.1686 0.0706
v -0.340729 0.734924 -0.004772 0.5216 0.3255 0.2157
v -0.405640 0.734925 -0.004772 0.5686 0.3843 0.2745
v 0.340729 0.734925 -0.004772 0.4902 0.3098 0.2078
v 0.405640 0.734924 -0.004772 0.6276 0.4196 0.3137
v -0.203293 0.752136 -0.004772 0.6432 0.4157 0.2863
v 0.203293 0.752136 -0.004772 0.6667 0.4510 0.3176
v -0.142212 0.759766 -0.004772 0.7686 0.5373 0.3961
v 0.142212 0.759766 -0.004772 0.6824 0.4550 0.3137
v -0.086853 0.763611 -0.004772 0.1961 0.0863 0.0118
v 0.086853 0.763611 -0.004772 0.7098 0.4784 0.3333
v -0.107849 0.775024 -0.004772 0.4863 0.2863 0.1647
v 0.107849 0.775025 -0.004772 0.6980 0.4706 0.3294
v -0.283478 0.776917 -0.004772 0.6471 0.4432 0.2941
v 0.283478 0.776917 -0.004772 0.7568 0.5098 0.3490
v -0.134583 0.788391 -0.004772 0.8235 0.6000 0.4510
v 0.134583 0.788391 -0.004772 0.8862 0.6941 0.5569
v -0.050587 0.815125 -0.004772 0.7725 0.5882 0.4667
v -0.056313 0.815125 -0.004772 0.8823 0.8157 0.7568
v 0.050587 0.815125 -0.004772 0.9411 0.8706 0.8196
v 0.056313 0.815125 -0.004772 0.8392 0.6432 0.5059
v -0.025770 0.820862 -0.004772 0.5764 0.3686 0.2353
v 0.025770 0.820862 -0.004772 0.8627 0.6471 0.4980
v -0.027679 0.864746 -0.004772 0.3098 0.1294 0.0353
v 0.027679 0.864746 -0.004772 0.8039 0.5725 0.4078
v -0.042950 0.889587 -0.004772 0.2549 0.1098 0.0235
v 0.042950 0.889587 -0.004772 0.4471 0.2588 0.1569
v -0.042950 0.895325 -0.004772 0.2627 0.1098 0.0275
v 0.042950 0.895325 -0.004772 0.8509 0.6393 0.4980
v -0.044861 0.902954 -0.004772 0.3137 0.1530 0.0706
v 0.044861 0.902954 -0.004772 0.7921 0.5647 0.4196
v -0.113579 0.221436 -0.006681 0.3333 0.1843 0.0941
v 0.113579 0.221436 -0.006681 0.6039 0.3882 0.2667
v -0.052494 0.244354 -0.006681 0.6902 0.4118 0.2588
v 0.052494 0.244354 -0.006681 0.4039 0.2196 0.1216
v -0.046768 0.265350 -0.006681 0.5843 0.3176 0.1804
v 0.046768 0.265350 -0.006681 0.3568 0.1804 0.0824
v -0.100220 0.293976 -0.006681 0.3608 0.2118 0.1216
v 0.100220 0.293976 -0.006681 0.5647 0.3451 0.2196
v -0.029589 0.320709 -0.006681 0.5843 0.3294 0.1922
v 0.029589 0.320709 -0.006681 0.3647 0.1843 0.0980
v -0.079216 0.700562 -0.006681 0.4706 0.4078 0.3568
v 0.079216 0.700562 -0.006681 0.8117 0.7529 0.7255
v -0.401825 0.734925 -0.006681 0.5686 0.3843 0.2823
v 0.401825 0.734924 -0.006681 0.6157 0.4000 0.2902
v -0.407562 0.736878 -0.006681 0.5843 0.4078 0.3019
v 0.407562 0.736877 -0.006681 0.6393 0.4275 0.3216
v -0.407562 0.740662 -0.006681 0.6000 0.4157 0.3216
v 0.407562 0.740662 -0.006681 0.7098 0.4941 0.3921
v -0.251007 0.742615 -0.006681 0.5764 0.3608 0.2314
v -0.401825 0.742615 -0.006681 0.5490 0.3568 0.2627
v 0.251007 0.742615 -0.006681 0.5216 0.3059 0.1804
v 0.401825 0.742615 -0.006681 0.6863 0.4510 0.3294
v -0.216660 0.754028 -0.006681 0.7764 0.5490 0.4157
v -0.228119 0.754028 -0.006681 0.8000 0.6000 0.4784
v 0.216660 0.754029 -0.006681 0.6902 0.4745 0.3490
v 0.228119 0.754029 -0.006681 0.6980 0.4863 0.3529
v -0.344544 0.759766 -0.006681 0.4706 0.2902 0.1765
v 0.344543 0.759766 -0.006681 0.6628 0.4314 0.2941
v -0.126938 0.765503 -0.006681 0.7568 0.5216 0.3725
v 0.126938 0.765503 -0.006681 0.6824 0.4628 0.3176
v -0.113579 0.773132 -0.006681 0.6236 0.4118 0.2784
v 0.113579 0.773132 -0.006681 0.6706 0.4471 0.2980
v -0.205200 0.775025 -0.006681 0.7451 0.5216 0.3882
v 0.205200 0.775025 -0.006681 0.9098 0.6980 0.5569
v -0.226212 0.776917 -0.006681 0.8549 0.6550 0.5176
v 0.226212 0.776917 -0.006681 0.7451 0.5255 0.3882
v -0.136490 0.796021 -0.006681 0.7568 0.5255 0.3647
v 0.136490 0.796021 -0.006681 0.9137 0.7059 0.5725
v -0.123123 0.805603 -0.006681 0.7255 0.5098 0.3529
v 0.123123 0.805603 -0.006681 0.9098 0.7059 0.5686
v -0.062038 0.813232 -0.006681 0.7647 0.5569 0.4118
v 0.062038 0.813233 -0.006681 0.8509 0.6471 0.5059
v -0.075401 0.817017 -0.006681 0.7960 0.5725 0.4078
v 0.075401 0.817017 -0.006681 0.8235 0.5961 0.4275
v -0.027679 0.853271 -0.006681 0.2863 0.1255 0.0353
v 0.027679 0.853271 -0.006681 0.7764 0.5412 0.3961
v -0.029589 0.878113 -0.006681 0.3137 0.1412 0.0353
v 0.029589 0.878113 -0.006681 0.6393 0.4118 0.2706
v -0.037224 0.889587 -0.006681 0.2745 0.1216 0.0314
v 0.037224 0.889587 -0.006681 0.4550 0.2549 0.1530
v -0.046768 0.918213 -0.006681 0.2432 0.1059 0.0549
v 0.046768 0.918213 -0.006681 0.5373 0.3333 0.2235
v -0.042950 0.920105 -0.006681 0.0588 0.0000 0.0000
v 0.042950 0.920105 -0.006681 0.1059 0.0392 0.0078
v -0.098305 0.013367 -0.008590 0.6276 0.4235 0.3255
v 0.098305 0.013367 -0.008590 0.4510 0.2745 0.1843
v -0.105942 0.066834 -0.008590 0.3490 0.2039 0.1176
v 0.105942 0.066834 -0.008590 0.5882 0.3961 0.2823
v -0.113579 0.198547 -0.008590 0.3608 0.2000 0.1098
v 0.113579 0.198547 -0.008590 0.5764 0.3686 0.2432
v -0.039131 0.282532 -0.008590 0.5921 0.3294 0.1922
v 0.039131 0.282532 -0.008590 0.3882 0.2000 0.1020
v -0.033405 0.301636 -0.008590 0.5961 0.3294 0.1922
v 0.033405 0.301636 -0.008590 0.3765 0.1922 0.0941
v -0.098305 0.335968 -0.008590 0.3843 0.2353 0.1451
v 0.098305 0.335968 -0.008590 0.5608 0.3529 0.2275
v -0.096397 0.376068 -0.008590 0.4000 0.2432 0.1373
v 0.096397 0.376068 -0.008590 0.5137 0.3098 0.1882
v -0.111671 0.416138 -0.008590 0.4196 0.2588 0.1569
v 0.111671 0.416138 -0.008590 0.5137 0.3098 0.1961
v -0.004772 0.486786 -0.008590 0.4667 0.3490 0.2784
v -0.008590 0.486786 -0.008590 0.3765 0.2432 0.1608
v 0.004772 0.486786 -0.008590 0.2510 0.1176 0.0471
v 0.008590 0.486786 -0.008590 0.2235 0.0902 0.0157
v -0.000954 0.488678 -0.008590 0.4706 0.3568 0.2941
v -0.002863 0.488678 -0.008590 0.4902 0.3608 0.2823
v 0.002863 0.488678 -0.008590 0.3490 0.2510 0.1961
v -0.384644 0.734925 -0.008590 0.5725 0.3921 0.3019
v -0.394196 0.734925 -0.008590 0.5764 0.3961 0.3059
v 0.384644 0.734924 -0.008590 0.6000 0.4157 0.3255
v 0.394196 0.734924 -0.008590 0.6157 0.4118 0.3137
v -0.369385 0.736878 -0.008590 0.5686 0.3882 0.2941
v -0.377014 0.736878 -0.008590 0.5725 0.3882 0.2980
v -0.401825 0.736878 -0.008590 0.5451 0.3725 0.2823
v 0.369385 0.736878 -0.008590 0.5725 0.3804 0.2745
v 0.377014 0.736878 -0.008590 0.5725 0.3921 0.3059
v -0.327362 0.742615 -0.008590 0.5490 0.3529 0.2432
v -0.394196 0.742615 -0.008590 0.5530 0.3568 0.2549
v 0.327362 0.742615 -0.008590 0.5019 0.3216 0.2235
v 0.394196 0.742615 -0.008590 0.6824 0.4314 0.3019
v -0.079216 0.744507 -0.008590 0.2353 0.1059 0.0431
v -0.386566 0.744507 -0.008590 0.5373 0.3333 0.2118
v 0.079216 0.744507 -0.008590 0.7647 0.5373 0.3921
v 0.386566 0.744507 -0.008590 0.6902 0.4432 0.3059
v -0.226212 0.765503 -0.008590 0.8706 0.6706 0.5451
v 0.226212 0.765503 -0.008590 0.7529 0.5451 0.4118
v -0.216660 0.769287 -0.008590 0.8117 0.6079 0.4745
v 0.216660 0.769287 -0.008590 0.8000 0.5882 0.4510
v -0.151764 0.790283 -0.008590 0.8117 0.5843 0.4314
v 0.151764 0.790283 -0.008590 0.8823 0.6785 0.5294
v -0.044861 0.889587 -0.008590 0.2588 0.0980 0.0157
v 0.044861 0.889587 -0.008590 0.3921 0.2235 0.1176
v -0.044861 0.893372 -0.008590 0.3608 0.2039 0.1333
v 0.044861 0.893372 -0.008590 0.7764 0.5882 0.4550
v -0.044861 0.899109 -0.008590 0.2823 0.1333 0.0549
v 0.044861 0.899109 -0.008590 0.9019 0.6589 0.5176
v -0.042950 0.925842 -0.008590 0.0118 0.0078 0.0157
v 0.042950 0.925842 -0.008590 0.0275 0.0118 0.0039
v -0.073494 0.022919 -0.010499 0.7921 0.5098 0.3882
v 0.073494 0.022919 -0.010499 0.3216 0.1882 0.1137
v -0.060131 0.164185 -0.010499 0.6510 0.3608 0.2039
v 0.060131 0.164185 -0.010499 0.4314 0.2432 0.1373
v -0.111671 0.167999 -0.010499 0.3882 0.2275 0.1294
v 0.111671 0.167999 -0.010499 0.5686 0.3804 0.2510
v -0.056313 0.631836 -0.010499 0.3608 0.2196 0.1098
v 0.056313 0.631836 -0.010499 0.5686 0.3529 0.2196
v -0.357910 0.736878 -0.010499 0.5647 0.3725 0.2745
v 0.357910 0.736878 -0.010499 0.5490 0.3686 0.2667
v 0.401825 0.736877 -0.010499 0.6039 0.3804 0.2667
v -0.386566 0.738770 -0.010499 0.5804 0.3725 0.2627
v -0.394196 0.738770 -0.010499 0.5882 0.3647 0.2549
v 0.394196 0.738770 -0.010499 0.6039 0.3647 0.2471
v -0.228119 0.744507 -0.010499 0.5294 0.3294 0.2078
v 0.228119 0.744507 -0.010499 0.4784 0.2667 0.1490
v -0.378906 0.746399 -0.010499 0.5882 0.3843 0.2627
v 0.378906 0.746399 -0.010499 0.6745 0.4353 0.2980
v -0.369385 0.748291 -0.010499 0.5647 0.3647 0.2432
v 0.369385 0.748291 -0.010499 0.6432 0.4392 0.3216
v -0.331207 0.763611 -0.010499 0.4667 0.2784 0.1686
v 0.331207 0.763611 -0.010499 0.6471 0.4196 0.2823
v -0.216660 0.776917 -0.010499 0.6902 0.4784 0.3412
v 0.216660 0.776917 -0.010499 0.7647 0.5451 0.4118
v -0.226212 0.786499 -0.010499 0.8196 0.6039 0.4510
v -0.254852 0.786499 -0.010499 0.6393 0.4353 0.2823
v 0.226212 0.786499 -0.010499 0.7843 0.5530 0.4118
v 0.254852 0.786499 -0.010499 0.7647 0.5059 0.3568
v -0.041042 0.817017 -0.010499 0.6706 0.4863 0.3568
v 0.041042 0.817017 -0.010499 0.8353 0.6118 0.4628
v -0.090675 0.818970 -0.010499 0.7686 0.5412 0.3921
v 0.090675 0.818970 -0.010499 0.8392 0.6197 0.4510
v -0.029589 0.830383 -0.010499 0.2941 0.1530 0.0510
v 0.029589 0.830383 -0.010499 0.8274 0.6000 0.4510
v -0.042950 0.889587 -0.010499 0.2196 0.0941 0.0157
v 0.042950 0.889587 -0.010499 0.3529 0.2078 0.1255
v -0.081131 0.015289 -0.012408 0.6980 0.4745 0.3725
v 0.081131 0.015289 -0.012408 0.4275 0.2784 0.2000
v -0.073494 0.034363 -0.012408 0.6039 0.3882 0.2627
v 0.073494 0.034363 -0.012408 0.2980 0.1569 0.0824
v -0.105942 0.091644 -0.012408 0.3843 0.2314 0.1333
v 0.105942 0.091644 -0.012408 0.5686 0.3647 0.2432
v -0.107849 0.126007 -0.012408 0.3961 0.2471 0.1490
v 0.107849 0.126007 -0.012408 0.5686 0.3647 0.2432
v -0.104034 0.272980 -0.012408 0.3333 0.1922 0.1059
v 0.104034 0.272980 -0.012408 0.5882 0.3686 0.2432
v -0.113578 0.437134 -0.012408 0.4314 0.2745 0.1725
v 0.113578 0.437134 -0.012408 0.5373 0.3372 0.2157
v -0.008590 0.471497 -0.012408 0.4314 0.2471 0.1451
v 0.008590 0.471497 -0.012408 0.2510 0.0902 0.0157
v -0.054405 0.649048 -0.012408 0.3961 0.2353 0.1176
v 0.054405 0.649048 -0.012408 0.5216 0.3255 0.1961
v -0.081131 0.721558 -0.012408 0.3137 0.1608 0.0588
v 0.081131 0.721558 -0.012408 0.7098 0.5019 0.3804
v -0.342651 0.736878 -0.012408 0.5608 0.3608 0.2588
v 0.342651 0.736878 -0.012408 0.5530 0.3608 0.2667
v 0.386566 0.738770 -0.012408 0.6157 0.3686 0.2432
v -0.377014 0.740662 -0.012408 0.6157 0.4078 0.2941
v 0.377014 0.740662 -0.012408 0.6197 0.3804 0.2588
v -0.310211 0.742615 -0.012408 0.5333 0.3568 0.2432
v -0.369385 0.742615 -0.012408 0.6157 0.4275 0.3098
v 0.310211 0.742615 -0.012408 0.5333 0.3529 0.2510
v 0.369385 0.742615 -0.012408 0.6276 0.4039 0.2902
v -0.214752 0.746399 -0.012408 0.5059 0.3019 0.1686
v 0.214752 0.746399 -0.012408 0.4863 0.2784 0.1569
v -0.201386 0.748291 -0.012408 0.5216 0.3176 0.1961
v 0.201385 0.748291 -0.012408 0.5373 0.3059 0.1804
v -0.182297 0.750244 -0.012408 0.5530 0.3412 0.2078
v -0.359833 0.750244 -0.012408 0.5725 0.3725 0.2627
v 0.182297 0.750244 -0.012408 0.5490 0.3372 0.2000
v 0.359833 0.750244 -0.012408 0.6432 0.4314 0.3059
v -0.161301 0.752136 -0.012408 0.6039 0.3882 0.2510
v 0.161301 0.752136 -0.012408 0.5725 0.3608 0.2275
v -0.098305 0.769287 -0.012408 0.2745 0.1255 0.0392
v 0.098305 0.769287 -0.012408 0.6667 0.4510 0.3255
v -0.188034 0.786499 -0.012408 0.7412 0.5255 0.3725
v 0.188034 0.786499 -0.012408 0.8509 0.6236 0.4706
v -0.138397 0.803650 -0.012408 0.6589 0.4471 0.2941
v 0.138397 0.803650 -0.012408 0.8706 0.6510 0.4980
v -0.033405 0.822754 -0.012408 0.4550 0.2902 0.1765
v 0.033405 0.822754 -0.012408 0.8627 0.6354 0.4902
v -0.046768 0.897217 -0.012408 0.3804 0.1961 0.1059
v 0.046768 0.897217 -0.012408 0.9607 0.7490 0.6197
v -0.042950 0.904846 -0.012408 0.2549 0.0941 0.0196
v 0.042950 0.904846 -0.012408 0.7804 0.5333 0.4000
v -0.046768 0.914368 -0.012408 0.2863 0.1059 0.0392
v 0.046768 0.914368 -0.012408 0.6745 0.3961 0.2588
v -0.107849 0.011475 -0.014317 0.5490 0.3725 0.2784
v 0.107849 0.011475 -0.014317 0.5333 0.3490 0.2510
v -0.069672 0.047730 -0.014317 0.5764 0.3647 0.2353
v 0.069672 0.047730 -0.014317 0.3176 0.1765 0.0941
v -0.100219 0.316895 -0.014317 0.4235 0.2667 0.1608
v 0.100220 0.316895 -0.014317 0.5608 0.3568 0.2471
v -0.012408 0.431427 -0.014317 0.4667 0.2667 0.1608
v 0.012408 0.431427 -0.014317 0.2980 0.1255 0.0431
v -0.008590 0.452423 -0.014317 0.4471 0.2510 0.1530
v 0.008590 0.452423 -0.014317 0.2667 0.1098 0.0314
v -0.063950 0.618469 -0.014317 0.3451 0.2039 0.1059
v 0.063950 0.618469 -0.014317 0.5843 0.3647 0.2314
v -0.357910 0.742615 -0.014317 0.6079 0.4118 0.3098
v 0.357910 0.742615 -0.014317 0.6039 0.3843 0.2745
v -0.142212 0.754028 -0.014317 0.6706 0.4471 0.3098
v 0.142212 0.754028 -0.014317 0.5882 0.3725 0.2353
v -0.111671 0.763611 -0.014317 0.5098 0.3176 0.2000
v 0.111671 0.763611 -0.014317 0.6236 0.3921 0.2392
v -0.312103 0.769287 -0.014317 0.4706 0.2980 0.1843
v 0.312103 0.769287 -0.014317 0.6510 0.4118 0.2667
v -0.207123 0.780762 -0.014317 0.7255 0.5098 0.3647
v 0.207123 0.780762 -0.014317 0.8627 0.6471 0.5098
v -0.170853 0.790283 -0.014317 0.7568 0.5255 0.3686
v 0.170853 0.790283 -0.014317 0.8235 0.5921 0.4392
v -0.046768 0.920105 -0.014317 0.4039 0.2196 0.1255
v -0.050587 0.920105 -0.014317 0.3882 0.2000 0.0980
v 0.046768 0.920105 -0.014317 0.7686 0.4941 0.3412
v 0.050587 0.920105 -0.014317 0.8157 0.5333 0.3686
v -0.027679 0.967834 -0.014317 0.0706 0.0392 0.0196
v 0.027679 0.967834 -0.014317 0.0549 0.0510 0.0353
v -0.000955 0.975464 -0.014317 0.0118 0.0078 0.0039
v -0.014317 0.975464 -0.014317 0.0980 0.0510 0.0392
v 0.014317 0.975464 -0.014317 0.0353 0.0157 0.0000
v -0.113579 0.036285 -0.016226 0.4235 0.2745 0.1725
v 0.113579 0.036286 -0.016226 0.5961 0.3961 0.2745
v -0.113579 0.049652 -0.016226 0.4196 0.2627 0.1686
v 0.113579 0.049652 -0.016226 0.5530 0.3725 0.2549
v -0.067764 0.062988 -0.016226 0.5608 0.3647 0.2432
v 0.067764 0.062988 -0.016226 0.3451 0.1843 0.1137
v -0.046768 0.192810 -0.016226 0.6276 0.3608 0.2078
v 0.046768 0.192810 -0.016226 0.3490 0.1843 0.0902
v -0.044861 0.215729 -0.016226 0.6354 0.3490 0.1882
v 0.044861 0.215729 -0.016226 0.3804 0.2118 0.1216
v -0.096397 0.293976 -0.016226 0.3568 0.2118 0.1216
v 0.096397 0.293976 -0.016226 0.5530 0.3490 0.2353
v -0.098305 0.395142 -0.016226 0.4078 0.2432 0.1451
v 0.098305 0.395142 -0.016226 0.4941 0.3019 0.1804
v -0.113578 0.458130 -0.016226 0.4314 0.2745 0.1686
v 0.113578 0.458130 -0.016226 0.5530 0.3451 0.2196
v -0.067764 0.605103 -0.016226 0.3333 0.1922 0.0941
v 0.067764 0.605103 -0.016226 0.5647 0.3490 0.2039
v -0.058220 0.662415 -0.016226 0.4196 0.2588 0.1569
v 0.058220 0.662415 -0.016226 0.5294 0.3451 0.2235
v -0.254852 0.736878 -0.016226 0.5176 0.3255 0.2000
v 0.254852 0.736878 -0.016226 0.4863 0.3019 0.1922
v -0.329285 0.748291 -0.016226 0.5686 0.3882 0.2823
v 0.329285 0.748291 -0.016226 0.5412 0.3255 0.2118
v -0.344544 0.754028 -0.016226 0.5451 0.3608 0.2432
v 0.344543 0.754028 -0.016226 0.6236 0.4078 0.2823
v -0.331207 0.757874 -0.016226 0.5333 0.3490 0.2392
v 0.331207 0.757874 -0.016226 0.6118 0.4039 0.2941
v -0.126938 0.759766 -0.016226 0.6510 0.4157 0.2784
v 0.126938 0.759766 -0.016226 0.5961 0.3686 0.2392
v -0.153671 0.796021 -0.016226 0.6824 0.4550 0.2980
v 0.153671 0.796021 -0.016226 0.8235 0.6000 0.4550
v -0.105942 0.817017 -0.016226 0.7059 0.4863 0.3333
v 0.105942 0.817017 -0.016226 0.8353 0.6039 0.4510
v -0.031498 0.874329 -0.016226 0.0314 0.0078 0.0078
v 0.031498 0.874329 -0.016226 0.1373 0.0745 0.0314
v -0.046768 0.893372 -0.016226 0.2000 0.0902 0.0353
v 0.046768 0.893372 -0.016226 0.2627 0.1451 0.0667
v -0.039131 0.895325 -0.016226 0.2392 0.1137 0.0510
v 0.039131 0.895325 -0.016226 0.2667 0.1451 0.0784
v -0.048676 0.904846 -0.016226 0.3804 0.1922 0.1020
v 0.048676 0.904846 -0.016226 0.9019 0.6157 0.4628
v -0.048676 0.912476 -0.016226 0.3451 0.1647 0.0902
v 0.048676 0.912476 -0.016226 0.8039 0.5059 0.3529
v -0.042950 0.920105 -0.016226 0.4039 0.2196 0.1373
v 0.042950 0.920105 -0.016226 0.6863 0.4432 0.3372
v -0.039131 0.956360 -0.016226 0.0078 0.0078 0.0039
v 0.039131 0.956360 -0.016226 0.0588 0.0235 0.0078
v -0.115486 0.015289 -0.018135 0.4902 0.3176 0.2353
v 0.115486 0.015289 -0.018135 0.5647 0.3490 0.2314
v -0.119308 0.024811 -0.018135 0.4706 0.3019 0.2078
v 0.119308 0.024811 -0.018135 0.6706 0.4589 0.3412
v -0.071587 0.089722 -0.018135 0.5647 0.3490 0.2235
v 0.071587 0.089722 -0.018135 0.3255 0.1725 0.0863
v -0.113578 0.250092 -0.018135 0.3333 0.1961 0.1098
v 0.113579 0.250092 -0.018135 0.5764 0.3647 0.2432
v -0.029589 0.343628 -0.018135 0.5176 0.3255 0.2196
v 0.029589 0.343628 -0.018135 0.3804 0.1804 0.0627
v -0.016226 0.410431 -0.018135 0.4706 0.2823 0.1686
v 0.016226 0.410431 -0.018135 0.3294 0.1412 0.0510
v -0.073494 0.591797 -0.018135 0.4823 0.4353 0.3921
v 0.073494 0.591797 -0.018135 0.6510 0.5882 0.5490
v -0.285370 0.738770 -0.018135 0.5019 0.3255 0.2157
v 0.285370 0.738770 -0.018135 0.5333 0.3451 0.2432
v -0.342651 0.744507 -0.018135 0.6000 0.4275 0.3137
v 0.342651 0.744507 -0.018135 0.6079 0.3921 0.2784
v -0.086853 0.757874 -0.018135 0.1922 0.0863 0.0196
v 0.086853 0.757874 -0.018135 0.7568 0.5176 0.3725
v -0.228119 0.794129 -0.018135 0.6745 0.4706 0.3216
v 0.228119 0.794129 -0.018135 0.7451 0.4941 0.3451
v -0.031498 0.855225 -0.018135 0.0078 0.0000 0.0039
v 0.031498 0.855225 -0.018135 0.0667 0.0314 0.0118
v -0.044861 0.893372 -0.018135 0.2353 0.1216 0.0471
v 0.044861 0.893372 -0.018135 0.2196 0.1137 0.0510
v -0.090675 0.009552 -0.020044 0.6471 0.4353 0.3294
v 0.090675 0.009552 -0.020044 0.4628 0.3059 0.2078
v -0.115486 0.064911 -0.020044 0.4039 0.2588 0.1725
v 0.115486 0.064911 -0.020044 0.5725 0.3765 0.2549
v -0.065857 0.124085 -0.020044 0.6118 0.3490 0.1961
v 0.065857 0.124085 -0.020044 0.3412 0.1765 0.0863
v -0.056313 0.164185 -0.020044 0.6000 0.3451 0.1961
v 0.056313 0.164185 -0.020044 0.3451 0.1725 0.0863
v -0.046768 0.244354 -0.020044 0.5961 0.3490 0.2039
v 0.046768 0.244354 -0.020044 0.3529 0.1765 0.0863
v -0.048676 0.267273 -0.020044 0.5412 0.3333 0.2314
v 0.048676 0.267273 -0.020044 0.3490 0.1686 0.0588
v -0.041042 0.284454 -0.020044 0.5294 0.3294 0.2118
v 0.041042 0.284454 -0.020044 0.3882 0.1882 0.0863
v -0.035317 0.303528 -0.020044 0.5294 0.3372 0.2196
v 0.035317 0.303528 -0.020044 0.3882 0.1843 0.0745
v -0.033405 0.322632 -0.020044 0.5255 0.3372 0.2235
v 0.033405 0.322632 -0.020044 0.4196 0.2039 0.0863
v -0.094490 0.334076 -0.020044 0.4157 0.2549 0.1608
v 0.094490 0.334076 -0.020044 0.5176 0.3294 0.2196
v -0.025770 0.366516 -0.020044 0.5137 0.3137 0.2000
v 0.025770 0.366516 -0.020044 0.3490 0.1647 0.0667
v -0.021952 0.389435 -0.020044 0.5059 0.3019 0.1765
v 0.021952 0.389435 -0.020044 0.3294 0.1490 0.0588
v -0.000954 0.492493 -0.020044 0.4784 0.3568 0.2706
v -0.075401 0.593689 -0.020044 0.4902 0.4706 0.4353
v 0.075401 0.593689 -0.020044 0.6628 0.5882 0.5373
v -0.065857 0.670044 -0.020044 0.3568 0.2196 0.1333
v 0.065857 0.670044 -0.020044 0.4784 0.3333 0.2432
v -0.063950 0.671936 -0.020044 0.2863 0.1804 0.0941
v 0.063950 0.671936 -0.020044 0.5333 0.3843 0.2863
v -0.083038 0.738770 -0.020044 0.2627 0.1333 0.0549
v 0.083038 0.738770 -0.020044 0.7451 0.5176 0.3647
v -0.230026 0.740662 -0.020044 0.5216 0.3216 0.2000
v 0.230026 0.740662 -0.020044 0.4745 0.2745 0.1647
v -0.216660 0.742615 -0.020044 0.5059 0.3059 0.1843
v 0.216660 0.742615 -0.020044 0.4706 0.2706 0.1490
v -0.201386 0.744507 -0.020044 0.4941 0.2902 0.1686
v 0.201385 0.744507 -0.020044 0.4902 0.2784 0.1608
v -0.182297 0.750244 -0.020044 0.5176 0.3059 0.1804
v 0.182297 0.750244 -0.020044 0.5216 0.3137 0.1882
v -0.123123 0.813232 -0.020044 0.6589 0.4432 0.2941
v 0.123123 0.813233 -0.020044 0.8313 0.5882 0.4314
v -0.035316 0.893372 -0.020044 0.1216 0.0667 0.0235
v 0.035316 0.893372 -0.020044 0.1490 0.0824 0.0392
v -0.042950 0.914368 -0.020044 0.4078 0.2235 0.1451
v -0.050587 0.914368 -0.020044 0.3529 0.1686 0.0902
v 0.042950 0.914368 -0.020044 0.6471 0.4314 0.3137
v 0.050587 0.914368 -0.020044 0.7804 0.5098 0.3843
v -0.069672 0.022919 -0.021952 0.7059 0.4784 0.3647
v 0.069672 0.022919 -0.021952 0.3529 0.2000 0.1216
v -0.113578 0.167999 -0.021952 0.4000 0.2392 0.1490
v 0.113579 0.167999 -0.021952 0.5451 0.3568 0.2432
v -0.119308 0.198547 -0.021952 0.3725 0.2157 0.1216
v 0.119308 0.198547 -0.021952 0.5451 0.3529 0.2353
v -0.119308 0.221436 -0.021952 0.3490 0.2078 0.1137
v 0.119308 0.221436 -0.021952 0.5490 0.3568 0.2392
v -0.092583 0.314972 -0.021952 0.3843 0.2275 0.1333
v 0.092583 0.314972 -0.021952 0.5019 0.3098 0.1961
v -0.096397 0.353149 -0.021952 0.4039 0.2627 0.1569
v 0.096397 0.353150 -0.021952 0.5333 0.3294 0.2157
v -0.104034 0.414246 -0.021952 0.4235 0.2588 0.1608
v 0.104034 0.414246 -0.021952 0.4667 0.2823 0.1647
v -0.111671 0.479157 -0.021952 0.4235 0.2627 0.1608
v 0.111671 0.479157 -0.021952 0.5725 0.3647 0.2314
v -0.006681 0.486786 -0.021952 0.3686 0.2392 0.1686
v 0.006681 0.486786 -0.021952 0.1961 0.0824 0.0118
v -0.084945 0.574585 -0.021952 0.4000 0.2549 0.1490
v 0.084946 0.574585 -0.021952 0.6276 0.4275 0.2902
v -0.071587 0.679565 -0.021952 0.6745 0.6354 0.6000
v 0.071587 0.679565 -0.021952 0.8000 0.7647 0.7568
v -0.314026 0.750244 -0.021952 0.5294 0.3412 0.2275
v 0.314026 0.750244 -0.021952 0.5843 0.3686 0.2549
v -0.163208 0.752136 -0.021952 0.5490 0.3412 0.2157
v 0.163208 0.752136 -0.021952 0.5412 0.3255 0.2039
v -0.314026 0.761658 -0.021952 0.5137 0.3294 0.2235
v 0.314026 0.761658 -0.021952 0.5882 0.3843 0.2745
v -0.287293 0.775025 -0.021952 0.4667 0.2941 0.1804
v 0.287292 0.775025 -0.021952 0.6393 0.4118 0.2667
v -0.033405 0.838013 -0.021952 0.1137 0.0549 0.0235
v 0.033405 0.838013 -0.021952 0.5804 0.4039 0.2863
v -0.046768 0.902954 -0.021952 0.3137 0.1569 0.0745
v -0.050587 0.902954 -0.021952 0.3490 0.1843 0.0941
v 0.046768 0.902954 -0.021952 0.2706 0.1412 0.0745
v 0.050587 0.902954 -0.021952 0.5098 0.3137 0.2000
v -0.042950 0.904846 -0.021952 0.2353 0.1020 0.0471
v 0.042950 0.904846 -0.021952 0.2667 0.1530 0.0824
v -0.048676 0.914368 -0.021952 0.4039 0.2118 0.1059
v 0.048676 0.914368 -0.021952 0.5333 0.3216 0.2157
v -0.044861 0.942993 -0.021952 0.0235 0.0118 0.0118
v 0.044861 0.942993 -0.021952 0.0275 0.0157 0.0039
v -0.073494 0.034363 -0.023861 0.5961 0.4000 0.2667
v 0.073494 0.034363 -0.023861 0.3098 0.1647 0.0980
v -0.075401 0.047730 -0.023861 0.5961 0.3961 0.2706
v 0.075401 0.047730 -0.023861 0.3255 0.1608 0.0549
v -0.075401 0.064911 -0.023861 0.5137 0.3372 0.2353
v 0.075401 0.064911 -0.023861 0.3961 0.2157 0.1255
v -0.105941 0.274902 -0.023861 0.3608 0.2078 0.1098
v 0.105942 0.274902 -0.023861 0.5725 0.3647 0.2392
v -0.105941 0.498230 -0.023861 0.4078 0.2588 0.1530
v 0.105941 0.498230 -0.023861 0.5647 0.3529 0.2196
v -0.094490 0.530701 -0.023861 0.3843 0.2353 0.1333
v 0.094490 0.530701 -0.023861 0.5725 0.3529 0.2118
v -0.090675 0.555481 -0.023861 0.3804 0.2353 0.1451
v 0.090675 0.555481 -0.023861 0.5764 0.3686 0.2353
v -0.046768 0.633789 -0.023861 0.3921 0.2353 0.1333
v 0.046768 0.633789 -0.023861 0.5176 0.3255 0.2118
v -0.079216 0.696777 -0.023861 0.5608 0.5019 0.4510
v 0.079216 0.696777 -0.023861 0.7294 0.6863 0.6550
v -0.207123 0.788391 -0.023861 0.6941 0.4667 0.3137
v -0.243378 0.788391 -0.023861 0.5412 0.3608 0.2314
v 0.207123 0.788391 -0.023861 0.7451 0.4980 0.3372
v 0.243378 0.788391 -0.023861 0.6589 0.4196 0.2784
v -0.189941 0.790283 -0.023861 0.6863 0.4589 0.3059
v 0.189941 0.790283 -0.023861 0.7804 0.5412 0.3804
v -0.140305 0.805603 -0.023861 0.5412 0.3372 0.2000
v 0.140305 0.805603 -0.023861 0.7804 0.5373 0.3843
v -0.063950 0.820862 -0.023861 0.5530 0.3568 0.2078
v 0.063950 0.820862 -0.023861 0.6941 0.4745 0.3137
v -0.056313 0.822754 -0.023861 0.4823 0.3529 0.2432
v 0.056313 0.822754 -0.023861 0.7608 0.5451 0.3921
v -0.046768 0.824646 -0.023861 0.4941 0.3372 0.2353
v 0.046768 0.824646 -0.023861 0.8470 0.7490 0.6745
v -0.039131 0.830383 -0.023861 0.2667 0.1647 0.0863
v 0.039131 0.830383 -0.023861 0.8000 0.5843 0.4550
v -0.073494 0.011475 -0.025770 0.7020 0.5019 0.3804
v 0.073494 0.011475 -0.025770 0.4235 0.2667 0.1804
v -0.050587 0.286347 -0.025770 0.4823 0.3019 0.2078
v 0.050587 0.286347 -0.025770 0.4589 0.2549 0.1412
v -0.105941 0.433319 -0.025770 0.4314 0.2784 0.1647
v 0.105941 0.433319 -0.025770 0.4902 0.3019 0.1843
v -0.107849 0.498230 -0.025770 0.4078 0.2588 0.1569
v 0.107849 0.498230 -0.025770 0.5686 0.3529 0.2157
v -0.102127 0.511597 -0.025770 0.4000 0.2471 0.1490
v -0.104034 0.511597 -0.025770 0.3961 0.2432 0.1412
v 0.102127 0.511597 -0.025770 0.5686 0.3568 0.2275
v 0.104034 0.511597 -0.025770 0.5686 0.3529 0.2235
v -0.052494 0.618469 -0.025770 0.4000 0.2392 0.1412
v 0.052494 0.618469 -0.025770 0.5412 0.3451 0.2235
v -0.046768 0.650940 -0.025770 0.4157 0.2471 0.1333
v 0.046768 0.650940 -0.025770 0.5176 0.3255 0.2078
v -0.083038 0.715881 -0.025770 0.3490 0.1882 0.0706
v 0.083038 0.715881 -0.025770 0.6157 0.4157 0.2745
v -0.144119 0.752136 -0.025770 0.5921 0.3765 0.2432
v 0.144119 0.752136 -0.025770 0.5490 0.3372 0.2118
v -0.090675 0.754028 -0.025770 0.2078 0.0863 0.0039
v 0.090675 0.754028 -0.025770 0.7333 0.5059 0.3490
v -0.098305 0.761658 -0.025770 0.2784 0.1176 0.0196
v 0.098305 0.761658 -0.025770 0.6276 0.3921 0.2392
v -0.170853 0.794128 -0.025770 0.6550 0.4392 0.2863
v 0.170853 0.794129 -0.025770 0.7764 0.5333 0.3725
v -0.088760 0.817017 -0.025770 0.6628 0.4667 0.3216
v 0.088760 0.817017 -0.025770 0.7804 0.5490 0.3882
v -0.073494 0.820862 -0.025770 0.5490 0.3568 0.2157
v 0.073494 0.820862 -0.025770 0.6745 0.4550 0.2980
v -0.044861 0.929688 -0.025770 0.0314 0.0196 0.0118
v 0.044861 0.929688 -0.025770 0.0471 0.0118 0.0000
v -0.107849 0.034363 -0.027679 0.4196 0.2667 0.1725
v 0.107849 0.034363 -0.027679 0.6354 0.4275 0.3019
v -0.109764 0.047730 -0.027679 0.4471 0.2902 0.2078
v 0.109764 0.047730 -0.027679 0.5333 0.3529 0.2392
v -0.073494 0.089722 -0.027679 0.5530 0.3490 0.2353
v 0.073494 0.089722 -0.027679 0.3686 0.1765 0.0824
v -0.105942 0.091644 -0.027679 0.4392 0.2823 0.1922
v 0.105942 0.091644 -0.027679 0.5804 0.3804 0.2588
v -0.105942 0.127899 -0.027679 0.4078 0.2588 0.1608
v 0.105942 0.127899 -0.027679 0.5530 0.3608 0.2432
v -0.054405 0.276795 -0.027679 0.5137 0.3176 0.2000
v 0.054405 0.276795 -0.027679 0.4039 0.2078 0.0902
v -0.094490 0.293976 -0.027679 0.3686 0.2275 0.1294
v 0.094490 0.293976 -0.027679 0.5373 0.3412 0.2196
v -0.096397 0.374146 -0.027679 0.4039 0.2432 0.1490
v 0.096397 0.374146 -0.027679 0.5019 0.3019 0.1804
v -0.000955 0.633789 -0.027679 0.4628 0.2980 0.1882
v -0.113579 0.757874 -0.027679 0.4471 0.2392 0.1137
v 0.113579 0.757874 -0.027679 0.5059 0.2863 0.1412
v -0.258667 0.782654 -0.027679 0.4863 0.3098 0.2000
v 0.258667 0.782654 -0.027679 0.6276 0.4039 0.2627
v -0.155579 0.797974 -0.027679 0.5608 0.3568 0.2118
v 0.155579 0.797974 -0.027679 0.7529 0.5137 0.3529
v -0.042950 0.902954 -0.027679 0.0627 0.0392 0.0196
v 0.042950 0.902954 -0.027679 0.0980 0.0549 0.0235
v -0.100219 0.007629 -0.029589 0.5176 0.3451 0.2549
v 0.100220 0.007630 -0.029589 0.5059 0.3333 0.2353
v -0.104034 0.047730 -0.029589 0.4275 0.2627 0.1686
v 0.104034 0.047730 -0.029589 0.5686 0.3725 0.2471
v -0.054405 0.164185 -0.029589 0.5725 0.3412 0.2039
v 0.054405 0.164185 -0.029589 0.3372 0.1569 0.0627
v -0.041042 0.215729 -0.029589 0.5843 0.3451 0.2000
v 0.041042 0.215729 -0.029589 0.3333 0.1490 0.0588
v -0.042950 0.305451 -0.029589 0.5176 0.3412 0.2275
v 0.042950 0.305451 -0.029589 0.4745 0.2667 0.1490
v -0.084945 0.313080 -0.029589 0.4353 0.2706 0.1725
v 0.084946 0.313080 -0.029589 0.4863 0.3059 0.1922
v -0.039131 0.324524 -0.029589 0.5294 0.3451 0.2392
v 0.039131 0.324524 -0.029589 0.4628 0.2667 0.1530
v -0.086853 0.332153 -0.029589 0.4550 0.2823 0.1765
v 0.086853 0.332153 -0.029589 0.5059 0.3255 0.2118
v -0.037224 0.345520 -0.029589 0.5137 0.3372 0.2235
v 0.037224 0.345520 -0.029589 0.4432 0.2510 0.1333
v -0.000955 0.612793 -0.029589 0.4589 0.2863 0.1765
v -0.037224 0.614685 -0.029589 0.4471 0.2745 0.1725
v 0.037224 0.614685 -0.029589 0.5137 0.3372 0.2235
v -0.035316 0.633789 -0.029589 0.4667 0.2941 0.1725
v 0.035316 0.633789 -0.029589 0.5294 0.3412 0.2314
v -0.048676 0.664307 -0.029589 0.4471 0.2784 0.1725
v 0.048676 0.664307 -0.029589 0.5059 0.3372 0.2235
v -0.256744 0.736878 -0.029589 0.5176 0.3412 0.2353
v 0.256744 0.736878 -0.029589 0.5255 0.3451 0.2392
v -0.201386 0.744507 -0.029589 0.4784 0.2863 0.1686
v 0.201385 0.744507 -0.029589 0.4667 0.2784 0.1725
v -0.182297 0.746399 -0.029589 0.4941 0.2863 0.1569
v 0.182297 0.746399 -0.029589 0.4941 0.2823 0.1725
v -0.128845 0.759766 -0.029589 0.5686 0.3490 0.2118
v 0.128845 0.759766 -0.029589 0.5373 0.3255 0.2000
v -0.289185 0.767395 -0.029589 0.5059 0.3216 0.2118
v 0.289185 0.767395 -0.029589 0.6000 0.3961 0.2745
v -0.104034 0.815125 -0.029589 0.6354 0.4314 0.2784
v 0.104034 0.815125 -0.029589 0.7725 0.5412 0.3882
v -0.027679 0.872375 -0.029589 0.0471 0.0314 0.0196
v 0.027679 0.872375 -0.029589 0.0745 0.0471 0.0275
v -0.044861 0.914368 -0.029589 0.0275 0.0157 0.0039
v 0.044861 0.914368 -0.029589 0.0745 0.0431 0.0157
v -0.081131 0.007629 -0.031498 0.6510 0.4353 0.3372
v 0.081131 0.007630 -0.031498 0.4667 0.3216 0.2196
v -0.100219 0.064911 -0.031498 0.4510 0.2745 0.1765
v -0.111671 0.064911 -0.031498 0.4628 0.2667 0.1530
v 0.100220 0.064911 -0.031498 0.5059 0.3255 0.2157
v 0.111671 0.064911 -0.031498 0.5373 0.3608 0.2510
v -0.079216 0.066834 -0.031498 0.5921 0.4039 0.2863
v 0.079216 0.066834 -0.031498 0.3765 0.2196 0.1294
v -0.044861 0.192810 -0.031498 0.5725 0.3372 0.2000
v 0.044861 0.192810 -0.031498 0.3216 0.1451 0.0510
v -0.113578 0.251984 -0.031498 0.3725 0.2314 0.1373
v 0.113579 0.251984 -0.031498 0.5608 0.3608 0.2392
v -0.050587 0.267273 -0.031498 0.5451 0.3333 0.2275
v 0.050587 0.267273 -0.031498 0.3921 0.1804 0.0706
v -0.054405 0.307343 -0.031498 0.4432 0.2706 0.1765
v 0.054405 0.307343 -0.031498 0.4550 0.2784 0.1686
v -0.062038 0.328339 -0.031498 0.4823 0.3137 0.2039
v 0.062038 0.328339 -0.031498 0.4784 0.3059 0.2078
v -0.016226 0.454315 -0.031498 0.4314 0.2549 0.1530
v 0.016226 0.454315 -0.031498 0.3490 0.1647 0.0627
v -0.054405 0.605103 -0.031498 0.3804 0.2314 0.1373
v 0.054405 0.605103 -0.031498 0.5098 0.3176 0.2000
v -0.000955 0.656677 -0.031498 0.4745 0.2863 0.1725
v -0.050587 0.664307 -0.031498 0.4432 0.2745 0.1765
v 0.050587 0.664307 -0.031498 0.5137 0.3412 0.2196
v -0.086853 0.733032 -0.031498 0.3372 0.1843 0.0824
v 0.086853 0.733032 -0.031498 0.6589 0.4432 0.3019
v -0.233841 0.740662 -0.031498 0.5059 0.3333 0.2157
v 0.233841 0.740662 -0.031498 0.4863 0.3059 0.2000
v -0.218567 0.742615 -0.031498 0.4980 0.3137 0.1961
v 0.218567 0.742615 -0.031498 0.4823 0.2980 0.1882
v -0.163208 0.746399 -0.031498 0.5137 0.3098 0.1804
v 0.163208 0.746399 -0.031498 0.5098 0.2980 0.1804
v -0.027679 0.855225 -0.031498 0.0275 0.0118 0.0039
v 0.027679 0.855225 -0.031498 0.0706 0.0353 0.0196
v -0.071586 0.013367 -0.033405 0.6706 0.4589 0.3412
v 0.071587 0.013367 -0.033405 0.4392 0.2745 0.1961
v -0.077309 0.049652 -0.033405 0.5764 0.3921 0.2627
v -0.098304 0.049652 -0.033405 0.4118 0.2627 0.1686
v 0.077309 0.049652 -0.033405 0.3294 0.1765 0.0784
v 0.098305 0.049652 -0.033405 0.5412 0.3451 0.2196
v -0.100219 0.091644 -0.033405 0.4550 0.2784 0.1804
v 0.100220 0.091644 -0.033405 0.5412 0.3490 0.2196
v -0.065857 0.124085 -0.033405 0.5530 0.3412 0.2196
v 0.065857 0.124085 -0.033405 0.3568 0.1765 0.0745
v -0.111671 0.167999 -0.033405 0.4118 0.2510 0.1608
v 0.111671 0.167999 -0.033405 0.5412 0.3568 0.2392
v -0.058220 0.288239 -0.033405 0.4941 0.3137 0.1922
v 0.058220 0.288269 -0.033405 0.4196 0.2471 0.1451
v -0.063949 0.309265 -0.033405 0.4745 0.3098 0.2118
v 0.063950 0.309265 -0.033405 0.4275 0.2588 0.1608
v -0.050587 0.326447 -0.033405 0.4902 0.3059 0.2000
v 0.050587 0.326447 -0.033405 0.4941 0.3137 0.1961
v -0.073494 0.330261 -0.033405 0.5137 0.3333 0.2157
v 0.073494 0.330261 -0.033405 0.4980 0.3412 0.2314
v -0.033405 0.366516 -0.033405 0.5098 0.3255 0.2235
v 0.033405 0.366516 -0.033405 0.4471 0.2392 0.1137
v -0.094490 0.393250 -0.033405 0.4118 0.2549 0.1530
v 0.094490 0.393250 -0.033405 0.4980 0.3019 0.1882
v -0.092582 0.412323 -0.033405 0.4157 0.2588 0.1608
v 0.092582 0.412323 -0.033405 0.4902 0.2980 0.1804
v -0.018135 0.433319 -0.033405 0.4667 0.2823 0.1804
v 0.018135 0.433319 -0.033405 0.3882 0.1804 0.0588
v -0.105941 0.452423 -0.033405 0.4471 0.2823 0.1843
v 0.105941 0.452423 -0.033405 0.5098 0.3255 0.2078
v -0.014317 0.477234 -0.033405 0.3451 0.1882 0.1059
v 0.014317 0.477234 -0.033405 0.2667 0.1137 0.0314
v -0.000954 0.496308 -0.033405 0.4706 0.3451 0.2706
v -0.039131 0.601318 -0.033405 0.4078 0.2392 0.1333
v 0.039131 0.601318 -0.033405 0.4823 0.3019 0.1922
v -0.035316 0.652832 -0.033405 0.4667 0.2863 0.1765
v 0.035316 0.652832 -0.033405 0.5216 0.3333 0.2078
v -0.289185 0.750244 -0.033405 0.5451 0.3568 0.2392
v 0.289185 0.750244 -0.033405 0.5961 0.3804 0.2706
v -0.086853 0.822754 -0.033405 0.6039 0.4078 0.2549
v 0.086853 0.822754 -0.033405 0.7059 0.4863 0.3294
v -0.031498 0.889587 -0.033405 0.0196 0.0039 0.0000
v 0.031498 0.889587 -0.033405 0.0863 0.0510 0.0314
v -0.027679 0.965942 -0.033405 0.0510 0.0353 0.0275
v 0.027679 0.965942 -0.033405 0.0588 0.0353 0.0196
v -0.111671 0.011475 -0.035316 0.5019 0.3059 0.2157
v 0.111671 0.011475 -0.035316 0.5216 0.3098 0.2000
v -0.067764 0.022919 -0.035316 0.6667 0.4471 0.3216
v 0.067764 0.022919 -0.035316 0.3882 0.2314 0.1451
v -0.115486 0.024811 -0.035316 0.4667 0.2941 0.2039
v 0.115486 0.024811 -0.035316 0.6706 0.4471 0.3333
v -0.073494 0.034363 -0.035316 0.6118 0.4157 0.2863
v 0.073494 0.034363 -0.035316 0.3490 0.1961 0.1137
v -0.075401 0.089722 -0.035316 0.5764 0.3804 0.2627
v 0.075401 0.089722 -0.035316 0.4000 0.2078 0.1020
v -0.119308 0.223358 -0.035316 0.4000 0.2549 0.1608
v 0.119308 0.223358 -0.035316 0.5490 0.3568 0.2353
v -0.100219 0.276795 -0.035316 0.3804 0.2314 0.1412
v 0.100219 0.276795 -0.035316 0.5373 0.3372 0.2157
v -0.086853 0.293976 -0.035316 0.4392 0.2627 0.1686
v 0.086853 0.293976 -0.035316 0.5176 0.3255 0.2118
v -0.075401 0.313080 -0.035316 0.4823 0.3176 0.2118
v 0.075401 0.313080 -0.035316 0.4784 0.3059 0.2000
v -0.086853 0.351257 -0.035316 0.4628 0.2823 0.1804
v 0.086853 0.351257 -0.035316 0.5137 0.3333 0.2196
v -0.021952 0.412323 -0.035317 0.4980 0.3137 0.2039
v 0.021952 0.412323 -0.035317 0.4157 0.1961 0.0784
v -0.025770 0.614685 -0.035316 0.4510 0.2823 0.1765
v 0.023861 0.614685 -0.035316 0.4941 0.3216 0.2157
v -0.010499 0.633789 -0.035316 0.4863 0.3098 0.2000
v -0.023861 0.633789 -0.035316 0.4863 0.3098 0.2078
v 0.010499 0.633789 -0.035316 0.4510 0.2902 0.1804
v 0.023861 0.633789 -0.035316 0.5098 0.3333 0.2196
v -0.056313 0.671936 -0.035316 0.7255 0.6785 0.6471
v 0.056313 0.671936 -0.035316 0.7059 0.6745 0.6471
v -0.054405 0.673828 -0.035316 0.7176 0.6785 0.6432
v 0.054405 0.673828 -0.035316 0.7137 0.6706 0.6432
v -0.146027 0.748291 -0.035316 0.5490 0.3333 0.2078
v 0.146027 0.748291 -0.035316 0.5137 0.3019 0.1882
v -0.237656 0.782654 -0.035316 0.4941 0.3216 0.2078
v 0.237656 0.782654 -0.035316 0.5961 0.4000 0.2823
v -0.209030 0.786499 -0.035316 0.5255 0.3451 0.2078
v -0.224289 0.786499 -0.035316 0.5059 0.3294 0.2039
v 0.209030 0.786499 -0.035316 0.6197 0.4039 0.2667
v 0.224289 0.786499 -0.035316 0.6039 0.4000 0.2706
v -0.123123 0.815125 -0.035316 0.5216 0.3412 0.2118
v 0.123123 0.815125 -0.035316 0.7255 0.4941 0.3372
v -0.035316 0.841858 -0.035316 0.0235 0.0039 0.0000
v 0.035316 0.841858 -0.035316 0.0902 0.0588 0.0275
v -0.037224 0.956360 -0.035316 0.0275 0.0235 0.0235
v 0.037224 0.956360 -0.035316 0.0431 0.0392 0.0118
v -0.000955 0.971680 -0.035316 0.0471 0.0196 0.0039
v -0.014317 0.971680 -0.035316 0.0157 0.0078 0.0000
v 0.014317 0.971680 -0.035316 0.0314 0.0157 0.0000
v -0.102127 0.127899 -0.037224 0.4314 0.2667 0.1530
v 0.102127 0.127899 -0.037224 0.5176 0.3294 0.2039
v -0.119308 0.198547 -0.037224 0.4078 0.2471 0.1490
v 0.119308 0.198547 -0.037224 0.5255 0.3412 0.2235
v -0.048676 0.246262 -0.037224 0.5176 0.3333 0.2196
v 0.048676 0.246262 -0.037224 0.3451 0.1608 0.0667
v -0.046768 0.345520 -0.037224 0.5176 0.3333 0.2196
v 0.046768 0.345520 -0.037224 0.5019 0.3255 0.2118
v -0.027680 0.389435 -0.037224 0.5019 0.3176 0.2078
v 0.027680 0.389435 -0.037224 0.4314 0.2118 0.0902
v -0.092582 0.431427 -0.037224 0.4353 0.2706 0.1725
v 0.092582 0.431427 -0.037224 0.4745 0.2902 0.1765
v -0.058220 0.593689 -0.037224 0.5686 0.4902 0.4392
v 0.058220 0.593689 -0.037224 0.6589 0.5608 0.5059
v -0.025770 0.599426 -0.037224 0.4275 0.2549 0.1373
v 0.025770 0.599426 -0.037224 0.4706 0.2980 0.1843
v -0.012408 0.614685 -0.037224 0.4745 0.3098 0.2039
v 0.012408 0.614685 -0.037224 0.4745 0.3019 0.1961
v -0.012408 0.654785 -0.037224 0.4863 0.3019 0.1922
v 0.012408 0.654785 -0.037224 0.4471 0.2863 0.1922
v -0.092583 0.748291 -0.037224 0.2549 0.1255 0.0431
v 0.092583 0.748291 -0.037224 0.6118 0.4157 0.2706
v -0.191849 0.790283 -0.037224 0.5530 0.3686 0.2235
v 0.191849 0.790283 -0.037224 0.6941 0.4550 0.3019
v -0.102127 0.820862 -0.037224 0.5608 0.3725 0.2314
v 0.102127 0.820862 -0.037224 0.7137 0.4745 0.3216
v -0.041042 0.834229 -0.037224 0.4000 0.3568 0.3255
v 0.041042 0.834228 -0.037224 0.4314 0.2980 0.2078
v -0.090675 0.007629 -0.039131 0.5333 0.3608 0.2627
v 0.090675 0.007630 -0.039131 0.4902 0.3294 0.2392
v -0.094490 0.066834 -0.039131 0.4235 0.2706 0.1843
v 0.094490 0.066834 -0.039131 0.5451 0.3608 0.2432
v -0.094490 0.091644 -0.039131 0.4550 0.2667 0.1725
v 0.094490 0.091644 -0.039131 0.5373 0.3568 0.2471
v -0.058220 0.164185 -0.039131 0.5255 0.3294 0.2275
v 0.058220 0.164185 -0.039131 0.3843 0.1882 0.0706
v 0.067764 0.290161 -0.039131 0.4432 0.2627 0.1686
v -0.060131 0.347443 -0.039131 0.4902 0.3176 0.2196
v 0.060131 0.347443 -0.039131 0.4980 0.3255 0.2118
v -0.073494 0.349335 -0.039131 0.4863 0.3255 0.2118
v 0.073494 0.349335 -0.039131 0.5137 0.3451 0.2314
v -0.084945 0.372253 -0.039131 0.4628 0.2941 0.1882
v 0.084946 0.372254 -0.039131 0.5059 0.3216 0.2078
v -0.105941 0.473419 -0.039131 0.4432 0.2784 0.1804
v 0.105941 0.473419 -0.039131 0.5098 0.3098 0.1882
v -0.075401 0.576477 -0.039131 0.4432 0.3059 0.2078
v 0.075401 0.576477 -0.039131 0.5961 0.4353 0.3216
v -0.060131 0.593689 -0.039131 0.5490 0.4745 0.4078
v 0.060131 0.593689 -0.039131 0.6589 0.5412 0.4628
v -0.000955 0.599426 -0.039131 0.4314 0.2667 0.1686
v -0.023861 0.652832 -0.039131 0.4863 0.3098 0.2000
v 0.023861 0.652832 -0.039131 0.4980 0.3216 0.2078
v -0.062038 0.681519 -0.039131 0.7137 0.6745 0.6315
v 0.062038 0.681519 -0.039131 0.6863 0.6471 0.6236
v -0.235748 0.746399 -0.039131 0.5333 0.3490 0.2353
v 0.235748 0.746399 -0.039131 0.5216 0.3294 0.2235
v -0.203293 0.748291 -0.039131 0.4941 0.3098 0.2000
v 0.203293 0.748291 -0.039131 0.4823 0.2980 0.1882
v -0.130753 0.752136 -0.039131 0.5294 0.3098 0.1922
v 0.130753 0.752136 -0.039131 0.4941 0.2902 0.1725
v -0.102127 0.755920 -0.039131 0.2863 0.1255 0.0314
v 0.102127 0.755921 -0.039131 0.4353 0.2392 0.1255
v -0.260559 0.771240 -0.039131 0.5176 0.3412 0.2196
v 0.260559 0.771240 -0.039131 0.6118 0.4157 0.2863
v -0.138397 0.805603 -0.039131 0.4353 0.2588 0.1451
v 0.138397 0.805603 -0.039131 0.6550 0.4353 0.2980
v -0.041042 0.944946 -0.039131 0.0235 0.0157 0.0078
v 0.041042 0.944946 -0.039131 0.0275 0.0078 0.0118
v -0.075401 0.011475 -0.041042 0.6118 0.4118 0.3098
v 0.075401 0.011475 -0.041042 0.4863 0.2902 0.1961
v -0.104034 0.036285 -0.041042 0.4471 0.2823 0.1882
v 0.104034 0.036286 -0.041042 0.6354 0.4118 0.2823
v -0.081131 0.066834 -0.041042 0.6236 0.4235 0.3059
v 0.081131 0.066834 -0.041042 0.3804 0.2314 0.1294
v -0.081131 0.091644 -0.041042 0.5647 0.3843 0.2706
v 0.081131 0.091644 -0.041042 0.4823 0.2941 0.1843
v -0.071586 0.126007 -0.041042 0.5333 0.3529 0.2510
v 0.071587 0.126007 -0.041042 0.4471 0.2432 0.1176
v -0.058220 0.269165 -0.041042 0.5019 0.3216 0.2196
v 0.058220 0.269165 -0.041042 0.4157 0.2196 0.1176
v -0.067764 0.290161 -0.041042 0.5137 0.3294 0.2196
v -0.077308 0.292084 -0.041042 0.5059 0.3294 0.2196
v 0.077309 0.292084 -0.041042 0.4980 0.3294 0.2196
v -0.008590 0.482971 -0.041042 0.3019 0.1725 0.0863
v 0.008590 0.482971 -0.041042 0.2314 0.1137 0.0471
v -0.012408 0.601318 -0.041042 0.4628 0.2784 0.1804
v 0.012408 0.601318 -0.041042 0.4589 0.2823 0.1922
v -0.037224 0.668152 -0.041042 0.4745 0.3059 0.2039
v 0.037224 0.668152 -0.041042 0.5216 0.3412 0.2235
v -0.000955 0.673828 -0.041042 0.4275 0.2549 0.1686
v -0.071587 0.698669 -0.041042 0.6589 0.6039 0.5686
v 0.071587 0.698669 -0.041042 0.7020 0.6354 0.6039
v -0.077309 0.713928 -0.041042 0.3882 0.2196 0.1098
v 0.077309 0.713928 -0.041042 0.5412 0.3412 0.2275
v -0.260559 0.744507 -0.041042 0.5490 0.3568 0.2353
v 0.260559 0.744507 -0.041042 0.5647 0.3529 0.2275
v -0.184204 0.746399 -0.041042 0.4941 0.3137 0.1961
v -0.220474 0.746399 -0.041042 0.5216 0.3372 0.2275
v 0.184204 0.746399 -0.041042 0.4863 0.3019 0.1882
v 0.220474 0.746399 -0.041042 0.5019 0.3255 0.2118
v -0.113579 0.754028 -0.041042 0.3804 0.2000 0.0980
v 0.113579 0.754028 -0.041042 0.4196 0.2235 0.1098
v -0.237656 0.775025 -0.041042 0.5059 0.3294 0.2157
v 0.237656 0.775025 -0.041042 0.6039 0.4078 0.2784
v -0.172760 0.796021 -0.041042 0.5451 0.3529 0.2157
v 0.172760 0.796021 -0.041042 0.6785 0.4510 0.3019
v -0.155579 0.797974 -0.041042 0.5098 0.3333 0.2039
v 0.155579 0.797974 -0.041042 0.6745 0.4471 0.3019
v -0.071587 0.815125 -0.041042 0.4863 0.3176 0.1843
v 0.071587 0.815125 -0.041042 0.5333 0.3529 0.2157
v -0.062038 0.820862 -0.041042 0.4118 0.2392 0.1216
v 0.062038 0.820862 -0.041042 0.4902 0.3019 0.1843
v -0.056313 0.824646 -0.041042 0.3921 0.2588 0.1530
v 0.056313 0.824646 -0.041042 0.6315 0.4353 0.3019
v -0.048676 0.828491 -0.041042 0.3647 0.2353 0.1608
v 0.048676 0.828491 -0.041042 0.6118 0.5216 0.4550
v -0.021952 0.870483 -0.041042 0.0902 0.0431 0.0235
v 0.021952 0.870483 -0.041042 0.0431 0.0196 0.0039
v -0.021952 0.880005 -0.041042 0.0275 0.0118 0.0039
v 0.021952 0.880005 -0.041042 0.0510 0.0157 0.0039
v -0.039131 0.901001 -0.041042 0.0314 0.0078 0.0039
v 0.039131 0.901001 -0.041042 0.0784 0.0431 0.0275
v -0.079216 0.051544 -0.042950 0.6236 0.4118 0.3019
v -0.094490 0.051544 -0.042950 0.4510 0.2863 0.1922
v 0.079216 0.051544 -0.042950 0.3804 0.2275 0.1373
v 0.094490 0.051544 -0.042950 0.6157 0.4118 0.2902
v -0.086853 0.066834 -0.042950 0.5530 0.3725 0.2706
v 0.086853 0.066834 -0.042950 0.5608 0.3647 0.2784
v -0.088760 0.091644 -0.042950 0.4980 0.3294 0.2275
v 0.088760 0.091644 -0.042950 0.5255 0.3451 0.2353
v -0.105941 0.167999 -0.042950 0.4392 0.2784 0.1686
v 0.105942 0.167999 -0.042950 0.5137 0.3216 0.2039
v -0.044861 0.217621 -0.042950 0.5412 0.3451 0.2275
v 0.044861 0.217621 -0.042950 0.3490 0.1530 0.0471
v -0.105941 0.251984 -0.042950 0.3882 0.2392 0.1412
v 0.105942 0.251984 -0.042950 0.5294 0.3412 0.2235
v -0.092582 0.274902 -0.042950 0.4392 0.2706 0.1686
v 0.092583 0.274902 -0.042950 0.5294 0.3490 0.2432
v -0.042950 0.368439 -0.042950 0.5255 0.3412 0.2118
v 0.042950 0.368439 -0.042950 0.4823 0.3059 0.1961
v -0.071586 0.370331 -0.042950 0.5019 0.3216 0.2196
v 0.071587 0.370331 -0.042950 0.5176 0.3372 0.2235
v -0.094490 0.448608 -0.042950 0.4510 0.2902 0.1804
v 0.094490 0.448609 -0.042950 0.4980 0.3098 0.1922
v -0.041042 0.589844 -0.042950 0.6197 0.5490 0.4941
v 0.041042 0.589844 -0.042950 0.6628 0.5843 0.5373
v -0.039131 0.668152 -0.042950 0.4784 0.3059 0.2039
v 0.039131 0.668152 -0.042950 0.5216 0.3372 0.2353
v -0.023861 0.671936 -0.042950 0.4941 0.3098 0.2039
v 0.023861 0.671936 -0.042950 0.4902 0.3098 0.2000
v -0.084946 0.731140 -0.042950 0.3961 0.2275 0.1137
v 0.084946 0.731140 -0.042950 0.5843 0.3882 0.2549
v -0.167023 0.746399 -0.042950 0.4980 0.3137 0.2039
v 0.167023 0.746399 -0.042950 0.4941 0.2980 0.1882
v -0.224289 0.776917 -0.042950 0.4902 0.3176 0.2078
v 0.224289 0.776917 -0.042950 0.5961 0.4000 0.2627
v -0.063950 0.822754 -0.042950 0.3961 0.2392 0.1373
v 0.063950 0.822754 -0.042950 0.5019 0.3137 0.1922
v -0.021952 0.853271 -0.042950 0.1098 0.0588 0.0275
v 0.021952 0.853271 -0.042950 0.0588 0.0431 0.0275
v -0.041042 0.931580 -0.042950 0.0118 0.0078 0.0118
v 0.041042 0.931580 -0.042950 0.0667 0.0235 0.0078
v -0.075401 0.036285 -0.044861 0.6276 0.4235 0.3019
v 0.075401 0.036286 -0.044861 0.3921 0.2235 0.1255
v -0.096397 0.126007 -0.044861 0.4392 0.2706 0.1569
v 0.096397 0.126007 -0.044861 0.5137 0.3529 0.2510
v -0.056312 0.368439 -0.044861 0.5059 0.3294 0.2078
v 0.056313 0.368439 -0.044861 0.4784 0.3019 0.1882
v -0.081131 0.559326 -0.044861 0.4078 0.2667 0.1725
v 0.081131 0.559326 -0.044861 0.5569 0.3725 0.2471
v -0.027679 0.587952 -0.044861 0.6197 0.5490 0.5019
v 0.027679 0.587952 -0.044861 0.6510 0.5921 0.5412
v -0.042950 0.591797 -0.044861 0.5804 0.5216 0.4628
v 0.042950 0.591797 -0.044861 0.6315 0.5647 0.5216
v -0.010499 0.671936 -0.044861 0.4902 0.3059 0.1961
v 0.010499 0.671936 -0.044861 0.4902 0.3059 0.2039
v -0.260559 0.759766 -0.044861 0.5373 0.3608 0.2471
v 0.260559 0.759766 -0.044861 0.6079 0.4078 0.2823
v -0.209030 0.778870 -0.044861 0.4902 0.3137 0.1961
v 0.209030 0.778870 -0.044861 0.5569 0.3686 0.2471
v -0.084946 0.818970 -0.044861 0.5059 0.3333 0.2039
v 0.084946 0.818970 -0.044861 0.5804 0.3765 0.2432
v -0.012408 0.870483 -0.044861 0.0118 0.0000 0.0039
v 0.012408 0.870483 -0.044861 0.0275 0.0078 0.0039
v -0.021952 0.889587 -0.044861 0.0039 0.0000 0.0000
v 0.021952 0.889587 -0.044861 0.0471 0.0196 0.0078
v -0.041042 0.916321 -0.044861 0.0235 0.0157 0.0118
v 0.041042 0.916321 -0.044861 0.0392 0.0275 0.0078
v -0.104034 0.013367 -0.046768 0.4980 0.3333 0.2471
v 0.104034 0.013367 -0.046768 0.5451 0.3647 0.2745
v -0.071586 0.022919 -0.046768 0.6276 0.4275 0.3216
v 0.071587 0.022919 -0.046768 0.4471 0.2549 0.1569
v -0.107849 0.024811 -0.046768 0.4510 0.2941 0.2078
v 0.107849 0.024811 -0.046768 0.6118 0.4039 0.2823
v -0.086853 0.051544 -0.046768 0.6000 0.4039 0.2863
v 0.086853 0.051544 -0.046768 0.5530 0.3608 0.2510
v -0.079216 0.126007 -0.046768 0.5373 0.3608 0.2510
v 0.079216 0.126007 -0.046768 0.4941 0.3137 0.2039
v -0.046768 0.192810 -0.046768 0.5412 0.3333 0.2118
v 0.046768 0.192810 -0.046768 0.3647 0.1725 0.0667
v -0.058220 0.246262 -0.046768 0.5059 0.3255 0.2235
v 0.058220 0.246262 -0.046768 0.4275 0.2314 0.1255
v -0.067764 0.271088 -0.046768 0.5098 0.3333 0.2118
v 0.067764 0.271088 -0.046768 0.4628 0.2823 0.1725
v -0.081131 0.414246 -0.046768 0.4510 0.2823 0.1804
v 0.081131 0.414246 -0.046768 0.5019 0.3216 0.2039
v -0.029589 0.435242 -0.046768 0.4823 0.2980 0.1882
v 0.029589 0.435242 -0.046768 0.4196 0.2392 0.1373
v -0.027679 0.456238 -0.046768 0.4314 0.2471 0.1490
v 0.027680 0.456238 -0.046768 0.3921 0.2196 0.1216
v -0.029589 0.473419 -0.046768 0.4157 0.2235 0.1294
v 0.029589 0.473419 -0.046768 0.3529 0.2000 0.1176
v -0.096397 0.494415 -0.046768 0.4196 0.2745 0.1725
v -0.098304 0.494415 -0.046768 0.4392 0.2823 0.1804
v 0.096397 0.494415 -0.046768 0.5216 0.3333 0.2039
v 0.098304 0.494415 -0.046768 0.5294 0.3333 0.2039
v -0.092582 0.509705 -0.046768 0.4118 0.2667 0.1686
v 0.092582 0.509705 -0.046768 0.5176 0.3255 0.2078
v -0.086853 0.532593 -0.046768 0.3921 0.2471 0.1490
v 0.086853 0.532593 -0.046768 0.5373 0.3216 0.2000
v -0.014317 0.587952 -0.046768 0.6197 0.5569 0.5019
v -0.027679 0.587952 -0.046768 0.6000 0.5451 0.5019
v 0.014317 0.587952 -0.046768 0.6745 0.5961 0.5373
v 0.027679 0.587952 -0.046768 0.6550 0.5725 0.5137
v -0.023861 0.670044 -0.046768 0.4745 0.3176 0.2000
v 0.023861 0.670044 -0.046768 0.4941 0.3294 0.2196
v -0.042950 0.677673 -0.046768 0.7137 0.6628 0.6432
v 0.042950 0.677673 -0.046768 0.6745 0.6550 0.6315
v -0.092583 0.744507 -0.046768 0.3568 0.1961 0.0980
v 0.092583 0.744507 -0.046768 0.5608 0.3568 0.2196
v -0.029589 0.839966 -0.046768 0.1333 0.0667 0.0353
v 0.029589 0.839966 -0.046768 0.1294 0.0902 0.0549
v -0.000955 0.851379 -0.046768 0.0196 0.0157 0.0078
v -0.012408 0.853271 -0.046768 0.0000 0.0000 0.0078
v 0.012408 0.853271 -0.046768 0.0235 0.0157 0.0196
v -0.000955 0.868591 -0.046768 0.0549 0.0314 0.0118
v -0.012408 0.880005 -0.046768 0.0000 0.0039 0.0000
v 0.012408 0.880005 -0.046768 0.0431 0.0118 0.0000
v -0.027679 0.958313 -0.046768 0.0275 0.0275 0.0196
v 0.027679 0.958313 -0.046768 0.0667 0.0471 0.0314
v -0.086853 0.013367 -0.048676 0.5255 0.3490 0.2588
v 0.086853 0.013367 -0.048676 0.5373 0.3294 0.2314
v -0.096397 0.038178 -0.048675 0.5098 0.3333 0.2353
v 0.096397 0.038178 -0.048675 0.6276 0.4196 0.2980
v -0.088760 0.126007 -0.048676 0.5098 0.3372 0.2314
v 0.088760 0.126007 -0.048675 0.5137 0.3451 0.2392
v -0.065857 0.164185 -0.048676 0.5176 0.3333 0.2314
v 0.065857 0.164185 -0.048676 0.4667 0.2745 0.1608
v -0.111671 0.223358 -0.048675 0.4000 0.2314 0.1333
v 0.111671 0.223358 -0.048675 0.5216 0.3255 0.2196
v -0.081131 0.272980 -0.048676 0.4980 0.3255 0.2078
v 0.081131 0.272980 -0.048675 0.5255 0.3490 0.2275
v -0.037224 0.391327 -0.048676 0.5176 0.3333 0.2196
v 0.037224 0.391327 -0.048676 0.4941 0.3098 0.1961
v -0.086853 0.393250 -0.048675 0.4353 0.2745 0.1686
v 0.086853 0.393250 -0.048675 0.5019 0.3333 0.2235
v -0.033405 0.414246 -0.048676 0.5098 0.3216 0.2118
v 0.033405 0.414246 -0.048676 0.4823 0.3059 0.1922
v -0.079216 0.431427 -0.048675 0.4432 0.2863 0.1725
v 0.079216 0.431427 -0.048675 0.4980 0.3176 0.2157
v -0.094490 0.465790 -0.048675 0.4667 0.3059 0.1961
v 0.094490 0.465790 -0.048675 0.4980 0.3098 0.1922
v -0.000955 0.587952 -0.048676 0.6393 0.5608 0.4941
v -0.010499 0.671936 -0.048676 0.4784 0.3059 0.2157
v 0.010499 0.671936 -0.048676 0.4784 0.3216 0.2235
v -0.000955 0.696777 -0.048676 0.6471 0.5608 0.4980
v -0.149841 0.746399 -0.048676 0.5019 0.3216 0.2118
v 0.149841 0.746399 -0.048676 0.4823 0.2941 0.1922
v -0.205200 0.752136 -0.048676 0.5373 0.3333 0.2157
v -0.237656 0.752136 -0.048676 0.5490 0.3647 0.2706
v 0.205200 0.752136 -0.048676 0.5333 0.3216 0.2000
v 0.237656 0.752136 -0.048675 0.5804 0.3804 0.2627
v -0.237656 0.767395 -0.048676 0.5255 0.3490 0.2275
v 0.237656 0.767395 -0.048675 0.6079 0.4118 0.2784
v -0.191849 0.784607 -0.048676 0.5019 0.3216 0.2118
v 0.191849 0.784607 -0.048676 0.5882 0.3961 0.2823
v -0.100220 0.818970 -0.048676 0.5059 0.3294 0.2039
v 0.100220 0.818970 -0.048676 0.6039 0.4000 0.2627
v -0.000955 0.880005 -0.048676 0.0392 0.0196 0.0118
v -0.096397 0.017181 -0.050587 0.5059 0.3451 0.2588
v 0.096397 0.017182 -0.050587 0.5333 0.3529 0.2667
v -0.098304 0.167999 -0.050587 0.4863 0.3059 0.2039
v 0.098305 0.167999 -0.050587 0.5294 0.3490 0.2314
v -0.113578 0.198547 -0.050587 0.4432 0.2627 0.1530
v 0.113579 0.198547 -0.050587 0.5294 0.3372 0.2157
v -0.079216 0.448608 -0.050587 0.4550 0.2823 0.1765
v 0.079216 0.448609 -0.050587 0.4784 0.2980 0.1882
v -0.025770 0.477234 -0.050587 0.3098 0.1490 0.0667
v 0.025770 0.477234 -0.050587 0.3255 0.1647 0.0980
v -0.000954 0.498230 -0.050587 0.4510 0.3372 0.2627
v -0.000955 0.587952 -0.050587 0.6393 0.5804 0.5294
v -0.014317 0.587952 -0.050587 0.6276 0.5686 0.5333
v 0.014317 0.587952 -0.050587 0.6393 0.5882 0.5451
v -0.048676 0.691040 -0.050587 0.6941 0.6315 0.6039
v 0.048676 0.691040 -0.050587 0.6667 0.6000 0.5569
v -0.186111 0.752136 -0.050587 0.5255 0.3255 0.2118
v 0.186111 0.752136 -0.050587 0.5255 0.3255 0.2039
v -0.207123 0.769287 -0.050587 0.5137 0.3372 0.2275
v -0.222382 0.769287 -0.050587 0.5412 0.3451 0.2353
v 0.207123 0.769287 -0.050587 0.5490 0.3568 0.2353
v 0.222382 0.769287 -0.050587 0.5647 0.3686 0.2432
v -0.035316 0.834229 -0.050587 0.4823 0.4471 0.4078
v 0.035316 0.834229 -0.050587 0.5373 0.4823 0.4392
v -0.023861 0.839966 -0.050587 0.0824 0.0235 0.0196
v 0.023861 0.839966 -0.050587 0.0745 0.0353 0.0118
v -0.012408 0.889587 -0.050587 0.0235 0.0039 0.0039
v 0.012408 0.889587 -0.050587 0.0392 0.0196 0.0078
v -0.014317 0.960205 -0.050587 0.0196 0.0157 0.0118
v 0.014317 0.960205 -0.050587 0.0784 0.0275 0.0118
v -0.098304 0.024811 -0.052494 0.5019 0.3372 0.2353
v 0.098305 0.024811 -0.052494 0.5647 0.3882 0.2823
v -0.084945 0.036285 -0.052494 0.5961 0.4039 0.2784
v 0.084946 0.036286 -0.052494 0.5373 0.3568 0.2392
v -0.075401 0.166077 -0.052494 0.5216 0.3451 0.2353
v 0.075401 0.166077 -0.052494 0.5059 0.3294 0.2039
v -0.096397 0.250092 -0.052494 0.4667 0.2902 0.1882
v 0.096397 0.250092 -0.052494 0.5333 0.3529 0.2314
v -0.052494 0.393250 -0.052494 0.4941 0.3176 0.2078
v 0.052494 0.393250 -0.052494 0.4902 0.3255 0.2157
v -0.069671 0.395142 -0.052494 0.4941 0.3176 0.2078
v 0.069672 0.395142 -0.052494 0.4941 0.3372 0.2196
v -0.094490 0.481049 -0.052494 0.4550 0.2941 0.1843
v 0.094490 0.481049 -0.052494 0.4941 0.3019 0.1882
v -0.062038 0.578430 -0.052494 0.5804 0.5059 0.4510
v 0.062038 0.578430 -0.052494 0.6157 0.5412 0.4823
v -0.132675 0.750244 -0.052494 0.4941 0.3059 0.1882
v -0.220474 0.750244 -0.052494 0.5059 0.3216 0.2039
v 0.132675 0.750244 -0.052494 0.4589 0.2784 0.1686
v 0.220474 0.750244 -0.052494 0.5294 0.3294 0.2078
v -0.100220 0.752136 -0.052494 0.3137 0.1569 0.0706
v 0.100220 0.752136 -0.052494 0.3882 0.2275 0.1255
v -0.239563 0.759766 -0.052494 0.5608 0.3804 0.2706
v 0.239563 0.759766 -0.052494 0.6000 0.4118 0.2980
v -0.189941 0.773132 -0.052494 0.5373 0.3568 0.2471
v 0.189941 0.773132 -0.052494 0.5569 0.3647 0.2510
v -0.136490 0.799866 -0.052494 0.4706 0.2902 0.1725
v 0.136490 0.799866 -0.052494 0.5843 0.3921 0.2706
v -0.121216 0.813232 -0.052494 0.4823 0.3176 0.2039
v 0.121216 0.813233 -0.052494 0.5961 0.4000 0.2745
v -0.000955 0.838013 -0.052494 0.0078 0.0078 0.0000
v -0.012408 0.838013 -0.052494 0.0275 0.0000 0.0000
v 0.012408 0.838013 -0.052494 0.1294 0.0863 0.0627
v -0.000955 0.889587 -0.052494 0.0235 0.0078 0.0039
v -0.027679 0.901001 -0.052494 0.0157 0.0039 0.0000
v 0.027679 0.901001 -0.052494 0.0431 0.0118 0.0000
v -0.029589 0.946838 -0.052494 0.0275 0.0118 0.0157
v 0.029589 0.946838 -0.052494 0.0431 0.0235 0.0196
v -0.000955 0.962097 -0.052494 0.0196 0.0078 0.0039
v -0.084945 0.022919 -0.054405 0.5647 0.3843 0.2863
v 0.084946 0.022919 -0.054405 0.5019 0.3372 0.2471
v -0.086853 0.166077 -0.054405 0.4980 0.3216 0.2157
v 0.086853 0.166077 -0.054405 0.4980 0.3333 0.2196
v -0.054405 0.219544 -0.054405 0.5176 0.3372 0.2235
v 0.054405 0.219544 -0.054405 0.4314 0.2510 0.1451
v -0.069671 0.248169 -0.054405 0.5255 0.3451 0.2432
v 0.069672 0.248169 -0.054405 0.4941 0.3137 0.2039
v -0.048675 0.414246 -0.054405 0.5059 0.3216 0.2039
v -0.065857 0.414246 -0.054405 0.4902 0.3137 0.2078
v 0.048676 0.414246 -0.054405 0.4902 0.3137 0.2039
v 0.065857 0.414246 -0.054405 0.5098 0.3333 0.2235
v -0.044861 0.435242 -0.054405 0.4863 0.3059 0.1922
v 0.044861 0.435242 -0.054405 0.4628 0.2902 0.1765
v -0.062038 0.463867 -0.054405 0.4235 0.2510 0.1451
v 0.062038 0.463867 -0.054405 0.4432 0.2706 0.1569
v -0.044861 0.469605 -0.054405 0.4275 0.2392 0.1373
v 0.044861 0.469605 -0.054405 0.3843 0.2353 0.1412
v -0.010499 0.694885 -0.054405 0.6550 0.5804 0.5412
v 0.010499 0.694885 -0.054405 0.6706 0.5961 0.5451
v -0.067764 0.719666 -0.054405 0.4941 0.3765 0.3019
v 0.067764 0.719666 -0.054405 0.5921 0.4863 0.4157
v -0.115486 0.750244 -0.054405 0.4078 0.2235 0.1255
v 0.115486 0.750244 -0.054405 0.4235 0.2432 0.1490
v -0.205200 0.761658 -0.054405 0.5764 0.3921 0.2941
v 0.205200 0.761658 -0.054405 0.5725 0.3882 0.2823
v -0.174667 0.790283 -0.054405 0.5098 0.3294 0.2118
v 0.174667 0.790283 -0.054405 0.6079 0.4118 0.2823
v -0.041042 0.826599 -0.054405 0.4039 0.2902 0.2078
v 0.041042 0.826599 -0.054405 0.5059 0.4078 0.3333
v -0.025770 0.832275 -0.054405 0.4510 0.4314 0.3882
v 0.025770 0.832275 -0.054405 0.5725 0.5255 0.4745
v -0.056312 0.194702 -0.056313 0.5098 0.3333 0.2353
v 0.056313 0.194702 -0.056313 0.4706 0.2784 0.1608
v -0.083038 0.250092 -0.056313 0.5059 0.3255 0.2235
v 0.083038 0.250092 -0.056313 0.5176 0.3412 0.2392
v -0.063949 0.433319 -0.056313 0.4745 0.3059 0.2039
v 0.063949 0.433319 -0.056313 0.4980 0.3176 0.2000
v -0.044861 0.454315 -0.056313 0.4589 0.2784 0.1765
v 0.044861 0.454315 -0.056313 0.4392 0.2706 0.1647
v -0.079216 0.463867 -0.056313 0.4432 0.2823 0.1725
v 0.079216 0.463867 -0.056313 0.4745 0.2902 0.1765
v -0.062038 0.706299 -0.056313 0.6863 0.6315 0.6039
v 0.062038 0.706299 -0.056313 0.6745 0.6157 0.5961
v -0.000955 0.719666 -0.056313 0.4550 0.2941 0.1961
v -0.088760 0.744507 -0.056313 0.4392 0.2588 0.1530
v 0.088760 0.744507 -0.056313 0.5294 0.3451 0.2157
v -0.168930 0.752136 -0.056313 0.5451 0.3333 0.2118
v 0.168930 0.752136 -0.056313 0.5294 0.3176 0.1922
v -0.222382 0.759766 -0.056313 0.5412 0.3608 0.2549
v 0.222382 0.759766 -0.056313 0.5451 0.3686 0.2588
v -0.188034 0.763611 -0.056313 0.5764 0.3961 0.2902
v 0.188034 0.763611 -0.056313 0.5725 0.3921 0.2784
v -0.155579 0.796021 -0.056313 0.5059 0.3294 0.2118
v 0.155579 0.796021 -0.056313 0.6236 0.4157 0.2745
v -0.067764 0.809387 -0.056313 0.4784 0.3216 0.2078
v 0.067764 0.809387 -0.056313 0.4823 0.3098 0.1882
v -0.058220 0.813232 -0.056313 0.4667 0.3059 0.1922
v 0.058220 0.813233 -0.056313 0.4432 0.2549 0.1373
v -0.000955 0.830383 -0.056313 0.5098 0.4275 0.3451
v -0.014317 0.830383 -0.056313 0.4432 0.3686 0.3216
v 0.014317 0.830383 -0.056313 0.4706 0.4000 0.3333
v -0.025770 0.832275 -0.056313 0.4784 0.4314 0.3725
v 0.025770 0.832276 -0.056313 0.5843 0.4980 0.4275
v -0.029589 0.916321 -0.056313 0.0235 0.0196 0.0118
v 0.029589 0.916321 -0.056313 0.0745 0.0275 0.0196
v -0.029589 0.931580 -0.056313 0.0353 0.0118 0.0118
v 0.029589 0.931580 -0.056313 0.0314 0.0078 0.0000
v -0.102127 0.198547 -0.058220 0.4902 0.3059 0.1882
v 0.102127 0.198547 -0.058220 0.5373 0.3568 0.2471
v -0.062038 0.450501 -0.058220 0.4784 0.3019 0.1961
v 0.062038 0.450501 -0.058220 0.4706 0.2941 0.1843
v -0.021952 0.479157 -0.058220 0.4589 0.3294 0.2432
v 0.021952 0.479157 -0.058220 0.3412 0.1961 0.1059
v -0.079216 0.731140 -0.058220 0.4510 0.2588 0.1294
v 0.079216 0.731140 -0.058220 0.5294 0.3333 0.2078
v -0.098305 0.809387 -0.058220 0.4863 0.3255 0.2157
v 0.098305 0.809387 -0.058220 0.5490 0.3608 0.2510
v -0.081131 0.811279 -0.058220 0.4823 0.3255 0.2196
v 0.081131 0.811279 -0.058220 0.4980 0.3294 0.2196
v -0.058220 0.815124 -0.058220 0.4550 0.2902 0.1765
v 0.058220 0.815125 -0.058220 0.4432 0.2863 0.1961
v -0.050587 0.818970 -0.058220 0.5921 0.5137 0.4667
v 0.050587 0.818970 -0.058220 0.5647 0.4980 0.4235
v -0.000955 0.820862 -0.058220 0.5098 0.3961 0.3019
v -0.014317 0.830383 -0.058220 0.4314 0.3490 0.2863
v 0.014317 0.830383 -0.058220 0.4628 0.3725 0.2980
v -0.071586 0.196625 -0.060131 0.5294 0.3451 0.2392
v 0.071587 0.196625 -0.060131 0.5059 0.3294 0.2118
v -0.100219 0.223358 -0.060131 0.4667 0.3019 0.2000
v 0.100219 0.223358 -0.060131 0.5333 0.3647 0.2392
v -0.081131 0.477234 -0.060131 0.4432 0.2784 0.1725
v 0.081131 0.477234 -0.060131 0.4432 0.2549 0.1608
v -0.027679 0.685303 -0.060131 0.6902 0.6510 0.6197
v 0.027679 0.685303 -0.060131 0.7137 0.6550 0.6197
v -0.029589 0.700562 -0.060131 0.6824 0.6118 0.5804
v 0.029589 0.700562 -0.060131 0.6902 0.6393 0.6000
v -0.151764 0.754028 -0.060131 0.5333 0.3412 0.2235
v 0.151764 0.754028 -0.060131 0.5294 0.3137 0.1961
v -0.170853 0.765503 -0.060131 0.5569 0.3843 0.2863
v 0.170853 0.765503 -0.060131 0.5569 0.3804 0.2627
v -0.172760 0.778870 -0.060131 0.5451 0.3647 0.2471
v 0.172760 0.778870 -0.060131 0.5843 0.3961 0.2627
v -0.000955 0.820862 -0.060131 0.5176 0.4078 0.3176
v -0.014317 0.820862 -0.060131 0.5294 0.4039 0.3137
v 0.014317 0.820862 -0.060131 0.5059 0.3921 0.3059
v -0.000955 0.948730 -0.060131 0.0196 0.0157 0.0078
v -0.016226 0.948730 -0.060131 0.0275 0.0039 0.0000
v 0.016226 0.948730 -0.060131 0.0235 0.0039 0.0000
v -0.086853 0.198547 -0.062038 0.5059 0.3216 0.2157
v 0.086853 0.198547 -0.062038 0.5294 0.3608 0.2510
v -0.069671 0.219544 -0.062038 0.5373 0.3568 0.2549
v 0.069672 0.219544 -0.062038 0.5019 0.3216 0.2118
v -0.042950 0.475311 -0.062038 0.3765 0.2039 0.1137
v -0.062038 0.475311 -0.062038 0.3961 0.2275 0.1333
v 0.042950 0.475311 -0.062038 0.3568 0.1961 0.1137
v 0.062038 0.475311 -0.062038 0.3882 0.2039 0.1059
v -0.067764 0.561218 -0.062038 0.5098 0.4039 0.3216
v -0.046768 0.578430 -0.062038 0.5804 0.5137 0.4550
v 0.046768 0.578430 -0.062038 0.6197 0.5333 0.4706
v -0.012408 0.715881 -0.062038 0.4784 0.3333 0.2353
v 0.012408 0.715881 -0.062038 0.4628 0.3255 0.2314
v -0.100220 0.755920 -0.062038 0.3961 0.2039 0.0941
v 0.100220 0.755921 -0.062038 0.4823 0.2863 0.1765
v -0.132675 0.790283 -0.062038 0.5098 0.3451 0.2275
v 0.132675 0.790283 -0.062038 0.5530 0.3647 0.2432
v -0.027679 0.822754 -0.062038 0.5059 0.3843 0.3019
v 0.027679 0.822754 -0.062038 0.5059 0.3921 0.3098
v -0.014317 0.902954 -0.062038 0.0314 0.0118 0.0078
v 0.014317 0.902954 -0.062038 0.0392 0.0118 0.0078
v -0.084945 0.221436 -0.063950 0.5176 0.3372 0.2353
v 0.084946 0.221436 -0.063950 0.5294 0.3568 0.2432
v -0.081131 0.490601 -0.063950 0.4628 0.2863 0.1804
v 0.081131 0.490601 -0.063950 0.4550 0.2784 0.1725
v 0.067764 0.561218 -0.063950 0.5608 0.4471 0.3647
v -0.115486 0.755920 -0.063950 0.4784 0.2823 0.1686
v -0.134583 0.755920 -0.063950 0.5255 0.3294 0.2118
v 0.115486 0.755921 -0.063950 0.4275 0.2353 0.1137
v 0.134583 0.755921 -0.063950 0.5019 0.2980 0.1725
v -0.000954 0.794128 -0.063950 0.5059 0.3725 0.2745
v -0.117394 0.799866 -0.063950 0.5098 0.3451 0.2314
v 0.117394 0.799866 -0.063950 0.5686 0.3921 0.2706
v -0.027679 0.822754 -0.063950 0.4902 0.3843 0.3098
v 0.027679 0.822754 -0.063950 0.5137 0.4039 0.3216
v -0.000955 0.902954 -0.063950 0.0314 0.0118 0.0078
v -0.016226 0.918213 -0.063950 0.0196 0.0118 0.0000
v 0.016226 0.918213 -0.063950 0.0235 0.0118 0.0000
v -0.016226 0.933472 -0.063950 0.0275 0.0118 0.0078
v 0.016226 0.933472 -0.063950 0.0157 0.0118 0.0039
v -0.081131 0.490601 -0.065857 0.4471 0.2902 0.1843
v 0.081131 0.490601 -0.065857 0.4510 0.2784 0.1765
v -0.000954 0.570801 -0.065857 0.5882 0.5569 0.5255
v 0.014317 0.570801 -0.065857 0.6236 0.5569 0.5137
v -0.014317 0.572693 -0.065857 0.6039 0.5608 0.5255
v -0.029589 0.574585 -0.065857 0.6118 0.5530 0.5137
v 0.029589 0.574585 -0.065857 0.6157 0.5530 0.5098
v -0.000955 0.742615 -0.065857 0.4784 0.3451 0.2432
v -0.086853 0.750244 -0.065857 0.4941 0.2941 0.1569
v 0.086853 0.750244 -0.065857 0.5216 0.3412 0.2314
v -0.098305 0.765503 -0.065857 0.5294 0.3451 0.2235
v 0.098305 0.765503 -0.065857 0.5019 0.3333 0.2235
v -0.153671 0.771240 -0.065857 0.5608 0.3843 0.2706
v 0.153671 0.771240 -0.065857 0.5569 0.3804 0.2588
v -0.096397 0.776917 -0.065857 0.5333 0.3568 0.2471
v -0.113579 0.776917 -0.065857 0.5412 0.3647 0.2471
v 0.096397 0.776917 -0.065857 0.5059 0.3294 0.2314
v 0.113579 0.776917 -0.065857 0.5333 0.3490 0.2353
v -0.115486 0.788391 -0.065857 0.5216 0.3529 0.2392
v -0.153671 0.788391 -0.065857 0.5686 0.3843 0.2627
v 0.115486 0.788391 -0.065857 0.5412 0.3608 0.2432
v 0.153671 0.788391 -0.065857 0.6039 0.4078 0.2863
v -0.065857 0.799866 -0.065857 0.5098 0.3412 0.2196
v 0.065857 0.799866 -0.065857 0.4980 0.3176 0.2078
v -0.052494 0.801758 -0.065857 0.4823 0.3255 0.2118
v 0.052494 0.801758 -0.065857 0.5725 0.4784 0.4078
v -0.000955 0.933472 -0.065857 0.0157 0.0118 0.0039
v -0.000954 0.503967 -0.067764 0.5725 0.4980 0.4510
v -0.071586 0.547852 -0.067764 0.4823 0.3568 0.2667
v 0.071586 0.547852 -0.067764 0.5490 0.4118 0.3176
v -0.037224 0.713928 -0.067764 0.6785 0.6079 0.5608
v 0.037224 0.713928 -0.067764 0.4628 0.3647 0.2941
v -0.063950 0.784607 -0.067764 0.5412 0.3725 0.2588
v 0.063950 0.784607 -0.067764 0.5451 0.3686 0.2549
v -0.012408 0.794128 -0.067764 0.5137 0.3804 0.2823
v 0.012408 0.794128 -0.067764 0.4941 0.3725 0.2823
v -0.079216 0.799866 -0.067764 0.5373 0.3608 0.2392
v 0.079216 0.799866 -0.067764 0.5373 0.3568 0.2353
v -0.098305 0.801758 -0.067764 0.5412 0.3647 0.2549
v 0.098305 0.801758 -0.067764 0.5764 0.3882 0.2706
v -0.052494 0.803650 -0.067764 0.4628 0.3255 0.2078
v 0.052494 0.803650 -0.067764 0.6079 0.5412 0.4941
v -0.000955 0.918213 -0.067764 0.0235 0.0078 0.0000
v -0.079216 0.505859 -0.069672 0.4550 0.2980 0.1961
v 0.079216 0.505859 -0.069672 0.5098 0.3294 0.2157
v -0.060131 0.731140 -0.069672 0.6118 0.5294 0.4745
v 0.060131 0.731140 -0.069672 0.6589 0.5961 0.5490
v -0.071587 0.740662 -0.069672 0.5059 0.3490 0.2392
v 0.071587 0.740662 -0.069672 0.5451 0.3647 0.2353
v -0.113579 0.767395 -0.069672 0.5530 0.3804 0.2745
v -0.134583 0.767395 -0.069672 0.5412 0.3765 0.2745
v 0.113579 0.767395 -0.069672 0.5333 0.3608 0.2432
v 0.134583 0.767395 -0.069672 0.5490 0.3882 0.2784
v -0.000954 0.769287 -0.069672 0.5137 0.3843 0.2784
v -0.132675 0.778870 -0.069672 0.5647 0.3921 0.2667
v 0.132675 0.778870 -0.069672 0.5569 0.3804 0.2667
v -0.042950 0.809387 -0.069672 0.6354 0.5569 0.4902
v 0.042950 0.809387 -0.069672 0.4980 0.3882 0.3098
v -0.041042 0.477234 -0.071587 0.3647 0.1922 0.1137
v 0.041042 0.477234 -0.071587 0.3765 0.2039 0.1216
v -0.041042 0.479157 -0.071587 0.3568 0.1804 0.0980
v 0.041042 0.479157 -0.071587 0.5608 0.3921 0.2941
v -0.016226 0.486786 -0.071587 0.5530 0.4432 0.3647
v 0.016226 0.486786 -0.071587 0.6000 0.4823 0.3961
v -0.075401 0.532593 -0.071587 0.4471 0.3059 0.2118
v 0.075401 0.532593 -0.071587 0.5255 0.3765 0.2745
v -0.060131 0.729187 -0.071587 0.7098 0.6589 0.6118
v 0.060131 0.729187 -0.071587 0.6276 0.5608 0.4902
v -0.083038 0.761658 -0.071587 0.5412 0.3686 0.2549
v 0.083038 0.761658 -0.071587 0.5255 0.3568 0.2432
v -0.079216 0.773132 -0.071587 0.5530 0.3765 0.2549
v 0.079216 0.773132 -0.071587 0.5451 0.3725 0.2627
v -0.048676 0.786499 -0.071587 0.5059 0.3372 0.2196
v -0.079216 0.786499 -0.071587 0.5608 0.3804 0.2588
v 0.048676 0.786499 -0.071587 0.6628 0.5764 0.5098
v 0.079216 0.786499 -0.071587 0.5569 0.3804 0.2588
v -0.098305 0.788391 -0.071587 0.5255 0.3568 0.2471
v 0.098305 0.788391 -0.071587 0.5294 0.3529 0.2510
v -0.062038 0.484863 -0.073494 0.4392 0.2706 0.1686
v 0.062038 0.484863 -0.073494 0.4471 0.2784 0.1765
v -0.050587 0.721558 -0.073494 0.6589 0.6039 0.5725
v 0.050587 0.721558 -0.073494 0.6550 0.6197 0.5882
v -0.012408 0.740662 -0.073494 0.4941 0.3529 0.2549
v 0.012408 0.740662 -0.073494 0.5098 0.3568 0.2588
v -0.012408 0.769287 -0.073494 0.5255 0.3921 0.2941
v 0.012408 0.769287 -0.073494 0.5176 0.3843 0.2902
v -0.048676 0.788391 -0.073494 0.4628 0.3137 0.2157
v 0.048676 0.788391 -0.073494 0.6432 0.5804 0.5216
v -0.023861 0.794129 -0.073494 0.5255 0.4000 0.3098
v 0.023861 0.794128 -0.073494 0.5216 0.3961 0.3176
v -0.062038 0.482971 -0.075401 0.4353 0.2549 0.1569
v 0.062038 0.482971 -0.075401 0.4078 0.2275 0.1216
v -0.050587 0.561218 -0.075401 0.5686 0.4902 0.4353
v 0.050587 0.561218 -0.075401 0.6079 0.5255 0.4667
v -0.065857 0.754028 -0.075401 0.5530 0.3843 0.2627
v 0.065857 0.754028 -0.075401 0.5490 0.3765 0.2627
v -0.000954 0.517334 -0.077309 0.5882 0.5412 0.4863
v -0.000955 0.553589 -0.077309 0.6157 0.5530 0.5098
v -0.025770 0.740662 -0.077309 0.5530 0.4039 0.3137
v 0.025770 0.740662 -0.077309 0.5216 0.3882 0.2941
v -0.052494 0.748291 -0.077309 0.4628 0.3137 0.2314
v 0.052494 0.748291 -0.077309 0.6785 0.6157 0.5725
v -0.063950 0.771240 -0.077309 0.5686 0.3961 0.2784
v 0.063950 0.771240 -0.077309 0.5647 0.3765 0.2549
v -0.037224 0.792236 -0.077309 0.5373 0.4353 0.3529
v 0.037224 0.792236 -0.077309 0.5490 0.4275 0.3490
v -0.039131 0.744507 -0.079216 0.5412 0.4118 0.3333
v 0.039131 0.744507 -0.079216 0.5490 0.4196 0.3294
v -0.052494 0.748291 -0.079216 0.4941 0.3647 0.3019
v 0.052494 0.748291 -0.079216 0.6902 0.6236 0.5686
v -0.048676 0.769287 -0.079216 0.4863 0.3098 0.1922
v 0.048676 0.769287 -0.079216 0.6902 0.6393 0.6079
v -0.000954 0.534485 -0.081131 0.6236 0.5647 0.5176
v -0.016226 0.553589 -0.081131 0.6118 0.5569 0.5216
v 0.016226 0.553589 -0.081131 0.6079 0.5530 0.5059
v -0.031498 0.557434 -0.081131 0.6000 0.5451 0.5059
v 0.031498 0.557434 -0.081131 0.6079 0.5333 0.4745
v -0.023861 0.769287 -0.081131 0.5569 0.4314 0.3412
v -0.035316 0.769287 -0.081131 0.5569 0.4235 0.3372
v -0.048676 0.769287 -0.081131 0.4432 0.2980 0.2039
v 0.023861 0.769287 -0.081131 0.5451 0.4118 0.3216
v 0.035316 0.769287 -0.081131 0.5451 0.4353 0.3490
v 0.048676 0.769287 -0.081131 0.6902 0.6393 0.6000
v -0.014317 0.500122 -0.083038 0.5882 0.5137 0.4550
v 0.014317 0.500122 -0.083038 0.6118 0.5569 0.5098
v -0.037224 0.488678 -0.084946 0.5490 0.4471 0.3765
v 0.037224 0.488678 -0.084946 0.5843 0.4941 0.4353
v -0.060131 0.496307 -0.084946 0.4902 0.3647 0.2745
v 0.060131 0.496307 -0.084946 0.5569 0.4314 0.3529
v -0.052494 0.544068 -0.084946 0.5647 0.4784 0.4078
v 0.052494 0.544068 -0.084946 0.5843 0.4902 0.4275
v -0.058220 0.511597 -0.088760 0.5333 0.4157 0.3333
v 0.058220 0.511597 -0.088760 0.5608 0.4628 0.3882
v -0.014316 0.517334 -0.088760 0.6039 0.5412 0.4980
v 0.014317 0.517334 -0.088760 0.6315 0.5686 0.5294
v -0.056312 0.526856 -0.088760 0.5490 0.4392 0.3647
v 0.056312 0.526856 -0.088760 0.5764 0.4823 0.4196
v -0.014317 0.536438 -0.088760 0.6197 0.5608 0.5333
v 0.014317 0.536438 -0.088760 0.6276 0.5647 0.5294
v -0.033405 0.540222 -0.090675 0.5921 0.5294 0.4745
v 0.033405 0.540222 -0.090675 0.6000 0.5333 0.4902
v -0.035316 0.503967 -0.092583 0.5804 0.4980 0.4432
v 0.035316 0.503967 -0.092583 0.5961 0.5176 0.4667
v -0.033405 0.521118 -0.094490 0.5882 0.5176 0.4628
v 0.033405 0.521118 -0.094490 0.6079 0.5451 0.4863
s 1
f 2629 2512 2508
f 2512 2629 2562
f 2562 2629 2631
f 2631 2629 2668
f 2562 2631 2514
f 2562 2514 2444
f 2444 2514 2446
f 2446 2514 2392
f 2446 2392 2394
f 2444 2446 2350
f 2446 2394 2448
f 2446 2448 2350
f 2350 2448 2352
f 2352 2448 2484
f 2484 2448 2564
f 2484 2564 2670
f 2484 2670 2601
f 2508 2512 2271
f 2271 2512 2275
f 2271 2275 1942
f 1942 2275 1944
f 1942 1944 33
f 33 1944 35
f 33 35 443
f 2348 2599 2508
f 2508 2599 2629
f 2599 2348 2560
f 2629 2599 2668
f 2668 2599 2560
f 2508 2271 2150
f 2508 2150 2348
f 2150 2271 1861
f 2560 2348 2388
f 2388 2348 2191
f 2191 2348 2150
f 2388 2191 2226
f 2226 2191 2093
f 2191 2150 1968
f 2191 1968 2093
f 1968 2150 1861
f 2093 1968 1810
f 1810 1968 1720
f 1720 1968 1861
f 1810 1720 4
f 33 1861 1942
f 1861 33 90
f 1861 90 1720
f 90 33 441
f 1720 90 223
f 223 90 537
f 4 1720 309
f 309 1720 223
f 4 309 380
f 4 380 6
f 6 380 496
f 223 537 617
f 223 617 309
f 617 537 890
f 617 890 941
f 941 890 1120
f 617 941 1014
f 1120 890 1069
f 1120 1069 1191
f 1191 1069 1193
f 1120 1191 1235
f 617 1014 685
f 617 685 309
f 309 685 776
f 685 1014 1118
f 685 1118 776
f 776 1118 892
f 892 1118 1312
f 1312 1118 1292
f 1312 1292 1412
f 1312 1412 1435
f 1435 1412 1487
f 1487 1412 1482
f 1482 1412 1418
f 2390 2275 2512
f 2390 2512 2562
f 2390 2562 2444
f 2275 2390 2125
f 2275 2125 1944
f 2125 2390 2152
f 2152 2390 2230
f 2230 2390 2444
f 2230 2444 2350
f 1944 2125 1894
f 1944 1894 35
f 35 1894 46
f 46 1894 1520
f 35 46 539
f 35 539 443
f 539 46 264
f 264 46 1520
f 264 1520 48
f 48 1520 1722
f 443 539 896
f 443 896 441
f 443 441 33
f 2271 1942 1861
f 2510 2668 2560
f 2668 2510 2631
f 2510 2560 2388
f 2510 2388 2273
f 2273 2388 2226
f 2482 2631 2510
f 2631 2482 2443
f 2631 2443 2514
f 2514 2443 2392
f 1896 1894 2125
f 1896 2125 2127
f 1896 2127 1970
f 1970 2127 2195
f 1896 1970 1520
f 2152 2127 2125
f 2510 2273 2277
f 2277 2482 2510
f 2482 2277 2229
f 2482 2229 2443
f 2443 2229 2197
f 2443 2197 2392
f 2229 2277 2061
f 2061 2277 2059
f 2059 2277 2273
f 2059 2273 2017
f 2059 2017 1812
f 1812 2017 1774
f 1812 1774 1519
f 2017 2273 2226
f 2017 2226 2093
f 2017 2093 1774
f 1774 2093 1810
f 1774 1810 6
f 6 1810 4
f 1774 6 1519
f 1519 6 262
f 262 6 496
f 262 496 498
f 498 496 727
f 262 498 179
f 1519 262 1548
f 1519 1548 1812
f 1622 1548 179
f 1622 179 92
f 1548 1622 1863
f 1548 1863 1812
f 1812 1863 2059
f 1863 2061 2059
f 2061 1863 1898
f 1898 1863 1622
f 2061 1898 2063
f 2061 2063 2229
f 2063 1898 2129
f 2229 2063 2197
f 2197 2063 2129
f 2197 2129 2279
f 2197 2279 2392
f 2279 2129 2234
f 2392 2279 2394
f 2394 2279 2396
f 2396 2279 2234
f 2394 2396 2516
f 2396 2234 2354
f 2354 2234 2154
f 2354 2154 2199
f 2396 2354 2566
f 2396 2566 2516
f 2516 2566 2633
f 2566 2354 2518
f 2566 2518 2700
f 2452 2518 2199
f 2518 2452 2700
f 2452 2199 2156
f 2700 2452 2672
f 2700 2672 2779
f 2194 2152 2230
f 2152 2194 2195
f 2195 2194 2232
f 2230 2350 2194
f 2194 2350 2232
f 2232 2350 2352
f 2232 2352 2320
f 2320 2352 2484
f 2232 2320 2131
f 2320 2484 2450
f 2450 2484 2601
f 2450 2601 2603
f 2450 2603 2322
f 2322 2603 2281
f 2322 2281 2023
f 2322 2023 2021
f 2450 2322 2236
f 2236 2322 2021
f 2450 2236 2320
f 2236 2021 2019
f 2320 2236 2133
f 2133 2236 2019
f 2320 2133 2131
f 2133 2019 1816
f 2133 1816 2131
f 2131 1816 1814
f 2131 1814 1722
f 1814 1816 1554
f 1554 1816 1778
f 2127 2152 2195
f 1894 1896 1520
f 441 537 90
f 776 380 309
f 1520 1970 1722
f 1722 1970 2131
f 2195 2232 2131
f 2195 2131 1970
f 1722 1814 1552
f 1722 1552 48
f 1552 1814 1554
f 48 1552 183
f 48 183 264
f 183 1552 96
f 96 1552 1554
f 264 183 445
f 264 445 539
f 539 445 729
f 96 1554 100
f 100 1554 37
f 100 37 187
f 37 1554 1778
f 187 37 102
f 102 37 1778
f 187 102 270
f 1816 2019 1778
f 1778 2019 1724
f 1778 1724 102
f 1724 2019 2021
f 1724 2021 2023
f 1724 2023 1666
f 1724 1666 102
f 1666 2023 1948
f 148 270 102
f 148 102 1666
f 270 148 313
f 1666 1948 1630
f 1666 1630 148
f 1630 1948 1818
f 1818 1948 2065
f 1818 2065 1904
f 313 148 150
f 150 148 1630
f 313 150 315
f 150 1630 1502
f 315 150 189
f 189 150 1502
f 315 189 317
f 317 189 229
f 189 1502 50
f 189 50 229
f 50 1502 1672
f 50 1672 1558
f 229 50 191
f 191 50 1558
f 229 191 356
f 191 1558 52
f 52 1558 1730
f 52 1730 1560
f 191 52 276
f 191 276 356
f 356 276 455
f 356 455 574
f 356 574 453
f 610 317 453
f 610 453 574
f 610 574 648
f 648 574 778
f 574 455 619
f 574 619 778
f 619 455 652
f 778 619 780
f 780 619 652
f 780 652 782
f 782 652 819
f 780 782 902
f 902 782 943
f 1946 2129 1898
f 1946 1898 1622
f 1946 1622 1550
f 1550 1622 92
f 1946 1550 1624
f 1550 92 94
f 1550 94 1624
f 1624 94 99
f 1548 262 179
f 179 498 346
f 179 346 181
f 346 498 570
f 570 498 727
f 570 727 899
f 899 727 1242
f 1242 727 1077
f 1077 727 496
f 1077 496 892
f 1242 1077 1370
f 1242 1370 1393
f 1393 1370 1461
f 1393 1461 1475
f 1475 1461 1493
f 1475 1493 1495
f 179 181 92
f 92 181 94
f 94 181 266
f 2448 2394 2564
f 2564 2394 2516
f 2564 2516 2670
f 2670 2516 2633
f 2670 2633 2777
f 2670 2777 2601
f 2601 2777 2736
f 2601 2736 2603
f 2777 2633 2755
f 2755 2633 2700
f 2700 2633 2566
f 2129 1946 1972
f 1972 2234 2129
f 2234 1972 2154
f 1624 1972 1946
f 1972 1624 1776
f 2154 1972 1974
f 1974 1972 1776
f 2154 1974 2199
f 1974 1776 1900
f 1974 1900 2199
f 2199 1900 2156
f 1900 1776 1626
f 2156 1900 1902
f 1902 1900 1626
f 1902 1626 1628
f 146 1556 1624
f 146 1624 99
f 1556 146 268
f 1556 268 8
f 8 268 311
f 8 311 10
f 10 311 272
f 10 272 12
f 12 272 227
f 227 272 354
f 227 354 274
f 274 354 451
f 451 354 448
f 274 451 541
f 274 541 319
f 1668 12 104
f 1668 104 1670
f 1668 1670 1976
f 1670 104 106
f 1670 106 1726
f 1670 1726 1978
f 1726 106 108
f 108 106 319
f 1726 108 1728
f 1728 108 152
f 1728 152 1674
f 1674 152 1632
f 1632 152 193
f 152 108 358
f 358 108 319
f 193 152 457
f 457 152 358
f 193 457 543
f 543 457 650
f 650 457 358
f 543 650 735
f 735 650 857
f 857 650 576
f 576 650 358
f 576 358 319
f 576 319 541
f 576 541 731
f 1624 1556 1776
f 1776 1556 1626
f 1626 1556 8
f 1626 8 1628
f 1628 8 10
f 1628 10 1668
f 1668 10 12
f 266 144 94
f 99 94 144
f 183 96 144
f 144 96 185
f 144 185 99
f 185 96 100
f 185 100 187
f 99 185 225
f 225 185 187
f 99 225 146
f 225 187 270
f 146 225 348
f 348 225 270
f 146 348 268
f 348 270 313
f 268 348 350
f 350 348 313
f 268 350 311
f 350 313 315
f 311 350 352
f 352 350 315
f 352 315 317
f 311 352 272
f 272 352 448
f 272 448 354
f 448 352 449
f 448 449 572
f 572 449 610
f 448 572 451
f 572 610 646
f 572 646 451
f 451 646 541
f 646 610 648
f 541 646 731
f 731 646 648
f 731 648 778
f 731 778 733
f 733 778 780
f 731 733 576
f 733 780 902
f 576 733 857
f 857 733 902
f 857 902 904
f 857 904 735
f 735 904 821
f 904 902 943
f 821 904 945
f 945 904 943
f 821 945 859
f 859 945 1018
f 859 1018 1020
f 945 943 975
f 945 975 1018
f 975 943 819
f 819 943 782
f 1018 975 1124
f 1020 1018 1163
f 1163 1018 1124
f 1020 1163 1081
f 1081 1163 1245
f 1081 1245 1083
f 1083 1245 1209
f 1245 1163 1205
f 1205 1163 1124
f 1209 1245 1246
f 1246 1245 1205
f 1209 1246 1211
f 1211 1246 1207
f 1207 1246 1205
f 1211 1207 1126
f 1207 1205 1164
f 1164 1205 1124
f 1164 1124 1079
f 947 977 1079
f 947 1079 906
f 1079 1124 973
f 1079 973 906
f 973 1124 975
f 906 973 784
f 973 975 819
f 973 819 784
f 784 819 652
f 445 183 405
f 405 183 266
f 405 266 181
f 405 181 346
f 405 346 570
f 445 405 608
f 608 405 570
f 445 608 729
f 608 570 899
f 729 608 900
f 900 608 899
f 144 266 183
f 2755 2798 2777
f 2779 2755 2700
f 2755 2779 2798
f 2777 2798 2757
f 2777 2757 2736
f 2736 2757 2603
f 2757 2798 2635
f 2798 2779 2702
f 2798 2702 2635
f 2702 2779 2674
f 2635 2702 2570
f 2570 2702 2674
f 2635 2570 2456
f 2570 2674 2522
f 2456 2570 2401
f 2401 2570 2522
f 2401 2522 2355
f 2456 2401 2285
f 2401 2355 2240
f 2285 2401 2287
f 2287 2401 2240
f 2285 2287 2160
f 2160 2287 2244
f 2160 2244 2164
f 2244 2287 2207
f 2207 2287 2240
f 2207 2240 2205
f 2205 2240 2238
f 2207 2205 2242
f 2757 2568 2603
f 2568 2757 2635
f 2603 2568 2281
f 2568 2635 2454
f 2568 2454 2281
f 2454 2635 2456
f 2281 2454 2201
f 2281 2201 2023
f 2023 2201 1948
f 1948 2201 2065
f 2201 2454 2283
f 2283 2454 2456
f 2201 2283 2065
f 2283 2456 2285
f 2065 2283 2137
f 2137 2283 2285
f 2065 2137 1904
f 2137 2285 2160
f 1904 2137 2025
f 2025 2137 2160
f 2779 2672 2674
f 2674 2672 2520
f 2520 2672 2452
f 2674 2520 2522
f 2522 2520 2398
f 2522 2398 2355
f 2355 2398 2238
f 2199 2518 2354
f 1630 1818 1502
f 1502 1818 1672
f 1672 1818 1904
f 2452 2156 2324
f 2324 2156 1976
f 1976 2156 1902
f 2324 1976 2203
f 1976 1902 1668
f 1668 1902 1628
f 2203 1976 1978
f 1978 1976 1670
f 2203 1978 2135
f 2203 2135 2238
f 2324 2520 2452
f 2520 2324 2398
f 2398 2324 2203
f 2398 2203 2238
f 2355 2238 2240
f 2025 2160 2164
f 2025 2164 1986
f 2025 1986 1865
f 2025 1865 1904
f 1904 1865 1672
f 1672 1865 1558
f 1986 2164 2027
f 1986 2027 1730
f 2027 2164 2289
f 2027 2289 2139
f 2139 2289 2361
f 2139 2361 2248
f 2248 2361 2574
f 2139 2248 1906
f 2027 2139 1732
f 1732 2139 1906
f 2027 1732 1560
f 231 52 1560
f 231 1560 39
f 39 1560 1732
f 231 39 278
f 39 1732 1564
f 39 1564 278
f 1564 1732 1906
f 278 1564 282
f 1564 1906 2029
f 2029 1906 2250
f 282 1564 1734
f 1734 1564 2029
f 545 282 547
f 547 282 195
f 195 282 1734
f 547 195 500
f 195 1734 1820
f 195 1820 110
f 1734 2029 2097
f 1734 2097 1820
f 2097 2029 2330
f 2330 2029 2250
f 2330 2250 2578
f 2578 2250 2524
f 2330 2578 2605
f 2097 2330 2462
f 2097 2462 2254
f 2097 2254 1820
f 2254 2462 2580
f 2254 2580 2363
f 2363 2580 2641
f 1820 2254 1908
f 1908 2254 2363
f 1820 1908 110
f 1908 2363 2031
f 110 1908 56
f 56 1908 2031
f 2238 2135 2095
f 2238 2095 2205
f 2095 2135 1978
f 2095 1978 1980
f 1980 1978 1726
f 2095 1980 2158
f 1980 1726 1728
f 2158 1980 1982
f 1982 1980 1728
f 2158 1982 2162
f 1982 1728 1674
f 2162 1982 1984
f 1984 1982 1674
f 2162 1984 2166
f 1984 1674 1950
f 1984 1950 2166
f 1950 1674 1632
f 2162 2166 2326
f 1950 1632 1988
f 1950 1988 2166
f 2326 2166 2246
f 2246 2166 1988
f 2326 2246 2458
f 2246 1988 2328
f 2246 2328 2458
f 2328 1988 1990
f 2458 2328 2572
f 2328 1990 2291
f 2291 1990 1952
f 2572 2328 2576
f 2576 2328 2291
f 2572 2576 2677
f 2677 2576 2680
f 2680 2576 2526
f 2526 2576 2291
f 2680 2526 2706
f 2291 1952 2252
f 2291 2252 2526
f 2252 1952 1867
f 2252 1867 1869
f 2706 2526 2528
f 2528 2526 2252
f 2706 2528 2684
f 2684 2528 2530
f 2530 2528 2256
f 2252 1869 2209
f 2252 2209 2528
f 2528 2209 2256
f 2209 1869 1822
f 2209 1822 2256
f 2256 1822 1738
f 1730 1865 1986
f 1865 1730 1558
f 2158 2205 2095
f 2205 2158 2242
f 12 227 104
f 104 227 274
f 104 274 106
f 106 274 319
f 2242 2158 2162
f 2162 2326 2242
f 2242 2326 2357
f 2242 2357 2207
f 2207 2357 2244
f 2357 2326 2486
f 2244 2357 2359
f 2359 2357 2486
f 2244 2359 2164
f 2164 2359 2289
f 2359 2486 2460
f 2486 2326 2458
f 2486 2458 2637
f 2637 2458 2572
f 2637 2572 2677
f 2486 2637 2639
f 2486 2639 2460
f 2460 2639 2574
f 2460 2574 2361
f 2460 2289 2359
f 2289 2460 2361
f 1560 1730 2027
f 276 52 231
f 276 231 459
f 276 459 621
f 621 459 737
f 276 621 455
f 621 737 906
f 455 621 652
f 621 906 784
f 621 784 652
f 545 459 231
f 545 231 278
f 545 278 282
f 459 545 737
f 737 545 786
f 786 545 547
f 737 786 947
f 737 947 906
f 786 547 500
f 947 786 788
f 788 786 500
f 947 788 977
f 110 500 195
f 500 110 463
f 500 463 788
f 463 110 56
f 977 788 739
f 739 788 463
f 463 56 407
f 463 407 739
f 407 56 1504
f 1164 1079 977
f 1164 977 979
f 979 977 739
f 1164 979 1207
f 1207 979 1126
f 407 1504 409
f 409 1504 1567
f 409 1567 414
f 691 739 407
f 691 407 409
f 739 691 979
f 409 414 743
f 409 743 691
f 743 414 790
f 979 691 949
f 949 691 743
f 949 743 790
f 979 949 1126
f 949 790 1024
f 949 1024 1126
f 1126 1024 1211
f 1634 1988 1632
f 1634 1632 193
f 1634 193 233
f 233 193 543
f 233 543 578
f 578 543 735
f 578 735 821
f 233 578 280
f 280 578 623
f 233 280 1562
f 1562 1990 1988
f 1562 1988 1634
f 1562 1634 233
f 1990 1562 2
f 1990 2 1952
f 1952 2 1867
f 2 1562 360
f 360 1562 280
f 360 280 623
f 1867 2 54
f 54 2 360
f 1867 54 1869
f 1869 54 112
f 54 360 461
f 461 360 623
f 54 461 112
f 461 623 654
f 654 623 823
f 461 654 687
f 112 461 465
f 465 461 687
f 112 465 114
f 465 687 689
f 114 465 467
f 467 465 689
f 467 689 693
f 2907 2895 2800
f 2877 2895 2907
f 2759 2783 2907
f 2907 2783 2875
f 2783 2759 2682
f 2783 2682 2684
f 2783 2684 2782
f 2682 2759 2708
f 2682 2708 2605
f 2708 2759 2641
f 2641 2759 2800
f 2708 2641 2580
f 2708 2580 2462
f 2708 2462 2605
f 2605 2462 2330
f 2907 2875 2877
f 2800 2759 2907
f 2895 2877 2942
f 2942 2877 2879
f 2895 2942 2944
f 2942 2879 2940
f 2944 2942 2958
f 2958 2942 2940
f 2944 2958 2948
f 2958 2940 2950
f 2958 2950 2960
f 2860 2817 2895
f 2895 2817 2800
f 2800 2817 2533
f 2533 2817 2534
f 2533 2534 2099
f 2533 2099 2067
f 2067 2099 1568
f 2067 1568 1567
f 1567 1568 415
f 1567 415 414
f 414 415 829
f 414 829 790
f 790 829 1087
f 790 1087 1024
f 1024 1087 1128
f 1024 1128 1085
f 1085 1128 1022
f 1085 1022 951
f 951 1022 863
f 2944 2860 2895
f 2860 2944 2948
f 2782 2875 2783
f 2875 2782 2740
f 2684 2530 2782
f 2782 2530 2607
f 2782 2607 2740
f 2607 2530 2256
f 2607 2256 2740
f 2740 2256 2403
f 2607 2256 2403
f 2740 2877 2875
f 2740 2879 2877
f 2641 2800 2533
f 2641 2533 2363
f 2363 2533 2067
f 2363 2067 2031
f 2031 2067 1567
f 2031 1567 1504
f 2031 1504 56
f 2817 2860 2536
f 2536 2534 2817
f 2534 2536 2103
f 2534 2103 2099
f 2099 2103 1572
f 2099 1572 1568
f 2948 2881 2860
f 2881 2948 2952
f 2952 2948 2960
f 2960 2948 2958
f 2881 2952 2946
f 2881 2946 2845
f 2952 2960 2956
f 2952 2956 2946
f 2956 2960 2954
f 2954 2960 2950
f 2946 2956 2932
f 2956 2954 2930
f 2956 2930 2932
f 2930 2954 2913
f 2946 2932 2909
f 2909 2932 2822
f 2909 2822 2786
f 2860 2881 2536
f 2536 2881 2538
f 2538 2881 2845
f 2536 2538 2102
f 2538 2845 2488
f 2488 2845 2801
f 2102 2538 2069
f 2538 2488 2071
f 2538 2071 2069
f 2102 2069 1571
f 2488 2801 2365
f 2488 2365 2071
f 2365 2801 2643
f 2365 2643 2367
f 2365 2367 1993
f 1571 2069 1574
f 1571 1574 421
f 421 1574 423
f 1574 2069 1576
f 1576 2069 2071
f 2365 1993 2035
f 2365 2035 2071
f 1576 2071 1506
f 1506 2071 2035
f 1506 2035 1993
f 1506 1993 60
f 1506 60 476
f 2605 2738 2682
f 2738 2605 2578
f 2682 2738 2706
f 2682 2706 2684
f 2706 2738 2680
f 2738 2578 2704
f 2677 2680 2704
f 2704 2578 2678
f 2704 2678 2677
f 2677 2678 2637
f 2678 2578 2524
f 2637 2678 2639
f 2639 2678 2524
f 2639 2524 2574
f 2879 2740 2608
f 2879 2608 2843
f 2403 2608 2843
f 2608 2403 2033
f 2033 2403 2256
f 2033 2256 1738
f 2608 2033 2257
f 2257 2033 1737
f 2740 2403 2608
f 2843 2940 2879
f 2940 2843 2912
f 2940 2912 2950
f 2950 2912 2928
f 2950 2928 2954
f 2878 2939 2843
f 2843 2939 2912
f 2912 2939 2949
f 2912 2949 2928
f 2878 2843 2608
f 2878 2608 2739
f 2739 2608 2402
f 2739 2402 2255
f 2402 2608 2257
f 2402 2257 2032
f 2032 2257 1991
f 2402 2608 2843
f 2248 2574 2250
f 2250 2574 2524
f 2248 2250 1906
f 2680 2738 2704
f 112 1822 1869
f 114 1738 1822
f 1738 114 154
f 154 114 502
f 154 502 469
f 469 502 695
f 695 502 741
f 1822 112 114
f 2033 1738 1737
f 1737 1738 154
f 159 1741 1737
f 1737 1741 1991
f 159 1737 154
f 159 154 474
f 1991 2257 1737
f 114 467 502
f 502 467 741
f 741 467 693
f 741 693 863
f 154 469 504
f 504 469 695
f 504 695 745
f 745 695 865
f 154 504 474
f 474 504 701
f 701 504 745
f 1739 1991 1741
f 1991 1739 1740
f 1739 1741 155
f 1739 155 1740
f 155 1741 158
f 158 1741 159
f 158 159 411
f 155 158 470
f 470 158 473
f 1740 155 156
f 156 155 470
f 1740 156 157
f 157 156 410
f 410 156 471
f 471 156 470
f 470 473 699
f 471 470 696
f 470 699 746
f 470 746 696
f 1991 1736 2032
f 2032 1736 2255
f 2032 2255 2402
f 1735 1991 1740
f 1735 1736 1991
f 1736 1735 153
f 474 411 159
f 411 474 655
f 2667 2509 2559
f 2559 2509 2387
f 2559 2387 2347
f 2667 2559 2598
f 2598 2559 2347
f 2667 2598 2628
f 2598 2347 2507
f 2598 2507 2628
f 2509 2667 2630
f 2630 2667 2628
f 2509 2630 2481
f 2630 2628 2561
f 2481 2630 2441
f 2630 2561 2513
f 2630 2513 2441
f 2441 2513 2391
f 2391 2513 2445
f 2391 2445 2393
f 2393 2445 2447
f 2393 2447 2563
f 2272 2387 2509
f 2387 2272 2225
f 2225 2272 2016
f 2225 2016 2092
f 2276 2272 2509
f 2272 2276 2058
f 2276 2509 2481
f 2058 2276 2060
f 2058 2060 1862
f 2060 2276 2227
f 2227 2276 2481
f 2227 2481 2441
f 2227 2441 2196
f 2196 2441 2391
f 2227 2196 2062
f 2387 2225 2190
f 2190 2347 2387
f 2092 2190 2225
f 2190 2092 1967
f 2347 2190 2149
f 2149 2190 1967
f 2347 2149 2507
f 2507 2149 2270
f 2149 1967 1860
f 2149 1860 2270
f 2270 1860 1941
f 1860 1967 1719
f 1941 1860 32
f 32 1860 89
f 89 1860 1719
f 32 89 440
f 89 1719 222
f 222 1719 308
f 440 89 536
f 536 89 222
f 440 536 893
f 536 222 616
f 616 222 308
f 536 616 889
f 616 308 684
f 684 308 775
f 889 616 940
f 889 940 1119
f 889 1119 1068
f 940 616 1013
f 1013 616 684
f 940 1013 1196
f 940 1196 1072
f 1196 1013 1297
f 1297 1013 1117
f 1117 1013 684
f 1117 684 775
f 1117 775 891
f 1117 891 1311
f 1117 1311 1289
f 1289 1311 1411
f 1411 1311 1434
f 1289 1411 1415
f 1411 1434 1486
f 1415 1411 1485
f 1485 1411 1486
f 2058 2016 2272
f 2511 2628 2507
f 2511 2507 2270
f 2511 2270 2274
f 2628 2511 2561
f 2561 2511 2389
f 2389 2511 2274
f 2389 2274 2124
f 2124 2274 1943
f 2124 1943 1893
f 2151 2228 2389
f 2389 2228 2442
f 2389 2442 2561
f 2561 2442 2513
f 2513 2442 2445
f 2445 2442 2349
f 1809 1967 2092
f 1967 1809 1719
f 1809 2092 1773
f 1773 2092 2016
f 1809 1773 5
f 1809 5 3
f 5 1773 1518
f 5 1518 261
f 261 1518 1547
f 1811 1773 2016
f 2016 2058 1811
f 1862 1811 2058
f 1773 1811 1518
f 1518 1811 1547
f 1547 1811 1862
f 1547 1862 1621
f 1621 1862 1897
f 1897 1862 2060
f 1897 2060 2062
f 2062 2060 2227
f 1897 2062 2128
f 2128 2062 2196
f 2128 2196 2278
f 2278 2196 2391
f 2278 2391 2393
f 2278 2393 2395
f 2395 2393 2515
f 2395 2515 2565
f 2278 2395 2233
f 2278 2233 2128
f 2128 2233 1971
f 2128 1971 1945
f 1971 2233 2153
f 1971 2153 1973
f 2233 2395 2353
f 2233 2353 2153
f 2353 2395 2565
f 2153 2353 2198
f 1899 1973 2198
f 1899 2198 2155
f 2155 2198 2451
f 2353 2565 2517
f 2353 2517 2198
f 2198 2517 2451
f 2517 2565 2699
f 2517 2699 2451
f 2451 2699 2671
f 1941 2274 2270
f 2274 1941 1943
f 1943 1941 32
f 1943 32 34
f 34 32 442
f 442 32 440
f 2389 2124 2151
f 34 1893 1943
f 1893 34 45
f 1893 45 1500
f 1893 1500 1895
f 1500 45 263
f 538 444 263
f 263 444 182
f 1500 263 47
f 47 263 182
f 47 182 1551
f 1551 182 95
f 1500 47 1721
f 1721 47 1551
f 1500 1721 1969
f 1721 1551 1813
f 1969 1721 2130
f 2130 1721 1813
f 2130 1813 1815
f 1815 1813 1553
f 2130 1815 2132
f 2124 1893 1895
f 2124 1895 2126
f 2126 1895 1969
f 2126 1969 2193
f 2193 1969 2130
f 2193 2130 2231
f 2231 2130 2319
f 2319 2130 2132
f 1815 2018 2132
f 2132 2018 2235
f 2132 2235 2319
f 2235 2018 2020
f 2319 2235 2449
f 2449 2235 2321
f 2449 2321 2602
f 2602 2321 2280
f 2200 2453 2280
f 2280 2453 2567
f 2280 2567 2602
f 2602 2567 2756
f 2602 2756 2735
f 2602 2735 2600
f 2602 2600 2449
f 2449 2600 2483
f 2449 2483 2319
f 2776 2669 2600
f 2600 2669 2483
f 2483 2669 2563
f 2483 2563 2447
f 2319 2483 2351
f 2351 2483 2447
f 2319 2351 2231
f 2351 2447 2349
f 2351 2349 2231
f 2349 2447 2445
f 2231 2349 2192
f 2192 2349 2228
f 2228 2349 2442
f 2192 2228 2151
f 2126 2151 2124
f 2151 2126 2193
f 2193 2192 2151
f 2192 2193 2231
f 3 1719 1809
f 1719 3 308
f 3 5 379
f 3 379 308
f 495 379 5
f 261 495 5
f 34 538 45
f 538 34 442
f 775 308 379
f 1897 2128 1945
f 1897 1945 1621
f 1547 1621 178
f 1547 178 261
f 495 261 497
f 497 261 178
f 497 178 345
f 497 345 569
f 497 569 726
f 569 345 404
f 726 569 897
f 404 345 180
f 180 345 178
f 404 180 265
f 265 180 93
f 726 897 1241
f 1241 897 1301
f 726 1241 1076
f 1241 1301 1392
f 1076 1241 1369
f 1369 1241 1392
f 1076 1369 891
f 1369 1392 1460
f 1460 1392 1474
f 1460 1474 1492
f 1492 1474 1494
f 91 93 180
f 91 180 178
f 91 178 1621
f 91 1621 1549
f 91 1549 93
f 1549 1621 1945
f 93 1549 1623
f 1623 1549 1945
f 93 1623 97
f 1623 1945 1971
f 97 1623 145
f 1623 1971 1775
f 1775 1971 1973
f 1623 1775 1555
f 1623 1555 145
f 145 1555 267
f 267 1555 7
f 267 7 310
f 310 7 9
f 310 9 271
f 353 446 271
f 353 271 226
f 226 271 11
f 11 271 9
f 11 9 1667
f 1667 9 1627
f 1667 1627 1901
f 1901 1627 1625
f 1667 1901 1975
f 1901 1625 1899
f 1975 1901 2155
f 2155 1901 1899
f 1895 1500 1969
f 538 263 45
f 2563 2515 2393
f 2515 2563 2669
f 2515 2669 2632
f 2515 2632 2565
f 265 93 143
f 265 143 182
f 265 182 404
f 404 182 444
f 404 444 607
f 404 607 569
f 569 607 897
f 897 607 898
f 607 444 728
f 607 728 898
f 728 444 538
f 898 728 1159
f 1159 728 1015
f 1159 1015 1313
f 898 1159 1266
f 898 1266 1301
f 1301 1266 1373
f 1301 1373 1394
f 1301 1394 1392
f 97 143 93
f 182 143 95
f 95 143 184
f 184 143 97
f 95 184 98
f 98 184 186
f 184 97 224
f 184 224 186
f 224 97 145
f 186 224 269
f 224 145 347
f 224 347 269
f 347 145 267
f 269 347 312
f 269 312 147
f 147 312 149
f 347 267 349
f 347 349 312
f 349 267 310
f 149 312 314
f 314 312 349
f 349 310 351
f 349 351 314
f 351 310 271
f 351 271 446
f 314 351 316
f 314 316 188
f 316 351 447
f 447 351 446
f 447 446 571
f 447 571 609
f 609 571 645
f 609 645 647
f 609 647 573
f 647 645 730
f 573 647 777
f 777 647 730
f 777 730 732
f 777 732 779
f 779 732 901
f 779 901 781
f 901 732 856
f 856 732 575
f 901 856 903
f 901 903 942
f 901 942 781
f 942 903 944
f 781 942 818
f 942 944 974
f 942 974 818
f 974 944 1017
f 781 818 651
f 974 1017 1123
f 1123 1017 1161
f 818 974 972
f 972 974 1123
f 651 818 783
f 783 818 972
f 651 783 620
f 651 620 454
f 620 783 905
f 905 783 972
f 620 905 736
f 972 1123 1078
f 972 1078 905
f 736 905 946
f 946 905 1078
f 736 946 785
f 785 946 787
f 787 946 976
f 976 946 1078
f 976 1078 1162
f 1162 1078 1123
f 976 1162 978
f 1162 1123 1204
f 1204 1123 1161
f 1162 1204 1206
f 1204 1161 1243
f 1204 1243 1244
f 1204 1244 1206
f 1244 1243 1208
f 1244 1208 1210
f 1244 1210 1206
f 1206 1210 1125
f 1125 1210 1023
f 1125 1023 948
f 1125 948 978
f 1813 1551 1553
f 1553 1551 95
f 1815 1553 1777
f 1815 1777 2018
f 36 1777 1553
f 1553 95 98
f 1553 98 36
f 36 98 186
f 36 186 101
f 101 186 269
f 101 269 147
f 36 101 1777
f 1777 101 1723
f 2776 2797 2754
f 2735 2756 2776
f 2776 2756 2797
f 2797 2756 2634
f 2797 2634 2701
f 2701 2634 2569
f 2754 2797 2778
f 2778 2797 2701
f 2754 2778 2699
f 2699 2778 2671
f 2778 2701 2673
f 2778 2673 2671
f 2673 2701 2569
f 2671 2673 2519
f 2673 2569 2521
f 2673 2521 2519
f 2519 2521 2397
f 2521 2569 2400
f 2397 2521 2399
f 2399 2521 2400
f 2399 2400 2239
f 2399 2239 2237
f 2239 2400 2286
f 2237 2239 2204
f 2239 2286 2206
f 2239 2206 2204
f 2206 2286 2243
f 2204 2206 2241
f 2204 2241 2157
f 2157 2241 2161
f 2754 2632 2776
f 2776 2632 2669
f 2632 2754 2699
f 2632 2699 2565
f 2776 2600 2735
f 2756 2567 2634
f 2634 2567 2453
f 2634 2453 2455
f 2634 2455 2569
f 2569 2455 2400
f 2455 2453 2282
f 2282 2453 2200
f 2282 2200 2064
f 2282 2064 2136
f 2455 2282 2284
f 2455 2284 2400
f 2284 2282 2136
f 2400 2284 2286
f 2286 2284 2159
f 2159 2284 2136
f 2159 2136 2024
f 2519 2451 2671
f 2451 2519 2323
f 2451 2323 2155
f 2323 2519 2397
f 2155 2323 1975
f 2323 2397 2202
f 2323 2202 1975
f 2202 2397 2237
f 2237 2397 2399
f 2202 2237 2134
f 2202 2134 1977
f 2202 1977 1975
f 1975 1977 1669
f 2198 1973 2153
f 1899 1775 1973
f 1775 1899 1625
f 1775 1625 1555
f 1555 1625 7
f 7 1625 1627
f 7 1627 9
f 2020 2321 2235
f 2022 2280 2321
f 2022 2321 2020
f 2280 2022 2200
f 2022 2020 1723
f 2200 2022 1947
f 2022 1723 1665
f 2022 1665 1947
f 1665 1723 101
f 2200 1947 2064
f 1665 101 147
f 1665 147 1629
f 1665 1629 1947
f 1629 147 149
f 2064 1947 1817
f 1817 1947 1629
f 2064 1817 1903
f 2064 1903 2136
f 2136 1903 2024
f 1817 1629 1501
f 1501 1629 149
f 1817 1501 1671
f 1501 149 188
f 188 149 314
f 1501 188 49
f 1501 49 1671
f 49 188 228
f 1671 49 1557
f 1671 1557 1864
f 1557 49 190
f 1864 1557 1729
f 1557 190 51
f 1557 51 1729
f 51 190 275
f 1729 51 1559
f 1729 1559 2026
f 2026 1559 1731
f 2026 1731 2138
f 275 190 355
f 275 355 454
f 454 355 573
f 573 355 452
f 452 355 228
f 452 228 316
f 454 573 618
f 618 573 777
f 454 618 651
f 618 777 779
f 618 779 651
f 651 779 781
f 2018 1777 1723
f 1723 2020 2018
f 1669 1667 1975
f 1667 1669 103
f 1667 103 11
f 11 103 226
f 226 103 273
f 226 273 353
f 273 103 105
f 105 103 1669
f 105 1669 1725
f 105 1725 107
f 107 1725 1727
f 273 105 318
f 357 318 107
f 450 353 273
f 353 450 446
f 446 450 571
f 571 450 645
f 450 273 540
f 450 540 645
f 540 273 318
f 645 540 730
f 730 540 575
f 575 540 318
f 575 318 357
f 575 357 649
f 575 649 856
f 649 357 456
f 456 357 151
f 2094 2134 2237
f 2134 2094 1977
f 2094 2237 2204
f 1725 1669 1977
f 1725 1977 1979
f 1725 1979 1727
f 1727 1979 1981
f 1981 1979 2157
f 1727 1981 1673
f 1981 2157 2161
f 1981 2161 1983
f 1981 1983 1673
f 1983 2161 2165
f 1673 1983 1949
f 1949 1983 2165
f 1673 1949 1631
f 1631 1949 1987
f 1987 1949 2165
f 1631 1987 1633
f 1633 1987 1561
f 1987 2165 2245
f 2245 2165 2325
f 2245 2325 2457
f 2245 2457 2327
f 2245 2327 1987
f 2327 2457 2571
f 2327 2571 2575
f 1989 1561 1987
f 1989 1987 2327
f 1561 1989 1
f 2327 2575 2290
f 2327 2290 1989
f 2290 2575 2525
f 1 1989 1951
f 1951 1989 2290
f 2290 2525 2251
f 2290 2251 1951
f 2251 2525 2527
f 1 1951 1866
f 1866 1951 2251
f 1 1866 53
f 53 1866 1868
f 1868 1866 2251
f 53 1868 111
f 2251 2527 2208
f 2251 2208 1868
f 2208 2527 2255
f 111 1868 1821
f 1821 1868 2208
f 1821 2208 2255
f 111 1821 113
f 1821 2255 1736
f 1821 1736 113
f 113 1736 153
f 2094 1979 1977
f 1979 2094 2157
f 2157 2094 2204
f 105 107 318
f 1727 1673 151
f 151 1673 1631
f 1727 151 107
f 107 151 357
f 2241 2325 2161
f 2325 2241 2356
f 2356 2241 2206
f 2356 2206 2243
f 2325 2356 2485
f 2356 2243 2358
f 2356 2358 2485
f 2358 2243 2163
f 2358 2163 2288
f 2325 2485 2457
f 2358 2288 2459
f 2358 2459 2485
f 2459 2288 2360
f 2459 2360 2573
f 2459 2573 2638
f 2459 2638 2485
f 2485 2638 2636
f 2485 2636 2457
f 2457 2636 2571
f 2165 2161 2325
f 192 151 1631
f 151 192 456
f 456 192 542
f 542 192 232
f 542 232 577
f 577 232 279
f 577 279 622
f 2159 2243 2286
f 2243 2159 2163
f 2024 2163 2159
f 2163 2024 1985
f 1985 2024 1864
f 1864 2024 1903
f 1864 1903 1671
f 1671 1903 1817
f 1985 1864 1729
f 1985 1729 2026
f 1985 2026 2163
f 2163 2026 2288
f 2288 2026 2138
f 2288 2138 2360
f 2360 2138 2247
f 2360 2247 2573
f 2247 2138 1905
f 2573 2247 2249
f 2249 2247 1905
f 2573 2249 2523
f 2676 2638 2523
f 2676 2523 2577
f 2577 2523 2249
f 2676 2577 2703
f 2703 2577 2737
f 2737 2577 2604
f 2577 2249 2329
f 2577 2329 2604
f 2329 2249 2028
f 2028 2249 1905
f 2604 2329 2461
f 2604 2461 2707
f 2329 2028 2096
f 2329 2096 2461
f 2096 2028 1733
f 2096 1733 1819
f 1733 2028 1563
f 1563 2028 1905
f 1563 1905 1731
f 2096 1819 2253
f 2096 2253 2461
f 2253 1819 1907
f 2253 1907 2362
f 2362 1907 2030
f 2362 2030 2066
f 2362 2066 2531
f 2461 2253 2579
f 2579 2253 2362
f 2461 2579 2707
f 2362 2531 2640
f 2362 2640 2579
f 2579 2640 2707
f 2640 2531 2799
f 2707 2640 2758
f 2758 2640 2799
f 2758 2799 2906
f 277 281 1563
f 277 1563 38
f 38 1563 1731
f 277 38 230
f 38 1731 1559
f 38 1559 230
f 230 1559 51
f 228 188 316
f 190 49 228
f 190 228 355
f 1631 1633 192
f 192 1633 232
f 232 1633 1561
f 232 1561 279
f 1731 1905 2138
f 230 51 275
f 454 620 275
f 275 620 458
f 275 458 230
f 458 620 736
f 230 458 544
f 544 458 736
f 230 544 277
f 544 736 785
f 277 544 281
f 544 785 546
f 544 546 281
f 546 785 499
f 499 785 787
f 546 499 194
f 546 194 281
f 281 194 1733
f 281 1733 1563
f 1733 194 1819
f 1819 194 109
f 2739 2876 2878
f 2878 2876 2941
f 2941 2876 2894
f 2878 2941 2939
f 2941 2894 2943
f 2939 2941 2957
f 2957 2941 2943
f 2939 2957 2949
f 2957 2943 2947
f 2906 2876 2874
f 2874 2876 2739
f 2876 2906 2894
f 2739 2780 2874
f 2780 2739 2606
f 2606 2739 2255
f 2874 2780 2781
f 2874 2781 2906
f 2906 2781 2758
f 2683 2781 2780
f 2683 2780 2529
f 2529 2780 2606
f 2781 2683 2681
f 2781 2681 2758
f 2758 2681 2707
f 2707 2681 2604
f 2799 2894 2906
f 2859 2943 2894
f 2859 2894 2816
f 2943 2859 2947
f 2859 2816 2535
f 2947 2859 2880
f 2880 2859 2535
f 2947 2880 2951
f 2880 2535 2537
f 2537 2535 2100
f 2799 2816 2894
f 2816 2799 2531
f 2816 2531 2532
f 2532 2531 2098
f 2098 2531 2066
f 2098 2066 1566
f 1566 2066 1565
f 1566 1565 413
f 413 1565 412
f 413 412 828
f 828 412 789
f 828 789 1086
f 1086 789 1023
f 1086 1023 1127
f 1127 1023 1084
f 1127 1084 1021
f 1021 1084 950
f 1021 950 862
f 2255 2529 2606
f 2527 2529 2255
f 2529 2527 2683
f 2683 2527 2705
f 2683 2705 2681
f 2705 2527 2525
f 2681 2705 2737
f 2705 2525 2679
f 2705 2679 2737
f 2679 2525 2575
f 2737 2679 2703
f 2679 2575 2675
f 2679 2675 2703
f 2675 2575 2571
f 2703 2675 2676
f 2675 2571 2636
f 2675 2636 2676
f 2676 2636 2638
f 2816 2532 2535
f 2535 2532 2101
f 2737 2604 2681
f 2638 2573 2523
f 359 279 1561
f 279 359 622
f 359 1561 1
f 622 359 460
f 359 1 53
f 359 53 460
f 109 1907 1819
f 1907 109 55
f 1907 55 2030
f 194 499 109
f 109 499 462
f 109 462 55
f 462 499 787
f 462 787 738
f 738 787 976
f 738 976 978
f 462 738 406
f 462 406 55
f 738 978 690
f 738 690 406
f 690 978 948
f 55 406 1503
f 55 1503 2030
f 2030 1503 1565
f 2030 1565 2066
f 1503 406 408
f 1503 408 1565
f 408 406 690
f 1565 408 412
f 742 690 948
f 690 742 408
f 408 742 412
f 742 948 789
f 742 789 412
f 53 111 460
f 460 111 464
f 464 111 113
f 464 113 466
f 464 466 688
f 688 466 692
f 460 464 686
f 686 464 688
f 460 686 653
f 460 653 622
f 686 688 907
f 907 688 824
f 907 824 950
f 686 907 860
f 686 860 653
f 907 950 1082
f 907 1082 860
f 1082 950 1208
f 1208 950 1084
f 1082 1208 1243
f 1082 1243 1080
f 1082 1080 860
f 1080 1243 1161
f 1080 1161 1019
f 1080 1019 860
f 1019 1161 1017
f 822 653 860
f 822 860 1019
f 653 822 622
f 1019 1017 858
f 1019 858 822
f 822 858 622
f 858 1017 944
f 622 858 820
f 820 858 944
f 622 820 577
f 820 944 903
f 577 820 734
f 734 820 903
f 734 903 856
f 577 734 542
f 734 856 649
f 734 649 542
f 542 649 456
f 113 153 501
f 501 153 468
f 501 468 694
f 501 694 740
f 740 694 862
f 862 694 864
f 501 466 113
f 466 501 740
f 466 740 692
f 692 740 862
f 1735 1740 157
f 1735 157 153
f 153 157 472
f 503 468 153
f 468 503 694
f 694 503 744
f 694 744 864
f 472 503 153
f 503 472 698
f 503 698 744
f 744 698 826
f 157 410 472
f 472 410 624
f 472 624 697
f 697 624 909
f 909 624 832
f 909 832 1027
f 1027 832 911
f 1027 911 1031
f 2102 2103 2536
f 2103 2102 1571
f 2103 1571 1572
f 1572 1571 418
f 1572 418 419
f 419 418 792
f 419 792 831
f 831 792 1091
f 1091 792 1026
f 1091 1026 1130
f 1130 1026 1089
f 1130 1089 980
f 2845 2946 2909
f 2909 2801 2845
f 2801 2909 2786
f 2801 2786 2643
f 2954 2928 2913
f 2949 2953 2928
f 2928 2953 2913
f 2953 2949 2959
f 2959 2949 2957
f 2959 2957 2947
f 2959 2947 2951
f 2959 2951 2955
f 2959 2955 2953
f 2955 2951 2945
f 2953 2955 2929
f 2953 2929 2913
f 2929 2955 2931
f 2929 2931 2820
f 2929 2820 2913
f 2820 2931 2821
f 2913 2820 2818
f 2818 2820 2609
f 2913 2818 2819
f 2932 2930 2819
f 2819 2930 2913
f 2932 2819 2822
f 2822 2819 2542
f 2822 2542 2786
f 2786 2542 2492
f 2492 2643 2786
f 2492 2367 2643
f 2611 2542 2819
f 2609 2611 2819
f 2609 2819 2818
f 2492 2332 2367
f 2367 2332 1993
f 2492 2464 2332
f 2464 2492 2542
f 2464 2542 2490
f 2490 2542 2541
f 2541 2542 2611
f 2541 2611 2609
f 2541 2609 2581
f 2581 2609 2539
f 2539 2609 2610
f 2539 2610 2540
f 2539 2540 2489
f 2489 2540 2463
f 2610 2609 2820
f 2610 2820 2540
f 2540 2820 2821
f 2540 2821 2785
f 2540 2785 2491
f 2491 2785 2642
f 2491 2642 2366
f 2642 2785 2784
f 2366 2642 2364
f 2364 2642 2784
f 2366 2364 1992
f 1992 2364 2034
f 1992 2034 1505
f 1992 1505 59
f 2364 2784 2487
f 2364 2487 2070
f 2908 2784 2785
f 2487 2784 2844
f 2844 2784 2908
f 2931 2908 2821
f 2908 2931 2945
f 2908 2945 2844
f 2945 2931 2955
f 2844 2945 2880
f 2880 2945 2951
f 2844 2880 2537
f 1568 1572 419
f 1568 419 415
f 415 419 829
f 829 419 831
f 829 831 1087
f 1087 831 1091
f 421 418 1571
f 418 421 794
f 418 794 792
f 792 794 1026
f 1026 794 1030
f 794 421 423
f 1030 794 796
f 796 794 423
f 1030 796 1034
f 1034 796 798
f 798 796 423
f 1034 798 986
f 986 798 988
f 988 798 1040
f 1040 798 835
f 835 798 508
f 508 798 476
f 476 798 423
f 508 476 60
f 476 423 1576
f 1576 423 1574
f 476 1576 1506
f 158 411 473
f 473 411 655
f 473 655 699
f 699 655 833
f 699 833 955
f 699 955 746
f 955 833 1095
f 1095 833 912
f 1095 912 1097
f 2332 1954 1993
f 1993 1954 58
f 1993 58 60
f 60 58 508
f 508 58 507
f 508 507 835
f 835 507 800
f 835 800 1040
f 1040 800 990
f 1040 990 1137
f 1137 990 1038
f 1137 1038 1214
f 1214 1038 1170
f 1214 1170 1305
f 1954 1910 62
f 2332 2211 1954
f 1954 2211 1910
f 1910 2211 2105
f 1954 62 58
f 58 62 549
f 58 549 507
f 549 62 510
f 510 62 116
f 116 62 1910
f 510 116 478
f 1910 2105 1871
f 1910 1871 116
f 1871 2105 2073
f 1871 2073 1780
f 116 1871 118
f 116 118 478
f 118 1871 1780
f 478 118 425
f 425 118 64
f 64 118 1780
f 64 1780 1824
f 2332 2464 2259
f 2332 2259 2211
f 2259 2464 2490
f 2211 2259 2169
f 2211 2169 2105
f 2259 2490 2334
f 2169 2259 2293
f 2293 2259 2334
f 2105 2169 2171
f 2105 2171 2073
f 2073 2171 2107
f 2107 2171 2261
f 2171 2169 2297
f 2171 2297 2261
f 2297 2169 2293
f 2261 2297 2370
f 2297 2293 2336
f 2336 2293 2334
f 2297 2336 2296
f 2336 2334 2405
f 2405 2334 2490
f 2336 2405 2368
f 2405 2490 2541
f 2405 2541 2581
f 2405 2581 2368
f 2581 2539 2404
f 2404 2539 2489
f 2581 2404 2368
f 2368 2404 2335
f 2335 2404 2333
f 2335 2333 2292
f 2292 2333 2258
f 2335 2292 2295
f 2335 2295 2294
f 2335 2294 2167
f 2167 2294 2140
f 2167 2296 2336
f 2296 2167 2140
f 2296 2140 2212
f 2296 2212 2338
f 2338 2212 2408
f 2336 2368 2167
f 2368 2335 2167
f 2847 2897 2763
f 2788 2763 2686
f 2763 2788 2847
f 2847 2788 2899
f 2847 2899 2915
f 2915 2899 2936
f 2915 2936 2923
f 2915 2923 2847
f 2847 2923 2897
f 2897 2923 2925
f 2897 2925 2883
f 2613 2763 2897
f 2613 2897 2710
f 2613 2710 2410
f 2613 2410 2372
f 2613 2372 2546
f 2546 2372 2299
f 2613 2546 2761
f 2761 2546 2544
f 2761 2544 2583
f 2544 2546 2466
f 2466 2546 2301
f 2466 2301 2214
f 2897 2883 2688
f 2897 2688 2710
f 2710 2688 2410
f 2410 2688 2412
f 2410 2412 2075
f 2075 2412 2109
f 2410 2075 2037
f 2410 2037 2372
f 2372 2037 2299
f 2299 2037 1995
f 1995 2037 1578
f 1578 2037 2075
f 1995 1578 1524
f 1524 1578 364
f 364 1578 384
f 384 1578 1676
f 1676 1578 2075
f 1676 2075 2109
f 2470 2109 2412
f 2109 2470 2216
f 2216 2470 2340
f 2470 2412 2742
f 2470 2742 2713
f 2713 2742 2825
f 2470 2713 2548
f 2548 2713 2649
f 2649 2713 2790
f 2788 2686 2711
f 2788 2711 2823
f 2788 2823 2899
f 2899 2823 2869
f 2711 2686 2584
f 2584 2686 2583
f 2583 2686 2761
f 2584 2583 2408
f 2613 2761 2763
f 2763 2761 2686
f 2938 2925 2923
f 2938 2923 2937
f 2937 2923 2936
f 2938 2937 2921
f 2921 2937 2936
f 2938 2921 2903
f 2921 2936 2905
f 2903 2921 2857
f 2921 2905 2873
f 2921 2873 2857
f 2857 2873 2748
f 2748 2873 2750
f 2873 2905 2794
f 2873 2794 2750
f 2750 2794 2696
f 2696 2794 2621
f 2621 2794 2730
f 2901 2936 2899
f 2869 2901 2899
f 2901 2869 2851
f 2772 2794 2851
f 2772 2851 2806
f 2806 2851 2869
f 2772 2806 2751
f 2751 2806 2771
f 2771 2806 2850
f 2850 2806 2869
f 2771 2850 2793
f 2793 2850 2904
f 2793 2904 2872
f 2872 2904 2920
f 2904 2850 2900
f 2900 2850 2869
f 2900 2869 2898
f 2898 2869 2823
f 2904 2900 2933
f 2933 2900 2898
f 2904 2933 2920
f 2933 2898 2914
f 2933 2914 2922
f 2920 2933 2934
f 2934 2933 2922
f 2920 2934 2935
f 2935 2934 2922
f 2935 2922 2924
f 2917 2862 2883
f 2883 2862 2688
f 2917 2883 2925
f 2917 2925 2927
f 2927 2925 2938
f 2862 2742 2688
f 2688 2742 2412
f 2742 2862 2864
f 2864 2862 2917
f 2864 2917 2911
f 2864 2911 2885
f 2742 2864 2825
f 2825 2864 2885
f 2825 2885 2827
f 2825 2827 2790
f 2825 2790 2713
f 2790 2827 2804
f 2804 2827 2867
f 2790 2804 2690
f 2804 2867 2868
f 2690 2804 2805
f 2805 2804 2868
f 2805 2868 2829
f 2805 2829 2765
f 2765 2829 2767
f 2765 2767 2715
f 2715 2767 2719
f 2765 2715 2586
f 2765 2586 2646
f 2715 2719 2615
f 2615 2719 2692
f 2417 2472 2615
f 2417 2615 2589
f 2589 2615 2692
f 2589 2692 2647
f 2647 2692 2717
f 2647 2717 2651
f 2647 2651 2590
f 2590 2651 2496
f 2590 2496 2414
f 2414 2496 2263
f 2590 2414 2374
f 2590 2374 2418
f 2418 2374 2218
f 2218 2374 2175
f 2175 2374 2414
f 2175 2414 1956
f 1956 2414 2263
f 1956 2263 1834
f 1834 2263 2039
f 1834 2039 1916
f 1834 1916 1753
f 1753 1916 1828
f 1828 1916 1958
f 1828 1958 1782
f 1782 1958 1873
f 1782 1873 1749
f 1749 1873 1835
f 1749 1835 1750
f 1750 1835 1831
f 1750 1831 1744
f 1744 1831 1829
f 1744 1829 1786
f 1744 1786 1745
f 1745 1786 1678
f 2911 2917 2927
f 2911 2927 2919
f 2919 2927 2890
f 2911 2919 2885
f 2919 2890 2849
f 2885 2919 2887
f 2887 2919 2849
f 2885 2887 2827
f 2827 2887 2832
f 2827 2832 2867
f 2867 2832 2833
f 2849 2890 2841
f 2887 2849 2891
f 2849 2841 2839
f 2839 2841 2725
f 2839 2725 2723
f 2849 2839 2853
f 2849 2853 2891
f 2887 2891 2893
f 2893 2891 2853
f 2893 2853 2855
f 2893 2855 2836
f 2893 2836 2833
f 2833 2836 2792
f 2836 2855 2808
f 2836 2808 2792
f 2808 2855 2744
f 2792 2808 2655
f 2655 2808 2657
f 2657 2808 2744
f 2657 2744 2596
f 2871 2867 2833
f 2867 2871 2868
f 2868 2871 2829
f 2837 2871 2792
f 2871 2837 2829
f 2829 2837 2769
f 2829 2769 2767
f 2767 2769 2719
f 2769 2837 2694
f 2694 2837 2721
f 2769 2694 2653
f 2769 2653 2719
f 2653 2694 2594
f 2653 2594 2498
f 2719 2653 2618
f 2618 2653 2498
f 2719 2618 2692
f 2692 2618 2717
f 2717 2618 2619
f 2619 2618 2498
f 2717 2619 2651
f 2619 2498 2474
f 2474 2498 2309
f 2651 2619 2592
f 2592 2619 2474
f 2651 2592 2496
f 2474 2309 2422
f 2474 2422 2592
f 2422 2309 2305
f 2592 2422 2382
f 2382 2422 2305
f 2592 2382 2496
f 2382 2305 2144
f 2382 2144 2045
f 2496 2382 2183
f 2183 2382 2045
f 2183 2045 1879
f 2496 2183 2263
f 2183 1879 2043
f 2183 2043 2263
f 2263 2043 2039
f 2039 2043 1920
f 2039 1920 1916
f 1916 1920 1958
f 1958 1920 1918
f 1958 1918 1873
f 1873 1918 1843
f 1873 1843 1792
f 1873 1792 1835
f 1835 1792 1831
f 1831 1792 1790
f 1831 1790 1758
f 1831 1758 1829
f 1829 1758 1786
f 1786 1758 1754
f 1786 1754 1783
f 1783 1754 1686
f 1783 1686 1682
f 1783 1682 1680
f 2711 2685 2787
f 2711 2787 2823
f 2685 2711 2584
f 2685 2584 2582
f 2685 2582 2760
f 2760 2582 2543
f 2760 2543 2545
f 2545 2543 2465
f 2762 2787 2685
f 2787 2762 2846
f 2787 2846 2898
f 2898 2846 2914
f 2914 2846 2922
f 2846 2762 2896
f 2846 2896 2922
f 2896 2762 2612
f 2896 2612 2709
f 2922 2896 2882
f 2922 2882 2924
f 2787 2898 2823
f 1824 1780 2073
f 1824 2073 2107
f 1824 2107 1912
f 1912 2107 2173
f 1824 1912 14
f 1824 14 64
f 64 14 382
f 64 382 425
f 382 14 363
f 363 14 1523
f 1523 14 1912
f 1523 1912 1997
f 1997 1912 2214
f 1997 2214 2301
f 1523 1997 1995
f 1995 1997 2299
f 2299 1997 2301
f 2299 2301 2546
f 1995 1524 1523
f 1523 1524 364
f 1523 364 363
f 363 364 658
f 658 364 659
f 658 659 992
f 658 992 914
f 914 992 1251
f 914 1251 1216
f 1216 1251 1326
f 1326 1251 1378
f 1326 1378 1406
f 1326 1406 1377
f 1377 1406 1396
f 1377 1396 1356
f 1356 1396 1375
f 1375 1396 1405
f 1375 1405 1325
f 1325 1405 1376
f 1325 1376 1250
f 1325 1250 1215
f 1215 1250 913
f 913 1250 991
f 913 991 656
f 656 991 657
f 656 657 362
f 656 362 361
f 361 362 1521
f 1521 362 1522
f 1521 1522 1994
f 2297 2296 2370
f 2338 2370 2296
f 2261 2407 2173
f 2370 2407 2261
f 2407 2370 2468
f 2468 2370 2338
f 2468 2338 2494
f 2494 2338 2408
f 2173 2107 2261
f 2294 2337 2212
f 2337 2294 2369
f 2294 2212 2140
f 2408 2212 2337
f 2408 2337 2493
f 2493 2337 2467
f 2467 2337 2369
f 2467 2369 2406
f 2407 2466 2214
f 2407 2214 2173
f 2173 2214 1912
f 2466 2407 2468
f 2466 2468 2544
f 2544 2468 2583
f 2583 2468 2494
f 2583 2494 2408
f 2582 2408 2493
f 2582 2493 2467
f 2582 2584 2408
f 2470 2548 2340
f 2340 2548 2649
f 2340 2649 2380
f 2340 2380 2115
f 2340 2115 2113
f 2340 2113 2216
f 2216 2113 1999
f 1999 2113 1757
f 2113 2115 1960
f 1644 1757 1960
f 1960 2115 1847
f 1960 1847 1644
f 1676 2109 1826
f 1676 1826 163
f 1676 163 384
f 1826 2109 1999
f 1999 2109 2216
f 1826 1999 1526
f 1526 1999 1757
f 1826 1526 162
f 1526 1757 235
f 1526 235 162
f 364 384 661
f 364 661 659
f 659 661 916
f 659 916 992
f 992 916 1174
f 992 1174 1251
f 1251 1174 1328
f 1251 1328 1378
f 1378 1328 1398
f 1398 1328 1382
f 1398 1382 1425
f 363 703 382
f 703 363 658
f 382 703 425
f 703 658 914
f 425 703 750
f 425 750 478
f 703 914 1050
f 703 1050 750
f 1050 914 1216
f 1050 1216 1276
f 1276 1216 1326
f 1276 1326 1355
f 1050 1276 1048
f 1050 1048 750
f 750 1048 748
f 750 748 478
f 748 1048 957
f 478 748 510
f 748 957 1044
f 510 748 837
f 837 748 1044
f 510 837 549
f 837 1044 869
f 837 869 549
f 869 1044 1103
f 549 869 800
f 800 869 1103
f 549 800 507
f 800 1103 990
f 384 163 513
f 384 513 803
f 384 803 661
f 661 803 959
f 959 803 1105
f 661 959 916
f 959 1105 1218
f 916 959 1176
f 916 1176 1174
f 1174 1176 1328
f 1218 1105 1332
f 1218 1332 1424
f 1218 1424 1330
f 1330 1424 1382
f 162 163 1826
f 163 162 323
f 323 162 322
f 163 323 551
f 551 323 516
f 163 551 514
f 551 516 839
f 514 551 871
f 871 551 839
f 871 839 1143
f 163 514 513
f 513 514 803
f 803 514 804
f 803 804 1105
f 1105 804 1141
f 1105 1141 1332
f 1332 1141 1359
f 1332 1359 1443
f 1332 1443 1424
f 1424 1443 1463
f 386 322 162
f 322 386 580
f 235 386 162
f 386 235 580
f 580 235 482
f 482 235 292
f 482 292 672
f 292 235 70
f 70 235 1757
f 70 1757 1644
f 70 1644 292
f 292 1644 134
f 2113 1960 1757
f 1680 1638 1783
f 1783 1638 1678
f 1783 1678 1786
f 1638 1680 1590
f 1590 1680 1534
f 1638 1590 1678
f 1682 1534 1680
f 1534 1682 1594
f 1586 1678 1590
f 1678 1586 1745
f 1745 1586 1585
f 1745 1585 1744
f 1744 1585 1584
f 1744 1584 1583
f 1744 1583 1750
f 1750 1583 1749
f 1749 1583 1527
f 1527 1583 121
f 1749 1527 1782
f 1527 121 237
f 1782 1527 1589
f 1782 1589 1828
f 1527 237 197
f 1527 197 1589
f 197 237 429
f 1589 197 165
f 165 197 429
f 1828 1589 1637
f 1637 1589 165
f 1828 1637 1753
f 429 237 480
f 165 429 366
f 366 429 582
f 366 582 427
f 366 427 165
f 429 480 667
f 667 480 664
f 664 480 707
f 165 427 67
f 165 67 1637
f 1637 67 1753
f 707 480 587
f 587 480 389
f 707 587 756
f 756 587 627
f 756 627 808
f 808 627 665
f 808 665 874
f 874 665 754
f 874 754 875
f 875 754 806
f 1536 1753 67
f 1753 1536 1834
f 1536 67 334
f 1536 334 205
f 1834 1536 1956
f 1536 205 1599
f 1536 1599 1956
f 1956 1599 1914
f 1914 1599 1685
f 1956 1914 2175
f 1914 1685 1788
f 2175 1914 2218
f 1914 1788 2001
f 1914 2001 2218
f 2001 1788 2003
f 2003 1788 1837
f 2218 2001 2220
f 2220 2001 2003
f 2218 2220 2418
f 2647 2590 2418
f 2647 2418 2589
f 2589 2418 2376
f 2376 2418 2220
f 2589 2376 2417
f 2376 2220 2177
f 2376 2177 2417
f 2177 2220 2003
f 2005 2003 1837
f 2003 2005 2177
f 2005 1837 1839
f 1640 1839 1689
f 1839 1640 1604
f 2005 1839 1842
f 1842 1839 1604
f 2177 2005 2007
f 2007 2005 1842
f 2179 2417 2177
f 2179 2177 2007
f 2417 2179 2472
f 1842 1604 1845
f 1845 1604 1607
f 2007 1842 2041
f 2007 2041 2179
f 2041 1842 1845
f 1845 1607 1642
f 2179 2041 2222
f 2179 2222 2472
f 2041 1845 2111
f 2041 2111 2222
f 1845 1642 1875
f 1845 1875 2111
f 1875 1642 1922
f 1875 1922 2111
f 1922 1642 1694
f 1922 1694 1877
f 2111 1922 2181
f 2303 2222 2111
f 2303 2111 2181
f 2222 2303 2472
f 2472 2303 2586
f 2472 2586 2715
f 2472 2715 2615
f 2586 2303 2378
f 2586 2378 2646
f 2142 2181 1922
f 2142 1922 1877
f 2181 2142 2420
f 2142 1877 2115
f 2115 1877 1847
f 2142 2115 2380
f 2142 2380 2420
f 2420 2380 2649
f 2690 2378 2420
f 2690 2420 2649
f 2378 2690 2646
f 2690 2649 2790
f 2646 2690 2805
f 2646 2805 2765
f 1686 1594 1682
f 1594 1686 1593
f 1593 1686 1754
f 1593 1754 1596
f 1596 1754 1758
f 1596 1758 1600
f 1600 1758 1602
f 1602 1758 1790
f 1602 1790 1792
f 1590 1534 1533
f 1590 1533 1586
f 1586 1533 1585
f 1585 1533 1532
f 1585 1532 1531
f 1585 1531 1584
f 1584 1531 1528
f 1528 1531 1535
f 1584 1528 1583
f 1593 1533 1534
f 1593 1534 1594
f 1533 1593 1596
f 1533 1596 1532
f 1532 1596 1531
f 1531 1596 1600
f 1531 1600 1535
f 1535 1600 1602
f 1583 1528 1535
f 1583 1535 121
f 1535 1602 15
f 1535 15 68
f 68 15 125
f 1602 1792 1539
f 1602 1539 72
f 1602 72 15
f 15 72 128
f 15 128 203
f 15 203 125
f 1535 68 121
f 121 68 168
f 121 168 241
f 241 168 287
f 168 68 122
f 287 168 239
f 239 168 122
f 239 122 284
f 284 122 169
f 284 169 199
f 1608 1539 1792
f 1792 1843 1608
f 1608 1843 1918
f 241 237 121
f 237 241 389
f 237 389 480
f 68 125 122
f 122 125 126
f 1539 1608 339
f 339 1608 249
f 249 1608 1692
f 339 249 600
f 339 600 530
f 530 600 636
f 600 249 561
f 249 1692 132
f 561 249 374
f 374 249 132
f 561 374 638
f 638 374 488
f 488 374 253
f 132 1692 18
f 132 18 374
f 374 18 253
f 18 1692 1794
f 253 18 1542
f 18 1794 1879
f 18 1879 1542
f 1542 1879 2045
f 1542 2045 1648
f 1648 2045 1800
f 1800 2045 2144
f 1800 2144 2079
f 2079 2144 2305
f 1800 2079 1962
f 2079 2305 2309
f 2079 2309 1962
f 1962 2309 2308
f 1962 2308 2078
f 2078 2308 2342
f 2078 2342 2081
f 2081 2342 2117
f 2117 2342 2424
f 2424 2342 2594
f 2424 2594 2694
f 2424 2694 2721
f 2424 2721 2426
f 2426 2721 2655
f 2426 2655 2384
f 2424 2426 2146
f 2424 2146 2117
f 2146 2426 2384
f 2117 2146 1924
f 2146 2384 2083
f 2146 2083 1924
f 2117 1924 1883
f 2117 1883 2081
f 1924 2083 1851
f 2081 1883 1849
f 2081 1849 1881
f 1849 1883 1618
f 1618 1883 1764
f 1849 1618 1616
f 1849 1616 1698
f 1851 2083 2009
f 1851 2009 1704
f 1704 2009 1544
f 2009 2083 2311
f 2311 2083 2384
f 2311 2384 2657
f 2311 2657 2344
f 2344 2657 2596
f 2344 2596 2500
f 2344 2500 2265
f 2009 2311 1926
f 2009 1926 1544
f 1926 2311 2185
f 1926 2185 2119
f 1544 1926 1804
f 1804 1926 2119
f 1544 1804 138
f 1804 2119 2121
f 1804 2121 1708
f 1708 2121 2085
f 1708 2085 1706
f 2085 2121 2476
f 1706 2085 1654
f 2085 2476 2432
f 2432 2476 2748
f 1654 2085 2087
f 2087 2085 2432
f 2087 2432 2434
f 2087 2434 2089
f 1654 2087 1653
f 1653 2087 2089
f 1653 2089 1802
f 1653 1802 23
f 23 1802 1853
f 23 1853 1656
f 1653 23 213
f 23 1656 212
f 23 212 213
f 213 212 300
f 300 212 378
f 378 212 302
f 247 72 1539
f 72 247 128
f 128 247 245
f 128 245 203
f 203 245 335
f 203 335 243
f 243 335 370
f 203 243 126
f 243 370 331
f 126 243 201
f 243 331 290
f 243 290 201
f 339 247 1539
f 1692 1608 1918
f 247 337 241
f 241 337 329
f 337 247 372
f 372 247 339
f 329 337 390
f 390 337 392
f 390 392 433
f 392 337 486
f 392 486 555
f 241 245 247
f 530 372 339
f 372 530 557
f 372 557 435
f 435 557 486
f 1920 1692 1918
f 1692 1920 1794
f 1794 1920 1879
f 1920 2043 1879
f 427 334 67
f 334 427 526
f 334 526 394
f 526 427 706
f 706 427 582
f 706 582 877
f 130 1685 1599
f 130 1599 205
f 334 394 205
f 205 394 251
f 205 251 130
f 130 251 136
f 130 136 1538
f 130 1538 1685
f 1538 136 21
f 1538 21 1760
f 1760 21 1700
f 1760 1700 1762
f 1538 1760 1690
f 1538 1690 1685
f 1685 1690 1788
f 1690 1760 1689
f 1788 1690 1837
f 1837 1690 1689
f 1837 1689 1839
f 1542 1648 136
f 136 1648 1800
f 1542 136 251
f 1542 251 253
f 253 251 394
f 253 394 488
f 488 394 559
f 488 559 638
f 136 1800 21
f 21 1800 1799
f 1799 1800 1962
f 21 1799 1700
f 1700 1799 1796
f 1799 1962 1881
f 1799 1881 1796
f 1881 1962 2078
f 1881 2078 2081
f 1700 1796 1762
f 1762 1796 1881
f 1762 1881 1698
f 1698 1881 1849
f 1762 1698 17
f 1762 17 1610
f 1762 1610 1760
f 17 1698 1616
f 17 1616 76
f 76 1616 78
f 78 1616 1618
f 78 1618 1764
f 78 1764 1615
f 1924 1764 1883
f 1764 1924 1702
f 1764 1702 1650
f 1764 1650 1615
f 1615 1650 1612
f 1615 1612 19
f 1615 19 74
f 1689 1760 1610
f 2837 2792 2721
f 2721 2792 2655
f 2833 2792 2871
f 2833 2832 2893
f 2893 2832 2887
f 2657 2384 2655
f 2309 2498 2308
f 2342 2498 2594
f 2342 2308 2498
f 1540 1640 1689
f 1540 1689 1610
f 1640 1540 1604
f 1540 1610 17
f 1604 1540 16
f 16 1540 17
f 1604 16 1607
f 16 17 76
f 16 76 74
f 16 74 1607
f 74 76 78
f 74 78 1615
f 1607 74 19
f 1607 19 1642
f 1642 19 1694
f 1694 19 1612
f 1694 1612 1696
f 1694 1696 1877
f 1877 1696 1847
f 1847 1696 1646
f 1646 1696 1543
f 1543 1696 1612
f 1543 1612 1650
f 1543 1650 80
f 2181 2378 2303
f 2378 2181 2420
f 1924 1851 1702
f 1650 1702 80
f 1646 1543 171
f 171 1543 80
f 1646 171 1541
f 1646 1541 1847
f 1541 171 255
f 1541 255 134
f 134 255 376
f 134 376 532
f 134 532 292
f 1704 1702 1851
f 1702 1704 80
f 80 1704 1544
f 209 80 1544
f 171 80 209
f 171 209 255
f 255 209 296
f 255 296 294
f 2311 2344 2185
f 2185 2344 2265
f 2185 2265 2119
f 2119 2265 2121
f 138 209 1544
f 209 138 296
f 296 138 173
f 296 173 294
f 173 138 1708
f 1708 138 1804
f 173 1708 1706
f 173 1706 208
f 173 208 294
f 294 208 490
f 490 208 563
f 490 563 640
f 2903 2927 2938
f 2927 2903 2890
f 2890 2903 2841
f 2841 2903 2857
f 2841 2857 2748
f 2841 2748 2725
f 2725 2748 2476
f 2855 2853 2746
f 2855 2746 2744
f 2746 2853 2723
f 2723 2853 2839
f 2744 2746 2500
f 2744 2500 2596
f 2500 2746 2428
f 2500 2428 2265
f 2265 2428 2121
f 2936 2901 2905
f 2905 2901 2851
f 2905 2851 2794
f 2746 2723 2428
f 2430 2428 2723
f 2428 2430 2121
f 2430 2723 2725
f 2476 2430 2725
f 2748 2750 2432
f 2432 2750 2696
f 2432 2696 2434
f 2434 2696 2621
f 2434 2621 2346
f 2434 2346 2089
f 2346 2621 2550
f 2550 2621 2623
f 2346 2550 2313
f 2313 2550 2478
f 2313 2478 2224
f 2730 2794 2810
f 2810 2794 2772
f 2810 2772 2753
f 2810 2753 2730
f 2753 2772 2770
f 2753 2770 2726
f 2726 2770 2752
f 2752 2770 2771
f 2752 2771 2809
f 2752 2809 2729
f 2751 2770 2772
f 2770 2751 2771
f 2621 2730 2698
f 2698 2730 2753
f 2698 2753 2728
f 2728 2753 2726
f 2621 2698 2623
f 2623 2698 2660
f 2660 2698 2728
f 2478 2550 2623
f 2660 2728 2658
f 2658 2728 2751
f 2658 2751 2727
f 2623 2660 2553
f 2623 2553 2478
f 2478 2553 2502
f 2478 2502 2436
f 2502 2553 2554
f 2553 2660 2551
f 2551 2660 2658
f 2553 2551 2554
f 2659 2658 2727
f 2658 2659 2551
f 2659 2727 2697
f 2659 2697 2622
f 2659 2622 2552
f 2659 2552 2551
f 2551 2552 2554
f 2554 2552 2501
f 2501 2552 2477
f 2501 2477 2435
f 1847 1541 1644
f 1644 1541 134
f 255 294 376
f 292 532 672
f 672 532 640
f 640 532 490
f 490 532 376
f 490 376 294
f 2121 2430 2476
f 1706 1654 298
f 298 208 1706
f 208 298 563
f 398 298 1654
f 298 398 679
f 298 679 563
f 563 679 640
f 640 679 851
f 851 679 965
f 640 851 673
f 851 965 996
f 851 996 673
f 673 996 839
f 996 965 1228
f 839 996 1143
f 996 1228 1334
f 996 1334 1143
f 1334 1228 1409
f 1143 1334 1253
f 1143 1253 871
f 1253 1334 1427
f 1427 1334 1409
f 1427 1409 1479
f 1654 1653 398
f 398 1653 396
f 398 396 721
f 2726 2751 2728
f 2751 2726 2727
f 2346 2313 2091
f 2091 2313 2047
f 2047 2313 2224
f 2091 2047 1853
f 1853 2047 1806
f 1806 2047 1964
f 1853 1806 1656
f 1806 1964 1710
f 1656 1806 82
f 82 1806 1710
f 1710 1964 1658
f 82 1710 25
f 25 1710 1658
f 25 1658 27
f 1658 1964 1928
f 27 1658 1712
f 1712 1658 1928
f 1712 1928 2011
f 140 1656 82
f 1656 140 212
f 212 140 258
f 140 82 216
f 140 216 258
f 258 216 303
f 216 82 84
f 216 84 305
f 2091 2089 2346
f 1802 2089 2091
f 2091 1853 1802
f 2436 2224 2478
f 2224 2436 2187
f 2224 2187 1964
f 2187 2436 2438
f 1964 2187 1928
f 2187 2438 2267
f 2187 2267 1928
f 1928 2267 2011
f 2267 2438 2504
f 2011 2267 2148
f 2267 2504 2440
f 2267 2440 2148
f 2440 2504 2663
f 2148 2440 2189
f 2440 2663 2506
f 2440 2506 2189
f 2506 2663 2732
f 2189 2506 2123
f 2123 2506 2480
f 2123 2480 2386
f 2123 2386 2057
f 2047 2224 1964
f 2726 2752 2727
f 2727 2752 2697
f 2697 2752 2729
f 2697 2729 2620
f 2556 2502 2597
f 2502 2556 2436
f 2597 2502 2554
f 2597 2554 2501
f 2597 2501 2555
f 2597 2555 2624
f 2504 2438 2556
f 2504 2556 2625
f 2625 2556 2597
f 2504 2625 2663
f 2625 2597 2661
f 2661 2597 2624
f 2663 2625 2796
f 2663 2796 2732
f 2796 2625 2811
f 2811 2625 2661
f 2811 2661 2624
f 2503 2662 2624
f 2624 2662 2795
f 2624 2795 2811
f 2811 2795 2812
f 2811 2812 2858
f 2811 2858 2813
f 2438 2436 2556
f 213 341 1653
f 341 213 492
f 492 213 300
f 341 492 642
f 492 300 566
f 642 492 768
f 768 492 566
f 642 768 967
f 566 300 378
f 768 566 853
f 967 768 1183
f 967 1183 1260
f 768 853 1150
f 768 1150 1183
f 853 566 815
f 853 815 1150
f 566 378 564
f 566 564 815
f 564 378 342
f 342 378 256
f 256 378 302
f 1150 815 997
f 1150 997 1361
f 256 302 214
f 256 214 301
f 214 302 258
f 258 302 212
f 301 214 257
f 301 257 210
f 210 257 139
f 139 257 215
f 215 257 303
f 139 215 81
f 1389 1183 1150
f 1183 1389 1433
f 1183 1433 1260
f 1433 1389 1431
f 1260 1433 1450
f 1433 1389 1410
f 1410 1389 1362
f 1410 1362 1388
f 1433 1410 1446
f 1433 1431 1457
f 1446 1410 1432
f 1432 1410 1388
f 1432 1431 1388
f 1431 1432 1457
f 1433 1457 1469
f 1433 1446 1469
f 1433 1469 1450
f 1450 1469 1481
f 1468 1446 1432
f 1457 1432 1468
f 1450 1481 1448
f 1448 1481 1479
f 1448 1479 1409
f 1448 1409 1228
f 1450 1448 1285
f 1285 1448 1228
f 1285 1228 965
f 1450 1285 1287
f 1287 1285 1060
f 1449 1468 1432
f 1468 1449 1480
f 1449 1432 1259
f 1259 1432 1182
f 1182 1432 1388
f 1259 1182 966
f 1182 1388 1149
f 966 1182 767
f 767 1182 1149
f 966 767 641
f 767 1149 852
f 852 1149 815
f 852 815 565
f 852 565 767
f 565 815 564
f 565 564 377
f 565 377 299
f 491 641 767
f 491 767 565
f 491 565 299
f 641 491 340
f 491 299 211
f 491 211 340
f 340 211 1651
f 1653 341 396
f 396 341 721
f 721 341 642
f 721 642 999
f 999 642 967
f 999 967 1260
f 398 770 679
f 679 770 965
f 398 721 770
f 770 721 1060
f 1060 721 999
f 25 84 82
f 84 25 27
f 2811 2813 2796
f 2796 2813 2732
f 2732 2813 2734
f 2734 2813 2815
f 2734 2815 2775
f 2734 2775 2665
f 2815 2813 2842
f 2842 2813 2858
f 2842 2858 2812
f 2842 2812 2814
f 2815 2842 2773
f 2773 2842 2814
f 2815 2773 2775
f 2773 2814 2774
f 2773 2774 2666
f 2773 2666 2775
f 2775 2666 2627
f 2732 2480 2506
f 2480 2732 2734
f 2480 2734 2665
f 2480 2665 2386
f 2386 2665 2558
f 2386 2558 2315
f 2386 2315 2057
f 2315 2558 2269
f 2057 2315 1940
f 1940 2315 2269
f 1940 2269 1889
f 1940 1889 31
f 31 1889 142
f 2627 2665 2775
f 1712 2011 1714
f 1714 2011 1932
f 1932 2011 2053
f 1712 1714 1546
f 1712 1546 86
f 1546 1714 29
f 29 1714 88
f 86 1546 220
f 220 1546 29
f 86 220 344
f 344 220 439
f 220 29 307
f 307 29 88
f 220 307 604
f 307 88 401
f 307 401 604
f 604 401 683
f 2011 2148 2053
f 2148 2189 2014
f 2014 2189 1938
f 1938 2189 2123
f 2014 2053 2148
f 1712 86 27
f 1932 1808 1714
f 1808 1660 1714
f 1660 1808 1766
f 1766 1808 1930
f 1930 1808 1966
f 1966 1808 1932
f 1662 1714 1660
f 1714 1662 1664
f 1714 1664 88
f 344 27 86
f 220 604 439
f 439 604 681
f 681 604 855
f 344 439 602
f 602 439 681
f 602 681 723
f 723 681 926
f 926 681 928
f 928 681 855
f 928 855 1004
f 928 1004 1152
f 928 1152 1002
f 1002 1152 1184
f 1002 1184 1061
f 84 27 218
f 84 218 305
f 305 218 437
f 305 437 399
f 305 399 303
f 27 344 218
f 1930 1966 2050
f 2050 2051 1930
f 1930 2051 1934
f 1934 2051 2015
f 1934 2015 1936
f 1934 1936 1857
f 1934 1857 1855
f 1855 1857 1770
f 1855 1770 1768
f 1768 1770 1662
f 1855 1768 1766
f 1768 1662 1660
f 1768 1660 1766
f 1930 1934 1855
f 1930 1855 1766
f 1966 1932 2053
f 2053 2050 1966
f 2051 2050 2015
f 2055 2015 2050
f 2014 2055 2050
f 2014 2050 2053
f 2015 2055 1887
f 1887 1936 2015
f 1936 1887 1859
f 1859 1887 1716
f 1936 1859 1857
f 2055 2014 1886
f 2055 1886 1887
f 2014 1938 1886
f 1770 1857 1664
f 1664 1857 1859
f 1664 1859 1716
f 1887 1886 1718
f 1718 1886 1938
f 1887 1718 1716
f 1772 1938 2123
f 1938 1772 1718
f 1718 1772 175
f 1718 175 88
f 2123 2057 1772
f 1772 2057 1620
f 1620 2057 1940
f 1772 1620 260
f 1620 1940 31
f 1620 31 260
f 260 31 403
f 403 31 142
f 403 142 535
f 403 535 644
f 403 644 568
f 644 535 817
f 817 535 606
f 568 644 886
f 886 644 817
f 886 817 1012
f 1012 817 888
f 886 1012 938
f 938 1012 1067
f 886 938 774
f 886 774 568
f 568 774 494
f 568 494 175
f 175 494 88
f 88 494 401
f 401 494 725
f 401 725 683
f 683 725 930
f 725 494 772
f 930 725 932
f 932 725 772
f 932 772 884
f 1664 1662 1770
f 1664 1716 1718
f 1664 1718 88
f 2627 2558 2665
f 2558 2627 2269
f 2318 2269 2627
f 2269 2318 1892
f 2269 1892 1889
f 1889 1892 142
f 1892 2318 1890
f 1890 2318 2316
f 1890 2316 2317
f 1890 2317 1891
f 1890 1891 176
f 142 1892 177
f 177 1892 1890
f 142 177 535
f 535 177 606
f 177 1890 221
f 221 1890 176
f 177 221 606
f 221 176 605
f 606 221 615
f 615 221 605
f 2316 2318 2627
f 2627 2666 2316
f 2666 2774 2626
f 2666 2626 2316
f 2814 2733 2774
f 2774 2733 2664
f 2774 2664 2626
f 2316 2626 2317
f 2626 2664 2557
f 2557 2664 2385
f 2557 2385 2314
f 2557 2314 2268
f 2557 2268 2626
f 2626 2268 2317
f 2317 2268 1891
f 1891 2268 1888
f 260 175 1772
f 175 260 568
f 568 260 403
f 2844 2537 2487
f 2487 2537 2070
f 2070 2537 2068
f 2070 2068 1575
f 1575 2068 1573
f 1573 2068 1569
f 2821 2908 2785
f 2532 2098 2101
f 2101 2100 2535
f 2100 2101 1569
f 1569 2101 1570
f 1569 1570 416
f 416 1570 417
f 416 417 791
f 791 417 830
f 791 830 1090
f 791 1090 1025
f 1025 1090 1129
f 1025 1129 1088
f 1088 1129 981
f 1088 981 952
f 952 981 864
f 952 864 826
f 826 864 744
f 2537 2100 2068
f 2068 2100 1569
f 2491 2463 2540
f 2463 2491 2331
f 2331 2491 2366
f 2331 2366 1992
f 2331 1992 1953
f 1953 1992 57
f 57 1992 59
f 57 59 506
f 57 506 505
f 505 506 834
f 505 834 799
f 799 834 1039
f 799 1039 989
f 989 1039 1136
f 989 1136 1037
f 1037 1136 1213
f 1037 1213 1169
f 1169 1213 1304
f 2364 2070 2034
f 1570 2101 2098
f 1570 2098 1566
f 1570 1566 417
f 417 1566 413
f 417 413 828
f 417 828 830
f 1505 2034 2070
f 1505 2070 1575
f 1505 1575 475
f 1505 475 59
f 59 475 506
f 506 475 797
f 506 797 834
f 475 1575 422
f 475 422 797
f 797 422 795
f 422 1575 1573
f 795 422 793
f 422 1573 420
f 422 420 793
f 420 1573 1569
f 420 1569 416
f 420 416 793
f 793 416 791
f 2333 2404 2489
f 2333 2489 2258
f 2489 2463 2258
f 2463 2331 2258
f 2210 2258 2331
f 2258 2210 2168
f 2168 2210 2104
f 2168 2104 2170
f 2168 2292 2258
f 2168 2295 2292
f 2295 2168 2170
f 2295 2170 2260
f 2295 2260 2369
f 2369 2260 2406
f 2406 2260 2172
f 2260 2170 2106
f 2260 2106 2172
f 2106 2170 2072
f 2172 2106 1911
f 2106 2072 1823
f 2106 1823 1911
f 1823 2072 1779
f 1911 1823 13
f 1911 13 1521
f 13 1823 63
f 63 1823 1779
f 63 1779 117
f 63 117 424
f 424 117 477
f 63 424 381
f 1953 2210 2331
f 2210 1953 1909
f 1909 1953 61
f 1909 61 115
f 2210 1909 2104
f 2104 1909 1870
f 2104 1870 2072
f 2072 1870 1779
f 2104 2072 2170
f 1953 57 61
f 115 1870 1909
f 1870 115 117
f 1870 117 1779
f 117 115 477
f 477 115 509
f 509 115 61
f 477 509 747
f 477 747 749
f 477 749 424
f 749 747 1047
f 747 509 836
f 509 61 548
f 509 548 836
f 548 61 57
f 836 548 868
f 548 57 505
f 868 548 799
f 799 548 505
f 2762 2685 2760
f 2612 2762 2760
f 2612 2760 2545
f 2612 2545 2371
f 2612 2371 2409
f 2612 2409 2709
f 2409 2371 2036
f 2036 2371 2298
f 2036 2298 1994
f 2409 2036 2074
f 2709 2409 2687
f 2709 2687 2896
f 2896 2687 2882
f 2687 2409 2411
f 2411 2409 2074
f 2411 2074 2108
f 2411 2108 2469
f 2687 2411 2741
f 2741 2411 2469
f 2741 2469 2712
f 2712 2469 2547
f 2861 2741 2863
f 2863 2741 2824
f 2824 2741 2712
f 2863 2824 2884
f 2884 2824 2826
f 2826 2824 2789
f 2789 2824 2712
f 2789 2712 2648
f 2882 2861 2916
f 2861 2882 2687
f 2882 2916 2924
f 2924 2916 2926
f 2924 2926 2935
f 2935 2926 2902
f 2902 2926 2888
f 2861 2687 2741
f 2863 2916 2861
f 2916 2863 2910
f 2910 2863 2884
f 2910 2926 2916
f 2926 2910 2918
f 2926 2918 2888
f 2918 2910 2884
f 2918 2884 2886
f 2886 2884 2826
f 2886 2826 2830
f 2830 2826 2865
f 2830 2865 2831
f 2831 2865 2870
f 2870 2865 2866
f 2870 2866 2828
f 2831 2870 2791
f 2831 2791 2834
f 2791 2870 2835
f 2835 2870 2828
f 2834 2791 2807
f 2835 2828 2768
f 2768 2828 2766
f 2768 2766 2718
f 2834 2807 2854
f 2834 2854 2892
f 2892 2854 2852
f 2852 2854 2745
f 2852 2745 2722
f 2852 2722 2838
f 2892 2852 2889
f 2892 2889 2886
f 2886 2889 2848
f 2848 2889 2852
f 2848 2852 2838
f 2848 2838 2840
f 2848 2840 2888
f 2294 2295 2369
f 2467 2465 2543
f 2467 2543 2582
f 2213 2465 2406
f 2406 2465 2467
f 2213 2406 2172
f 2213 2172 1911
f 2465 2213 2300
f 2465 2300 2545
f 2300 2213 1996
f 1996 2213 1911
f 2545 2298 2371
f 2300 2298 2545
f 2298 2300 1996
f 2298 1996 1994
f 1994 1996 1521
f 1521 1996 1911
f 381 13 63
f 1521 13 361
f 13 381 361
f 1577 2036 1994
f 1577 1994 1522
f 2036 1577 2074
f 1577 1522 362
f 2074 1577 1675
f 2074 1675 2108
f 1577 362 383
f 1577 383 1675
f 1675 383 161
f 161 383 511
f 383 362 660
f 511 383 801
f 801 383 660
f 801 660 958
f 801 958 1104
f 958 660 915
f 958 915 1175
f 1175 915 1173
f 2469 2108 2215
f 2215 2108 1998
f 2469 2215 2339
f 2469 2339 2547
f 2547 2339 2648
f 2648 2339 2379
f 2379 2339 2114
f 2215 1998 2112
f 2215 2112 2339
f 2339 2112 2114
f 2112 1998 1755
f 2114 2112 1959
f 1959 2112 1755
f 2114 1959 1846
f 1846 1959 1643
f 1643 1959 1755
f 1643 1755 69
f 69 1755 234
f 1643 69 291
f 291 69 234
f 2712 2547 2648
f 1825 2108 1675
f 1825 1675 161
f 2108 1825 1998
f 1998 1825 1525
f 1998 1525 1755
f 1525 1825 160
f 1755 1525 234
f 234 1525 160
f 234 160 385
f 656 361 702
f 656 702 913
f 913 702 1049
f 913 1049 1215
f 1215 1049 1275
f 361 381 702
f 702 381 424
f 702 424 749
f 702 749 1049
f 1049 749 1047
f 1049 1047 1275
f 362 657 660
f 660 657 915
f 915 657 991
f 915 991 1173
f 1173 991 1250
f 161 160 1825
f 160 161 321
f 160 321 320
f 550 321 161
f 321 550 515
f 550 161 512
f 161 511 512
f 512 511 801
f 512 801 802
f 802 801 1104
f 160 320 385
f 385 320 579
f 579 320 517
f 385 579 234
f 234 579 481
f 234 481 291
f 2902 2920 2935
f 2920 2902 2856
f 2920 2856 2872
f 2872 2856 2747
f 2872 2747 2749
f 2872 2749 2793
f 2749 2747 2431
f 2431 2747 2475
f 2749 2431 2695
f 2749 2695 2793
f 2695 2431 2433
f 2793 2695 2620
f 2620 2695 2433
f 2793 2620 2729
f 2620 2433 2345
f 2620 2345 2549
f 2549 2345 2312
f 2620 2549 2622
f 2620 2622 2697
f 2549 2312 2477
f 2549 2477 2622
f 2477 2312 2223
f 2622 2477 2552
f 2902 2888 2840
f 2902 2840 2856
f 2856 2840 2747
f 2747 2840 2724
f 2747 2724 2475
f 2888 2918 2848
f 2848 2918 2886
f 2840 2838 2724
f 2724 2838 2722
f 2724 2722 2429
f 2429 2722 2427
f 2429 2427 2120
f 2886 2830 2892
f 2892 2830 2831
f 2789 2802 2826
f 2826 2802 2865
f 2802 2789 2689
f 2865 2802 2866
f 2802 2689 2803
f 2802 2803 2866
f 2866 2803 2828
f 2828 2803 2764
f 2828 2764 2766
f 2766 2764 2714
f 2766 2714 2718
f 2714 2764 2585
f 2585 2764 2644
f 2718 2714 2614
f 2718 2614 2691
f 2415 2614 2471
f 2614 2415 2587
f 2614 2587 2691
f 2691 2587 2645
f 2691 2645 2716
f 2716 2645 2650
f 2650 2645 2588
f 2650 2588 2495
f 2495 2588 2413
f 2495 2413 2262
f 2262 2413 1955
f 2262 1955 1832
f 2262 1832 2038
f 2038 1832 1915
f 1915 1832 1751
f 1915 1751 1827
f 1915 1827 1957
f 1957 1827 1781
f 1957 1781 1872
f 1872 1781 1746
f 1872 1746 1833
f 1833 1746 1747
f 1833 1747 1830
f 1830 1747 1742
f 1830 1742 1784
f 1784 1742 1785
f 1785 1742 1743
f 1785 1743 1677
f 1785 1677 1748
f 1748 1677 1636
f 1748 1636 1679
f 2789 2648 2689
f 2689 2648 2419
f 2419 2648 2379
f 2689 2419 2377
f 2689 2377 2644
f 2689 2644 2803
f 2803 2644 2764
f 2644 2377 2585
f 2585 2377 2302
f 2419 2379 2141
f 2141 2379 2114
f 2141 2114 1876
f 2419 2141 2180
f 2141 1876 1921
f 2141 1921 2180
f 2180 1921 2110
f 2110 1921 1874
f 2110 1874 1844
f 2221 2302 2110
f 2471 2585 2302
f 2471 2302 2221
f 2585 2471 2714
f 2714 2471 2614
f 2471 2221 2178
f 2471 2178 2415
f 2178 2221 2040
f 1844 2040 2110
f 1605 1844 1641
f 1844 1605 1603
f 2040 1844 1840
f 1840 1844 1603
f 2178 2040 2006
f 2006 2040 1840
f 2178 2006 2176
f 2178 2176 2415
f 2006 1840 2004
f 2006 2004 2176
f 1840 1603 1838
f 1840 1838 2004
f 1838 1603 1639
f 1838 1639 1687
f 2004 1838 1836
f 2004 1836 2002
f 2004 2002 2176
f 2002 1836 1787
f 2002 1787 2000
f 2000 1787 1913
f 2176 2002 2219
f 2219 2002 2000
f 2219 2000 2217
f 2217 2000 1913
f 2217 1913 2174
f 2219 2217 2416
f 2176 2219 2375
f 2375 2219 2416
f 2176 2375 2415
f 2415 2375 2587
f 2587 2375 2416
f 2587 2416 2645
f 2645 2416 2588
f 1955 2174 1913
f 2174 1955 2413
f 1955 1913 1597
f 1597 1913 1683
f 1955 1597 1511
f 1511 1597 204
f 1955 1511 1832
f 1832 1511 1751
f 1751 1511 65
f 1751 65 1635
f 1751 1635 1827
f 1635 65 164
f 1827 1635 1587
f 1587 1635 164
f 1827 1587 1781
f 164 65 426
f 164 426 365
f 365 426 581
f 164 365 428
f 428 365 581
f 1587 164 196
f 196 164 428
f 1507 1781 1587
f 1507 1587 196
f 1781 1507 1746
f 196 428 236
f 196 236 1507
f 1507 236 119
f 1507 119 1579
f 1507 1579 1746
f 1746 1579 1747
f 1747 1579 1742
f 1742 1579 1580
f 1742 1580 1581
f 1742 1581 1743
f 1743 1581 1582
f 1743 1582 1677
f 1677 1582 1588
f 479 236 428
f 236 479 387
f 387 479 585
f 479 428 662
f 662 428 581
f 479 662 666
f 479 666 705
f 479 705 585
f 585 705 755
f 585 755 625
f 625 755 807
f 625 807 663
f 663 807 872
f 663 872 753
f 753 872 873
f 753 873 805
f 751 662 581
f 751 581 876
f 662 751 917
f 917 751 1053
f 662 917 840
f 917 1053 1144
f 917 1144 840
f 840 1144 1051
f 1051 1144 1257
f 1257 1144 1280
f 1051 1257 1222
f 2834 2892 2831
f 2807 2791 2654
f 2654 2791 2720
f 2720 2791 2835
f 2720 2835 2693
f 2693 2835 2768
f 2720 2693 2423
f 2693 2768 2652
f 2652 2768 2718
f 2693 2652 2593
f 2693 2593 2423
f 2423 2593 2341
f 2341 2593 2497
f 2341 2497 2306
f 2306 2497 2307
f 2425 2383 2654
f 2082 2310 2383
f 2383 2310 2656
f 2383 2656 2654
f 2654 2656 2807
f 2807 2656 2743
f 2743 2656 2595
f 2807 2743 2854
f 2854 2743 2745
f 2745 2743 2499
f 2473 2497 2617
f 2497 2473 2307
f 2473 2617 2591
f 2307 2473 2421
f 2421 2473 2591
f 2077 1961 2307
f 2077 2307 2304
f 2304 2307 2421
f 2077 2304 2143
f 2304 2421 2381
f 2304 2381 2143
f 2381 2421 2591
f 2143 2381 2044
f 2381 2591 2495
f 2495 2591 2650
f 2044 2381 2182
f 2182 2381 2495
f 2182 2495 2262
f 2044 2182 1878
f 1878 2182 2042
f 1878 2042 1919
f 1878 1919 1793
f 1793 1919 1691
f 1691 1919 1917
f 1691 1917 1606
f 1606 1917 1841
f 1691 1606 248
f 248 1606 338
f 1606 1841 1791
f 1606 1791 1512
f 1512 1791 1601
f 1512 1601 71
f 71 1601 40
f 71 40 127
f 127 40 202
f 202 40 123
f 202 123 124
f 2771 2793 2809
f 2809 2793 2729
f 2429 2475 2724
f 2722 2745 2427
f 2427 2745 2499
f 2427 2499 2264
f 2427 2264 2120
f 2264 2499 2343
f 2343 2499 2595
f 2343 2595 2656
f 2343 2656 2310
f 2499 2743 2595
f 2654 2720 2425
f 2425 2720 2423
f 2425 2423 2145
f 2425 2145 2383
f 2383 2145 2082
f 2145 2423 2116
f 2082 2145 1923
f 1923 2145 2116
f 2082 1923 1850
f 2082 1850 2008
f 2082 2008 2310
f 2116 2423 2341
f 1923 2116 1882
f 2310 2008 1925
f 1925 2008 1517
f 2310 1925 2184
f 1925 1517 1803
f 2184 1925 2118
f 2118 1925 1803
f 2118 1803 2120
f 2120 1803 1707
f 2120 1707 2084
f 2084 1707 1705
f 2120 2084 2475
f 2475 2084 2431
f 2431 2084 2086
f 2086 2084 1652
f 2431 2086 2433
f 2433 2086 2088
f 2086 1652 1651
f 2086 1651 2088
f 2088 1651 1801
f 1801 1651 22
f 22 1651 211
f 22 211 210
f 210 211 299
f 210 299 377
f 210 377 301
f 301 377 256
f 2180 2377 2419
f 2377 2180 2302
f 2302 2180 2110
f 2114 1846 1876
f 1514 1846 1643
f 1846 1514 1645
f 1514 1643 133
f 1643 291 133
f 1695 1876 1846
f 1645 1695 1846
f 1876 1695 1693
f 1876 1693 1921
f 1921 1693 1641
f 1921 1641 1874
f 1874 1641 1844
f 170 1645 1514
f 1645 170 1516
f 1516 170 79
f 1514 133 254
f 254 133 375
f 375 133 531
f 531 133 291
f 1514 254 170
f 170 254 207
f 170 207 79
f 207 254 295
f 295 254 293
f 291 481 670
f 670 531 291
f 531 670 639
f 531 639 489
f 1695 1645 1516
f 1695 1516 1611
f 1695 1611 1693
f 1611 1516 1649
f 1649 1516 79
f 1649 79 1701
f 1693 1611 44
f 1693 44 1641
f 1641 44 1605
f 1605 44 73
f 77 73 1613
f 73 77 75
f 1605 73 41
f 41 73 75
f 1605 41 1603
f 41 75 42
f 1603 41 1513
f 1513 41 42
f 1603 1513 1639
f 1513 42 1609
f 1639 1513 1687
f 1687 1513 1609
f 1687 1609 1759
f 1836 1838 1687
f 1836 1687 1688
f 1688 1687 1759
f 1836 1688 1787
f 1787 1688 1683
f 1699 1759 1761
f 1759 1699 20
f 1688 1759 1537
f 1537 1759 20
f 1688 1537 1683
f 1537 20 135
f 1683 1537 129
f 129 1537 135
f 1683 129 1597
f 129 135 250
f 129 250 204
f 254 375 293
f 293 375 489
f 489 375 531
f 293 489 206
f 206 489 562
f 562 489 639
f 293 206 172
f 172 206 1705
f 293 172 295
f 172 1705 1707
f 295 172 137
f 137 172 1707
f 137 1707 1803
f 295 137 207
f 137 1803 1517
f 137 1517 207
f 207 1517 79
f 79 1517 1703
f 1703 1517 2008
f 1703 2008 1850
f 79 1703 1701
f 1701 1703 1850
f 1701 1850 1923
f 1701 1923 1763
f 1763 1923 1882
f 1701 1763 1649
f 1649 1763 1613
f 1649 1613 1611
f 1611 1613 44
f 44 1613 73
f 1613 1763 77
f 77 1763 1617
f 77 1617 1614
f 77 1614 75
f 75 1614 42
f 42 1614 1697
f 42 1697 1761
f 42 1761 1609
f 1609 1761 1759
f 1761 1697 1880
f 1880 1697 1848
f 1761 1880 1795
f 2080 2076 1880
f 1880 2076 1961
f 1795 1880 1797
f 1797 1880 1961
f 1795 1797 1699
f 1797 1961 1798
f 1699 1797 20
f 20 1797 1798
f 20 1798 135
f 135 1798 1647
f 135 1647 1515
f 135 1515 250
f 250 1515 252
f 250 252 393
f 2475 2429 2120
f 2477 2223 2435
f 1963 2223 2046
f 2223 1963 2186
f 2223 2186 2435
f 2186 1963 1927
f 2186 1927 2266
f 2266 1927 2010
f 2435 2186 2437
f 2437 2186 2266
f 2435 2437 2555
f 2435 2555 2501
f 2437 2266 2503
f 2437 2503 2555
f 2555 2503 2624
f 2503 2266 2439
f 2503 2439 2662
f 2147 2188 2439
f 2439 2188 2505
f 2439 2505 2662
f 2505 2188 2122
f 2662 2505 2731
f 2662 2731 2795
f 2795 2731 2812
f 2812 2731 2733
f 2812 2733 2814
f 2731 2505 2479
f 2731 2479 2733
f 2479 2505 2122
f 2733 2479 2664
f 2664 2479 2385
f 2385 2479 2122
f 2385 2122 2056
f 2345 2433 2088
f 2345 2088 2090
f 2345 2090 2312
f 2312 2090 2046
f 2312 2046 2223
f 2046 2090 1852
f 2046 1852 1805
f 1805 1852 1655
f 2046 1805 1963
f 139 1655 210
f 1655 139 81
f 1655 81 1805
f 1805 81 1709
f 1805 1709 1963
f 1709 81 24
f 1963 1709 1657
f 1963 1657 1927
f 2090 1801 1852
f 1801 2090 2088
f 1852 1801 22
f 1852 22 1655
f 1655 22 210
f 1652 2084 1705
f 1652 1705 297
f 83 81 215
f 81 83 24
f 24 83 26
f 1651 1652 397
f 1651 397 395
f 395 397 720
f 395 340 1651
f 340 395 720
f 340 720 641
f 641 720 998
f 641 998 966
f 966 998 1259
f 297 397 1652
f 397 297 678
f 1705 206 297
f 297 206 562
f 297 562 678
f 678 562 639
f 678 639 850
f 850 639 671
f 850 671 995
f 515 838 671
f 671 838 995
f 995 838 1142
f 995 1142 1333
f 995 1333 1227
f 995 1227 964
f 1227 1333 1408
f 1408 1333 1426
f 397 769 720
f 720 769 1059
f 720 1059 998
f 397 678 769
f 769 678 964
f 964 678 850
f 964 850 995
f 769 964 1059
f 1059 964 1284
f 1059 1284 1286
f 1284 964 1227
f 1286 1284 1449
f 1284 1227 1447
f 1284 1447 1449
f 1447 1227 1408
f 1449 1447 1480
f 1447 1408 1478
f 1447 1478 1480
f 24 1657 1709
f 1657 24 26
f 1657 26 1711
f 1657 1711 1927
f 1927 1711 2010
f 2264 2343 2184
f 2184 2343 2310
f 2264 2184 2118
f 2264 2118 2120
f 2221 2110 2040
f 2616 2718 2691
f 2718 2616 2652
f 2616 2691 2716
f 2616 2716 2617
f 2616 2617 2497
f 2652 2616 2497
f 2497 2593 2652
f 1763 1882 1617
f 1617 1882 1848
f 1617 1848 1614
f 1614 1848 1697
f 1848 1882 2080
f 1848 2080 1880
f 2080 1882 2116
f 2080 2116 2341
f 2080 2341 2076
f 2076 2341 2306
f 2076 2306 1961
f 1961 2306 2307
f 2716 2650 2617
f 2416 2373 2588
f 2588 2373 2413
f 2373 2416 2217
f 2413 2373 2174
f 2174 2373 2217
f 2591 2617 2650
f 1683 1913 1787
f 1798 1961 2077
f 1798 2077 2143
f 1798 2143 2044
f 1798 2044 1647
f 1647 2044 1515
f 1515 2044 1878
f 1515 1878 43
f 43 1878 1793
f 43 1793 1691
f 1515 43 252
f 252 43 373
f 373 43 131
f 248 131 1691
f 131 248 373
f 252 373 487
f 252 487 393
f 487 373 637
f 637 373 560
f 560 373 248
f 560 248 599
f 599 248 338
f 599 338 529
f 1761 1795 1699
f 2147 2439 2266
f 2147 2266 2010
f 2147 2010 2052
f 1713 2010 1711
f 2010 1713 1931
f 2010 1931 2052
f 1713 1711 1545
f 1545 1711 85
f 85 1711 26
f 1545 85 219
f 1545 219 28
f 1545 28 1713
f 1713 28 87
f 2012 2188 2147
f 2188 2012 1937
f 2147 2052 2012
f 1937 2122 2188
f 217 26 83
f 217 83 304
f 304 83 215
f 217 304 436
f 436 304 399
f 399 304 303
f 26 217 343
f 26 343 85
f 1713 1807 1931
f 1931 1807 1965
f 1931 1965 2052
f 2052 1965 2048
f 1807 1713 1659
f 1807 1659 1765
f 1807 1765 1929
f 1807 1929 1965
f 1661 1659 1713
f 1663 1661 1713
f 87 1663 1713
f 219 85 343
f 219 343 438
f 438 343 601
f 438 601 680
f 680 601 722
f 680 722 925
f 680 925 927
f 680 927 854
f 854 927 1003
f 438 680 603
f 603 680 854
f 438 603 219
f 603 854 929
f 603 929 682
f 219 603 306
f 306 603 682
f 219 306 28
f 306 682 400
f 28 306 87
f 87 306 400
f 2048 2012 2052
f 2012 2048 2054
f 2012 2054 1884
f 1965 1929 2048
f 2049 2048 1929
f 1933 2049 1929
f 1933 1929 1854
f 1854 1929 1765
f 2048 2049 2013
f 2013 2054 2048
f 2049 1933 2013
f 2013 1933 1935
f 1856 1935 1933
f 1933 1854 1856
f 1659 1767 1765
f 1767 1659 1661
f 1765 1767 1854
f 1767 1661 1769
f 1767 1769 1854
f 1854 1769 1856
f 1856 1769 1663
f 1884 1937 2012
f 2122 1937 1771
f 1771 2056 2122
f 2314 2385 2056
f 2314 2056 1939
f 2314 1939 2268
f 2268 1939 1888
f 1939 2056 1619
f 1619 2056 1771
f 1888 1939 30
f 30 1939 1619
f 1888 30 141
f 1619 1771 259
f 1619 259 30
f 1717 1771 1937
f 259 1771 174
f 174 1771 1717
f 174 1717 87
f 87 1717 1663
f 174 87 493
f 493 87 400
f 174 493 567
f 174 567 259
f 567 493 773
f 567 773 885
f 259 567 402
f 259 402 30
f 30 402 141
f 402 567 643
f 643 567 885
f 643 885 816
f 816 885 1011
f 402 643 534
f 534 643 816
f 402 534 141
f 534 816 605
f 534 605 176
f 534 176 141
f 141 176 1891
f 1884 1717 1937
f 1717 1884 1885
f 2054 2013 1885
f 2054 1885 1884
f 2013 1935 1885
f 1885 1935 1858
f 1858 1935 1856
f 1885 1858 1715
f 1715 1858 1663
f 1856 1663 1858
f 1717 1885 1715
f 1769 1661 1663
f 1663 1717 1715
f 1891 1888 141
f 2042 2182 2262
f 2262 2038 2042
f 1919 2042 2038
f 2038 1915 1919
f 1597 129 204
f 1511 204 332
f 1511 332 65
f 65 332 426
f 426 332 523
f 523 332 393
f 426 523 704
f 426 704 581
f 581 704 876
f 204 250 393
f 393 332 204
f 1957 1919 1915
f 1919 1957 1917
f 1917 1957 1872
f 1917 1872 1841
f 1841 1872 1791
f 1791 1872 1833
f 1791 1833 1830
f 1791 1830 1789
f 1789 1830 1756
f 1756 1830 1784
f 1756 1784 1785
f 1756 1785 1752
f 131 43 1691
f 1606 1512 338
f 1789 1601 1791
f 1601 1789 1756
f 1601 1756 1598
f 1598 1756 1595
f 1595 1756 1752
f 1595 1752 1591
f 1591 1752 1684
f 1591 1684 1592
f 1592 1684 1681
f 1512 71 246
f 246 71 127
f 246 127 244
f 244 127 202
f 244 202 333
f 333 202 242
f 242 202 124
f 333 242 369
f 242 124 200
f 369 242 330
f 242 200 289
f 242 289 330
f 1512 246 338
f 338 246 371
f 371 246 336
f 371 336 434
f 434 336 485
f 485 336 391
f 485 391 554
f 554 391 432
f 554 432 525
f 338 371 529
f 529 371 556
f 556 371 434
f 556 434 485
f 1579 1510 1508
f 1579 1508 1580
f 1580 1508 1581
f 1581 1508 1509
f 1581 1509 1529
f 1581 1529 1582
f 1582 1529 1588
f 1588 1529 1530
f 119 1510 1579
f 1510 1601 1598
f 1510 1598 1508
f 1508 1598 1595
f 1508 1595 1509
f 1509 1595 1529
f 1529 1595 1591
f 1529 1591 1530
f 1530 1591 1592
f 40 1601 1510
f 40 1510 66
f 40 66 123
f 1510 119 66
f 66 119 166
f 66 166 120
f 285 166 240
f 166 285 238
f 166 238 120
f 120 238 283
f 120 283 167
f 167 283 198
f 198 283 286
f 286 283 325
f 119 236 240
f 240 236 387
f 119 240 166
f 66 120 123
f 123 120 124
f 1748 1752 1785
f 1588 1636 1677
f 1752 1748 1684
f 1684 1748 1681
f 1681 1748 1679
f 240 246 244
f 336 246 240
f 336 240 328
f 336 328 388
f 336 388 391
f 391 388 432
f 1588 1679 1636
f 1679 1588 1530
f 1679 1530 1681
f 1681 1530 1592
f 894 537 441
f 896 894 441
f 894 896 1122
f 539 1016 896
f 1016 539 729
f 896 1016 1201
f 896 1201 1122
f 537 894 890
f 890 894 1071
f 890 1071 1069
f 1069 1071 1193
f 1193 1071 1240
f 1240 1071 1122
f 1122 1071 894
f 1201 1240 1122
f 941 1073 1197
f 941 1197 1014
f 1014 1197 1299
f 1014 1299 1118
f 1118 1299 1292
f 1120 1073 941
f 1073 1120 1195
f 1195 1120 1235
f 1195 1235 1294
f 1240 1201 1300
f 1201 1199 1296
f 1201 1296 1300
f 1199 1201 1075
f 1075 1201 1016
f 1075 1016 1314
f 1160 1314 1016
f 1160 1016 729
f 1191 1193 1263
f 1263 1193 1240
f 1263 1240 1300
f 1191 1263 1235
f 1235 1263 1294
f 1263 1300 1296
f 1263 1296 1294
f 1073 1195 1199
f 1073 1199 1075
f 1294 1199 1195
f 1294 1296 1199
f 1073 1075 1265
f 1073 1265 1238
f 1238 1265 1366
f 1238 1366 1341
f 1238 1341 1236
f 1236 1341 1337
f 1314 1265 1075
f 1265 1314 1366
f 1366 1314 1402
f 1402 1314 1422
f 1422 1314 1372
f 1372 1314 1160
f 1073 1238 1236
f 1073 1236 1293
f 1073 1293 1197
f 1343 1197 1293
f 1343 1293 1364
f 1343 1364 1420
f 1368 1197 1203
f 1197 1368 1340
f 1340 1368 1419
f 1340 1419 1414
f 1197 1340 1391
f 1197 1391 1299
f 1391 1340 1437
f 1437 1340 1414
f 1437 1414 1459
f 1437 1459 1471
f 1343 1203 1197
f 1203 1343 1372
f 1203 1372 1160
f 1372 1343 1422
f 1422 1343 1420
f 1236 1337 1364
f 1236 1364 1293
f 1364 1337 1400
f 1364 1400 1420
f 1400 1341 1366
f 1341 1400 1337
f 1402 1400 1366
f 1203 1160 1404
f 1160 729 900
f 1160 900 1267
f 1267 900 1302
f 1302 900 899
f 1160 1267 1404
f 1404 1267 1441
f 1404 1441 1484
f 1404 1484 1473
f 1402 1420 1400
f 1420 1402 1422
f 1419 1368 1452
f 1452 1368 1404
f 1404 1368 1203
f 1419 1452 1459
f 1459 1452 1473
f 1419 1459 1414
f 1404 1473 1452
f 1471 1459 1473
f 1484 1471 1473
f 1437 1471 1439
f 1437 1439 1391
f 1391 1439 1299
f 1299 1439 1316
f 1484 1439 1471
f 1439 1484 1441
f 1439 1441 1316
f 1316 1441 1267
f 892 496 380
f 892 380 776
f 1370 1077 892
f 1370 892 1312
f 1370 1312 1461
f 1461 1312 1435
f 1461 1435 1487
f 1461 1487 1493
f 1302 899 1242
f 1302 1242 1393
f 1302 1393 1395
f 1302 1395 1374
f 1302 1374 1267
f 1418 1299 1316
f 1418 1316 1454
f 1454 1316 1374
f 1418 1454 1489
f 1418 1292 1299
f 1292 1418 1412
f 1316 1267 1374
f 1395 1393 1475
f 1395 1475 1477
f 1395 1477 1374
f 1374 1477 1454
f 1454 1477 1491
f 1491 1477 1499
f 1418 1489 1482
f 1482 1489 1497
f 1482 1497 1487
f 1489 1491 1497
f 1454 1491 1489
f 1487 1497 1493
f 1493 1497 1495
f 1495 1497 1499
f 1499 1497 1491
f 1477 1475 1495
f 1477 1495 1499
f 449 352 317
f 610 449 317
f 317 229 453
f 453 229 356
f 578 821 623
f 821 859 623
f 623 859 823
f 823 859 1020
f 823 1020 861
f 823 861 654
f 861 1020 1081
f 861 1081 1083
f 687 654 861
f 687 861 908
f 908 861 1083
f 687 908 689
f 1085 1209 1211
f 1085 1211 1024
f 1209 1085 951
f 1209 951 1083
f 1083 951 908
f 908 951 825
f 908 825 689
f 693 689 825
f 474 701 700
f 474 700 655
f 825 863 693
f 863 825 951
f 695 741 863
f 863 865 695
f 865 863 980
f 980 863 1022
f 980 1022 1128
f 980 1128 1130
f 1130 1128 1091
f 1091 1128 1087
f 745 865 827
f 827 865 953
f 701 745 827
f 867 701 827
f 701 867 700
f 867 827 953
f 867 953 984
f 984 953 1089
f 984 1089 1093
f 1093 1089 1030
f 1030 1089 1026
f 980 953 865
f 953 980 1089
f 379 495 891
f 891 495 1076
f 379 891 775
f 495 497 726
f 726 1076 495
f 1369 1311 891
f 895 442 440
f 442 895 538
f 538 895 1015
f 1015 895 1200
f 1200 895 1121
f 1200 1121 1239
f 1200 1239 1298
f 1239 1121 1070
f 1239 1070 1192
f 440 893 895
f 895 893 1121
f 1121 893 1070
f 1070 893 889
f 1070 889 1068
f 536 889 893
f 897 898 1301
f 1015 728 538
f 1200 1074 1015
f 1313 1015 1074
f 1117 1289 1297
f 1311 1369 1460
f 1460 1434 1311
f 1434 1460 1486
f 1486 1460 1492
f 1394 1474 1392
f 1474 1394 1476
f 1476 1394 1373
f 1474 1476 1494
f 1476 1373 1453
f 1494 1476 1498
f 1476 1453 1490
f 1476 1490 1498
f 940 1072 1119
f 1119 1072 1194
f 1119 1194 1234
f 1234 1194 1291
f 1415 1297 1289
f 1297 1415 1315
f 1315 1415 1453
f 1196 1297 1390
f 1196 1390 1338
f 1438 1390 1297
f 1390 1438 1436
f 1436 1438 1470
f 1436 1470 1458
f 1297 1315 1438
f 1438 1315 1440
f 1440 1315 1266
f 1438 1440 1483
f 1438 1483 1470
f 1196 1202 1342
f 1342 1202 1371
f 1371 1202 1159
f 1342 1371 1421
f 1342 1421 1417
f 1367 1202 1196
f 1367 1196 1338
f 1367 1338 1416
f 1196 1342 1290
f 1290 1342 1363
f 1363 1342 1417
f 1363 1417 1399
f 1363 1399 1336
f 1290 1072 1196
f 1403 1159 1202
f 1367 1403 1202
f 1403 1367 1451
f 1451 1367 1416
f 1403 1451 1472
f 1338 1390 1436
f 1338 1436 1413
f 1413 1436 1458
f 1338 1413 1416
f 1072 1233 1237
f 1237 1233 1339
f 1339 1233 1336
f 1237 1339 1365
f 1237 1365 1264
f 1237 1264 1072
f 1072 1264 1074
f 1198 1194 1072
f 1198 1072 1074
f 1194 1198 1291
f 1291 1198 1295
f 1290 1233 1072
f 1233 1290 1363
f 1233 1363 1336
f 1403 1266 1159
f 1266 1403 1440
f 1159 1313 1371
f 1472 1483 1403
f 1403 1483 1440
f 1313 1421 1371
f 1373 1266 1315
f 1074 1264 1313
f 1365 1313 1264
f 1313 1365 1401
f 1401 1365 1399
f 1401 1421 1313
f 1496 1485 1486
f 1496 1486 1492
f 1496 1492 1494
f 1496 1494 1498
f 1496 1498 1490
f 1496 1490 1488
f 1415 1485 1488
f 1488 1485 1496
f 1415 1488 1453
f 1453 1488 1490
f 1453 1373 1315
f 1413 1458 1416
f 1416 1458 1451
f 1451 1458 1472
f 1401 1399 1417
f 1401 1417 1421
f 1472 1458 1470
f 1472 1470 1483
f 1234 1190 1119
f 1119 1190 1068
f 1068 1190 1192
f 1192 1190 1262
f 1262 1190 1234
f 1262 1234 1291
f 1192 1070 1068
f 1074 1200 1198
f 1198 1200 1295
f 1295 1200 1298
f 1399 1339 1336
f 1339 1399 1365
f 1295 1262 1291
f 1262 1295 1298
f 1262 1239 1192
f 1239 1262 1298
f 732 730 575
f 609 316 447
f 316 609 452
f 452 609 573
f 1162 1206 978
f 1125 978 1206
f 688 692 824
f 624 410 471
f 624 471 696
f 624 696 832
f 832 696 954
f 832 954 1094
f 472 697 698
f 862 824 692
f 824 862 950
f 866 698 697
f 698 866 826
f 1084 1210 1208
f 1210 1084 1023
f 862 864 981
f 862 981 1021
f 1127 1021 981
f 1127 981 1129
f 1127 1129 1090
f 1127 1090 1086
f 1086 1090 830
f 1086 830 828
f 948 1023 789
f 582 429 667
f 582 667 752
f 582 752 877
f 877 752 1054
f 1054 752 918
f 918 752 667
f 1054 918 1145
f 918 667 841
f 918 841 1145
f 711 667 664
f 711 664 712
f 711 712 718
f 718 712 719
f 712 664 761
f 761 664 707
f 761 707 810
f 810 707 756
f 810 756 879
f 879 756 808
f 879 808 920
f 920 808 874
f 920 874 875
f 920 875 961
f 845 841 667
f 841 845 994
f 845 667 711
f 1057 924 877
f 1057 877 1054
f 877 924 766
f 877 766 706
f 526 706 766
f 526 766 559
f 526 559 394
f 1052 1258 1145
f 1145 1258 1281
f 1145 841 1052
f 1052 841 994
f 1145 1223 1054
f 1223 1145 1281
f 1309 1258 1224
f 1258 1309 1281
f 1309 1224 1283
f 1224 1258 1052
f 994 1179 1052
f 1052 1179 1224
f 1179 994 1181
f 1179 1181 1224
f 1057 1054 1223
f 1057 1223 1226
f 1281 1226 1223
f 1226 1281 1309
f 1030 1034 1032
f 1032 1034 1099
f 1099 1034 1101
f 1032 1099 1097
f 1097 1099 1101
f 1032 1097 912
f 1097 1101 1168
f 1097 1168 1248
f 1097 1248 1166
f 1097 1166 1095
f 1166 1248 1212
f 1166 1212 1095
f 1212 1248 1303
f 1212 1303 1247
f 1212 1247 1165
f 1095 1212 1133
f 1095 1133 955
f 955 1133 982
f 955 982 746
f 746 982 954
f 954 982 1133
f 746 954 696
f 954 1133 1094
f 1094 1133 1212
f 1094 1212 1165
f 1096 1165 1247
f 1165 1096 1094
f 1096 1247 1167
f 1096 1167 1100
f 1094 1096 911
f 1094 911 832
f 911 1096 1031
f 1096 1100 1098
f 1096 1098 1031
f 1098 1100 1033
f 1098 1033 1031
f 1031 1033 1029
f 1132 1093 1030
f 1093 1132 1028
f 1093 1028 984
f 1030 1032 1132
f 1132 1032 1028
f 1028 1032 912
f 1028 912 833
f 1028 833 910
f 984 1028 910
f 984 910 867
f 867 910 700
f 1034 986 1101
f 986 988 1101
f 988 1036 1101
f 1101 1036 1168
f 700 910 655
f 655 910 833
f 1036 1135 1168
f 1168 1135 1248
f 1319 1248 1135
f 1248 1319 1268
f 1268 1319 1344
f 1268 1344 1318
f 1268 1318 1247
f 1247 1318 1134
f 1134 1318 1213
f 1134 1213 1136
f 1134 1136 1035
f 1035 1136 987
f 987 1136 1039
f 987 1039 797
f 797 1039 834
f 987 797 985
f 987 985 1100
f 1248 1268 1303
f 1303 1268 1247
f 988 1040 1137
f 988 1137 1036
f 1036 1137 1135
f 1135 1137 1214
f 1139 1038 990
f 1038 1139 1170
f 1139 990 1103
f 1139 1103 1044
f 1139 1044 1042
f 1046 1042 1044
f 957 1046 1044
f 1135 1214 1319
f 1305 1319 1214
f 1319 1305 1317
f 1319 1317 1344
f 1344 1317 1318
f 1170 1139 1270
f 1170 1270 1305
f 1139 1042 1272
f 1139 1272 1270
f 1272 1042 1046
f 1272 1046 1274
f 1274 1046 1172
f 1274 1172 1307
f 1307 1172 1355
f 1305 1270 1347
f 1305 1347 1317
f 1347 1270 1349
f 1349 1270 1272
f 1349 1272 1274
f 1317 1347 1345
f 1347 1349 1320
f 1347 1320 1345
f 1349 1274 1322
f 1349 1322 1320
f 1322 1274 1307
f 1317 1345 1346
f 1346 1345 1320
f 1317 1346 1304
f 1322 1307 1351
f 1346 1320 1348
f 1304 1346 1269
f 1269 1346 1348
f 1304 1269 1169
f 1348 1320 1321
f 1269 1348 1271
f 1271 1348 1273
f 1273 1348 1321
f 1269 1271 1138
f 1269 1138 1169
f 1169 1138 1037
f 1037 1138 989
f 989 1138 1102
f 1102 1138 1043
f 989 1102 799
f 799 1102 868
f 1306 1273 1321
f 1273 1306 1171
f 1306 1321 1350
f 1350 1321 1323
f 1323 1321 1249
f 1323 1249 1322
f 1323 1322 1351
f 1350 1323 1352
f 1350 1352 1306
f 1323 1351 1354
f 1354 1351 1307
f 1354 1307 1355
f 1323 1354 1324
f 1323 1324 1352
f 1354 1355 1377
f 1354 1377 1324
f 1377 1355 1326
f 1324 1377 1356
f 1352 1324 1375
f 1375 1324 1356
f 1353 1306 1352
f 1353 1352 1375
f 1306 1353 1171
f 1353 1375 1325
f 1353 1325 1275
f 1353 1275 1171
f 1275 1325 1215
f 1171 1275 1047
f 1171 1047 956
f 1171 956 1045
f 1357 1375 1356
f 1357 1356 1377
f 1375 1357 1380
f 1375 1380 1381
f 1381 1380 1384
f 1357 1377 1382
f 1382 1377 1383
f 1380 1357 1407
f 1407 1357 1382
f 1382 1383 1445
f 1382 1445 1407
f 1424 1445 1382
f 1445 1424 1456
f 1481 1469 1456
f 1456 1469 1445
f 1445 1469 1446
f 1445 1446 1407
f 1445 1469 1457
f 1382 1445 1425
f 1425 1445 1457
f 1407 1446 1444
f 1407 1444 1380
f 1425 1457 1444
f 1380 1444 1423
f 1379 1398 1425
f 1379 1425 1397
f 1397 1425 1444
f 1423 1444 1455
f 1444 1457 1468
f 1444 1446 1468
f 1444 1468 1455
f 1455 1468 1480
f 1046 957 1172
f 1172 957 1048
f 1317 1304 1318
f 1318 1304 1213
f 1249 1320 1322
f 1320 1249 1321
f 1276 1172 1048
f 1172 1276 1355
f 323 322 518
f 323 518 516
f 516 518 673
f 673 518 672
f 673 672 640
f 514 871 804
f 804 871 1253
f 804 1253 1141
f 1141 1253 1359
f 1359 1253 1427
f 1359 1427 1443
f 580 518 322
f 673 839 516
f 518 580 482
f 518 482 672
f 1218 1176 959
f 1176 1218 1330
f 1330 1328 1176
f 1479 1443 1427
f 1443 1479 1463
f 1463 1479 1481
f 1398 1406 1378
f 1328 1330 1382
f 1463 1456 1424
f 1385 1256 1220
f 1385 1220 1387
f 1387 1220 1361
f 1387 1361 1469
f 1256 1177 1220
f 1220 1177 1146
f 1256 1385 1279
f 1277 1256 1279
f 1377 1356 1279
f 1279 1356 1277
f 1256 1277 1254
f 1256 1254 1177
f 1177 1254 1255
f 1255 1254 1277
f 1255 1277 1278
f 1278 1277 1356
f 1278 1356 1375
f 1220 1146 1361
f 1377 1279 1383
f 1383 1279 1385
f 1383 1385 1445
f 1445 1385 1387
f 1445 1387 1469
f 1255 1219 1177
f 1177 1219 1146
f 1219 1255 1384
f 1146 1219 1360
f 1219 1384 1386
f 1219 1386 1360
f 1386 1384 1444
f 1386 1444 1468
f 1386 1468 1360
f 1360 1468 1432
f 1469 1361 1433
f 1150 1361 1389
f 1389 1433 1361
f 1389 1361 1335
f 1389 1335 1362
f 1362 1335 1360
f 1362 1360 1388
f 1335 1361 1146
f 1335 1146 1360
f 997 1146 1361
f 1146 997 1360
f 1360 997 1149
f 1149 997 815
f 1406 1398 1379
f 1406 1379 1396
f 1396 1379 1405
f 1405 1379 1397
f 1456 1463 1466
f 1466 1463 1481
f 1467 1481 1430
f 1430 1481 1450
f 1429 1450 1287
f 1429 1287 1260
f 1456 1466 1481
f 1467 1450 1481
f 1450 1467 1430
f 1429 1260 1450
f 122 126 169
f 169 126 199
f 201 199 126
f 126 125 203
f 284 199 288
f 284 288 327
f 284 327 368
f 326 239 284
f 239 326 287
f 287 326 335
f 326 284 368
f 326 368 335
f 335 368 370
f 370 368 331
f 331 368 327
f 199 201 290
f 199 290 288
f 288 290 331
f 288 331 327
f 245 287 335
f 287 245 241
f 484 433 522
f 522 433 528
f 433 484 390
f 522 584 484
f 584 522 588
f 484 584 520
f 484 520 390
f 390 520 431
f 431 520 553
f 390 431 329
f 431 553 389
f 431 389 329
f 389 553 527
f 329 389 241
f 555 528 433
f 433 392 555
f 584 588 612
f 612 588 614
f 584 612 628
f 590 520 584
f 520 590 553
f 553 590 596
f 596 590 628
f 553 596 557
f 553 557 527
f 527 557 530
f 596 628 632
f 632 628 612
f 632 612 614
f 628 590 584
f 522 528 588
f 588 528 594
f 588 594 614
f 555 594 528
f 594 555 614
f 614 555 632
f 632 555 596
f 596 555 486
f 596 486 557
f 486 337 435
f 435 337 372
f 389 527 587
f 530 598 527
f 527 598 593
f 593 598 634
f 593 634 630
f 630 634 669
f 669 634 713
f 669 713 758
f 758 713 762
f 598 530 677
f 677 530 636
f 598 677 715
f 636 600 718
f 718 600 675
f 675 600 561
f 675 561 638
f 718 675 711
f 636 718 719
f 636 719 764
f 764 719 761
f 761 719 712
f 764 761 810
f 764 810 879
f 764 879 849
f 849 879 881
f 881 879 920
f 881 920 961
f 627 527 593
f 527 627 587
f 627 593 630
f 627 630 665
f 665 630 754
f 754 630 669
f 754 669 806
f 806 669 758
f 715 634 598
f 634 715 713
f 764 849 715
f 715 849 881
f 713 715 812
f 812 715 881
f 713 812 762
f 812 881 963
f 762 812 847
f 847 812 963
f 715 677 764
f 636 764 677
f 758 762 843
f 843 762 847
f 758 843 806
f 843 847 963
f 843 963 961
f 875 806 843
f 875 843 961
f 881 961 963
f 845 1058 994
f 994 1058 1181
f 1058 845 922
f 922 845 711
f 922 711 814
f 1148 1181 1058
f 1181 1148 1283
f 1148 1058 922
f 1148 922 1057
f 1224 1181 1283
f 922 814 924
f 922 924 1057
f 1283 1148 1309
f 1309 1148 1226
f 1226 1148 1057
f 711 675 814
f 675 638 814
f 766 638 559
f 924 814 638
f 924 638 766
f 965 770 1060
f 965 1060 1285
f 1287 1060 999
f 1287 999 1260
f 1389 1362 1431
f 1431 1362 1388
f 303 214 258
f 214 303 257
f 377 342 256
f 342 377 564
f 216 305 303
f 304 215 303
f 218 344 437
f 437 344 602
f 437 602 723
f 437 723 533
f 533 723 882
f 882 723 926
f 533 882 722
f 722 882 925
f 925 882 1000
f 533 722 436
f 436 722 601
f 436 601 343
f 436 343 217
f 533 399 437
f 399 533 436
f 926 928 1002
f 926 1002 1000
f 1000 1002 1061
f 1000 1061 1001
f 1000 1001 925
f 925 1001 927
f 1000 882 926
f 930 855 604
f 604 683 930
f 1006 1004 855
f 1006 855 1010
f 1004 1006 1152
f 1152 1006 1154
f 1154 1006 1008
f 1154 1008 1107
f 1154 1107 1186
f 855 930 1010
f 1010 930 932
f 774 772 494
f 772 774 938
f 772 938 884
f 1152 1154 1184
f 1184 1154 1185
f 1185 1154 1186
f 1185 1186 1153
f 1185 1153 1184
f 1184 1153 1151
f 1006 1010 1008
f 971 1010 932
f 971 932 884
f 971 884 936
f 971 936 970
f 970 936 935
f 971 970 1063
f 1156 1008 1010
f 1156 1010 1158
f 1156 1158 1232
f 1008 1156 1107
f 1107 1156 1230
f 1107 1230 1186
f 1186 1230 1288
f 1010 1063 1158
f 1063 1010 971
f 1184 1001 1061
f 1001 1184 1151
f 1001 1151 927
f 927 1151 1003
f 1186 1106 1153
f 1153 1106 1007
f 1153 1007 1005
f 1106 1186 1229
f 1229 1186 1288
f 1106 1229 1155
f 1106 1155 1007
f 1007 1155 1009
f 1009 1155 1157
f 938 936 884
f 936 938 1067
f 1067 935 936
f 1109 970 935
f 1109 935 1065
f 1109 1065 1189
f 1109 1189 1261
f 970 1109 1188
f 970 1188 1063
f 1063 1188 1232
f 1232 1188 1310
f 1232 1310 1288
f 1232 1288 1230
f 1232 1230 1156
f 1112 1065 935
f 1112 935 1067
f 1012 1112 1067
f 1112 1012 1116
f 1112 1116 1113
f 1113 1116 1114
f 1112 1113 1065
f 1065 1113 1110
f 1110 1113 1064
f 1113 1114 1115
f 1064 1113 1111
f 1111 1113 1115
f 1111 1115 1011
f 1111 1011 1066
f 1111 1066 933
f 933 1066 934
f 1066 1011 937
f 1066 937 934
f 937 1011 885
f 934 937 883
f 1261 1188 1109
f 1188 1261 1310
f 1310 1261 1187
f 1187 1261 1108
f 1065 1110 1189
f 1189 1110 1064
f 1232 1158 1063
f 1288 1231 1229
f 1231 1288 1310
f 1310 1187 1231
f 1231 1187 1062
f 1062 1187 968
f 968 1187 1108
f 968 1108 933
f 933 1108 1064
f 1064 1108 1189
f 1189 1108 1261
f 888 817 606
f 888 606 615
f 1116 1012 888
f 1116 888 1114
f 888 615 939
f 888 939 1114
f 939 615 887
f 939 887 1114
f 887 615 605
f 1114 887 1115
f 887 605 816
f 1115 887 1011
f 1011 887 816
f 909 866 697
f 866 909 983
f 983 909 1027
f 952 826 866
f 952 866 983
f 952 983 1088
f 1088 983 1092
f 1088 1092 1029
f 1088 1029 1025
f 1025 1029 793
f 1025 793 791
f 983 1027 1092
f 1092 1027 1131
f 1092 1131 1029
f 1027 1031 1131
f 1131 1031 1029
f 1247 1134 1167
f 1167 1134 1035
f 795 1029 1033
f 1029 795 793
f 795 1033 797
f 797 1033 985
f 985 1033 1100
f 1167 1035 1100
f 1100 1035 987
f 1138 1041 1043
f 1271 1041 1138
f 1041 1271 1045
f 1045 1271 1273
f 1102 1043 868
f 868 1043 836
f 836 1043 747
f 1045 1043 1041
f 956 747 1043
f 1043 1045 956
f 1273 1171 1045
f 747 956 1047
f 1327 1173 1250
f 1327 1250 1376
f 1327 1376 1397
f 1327 1397 1380
f 1327 1175 1173
f 1175 1327 1329
f 1329 1327 1380
f 1329 1217 1175
f 1175 1217 958
f 958 1217 1104
f 1217 1329 1423
f 1423 1329 1380
f 1104 1217 1331
f 1331 1217 1423
f 1331 1423 1442
f 1331 1442 1358
f 1331 1358 1140
f 1405 1397 1376
f 1104 1140 802
f 1140 1104 1331
f 1423 1455 1462
f 1423 1462 1442
f 1384 1255 1278
f 1384 1278 1381
f 1375 1381 1278
f 1380 1444 1384
f 1388 1360 1149
f 1360 1432 1388
f 320 321 517
f 515 517 321
f 517 515 671
f 870 550 512
f 870 512 802
f 550 870 838
f 550 838 515
f 838 870 1142
f 870 802 1252
f 870 1252 1142
f 1252 802 1140
f 1142 1252 1333
f 1252 1140 1358
f 1333 1252 1426
f 1426 1252 1358
f 481 579 517
f 670 481 517
f 671 670 517
f 670 671 639
f 1358 1442 1426
f 1426 1442 1478
f 1426 1478 1408
f 1478 1442 1462
f 1478 1462 1480
f 1444 1380 1397
f 1464 1462 1455
f 1462 1464 1480
f 1428 1449 1480
f 1428 1480 1465
f 1480 1464 1455
f 1465 1480 1449
f 1465 1449 1428
f 1259 1428 1449
f 1428 1286 1449
f 1286 1428 1259
f 765 704 523
f 765 523 558
f 558 523 393
f 704 765 876
f 876 765 923
f 876 923 1055
f 876 1055 1053
f 1053 1055 1221
f 1221 1055 1225
f 1221 1225 1280
f 1280 1225 1308
f 751 876 1053
f 844 708 662
f 844 662 840
f 844 840 993
f 844 993 1056
f 993 840 1051
f 1056 993 1180
f 993 1051 1178
f 993 1178 1180
f 1178 1051 1222
f 1178 1222 1180
f 662 708 666
f 666 708 709
f 709 708 716
f 709 716 717
f 666 709 759
f 666 759 705
f 705 759 809
f 705 809 755
f 755 809 878
f 1144 1053 1221
f 1144 1221 1280
f 1280 1308 1257
f 1222 1257 1308
f 1222 1308 1282
f 1222 1282 1180
f 1259 998 1286
f 998 1059 1286
f 854 1003 1005
f 1005 1003 1151
f 1005 1151 1153
f 854 1005 1009
f 1009 1005 1007
f 854 1009 929
f 929 1009 931
f 724 682 929
f 682 724 400
f 724 929 931
f 724 931 771
f 771 931 883
f 724 771 493
f 724 493 400
f 493 771 773
f 773 771 937
f 937 771 883
f 773 937 885
f 931 1009 969
f 969 1009 1062
f 931 969 883
f 969 1062 968
f 883 969 934
f 934 969 968
f 934 968 933
f 1009 1157 1062
f 933 1064 1111
f 1231 1155 1229
f 1155 1231 1157
f 1157 1231 1062
f 393 487 558
f 558 487 637
f 637 765 558
f 765 637 923
f 923 637 813
f 674 637 560
f 674 560 599
f 674 599 716
f 674 716 708
f 716 599 635
f 716 635 717
f 717 635 763
f 717 763 759
f 717 759 709
f 759 763 809
f 809 763 878
f 878 763 848
f 878 848 880
f 878 880 919
f 919 880 960
f 674 813 637
f 599 529 635
f 635 529 676
f 676 529 597
f 676 597 714
f 714 597 633
f 714 633 710
f 710 633 668
f 710 668 757
f 714 710 811
f 811 710 760
f 708 813 674
f 524 529 556
f 524 556 552
f 552 556 595
f 552 595 589
f 552 589 519
f 589 595 626
f 626 595 631
f 626 631 611
f 611 631 613
f 597 529 524
f 597 524 591
f 597 591 633
f 633 591 629
f 635 676 763
f 923 813 921
f 923 921 1055
f 1147 1055 921
f 1147 921 1056
f 1147 1056 1180
f 1147 1180 1282
f 1147 1225 1055
f 1225 1147 1308
f 1308 1147 1282
f 708 844 921
f 921 844 1056
f 708 921 813
f 244 285 240
f 285 244 333
f 387 328 240
f 328 387 430
f 430 387 552
f 328 430 388
f 430 552 519
f 430 519 388
f 388 519 483
f 483 519 583
f 483 583 521
f 521 583 586
f 387 524 552
f 585 524 387
f 324 238 285
f 238 324 283
f 283 324 367
f 333 324 285
f 324 333 367
f 367 333 369
f 367 369 330
f 367 330 325
f 367 325 283
f 120 167 124
f 388 483 432
f 432 483 521
f 556 485 595
f 595 485 554
f 595 554 631
f 631 554 613
f 613 554 592
f 592 554 525
f 524 585 625
f 524 625 591
f 591 625 629
f 629 625 663
f 629 663 753
f 629 753 668
f 668 753 805
f 668 805 757
f 878 807 755
f 807 878 919
f 807 919 872
f 519 589 583
f 583 589 626
f 668 633 629
f 714 763 676
f 763 714 848
f 848 714 880
f 880 714 811
f 880 811 962
f 962 811 846
f 846 811 760
f 198 124 167
f 124 198 200
f 289 200 198
f 289 198 286
f 289 286 330
f 330 286 325
f 432 521 525
f 611 586 583
f 626 611 583
f 586 525 521
f 525 586 592
f 592 586 613
f 586 611 613
f 919 873 872
f 873 919 960
f 962 960 880
f 710 757 760
f 805 873 842
f 842 873 960
f 805 842 757
f 842 760 757
f 760 842 846
f 846 842 962
f 962 842 960
