# Blender 5.0.1
# www.blender.org
mtllib tripo_convert_04bfe41b-07d4-4762-a44e-340434d0c4da.mtl
o tripo_node_04bfe41b-07d4-4762-a44e-340434d0c4da
v -0.141357 0.003906 0.064209
v -0.141357 0.006836 0.063721
v -0.133057 0.005859 0.070557
v -0.139893 0.003418 0.067139
v -0.136963 0.003418 0.069092
v -0.140381 0.006836 0.067627
v -0.136963 0.005859 0.070068
v -0.139893 0.001953 0.063232
v -0.138428 0.001465 0.065674
v -0.135986 0.001465 0.067139
v -0.133545 0.003418 0.069092
v -0.133057 0.001953 0.067139
v -0.135498 0.000488 0.063232
v -0.136963 0.008789 0.069092
v -0.131592 0.003418 0.072998
v -0.130615 0.001953 0.072021
v -0.131592 0.006348 0.073486
v -0.128174 0.003418 0.074951
v -0.128174 0.005859 0.075928
v -0.127686 0.001465 0.073975
v -0.127197 0.009277 0.074951
v -0.131104 0.002441 0.066650
v -0.132568 0.003906 0.069580
v -0.132568 0.007324 0.070068
v -0.149170 0.005859 0.052979
v -0.149170 0.006836 0.049072
v -0.148682 0.004883 0.048584
v -0.148682 0.008789 0.053467
v -0.148682 0.008789 0.049072
v -0.146729 0.005371 0.056396
v -0.146240 0.003906 0.055420
v -0.143799 0.005859 0.057373
v -0.142822 0.003906 0.056396
v -0.140869 0.007324 0.057373
v -0.146729 0.008789 0.056396
v -0.143799 0.008301 0.057373
v -0.148193 0.003906 0.052490
v -0.146729 0.003418 0.048584
v -0.144287 0.002441 0.051025
v -0.143799 0.016113 0.048584
v -0.153076 0.006348 0.040283
v -0.150635 0.006348 0.043213
v -0.151123 0.004395 0.039307
v -0.149170 0.005371 0.042236
v -0.153076 0.008301 0.040771
v -0.150635 0.008789 0.043213
v -0.150635 0.013184 0.040283
v -0.153076 0.006348 0.035889
v -0.151611 0.004883 0.035889
v -0.153076 0.008301 0.036377
v -0.152588 0.009766 0.036377
v -0.151123 0.015137 0.032471
v -0.146729 0.007324 0.043213
v -0.147705 0.004883 0.040771
v -0.145752 0.007324 0.042236
v -0.147217 0.007812 0.043213
v -0.147217 0.008789 0.043213
v -0.145752 0.009766 0.040283
v -0.140869 0.007812 0.041748
v -0.147217 0.004395 0.036377
v -0.146240 0.006348 0.032471
v -0.144287 0.008789 0.038818
v -0.145264 0.015625 0.034424
v -0.142334 0.020020 0.037354
v -0.140381 0.005859 0.056885
v -0.139893 0.004883 0.055420
v -0.138428 0.013184 0.050049
v -0.128174 0.007812 0.050537
v -0.134033 0.019043 0.057861
v -0.128174 0.015625 0.058350
v -0.137451 0.004395 0.039795
v -0.127686 0.002930 0.044189
v -0.136963 0.019531 0.038818
v -0.139404 0.022949 0.032959
v -0.125732 0.021484 0.044189
v -0.131104 0.023438 0.044678
v -0.128174 0.026367 0.038818
v -0.151123 0.006348 0.030518
v -0.149170 0.005859 0.024658
v -0.152588 0.009277 0.030518
v -0.152588 0.011230 0.030518
v -0.151611 0.010254 0.024170
v -0.151611 0.013184 0.024658
v -0.150635 0.010254 0.016846
v -0.149658 0.014648 0.017334
v -0.147705 0.005371 0.017334
v -0.150146 0.016602 0.026123
v -0.144775 0.020020 0.029053
v -0.146729 0.020020 0.018799
v -0.143311 0.006348 0.009521
v -0.146729 0.011230 0.008545
v -0.145752 0.016113 0.009033
v -0.142822 0.020996 0.010498
v -0.138428 0.001953 0.027588
v -0.137939 0.002441 0.019287
v -0.126221 0.001953 0.030518
v -0.125244 0.004395 0.021240
v -0.134033 0.028320 0.026123
v -0.139404 0.025879 0.022217
v -0.134033 0.004883 0.011475
v -0.136963 0.009766 0.000244
v -0.127686 0.007812 0.000732
v -0.137939 0.025879 0.013428
v -0.139404 0.018066 0.000244
v -0.137451 0.022949 0.001221
v -0.133545 0.028320 0.003662
v -0.133057 0.031250 0.016846
v -0.126221 0.031250 0.030029
v -0.125244 0.036621 0.021240
v -0.129639 0.035645 0.006592
v -0.116455 0.003418 0.078369
v -0.116943 0.006348 0.080811
v -0.112549 0.006348 0.082764
v -0.112549 0.003418 0.080322
v -0.116943 0.010254 0.081299
v -0.116455 0.013672 0.079346
v -0.112549 0.010742 0.083252
v -0.112061 0.015137 0.081787
v -0.111084 0.015137 0.078857
v -0.123779 0.003418 0.074951
v -0.123779 0.006348 0.075439
v -0.123779 0.001953 0.073486
v -0.121826 0.002441 0.072021
v -0.121338 0.003906 0.073486
v -0.121338 0.006836 0.072998
v -0.119385 0.003418 0.075928
v -0.119873 0.006348 0.077393
v -0.118408 0.001953 0.072998
v -0.119873 0.009277 0.077393
v -0.118896 0.011719 0.075439
v -0.124756 0.000000 0.068115
v -0.117432 0.001953 0.068115
v -0.118896 0.003906 0.065674
v -0.120361 0.008789 0.070068
v -0.118896 0.010742 0.066162
v -0.115967 0.000977 0.074951
v -0.112061 0.000977 0.076416
v -0.111084 0.000000 0.071045
v -0.114502 0.014648 0.077393
v -0.116943 0.013672 0.073975
v -0.114502 0.000488 0.069580
v -0.115967 0.003906 0.062744
v -0.113037 0.000977 0.064209
v -0.110107 0.000000 0.065186
v -0.116943 0.013672 0.070068
v -0.115479 0.014160 0.066162
v -0.123291 0.019531 0.062744
v -0.110596 0.015625 0.076416
v -0.109619 0.016113 0.072998
v -0.108154 0.006348 0.082764
v -0.108643 0.002930 0.080811
v -0.104736 0.002441 0.078857
v -0.103760 0.005371 0.080322
v -0.107666 0.010254 0.083252
v -0.107666 0.014648 0.081787
v -0.108154 0.014648 0.079346
v -0.103760 0.008789 0.080811
v -0.104248 0.012695 0.079346
v -0.108154 0.000977 0.077393
v -0.105713 0.000977 0.076904
v -0.107666 0.000000 0.072021
v -0.102295 0.001953 0.074463
v -0.104248 0.000488 0.072998
v -0.105225 0.014160 0.077881
v -0.103760 0.013672 0.074463
v -0.106201 0.000000 0.066162
v -0.102783 0.000977 0.067627
v -0.100830 0.004883 0.075928
v -0.100342 0.008789 0.076416
v -0.101318 0.012207 0.075928
v -0.098389 0.009277 0.070557
v -0.100830 0.002441 0.068604
v -0.098877 0.005371 0.069580
v -0.098877 0.006836 0.063232
v -0.100342 0.012695 0.070068
v -0.098877 0.010254 0.063721
v -0.099854 0.013672 0.064209
v -0.109131 0.017578 0.069092
v -0.108643 0.019043 0.065674
v -0.102783 0.015625 0.069580
v -0.101807 0.016602 0.064697
v -0.110596 0.001953 0.059326
v -0.116455 0.013184 0.059814
v -0.116455 0.008301 0.058350
v -0.116455 0.007324 0.053467
v -0.109619 0.003906 0.053467
v -0.120850 0.023438 0.051514
v -0.114990 0.018555 0.049072
v -0.114502 0.018555 0.049072
v -0.119385 0.002930 0.046143
v -0.109619 0.001953 0.046631
v -0.111572 0.000977 0.032959
v -0.118896 0.027344 0.042236
v -0.105713 0.001953 0.060791
v -0.102295 0.005859 0.055420
v -0.105713 0.004395 0.054443
v -0.104248 0.003418 0.047119
v -0.101318 0.003418 0.061768
v -0.100342 0.008789 0.055908
v -0.099854 0.015137 0.056885
v -0.099854 0.011719 0.056396
v -0.098877 0.007324 0.049072
v -0.096436 0.011719 0.049561
v -0.106689 0.023438 0.054932
v -0.100830 0.018066 0.056885
v -0.102783 0.001953 0.035889
v -0.095459 0.006348 0.039307
v -0.106201 0.028809 0.046143
v -0.095947 0.019043 0.045654
v -0.100342 0.023926 0.046143
v -0.094971 0.020996 0.034912
v -0.099854 0.027344 0.035889
v -0.117432 0.033203 0.033936
v -0.106201 0.032715 0.036865
v -0.111084 0.002930 0.022705
v -0.122314 0.006836 0.012451
v -0.109619 0.006348 0.013428
v -0.116943 0.008789 0.001709
v -0.101318 0.003906 0.025146
v -0.094482 0.009277 0.027588
v -0.094482 0.013672 0.017822
v -0.094482 0.026367 0.022705
v -0.107178 0.011719 0.003174
v -0.100342 0.008301 0.015381
v -0.099365 0.014648 0.005127
v -0.093994 0.018555 0.007568
v -0.116455 0.040527 0.025146
v -0.114502 0.048828 0.015869
v -0.123291 0.043945 0.011475
v -0.117920 0.051758 0.000244
v -0.105713 0.038086 0.026611
v -0.103271 0.046387 0.017822
v -0.098389 0.032227 0.025146
v -0.094971 0.038086 0.014404
v -0.109131 0.056152 0.005127
v -0.099854 0.054688 0.006104
v -0.093506 0.014648 0.040283
v -0.093018 0.016602 0.030518
v -0.092529 0.020508 0.020264
v -0.090088 0.030762 0.012451
v -0.090576 0.023438 0.010010
v -0.087158 0.034180 0.000732
v -0.091553 0.045410 0.001221
v -0.098389 0.307129 0.007080
v -0.090088 0.273926 0.001221
v -0.087646 0.289062 0.005615
v -0.085693 0.304688 0.012451
v -0.075928 0.288574 0.001221
v -0.072510 0.304199 0.007568
v -0.066162 0.304688 0.001709
v -0.095459 0.323730 0.010010
v -0.097412 0.337891 0.000732
v -0.094971 0.350098 0.001709
v -0.096924 0.362305 0.004639
v -0.082764 0.320801 0.017822
v -0.093506 0.337402 0.015869
v -0.081787 0.335938 0.021240
v -0.068115 0.319824 0.011475
v -0.067627 0.334961 0.014893
v -0.090088 0.350586 0.015381
v -0.089600 0.362793 0.013916
v -0.077881 0.349609 0.019775
v -0.065186 0.346191 0.019287
v -0.062744 0.356934 0.023193
v -0.075928 0.374512 0.027588
v -0.076416 0.360840 0.022705
v -0.062256 0.319824 0.003174
v -0.059814 0.332520 0.002686
v -0.053955 0.342285 0.011963
v -0.049072 0.339844 0.000244
v -0.050537 0.353516 0.015869
v -0.059326 0.371094 0.028076
v -0.046631 0.368652 0.020264
v -0.042236 0.352051 0.004639
v -0.038818 0.367676 0.009033
v -0.110107 0.402344 0.000244
v -0.103271 0.402832 0.015869
v -0.101807 0.375977 0.012939
v -0.075439 0.401855 0.034424
v -0.089111 0.436035 0.034912
v -0.072998 0.433594 0.041260
v -0.083740 0.375000 0.024170
v -0.086670 0.402344 0.029541
v -0.112549 0.439941 0.001221
v -0.103760 0.438477 0.019287
v -0.112549 0.475586 0.005127
v -0.113525 0.476562 0.005615
v -0.110596 0.498535 0.009033
v -0.112549 0.487793 0.007080
v -0.104248 0.475586 0.025146
v -0.102783 0.474609 0.024170
v -0.103271 0.486328 0.027100
v -0.101318 0.497070 0.028564
v -0.088135 0.472168 0.040283
v -0.088623 0.473145 0.041260
v -0.087646 0.484375 0.042236
v -0.086182 0.495117 0.043213
v -0.070068 0.470703 0.047119
v -0.068604 0.481934 0.049072
v -0.067139 0.492676 0.050537
v -0.070068 0.469727 0.046143
v -0.057861 0.400391 0.032471
v -0.056885 0.432617 0.035400
v -0.043213 0.398438 0.025635
v -0.033936 0.397461 0.013428
v -0.042236 0.430176 0.026611
v -0.031006 0.427734 0.015381
v -0.021240 0.426270 0.001709
v -0.035889 0.467773 0.035400
v -0.037354 0.467285 0.032959
v -0.052490 0.468750 0.044189
v -0.053467 0.468750 0.041260
v -0.051025 0.479492 0.045166
v -0.050049 0.490234 0.045166
v -0.034424 0.477051 0.036865
v -0.033936 0.486816 0.037354
v -0.018311 0.495117 0.031982
v -0.008545 0.498047 0.035400
v -0.024170 0.465820 0.024170
v -0.022705 0.466309 0.025635
v -0.012451 0.463867 0.010498
v -0.011475 0.465332 0.010986
v -0.020264 0.482422 0.029053
v -0.008057 0.491211 0.015869
v -0.006104 0.495117 0.017822
v -0.010010 0.480469 0.013916
v -0.426025 0.756348 0.032471
v -0.425049 0.756836 0.034912
v -0.422119 0.755371 0.031494
v -0.426514 0.758301 0.035400
v -0.427002 0.760254 0.035400
v -0.428955 0.759766 0.033447
v -0.427979 0.758301 0.032959
v -0.427979 0.761719 0.031494
v -0.427002 0.761719 0.033936
v -0.424561 0.758789 0.036377
v -0.425537 0.760742 0.035889
v -0.424561 0.760254 0.036377
v -0.422119 0.761230 0.035889
v -0.422119 0.762207 0.034424
v -0.423584 0.762695 0.031982
v -0.421631 0.756348 0.034424
v -0.417725 0.756836 0.033447
v -0.415283 0.757324 0.032471
v -0.421631 0.758789 0.035889
v -0.418701 0.762207 0.034424
v -0.419678 0.763184 0.032959
v -0.417725 0.759277 0.034912
v -0.415283 0.760254 0.033936
v -0.416748 0.764648 0.031982
v -0.415771 0.763184 0.033447
v -0.411377 0.757812 0.031494
v -0.411377 0.761230 0.032959
v -0.412842 0.764160 0.032471
v -0.433838 0.762695 0.024170
v -0.433350 0.760742 0.024170
v -0.431396 0.760742 0.025147
v -0.431885 0.763672 0.023682
v -0.431396 0.763184 0.024658
v -0.434814 0.760742 0.021729
v -0.435303 0.762207 0.021729
v -0.434814 0.760742 0.019287
v -0.435303 0.762207 0.019287
v -0.433838 0.762695 0.017334
v -0.431885 0.757812 0.021240
v -0.431396 0.758301 0.023193
v -0.432373 0.764160 0.022217
v -0.433350 0.764160 0.020264
v -0.432373 0.758301 0.018799
v -0.433350 0.760742 0.017334
v -0.429932 0.760742 0.015869
v -0.433350 0.763184 0.018311
v -0.430420 0.763184 0.016357
v -0.426514 0.756836 0.030518
v -0.423096 0.756348 0.028564
v -0.427979 0.758301 0.031006
v -0.428955 0.759766 0.031006
v -0.427490 0.760742 0.029541
v -0.426514 0.758301 0.028564
v -0.427002 0.760254 0.028564
v -0.427490 0.760742 0.024658
v -0.427979 0.763184 0.024170
v -0.424561 0.758301 0.027588
v -0.425049 0.761230 0.027588
v -0.424072 0.762207 0.028564
v -0.427979 0.756836 0.019775
v -0.423584 0.756836 0.018311
v -0.427002 0.758301 0.023193
v -0.427979 0.764160 0.022217
v -0.428955 0.764648 0.019775
v -0.428955 0.758301 0.016846
v -0.429443 0.764160 0.017822
v -0.422607 0.758301 0.022217
v -0.424072 0.765137 0.020752
v -0.423096 0.761719 0.023193
v -0.423584 0.764160 0.022705
v -0.425537 0.765137 0.016846
v -0.425049 0.765625 0.018799
v -0.431885 0.760742 0.009522
v -0.430420 0.760742 0.011475
v -0.430420 0.758789 0.009522
v -0.431885 0.762695 0.010010
v -0.430908 0.762695 0.010986
v -0.429932 0.763672 0.010498
v -0.430420 0.763672 0.008057
v -0.430908 0.759766 0.007080
v -0.431396 0.760742 0.007080
v -0.429932 0.760254 0.005615
v -0.431885 0.762695 0.007568
v -0.430420 0.763184 0.006104
v -0.429932 0.762207 0.005127
v -0.428467 0.757324 0.008545
v -0.427979 0.760742 0.012451
v -0.427979 0.762695 0.011963
v -0.426025 0.764160 0.014893
v -0.429443 0.759277 0.010986
v -0.427979 0.758301 0.010986
v -0.428955 0.763672 0.011475
v -0.425049 0.758301 0.014893
v -0.425537 0.761230 0.013916
v -0.424072 0.760254 0.011963
v -0.422119 0.764648 0.013916
v -0.422119 0.761719 0.012939
v -0.424072 0.757812 0.010498
v -0.424561 0.763184 0.011475
v -0.425049 0.764160 0.010010
v -0.424561 0.756836 0.007568
v -0.429443 0.758301 0.006592
v -0.427002 0.762695 0.004150
v -0.426025 0.764160 0.005127
v -0.426514 0.760254 0.003662
v -0.425537 0.757812 0.005127
v -0.425537 0.764648 0.007568
v -0.422607 0.765137 0.006104
v -0.423096 0.764648 0.004150
v -0.422119 0.757812 0.003662
v -0.423096 0.760742 0.002197
v -0.423584 0.763672 0.002686
v -0.418701 0.755859 0.030518
v -0.419678 0.756836 0.027588
v -0.415771 0.756348 0.029541
v -0.417236 0.757324 0.026611
v -0.420166 0.763672 0.030518
v -0.421143 0.763184 0.028564
v -0.418213 0.764160 0.027588
v -0.420654 0.759277 0.026123
v -0.418213 0.759766 0.025147
v -0.421143 0.762207 0.026611
v -0.418701 0.763184 0.025635
v -0.417236 0.764648 0.029541
v -0.414795 0.760742 0.023682
v -0.414795 0.765137 0.026123
v -0.415283 0.763672 0.024658
v -0.420654 0.757324 0.017822
v -0.419678 0.758789 0.021240
v -0.420166 0.765137 0.021240
v -0.419189 0.762207 0.022217
v -0.414795 0.759277 0.019775
v -0.415283 0.762695 0.021240
v -0.415771 0.757812 0.015869
v -0.412354 0.756348 0.028076
v -0.406494 0.756836 0.026611
v -0.413818 0.757812 0.025147
v -0.410400 0.765137 0.022705
v -0.410400 0.759766 0.017822
v -0.407959 0.758301 0.022705
v -0.408936 0.761719 0.021729
v -0.407959 0.760254 0.016846
v -0.409912 0.763672 0.019287
v -0.407471 0.763672 0.018799
v -0.420654 0.766113 0.019775
v -0.421143 0.766602 0.017334
v -0.415771 0.766113 0.020264
v -0.416260 0.767090 0.018799
v -0.417236 0.767578 0.016357
v -0.413330 0.765625 0.031006
v -0.413818 0.765625 0.028564
v -0.407471 0.765625 0.030518
v -0.407959 0.766602 0.029053
v -0.409424 0.767578 0.026611
v -0.409912 0.766602 0.024170
v -0.412354 0.768066 0.017822
v -0.411377 0.767090 0.018799
v -0.408936 0.767090 0.018311
v -0.409912 0.769043 0.016846
v -0.407471 0.767578 0.017822
v -0.407471 0.769043 0.016357
v -0.421631 0.758789 0.013916
v -0.420654 0.760742 0.010986
v -0.420166 0.758301 0.009522
v -0.421143 0.763672 0.010010
v -0.421631 0.764648 0.008545
v -0.418213 0.762695 0.011475
v -0.418213 0.764648 0.009033
v -0.416748 0.759277 0.012451
v -0.417725 0.761230 0.010010
v -0.417725 0.758789 0.008545
v -0.421143 0.756836 0.006592
v -0.418701 0.757324 0.005615
v -0.420166 0.760742 0.001221
v -0.419678 0.758301 0.002686
v -0.420166 0.765137 0.002686
v -0.420654 0.764160 0.001709
v -0.415283 0.758789 0.000732
v -0.415771 0.764648 0.000244
v -0.411377 0.758789 0.014404
v -0.412354 0.759766 0.010986
v -0.413330 0.763184 0.009522
v -0.413330 0.762207 0.008545
v -0.410400 0.763672 0.008545
v -0.408447 0.759277 0.013428
v -0.406982 0.759277 0.012939
v -0.409912 0.760254 0.010010
v -0.408447 0.760254 0.009522
v -0.408936 0.763672 0.008057
v -0.413330 0.759277 0.007080
v -0.413818 0.757812 0.004150
v -0.408936 0.759766 0.006104
v -0.406982 0.760254 0.005615
v -0.408936 0.763184 0.007568
v -0.406982 0.763672 0.006592
v -0.409912 0.758301 0.002686
v -0.407471 0.758789 0.002197
v -0.421631 0.766113 0.015381
v -0.418213 0.765625 0.012451
v -0.418701 0.765625 0.008057
v -0.417725 0.767090 0.013916
v -0.414307 0.766602 0.010498
v -0.419678 0.766113 0.005615
v -0.414307 0.766602 0.006592
v -0.414795 0.767090 0.003662
v -0.415771 0.766113 0.001221
v -0.413330 0.769043 0.014893
v -0.413818 0.768066 0.012451
v -0.410889 0.769531 0.013916
v -0.411377 0.769043 0.011475
v -0.411865 0.767578 0.010010
v -0.408447 0.770020 0.013428
v -0.408936 0.769043 0.010498
v -0.409912 0.767578 0.009033
v -0.406982 0.767578 0.008545
v -0.413330 0.765625 0.007568
v -0.410400 0.767578 0.005127
v -0.411377 0.768066 0.002686
v -0.411865 0.767578 0.000244
v -0.409912 0.766602 0.006592
v -0.408447 0.767090 0.006104
v -0.408447 0.768555 0.004639
v -0.406982 0.767578 0.006104
v -0.406982 0.769043 0.004150
v -0.409912 0.769043 0.002197
v -0.407471 0.769531 0.001709
v -0.405518 0.762207 0.031494
v -0.383057 0.756836 0.050049
v -0.383057 0.760254 0.051514
v -0.384033 0.758789 0.049072
v -0.384521 0.760254 0.047607
v -0.383545 0.761719 0.049561
v -0.380127 0.756348 0.052490
v -0.381104 0.755371 0.050537
v -0.380615 0.753906 0.048096
v -0.378662 0.757324 0.052979
v -0.377197 0.756836 0.051514
v -0.378662 0.754395 0.050049
v -0.375732 0.753906 0.047119
v -0.381592 0.757812 0.052490
v -0.379150 0.759277 0.053955
v -0.380127 0.761230 0.053467
v -0.381104 0.762695 0.052490
v -0.382080 0.763184 0.050537
v -0.381592 0.763672 0.048584
v -0.376221 0.761230 0.048096
v -0.384033 0.757324 0.045166
v -0.384033 0.759766 0.045166
v -0.383545 0.762207 0.046143
v -0.383057 0.761230 0.041260
v -0.382568 0.755371 0.046143
v -0.381104 0.754395 0.041748
v -0.377686 0.752930 0.044678
v -0.382568 0.757812 0.040772
v -0.381592 0.763672 0.042725
v -0.379150 0.764648 0.039795
v -0.378662 0.764160 0.045654
v -0.378174 0.754883 0.037842
v -0.376221 0.755371 0.035400
v -0.375244 0.755859 0.033936
v -0.380615 0.758789 0.036377
v -0.380615 0.762695 0.037842
v -0.378174 0.763184 0.035400
v -0.376221 0.765137 0.037354
v -0.378174 0.759766 0.034424
v -0.376709 0.760254 0.032959
v -0.376221 0.763184 0.033936
v -0.405518 0.758789 0.030029
v -0.402588 0.757812 0.025147
v -0.401611 0.759766 0.029053
v -0.400146 0.759766 0.028564
v -0.401611 0.763184 0.030029
v -0.400146 0.763672 0.029541
v -0.401123 0.757812 0.024658
v -0.404053 0.759277 0.021240
v -0.403076 0.759277 0.020752
v -0.405029 0.762695 0.020264
v -0.404053 0.763184 0.019775
v -0.406006 0.760742 0.016357
v -0.406006 0.764160 0.018311
v -0.398682 0.760254 0.018799
v -0.399658 0.764648 0.017822
v -0.400146 0.765137 0.015869
v -0.395264 0.764160 0.027588
v -0.395264 0.760254 0.026611
v -0.396729 0.758301 0.022705
v -0.391357 0.759766 0.020264
v -0.393799 0.761719 0.016846
v -0.402588 0.767090 0.029053
v -0.404053 0.768066 0.028076
v -0.405518 0.768555 0.025635
v -0.403076 0.769043 0.024658
v -0.401611 0.767090 0.029053
v -0.400146 0.767578 0.028564
v -0.402100 0.768555 0.027100
v -0.401123 0.770020 0.023682
v -0.400146 0.769531 0.026611
v -0.406006 0.767578 0.022705
v -0.406006 0.766113 0.021240
v -0.404541 0.766602 0.020264
v -0.404053 0.768555 0.021729
v -0.403076 0.767090 0.019775
v -0.404053 0.767578 0.016846
v -0.404541 0.769531 0.015869
v -0.402100 0.769043 0.020752
v -0.398682 0.769531 0.019775
v -0.399170 0.767578 0.018311
v -0.396240 0.768066 0.027100
v -0.396729 0.770020 0.025147
v -0.391357 0.770996 0.023682
v -0.397705 0.770996 0.022705
v -0.395264 0.766113 0.015869
v -0.394775 0.768555 0.016357
v -0.392334 0.772461 0.020264
v -0.393311 0.770996 0.016846
v -0.402588 0.761230 0.008057
v -0.400635 0.761719 0.014893
v -0.401611 0.759766 0.011475
v -0.405518 0.760254 0.005127
v -0.405518 0.764160 0.006104
v -0.403076 0.764648 0.006592
v -0.406006 0.758789 0.001709
v -0.400635 0.765137 0.004639
v -0.399658 0.765137 0.005615
v -0.399658 0.765137 0.004639
v -0.400635 0.761230 0.003662
v -0.401123 0.758789 0.000244
v -0.395264 0.762695 0.013428
v -0.396240 0.760742 0.009522
v -0.391846 0.762207 0.014404
v -0.393799 0.759766 0.009033
v -0.390869 0.758789 0.008545
v -0.397217 0.761719 0.006104
v -0.395264 0.761719 0.004150
v -0.397217 0.761719 0.003174
v -0.392334 0.759277 0.003174
v -0.406006 0.770508 0.012451
v -0.406006 0.769531 0.009522
v -0.399658 0.768555 0.015381
v -0.399658 0.770508 0.014404
v -0.401123 0.771973 0.010986
v -0.401611 0.770508 0.008057
v -0.405029 0.768066 0.005127
v -0.405029 0.769531 0.003662
v -0.405518 0.770020 0.000732
v -0.402100 0.768066 0.007080
v -0.400635 0.768555 0.004150
v -0.398682 0.769043 0.005615
v -0.401123 0.770020 0.002686
v -0.396240 0.766113 0.014893
v -0.395752 0.769531 0.014404
v -0.394775 0.771484 0.013428
v -0.394287 0.766113 0.014893
v -0.392334 0.770508 0.014404
v -0.396240 0.773438 0.009522
v -0.391846 0.774902 0.008057
v -0.398193 0.765625 0.004639
v -0.397217 0.771484 0.006104
v -0.397705 0.769531 0.003662
v -0.396729 0.770996 0.002197
v -0.395752 0.770996 0.003662
v -0.393311 0.772949 0.001709
v -0.392334 0.773926 0.004639
v -0.389404 0.765137 0.025635
v -0.389404 0.761719 0.024170
v -0.388428 0.759766 0.019287
v -0.385498 0.761719 0.023193
v -0.385498 0.758789 0.018799
v -0.382080 0.761230 0.022705
v -0.381592 0.758789 0.017822
v -0.378662 0.761719 0.022217
v -0.377197 0.759277 0.016846
v -0.390381 0.769043 0.025147
v -0.385498 0.765625 0.025147
v -0.385498 0.770508 0.024170
v -0.385986 0.772949 0.021729
v -0.387451 0.774414 0.018311
v -0.383057 0.776367 0.016357
v -0.381104 0.766113 0.024658
v -0.381104 0.771484 0.023682
v -0.376709 0.766602 0.023682
v -0.375732 0.771484 0.022705
v -0.381592 0.774902 0.020752
v -0.376221 0.775391 0.019287
v -0.389404 0.760254 0.013428
v -0.384033 0.758301 0.012451
v -0.385498 0.758301 0.007080
v -0.386475 0.757812 0.002686
v -0.378174 0.759277 0.011475
v -0.379639 0.758789 0.005127
v -0.388428 0.773438 0.014404
v -0.389893 0.773926 0.011475
v -0.384521 0.775879 0.012451
v -0.385498 0.775879 0.010010
v -0.387939 0.776367 0.003174
v -0.388428 0.775391 0.000244
v -0.386475 0.776855 0.006592
v -0.379639 0.777344 0.008057
v -0.377197 0.777344 0.014893
v -0.378662 0.777344 0.010986
v -0.381104 0.778320 0.005127
v -0.382080 0.777832 0.001709
v -0.375732 0.779297 0.000732
v -0.374756 0.756836 0.048584
v -0.372314 0.754395 0.043701
v -0.374268 0.752441 0.040772
v -0.369385 0.755371 0.040283
v -0.371826 0.758301 0.045166
v -0.373291 0.762207 0.044678
v -0.371338 0.763672 0.043213
v -0.369873 0.759277 0.043213
v -0.367920 0.759766 0.041260
v -0.368896 0.764160 0.040772
v -0.371826 0.753906 0.037842
v -0.370850 0.754395 0.036377
v -0.367920 0.756348 0.037842
v -0.368408 0.755371 0.032471
v -0.367920 0.764160 0.038818
v -0.366943 0.760254 0.039307
v -0.365967 0.757324 0.034912
v -0.364502 0.760742 0.035889
v -0.365479 0.765137 0.035889
v -0.360596 0.761719 0.031494
v -0.374756 0.765625 0.041260
v -0.374268 0.765625 0.035400
v -0.372803 0.766113 0.038818
v -0.371826 0.766113 0.032959
v -0.370850 0.766602 0.036865
v -0.368896 0.767090 0.033936
v -0.361572 0.766602 0.031982
v -0.372314 0.756348 0.030518
v -0.369873 0.756836 0.026611
v -0.374756 0.760254 0.030029
v -0.373779 0.763672 0.031006
v -0.372803 0.760742 0.026123
v -0.371338 0.764648 0.027100
v -0.369385 0.756348 0.019775
v -0.368896 0.757324 0.023193
v -0.374756 0.761719 0.022217
v -0.372803 0.761719 0.023193
v -0.372314 0.759277 0.017822
v -0.364990 0.755859 0.028076
v -0.363037 0.754883 0.023682
v -0.361572 0.758301 0.030029
v -0.363037 0.753418 0.019287
v -0.373779 0.766113 0.023682
v -0.371338 0.765625 0.024658
v -0.368896 0.767578 0.028564
v -0.367432 0.769531 0.024658
v -0.371826 0.770996 0.022217
v -0.367432 0.771484 0.022217
v -0.369873 0.776367 0.017334
v -0.365479 0.769043 0.029541
v -0.362549 0.771973 0.026123
v -0.359619 0.773438 0.023193
v -0.361572 0.774902 0.018799
v -0.372803 0.759766 0.011475
v -0.369873 0.758301 0.012939
v -0.374268 0.760742 0.004150
v -0.362549 0.754395 0.012451
v -0.366455 0.758789 0.006592
v -0.372314 0.778320 0.009033
v -0.370850 0.778320 0.013428
v -0.374268 0.778809 0.004639
v -0.374756 0.779297 0.002686
v -0.368408 0.780762 0.000244
v -0.363525 0.777832 0.012939
v -0.365967 0.779785 0.006104
v -0.356689 0.762695 0.028564
v -0.358154 0.757812 0.026611
v -0.355225 0.758301 0.023682
v -0.353760 0.763672 0.025635
v -0.358643 0.753906 0.019287
v -0.350342 0.764160 0.020264
v -0.350342 0.758301 0.018311
v -0.346924 0.765137 0.015869
v -0.358154 0.768555 0.029053
v -0.355225 0.769531 0.026123
v -0.351318 0.770508 0.019775
v -0.349854 0.771484 0.016357
v -0.352783 0.753906 0.013916
v -0.357666 0.754395 0.006592
v -0.352295 0.754395 0.001221
v -0.347900 0.754883 0.009033
v -0.345947 0.759766 0.014404
v -0.356689 0.778320 0.009522
v -0.355225 0.775391 0.014893
v -0.344971 0.773438 0.009522
v -0.347412 0.779785 0.005127
v -0.359131 0.781250 0.003174
v -0.342041 0.762695 0.009522
v -0.343018 0.757812 0.004150
v -0.342529 0.766602 0.010986
v -0.339111 0.766602 0.005127
v -0.339600 0.773926 0.005615
v -0.336182 0.774414 0.004150
v -0.339600 0.780762 0.002197
v -0.335205 0.768066 0.002197
v -0.329346 0.775391 0.001221
v -0.097412 0.516602 0.030518
v -0.105225 0.518066 0.010986
v -0.101807 0.538086 0.013916
v -0.095459 0.551758 0.014404
v -0.082764 0.514160 0.045166
v -0.064209 0.510742 0.051025
v -0.093018 0.535645 0.031982
v -0.078857 0.533203 0.046631
v -0.090088 0.550293 0.033447
v -0.075439 0.546387 0.046631
v -0.071045 0.560059 0.043213
v -0.085693 0.563965 0.034424
v -0.080322 0.578125 0.034424
v -0.064697 0.574219 0.045166
v -0.075439 0.591309 0.033936
v -0.071533 0.604980 0.031494
v -0.093018 0.565918 0.015869
v -0.088623 0.580078 0.016846
v -0.085693 0.593750 0.017822
v -0.079834 0.607422 0.015869
v -0.069580 0.605957 0.030029
v -0.072998 0.623047 0.028564
v -0.069580 0.611816 0.028564
v -0.077881 0.608398 0.015381
v -0.076416 0.617188 0.013428
v -0.047119 0.505371 0.047607
v -0.061279 0.527832 0.052490
v -0.044678 0.520508 0.049072
v -0.042725 0.526855 0.047119
v -0.031494 0.500977 0.041748
v -0.058350 0.538086 0.050049
v -0.054932 0.545898 0.047607
v -0.049072 0.556152 0.047607
v -0.038330 0.537109 0.047607
v -0.035400 0.553223 0.051025
v -0.030029 0.513672 0.043213
v -0.016357 0.501465 0.035400
v -0.027100 0.519043 0.046143
v -0.014893 0.512695 0.049561
v -0.012939 0.529297 0.054932
v -0.026611 0.533203 0.050537
v -0.024170 0.550781 0.054443
v -0.011475 0.549316 0.057861
v -0.059814 0.587402 0.042236
v -0.046631 0.569824 0.050049
v -0.032959 0.568359 0.052490
v -0.044189 0.583984 0.047119
v -0.057373 0.601074 0.041748
v -0.056885 0.602539 0.040771
v -0.053955 0.619141 0.038818
v -0.045166 0.598633 0.047607
v -0.031982 0.617676 0.052002
v -0.044189 0.599609 0.046631
v -0.044189 0.618652 0.040283
v -0.020752 0.567383 0.055420
v -0.030518 0.582520 0.052002
v -0.016846 0.581055 0.055420
v -0.010498 0.566895 0.057373
v -0.030518 0.596191 0.053467
v -0.030029 0.597656 0.052979
v -0.016357 0.594238 0.057373
v -0.016357 0.595703 0.056885
v -0.013916 0.614746 0.059326
v -0.000244 0.612793 0.060303
v -0.070557 0.638672 0.026123
v -0.067627 0.654785 0.025146
v -0.077881 0.628418 0.013916
v -0.074463 0.643555 0.011963
v -0.066162 0.671875 0.024658
v -0.069580 0.686523 0.027100
v -0.071533 0.658203 0.009521
v -0.072998 0.673340 0.008545
v -0.074951 0.687012 0.007568
v -0.068604 0.740723 0.044189
v -0.064697 0.735352 0.039795
v -0.079346 0.703125 0.006592
v -0.072021 0.705566 0.027588
v -0.081299 0.749023 0.028076
v -0.078857 0.744141 0.021729
v -0.080322 0.720703 0.002686
v -0.073975 0.727051 0.023682
v -0.053467 0.635254 0.037354
v -0.051025 0.653320 0.035400
v -0.032959 0.634277 0.050537
v -0.031982 0.653320 0.051514
v -0.042236 0.635742 0.040771
v -0.043701 0.653809 0.039795
v -0.054443 0.671387 0.038818
v -0.045166 0.671875 0.045654
v -0.010498 0.634766 0.056885
v -0.000244 0.628418 0.057861
v -0.000244 0.636230 0.049072
v -0.009521 0.642090 0.055908
v -0.011475 0.653320 0.057861
v -0.000244 0.654297 0.055420
v -0.000244 0.642578 0.054443
v -0.030518 0.675781 0.056885
v -0.013916 0.677246 0.060303
v -0.000244 0.674316 0.057373
v -0.053955 0.689453 0.041260
v -0.057861 0.710938 0.043213
v -0.042725 0.690918 0.047119
v -0.046143 0.712891 0.048584
v -0.036377 0.714844 0.053955
v -0.054932 0.749023 0.054443
v -0.052979 0.737793 0.051025
v -0.050537 0.733398 0.046631
v -0.035889 0.733887 0.051025
v -0.037842 0.738770 0.055420
v -0.030029 0.692383 0.054932
v -0.011475 0.692871 0.058838
v -0.000244 0.689941 0.056885
v -0.000244 0.712891 0.053955
v -0.014893 0.718750 0.059326
v -0.013428 0.738770 0.051025
v -0.012451 0.745117 0.053955
v -0.000244 0.737793 0.047607
v -0.000244 0.749512 0.046631
v -0.098877 0.775879 0.006592
v -0.114502 0.793945 0.000732
v -0.113525 0.796875 0.008545
v -0.101318 0.784180 0.016846
v -0.105225 0.807617 0.013916
v -0.081787 0.761230 0.037354
v -0.070557 0.752441 0.047119
v -0.073486 0.782715 0.039795
v -0.089111 0.761230 0.015869
v -0.091064 0.771484 0.026611
v -0.084229 0.757324 0.007080
v -0.083740 0.789062 0.031006
v -0.093506 0.797852 0.021240
v -0.081299 0.811523 0.016357
v -0.070068 0.806152 0.026611
v -0.118408 0.818848 0.003662
v -0.106201 0.826172 0.004639
v -0.093506 0.818848 0.012939
v -0.093018 0.830078 0.004150
v -0.080322 0.829102 0.005127
v -0.072021 0.822266 0.005615
v -0.057861 0.777344 0.048584
v -0.039795 0.750000 0.058350
v -0.037842 0.774902 0.052979
v -0.046143 0.797363 0.039795
v -0.013428 0.753906 0.055908
v -0.014404 0.773438 0.051025
v -0.000244 0.757812 0.046143
v -0.000244 0.770996 0.043213
v -0.018799 0.793457 0.042725
v -0.017822 0.812012 0.031494
v -0.000244 0.789551 0.037842
v -0.000244 0.809570 0.030518
v -0.061768 0.818359 0.017334
v -0.054932 0.829102 0.007080
v -0.040771 0.814453 0.027100
v -0.037842 0.826172 0.018799
v -0.034912 0.828613 0.012451
v -0.005615 0.872070 0.049561
v -0.000244 0.872070 0.051025
v -0.014404 0.874512 0.041260
v -0.009521 0.872559 0.046631
v -0.013916 0.873535 0.033936
v -0.006592 0.870605 0.043213
v -0.000244 0.869629 0.043213
v -0.007568 0.870605 0.034424
v -0.000244 0.869141 0.034424
v -0.023193 0.822754 0.024658
v -0.022217 0.824707 0.019287
v -0.023193 0.835938 0.011963
v -0.011475 0.821289 0.027588
v -0.010498 0.824219 0.023682
v -0.000244 0.817383 0.023193
v -0.011963 0.833984 0.017822
v -0.000244 0.832031 0.016357
v -0.000244 0.842773 0.015381
v -0.024170 0.849121 0.010986
v -0.029053 0.865723 0.003662
v -0.021240 0.859863 0.011475
v -0.016846 0.869629 0.014404
v -0.000244 0.852051 0.018311
v -0.008057 0.870605 0.026611
v -0.008057 0.863770 0.022705
v -0.000244 0.861328 0.025635
v -0.000244 0.869141 0.028076
v -0.011963 0.845215 0.015381
v -0.011475 0.855469 0.014404
v -0.000244 0.900391 0.062744
v -0.000244 0.902344 0.062744
v -0.008545 0.914062 0.062744
v -0.000244 0.915527 0.071045
v -0.000244 0.917969 0.071045
v -0.006104 0.913086 0.062744
v -0.004639 0.913574 0.066162
v -0.002197 0.913574 0.069092
v -0.003174 0.913086 0.067139
v -0.000244 0.913086 0.069092
v -0.002197 0.912109 0.064697
v -0.001709 0.911133 0.065186
v -0.000244 0.911133 0.065674
v -0.006104 0.916016 0.067139
v -0.005615 0.914551 0.067139
v -0.006104 0.917969 0.066162
v -0.003174 0.916016 0.070068
v -0.003662 0.918457 0.070068
v -0.000244 0.923340 0.067139
v -0.003174 0.922852 0.065674
v -0.000244 0.929688 0.062744
v -0.033447 0.918945 0.040283
v -0.031982 0.908203 0.035400
v -0.031982 0.924805 0.042236
v -0.031982 0.936035 0.039795
v -0.037354 0.923340 0.033936
v -0.035400 0.929688 0.035889
v -0.035400 0.936523 0.034912
v -0.034424 0.900879 0.023682
v -0.033447 0.890625 0.020752
v -0.035400 0.897949 0.011963
v -0.033936 0.894043 0.010010
v -0.031494 0.891602 0.006592
v -0.035889 0.912598 0.028076
v -0.038818 0.918945 0.019287
v -0.038818 0.926758 0.029053
v -0.038818 0.932129 0.025146
v -0.039307 0.909180 0.008057
v -0.045166 0.909668 0.002686
v -0.043213 0.909668 0.000732
v -0.042236 0.908691 0.005127
v -0.040771 0.908203 0.003662
v -0.041748 0.913574 0.002197
v -0.043213 0.918457 0.004150
v -0.044678 0.915527 0.000732
v -0.044678 0.919434 0.001221
v -0.040283 0.917969 0.007568
v -0.039795 0.918457 0.001221
v -0.036865 0.908203 0.015381
v -0.036377 0.908203 0.008057
v -0.037354 0.910156 0.009521
v -0.038818 0.917480 0.010986
v -0.038330 0.908203 0.006592
v -0.035889 0.911133 0.004639
v -0.036865 0.914551 0.002686
v -0.038330 0.919922 0.001709
v -0.039795 0.925293 0.015381
v -0.040771 0.922852 0.010010
v -0.040771 0.929199 0.008545
v -0.040283 0.931641 0.012939
v -0.041748 0.922852 0.007568
v -0.040771 0.929199 0.006592
v -0.040283 0.926270 0.001709
v -0.043701 0.934570 0.006104
v -0.044189 0.934082 0.004150
v -0.046143 0.936523 0.003662
v -0.042236 0.929688 0.004150
v -0.042236 0.935547 0.007568
v -0.040771 0.931641 0.002686
v -0.041748 0.935547 0.002197
v -0.034912 0.922852 0.004150
v -0.017334 0.887207 0.047607
v -0.023682 0.900879 0.047119
v -0.020264 0.891113 0.047119
v -0.021240 0.894531 0.048096
v -0.015869 0.890625 0.051025
v -0.018799 0.897461 0.052002
v -0.016357 0.895020 0.052002
v -0.016357 0.896484 0.052490
v -0.017822 0.892578 0.050049
v -0.018799 0.894531 0.050537
v -0.021240 0.898926 0.049561
v -0.016846 0.900391 0.053955
v -0.018799 0.903809 0.052002
v -0.024170 0.888672 0.038330
v -0.019775 0.881836 0.040283
v -0.021729 0.889648 0.043701
v -0.018311 0.884766 0.044678
v -0.019775 0.877930 0.034912
v -0.026611 0.895996 0.039307
v -0.027100 0.903809 0.042236
v -0.031006 0.897949 0.031982
v -0.023193 0.895020 0.045166
v -0.014404 0.881836 0.047607
v -0.010986 0.880371 0.052002
v -0.010986 0.875977 0.050049
v -0.012451 0.889160 0.052979
v -0.013428 0.884766 0.050049
v -0.010010 0.884277 0.052979
v -0.009521 0.888672 0.054443
v -0.006592 0.879395 0.055420
v -0.000244 0.875000 0.054932
v -0.000244 0.878906 0.056885
v -0.006104 0.883789 0.055420
v -0.005127 0.888672 0.055908
v -0.000244 0.883789 0.056885
v -0.000244 0.888672 0.056396
v -0.006592 0.875000 0.053467
v -0.011963 0.895020 0.054932
v -0.009033 0.894043 0.057861
v -0.009033 0.892578 0.057373
v -0.010986 0.897949 0.057373
v -0.010010 0.897461 0.056885
v -0.009033 0.895996 0.057373
v -0.009033 0.896973 0.055420
v -0.008057 0.897461 0.056396
v -0.013428 0.903320 0.055908
v -0.008057 0.899414 0.059814
v -0.009033 0.901367 0.059814
v -0.011475 0.898926 0.057373
v -0.009521 0.905273 0.057861
v -0.012451 0.894043 0.054443
v -0.014893 0.896973 0.053955
v -0.014893 0.894531 0.052490
v -0.014893 0.895996 0.051514
v -0.013916 0.895020 0.052490
v -0.012939 0.895996 0.053467
v -0.011963 0.895996 0.052979
v -0.013428 0.895508 0.051025
v -0.011475 0.895996 0.052490
v -0.010498 0.896484 0.052002
v -0.008057 0.897461 0.053955
v -0.005127 0.891602 0.059326
v -0.005127 0.893555 0.060303
v -0.004639 0.896484 0.060303
v -0.007568 0.897949 0.058350
v -0.006592 0.897949 0.056885
v -0.005615 0.897949 0.055420
v -0.000244 0.893555 0.061279
v -0.000244 0.891113 0.060303
v -0.000244 0.896484 0.060791
v -0.000244 0.897949 0.058838
v -0.003662 0.897949 0.058350
v -0.003174 0.897949 0.058350
v -0.002197 0.897949 0.056885
v -0.000244 0.897461 0.056885
v -0.006104 0.900391 0.061279
v -0.005127 0.898438 0.059814
v -0.006104 0.902832 0.061279
v -0.005615 0.905762 0.060303
v -0.003662 0.900879 0.062256
v -0.003174 0.898926 0.060303
v -0.000244 0.898438 0.061279
v -0.003662 0.903320 0.062256
v -0.002686 0.905762 0.061768
v -0.000244 0.905273 0.061279
v -0.015381 0.877930 0.044678
v -0.025146 0.915527 0.048584
v -0.021729 0.906738 0.050537
v -0.017334 0.911621 0.053467
v -0.018799 0.918457 0.052002
v -0.026611 0.922363 0.047119
v -0.024170 0.928223 0.047119
v -0.025146 0.934570 0.047119
v -0.019775 0.923340 0.050537
v -0.019287 0.927734 0.049561
v -0.023193 0.930664 0.047607
v -0.023193 0.932129 0.048584
v -0.020752 0.933105 0.048096
v -0.022705 0.933594 0.049072
v -0.022217 0.934570 0.048096
v -0.022217 0.934570 0.047607
v -0.022705 0.937012 0.048096
v -0.019775 0.934570 0.049561
v -0.021240 0.936035 0.049561
v -0.019775 0.937012 0.050049
v -0.019775 0.934082 0.048584
v -0.019287 0.930176 0.049561
v -0.019287 0.931641 0.050049
v -0.019287 0.933105 0.050049
v -0.018311 0.932129 0.048096
v -0.015869 0.933105 0.048096
v -0.018311 0.934082 0.049561
v -0.019287 0.936035 0.050049
v -0.018311 0.935547 0.050049
v -0.018311 0.937012 0.050537
v -0.015869 0.933594 0.050049
v -0.016357 0.934570 0.049561
v -0.016846 0.936035 0.050049
v -0.016357 0.937012 0.050049
v -0.016357 0.934082 0.048096
v -0.027100 0.911621 0.046143
v -0.028076 0.930176 0.044189
v -0.029541 0.937012 0.043701
v -0.029053 0.937012 0.043213
v -0.028076 0.935547 0.044189
v -0.031006 0.933105 0.040283
v -0.029541 0.934082 0.041260
v -0.031006 0.937012 0.042725
v -0.030518 0.935547 0.041260
v -0.029541 0.935547 0.041748
v -0.028564 0.934570 0.042725
v -0.027588 0.937012 0.039307
v -0.026611 0.931641 0.045166
v -0.026123 0.933105 0.046143
v -0.023682 0.931641 0.045654
v -0.027100 0.936035 0.045166
v -0.026123 0.935547 0.044678
v -0.024658 0.935059 0.046143
v -0.024658 0.934082 0.045654
v -0.025146 0.937012 0.046143
v -0.024170 0.936523 0.046631
v -0.024658 0.930664 0.042236
v -0.024658 0.930176 0.039307
v -0.026611 0.934082 0.042725
v -0.027100 0.937012 0.042725
v -0.026611 0.933594 0.039307
v -0.021729 0.928223 0.039307
v -0.021240 0.928711 0.042725
v -0.018311 0.928223 0.043213
v -0.018311 0.927734 0.039307
v -0.021240 0.930176 0.045654
v -0.018311 0.929688 0.046143
v -0.018799 0.935547 0.043701
v -0.009033 0.911621 0.059814
v -0.008057 0.909668 0.056885
v -0.011475 0.910645 0.054932
v -0.009521 0.912109 0.055908
v -0.012451 0.916016 0.055420
v -0.009033 0.916504 0.061768
v -0.010010 0.914062 0.058350
v -0.009521 0.917969 0.056885
v -0.014893 0.907715 0.053955
v -0.013428 0.921387 0.053955
v -0.005127 0.909180 0.059326
v -0.007080 0.911621 0.060791
v -0.006104 0.910645 0.059814
v -0.004639 0.911133 0.059814
v -0.002686 0.909180 0.061279
v -0.000244 0.909180 0.061279
v -0.003174 0.911133 0.061279
v -0.006104 0.921387 0.062256
v -0.003174 0.917480 0.060791
v -0.009521 0.923828 0.055420
v -0.013916 0.925293 0.051514
v -0.014893 0.928711 0.050049
v -0.009521 0.928223 0.051514
v -0.015381 0.930664 0.049561
v -0.015381 0.932129 0.050049
v -0.011963 0.931641 0.049072
v -0.012451 0.932617 0.049072
v -0.015381 0.936035 0.049561
v -0.013916 0.934570 0.048096
v -0.012939 0.934082 0.049072
v -0.013428 0.934570 0.047119
v -0.013428 0.937012 0.048096
v -0.012451 0.936035 0.047119
v -0.010498 0.930176 0.050049
v -0.008057 0.933105 0.049561
v -0.011475 0.936523 0.049072
v -0.009521 0.933594 0.049072
v -0.008545 0.935059 0.049072
v -0.009521 0.934570 0.048584
v -0.006104 0.926758 0.058350
v -0.003662 0.928711 0.061279
v -0.003662 0.932129 0.059814
v -0.000244 0.932617 0.061279
v -0.000244 0.936035 0.058838
v -0.003662 0.935059 0.057373
v -0.006104 0.932129 0.053467
v -0.005615 0.936523 0.052002
v -0.007568 0.935547 0.049561
v -0.014893 0.928711 0.042725
v -0.014404 0.928223 0.039307
v -0.015381 0.930176 0.045654
v -0.012939 0.931641 0.045166
v -0.011963 0.935059 0.046631
v -0.011475 0.934570 0.045654
v -0.010986 0.937012 0.046143
v -0.011475 0.930664 0.042236
v -0.011475 0.930664 0.039307
v -0.010010 0.934082 0.042725
v -0.009521 0.937012 0.042725
v -0.009521 0.933594 0.039307
v -0.009033 0.937012 0.039307
v -0.025146 0.881348 0.027100
v -0.027588 0.885742 0.029541
v -0.030518 0.886230 0.018311
v -0.019287 0.876465 0.022705
v -0.025635 0.876465 0.008057
v -0.027100 0.882812 0.013428
v -0.031494 0.944336 0.043701
v -0.031982 0.937988 0.041748
v -0.032471 0.947266 0.042236
v -0.035400 0.943848 0.033447
v -0.034424 0.940918 0.037842
v -0.032471 0.953125 0.037354
v -0.032471 0.959473 0.032959
v -0.049072 0.938477 0.001709
v -0.048584 0.939453 0.001709
v -0.035889 0.949707 0.028564
v -0.038330 0.939453 0.021240
v -0.038818 0.945312 0.018311
v -0.036377 0.956543 0.024170
v -0.032959 0.966797 0.029053
v -0.036865 0.964355 0.020264
v -0.041260 0.939941 0.010010
v -0.039795 0.952637 0.014404
v -0.046143 0.937988 0.004639
v -0.044678 0.938477 0.004639
v -0.046143 0.940430 0.001709
v -0.042725 0.938965 0.005127
v -0.042725 0.939941 0.002197
v -0.041748 0.947754 0.005127
v -0.040283 0.961426 0.010986
v -0.042236 0.958008 0.001221
v -0.032471 0.973633 0.025146
v -0.036377 0.972168 0.016357
v -0.039307 0.969727 0.007568
v -0.033447 0.979980 0.012451
v -0.035889 0.978516 0.003174
v -0.026611 0.940918 0.050049
v -0.025635 0.939941 0.049561
v -0.024658 0.937500 0.049072
v -0.025146 0.939453 0.048096
v -0.027100 0.943359 0.050049
v -0.028076 0.946777 0.049072
v -0.029053 0.949707 0.048584
v -0.015869 0.948242 0.057861
v -0.016846 0.946289 0.056396
v -0.021729 0.940918 0.051514
v -0.020752 0.938477 0.051025
v -0.022217 0.942383 0.052490
v -0.022705 0.943848 0.052490
v -0.022217 0.939453 0.048096
v -0.021240 0.937988 0.049561
v -0.020752 0.937988 0.049072
v -0.021240 0.940430 0.050537
v -0.019775 0.939453 0.049561
v -0.020264 0.940918 0.048096
v -0.017334 0.938965 0.051514
v -0.017334 0.940430 0.051514
v -0.016846 0.942383 0.052979
v -0.016846 0.943359 0.053467
v -0.017334 0.941406 0.052002
v -0.019287 0.937988 0.050049
v -0.018311 0.938477 0.050049
v -0.018311 0.939941 0.049561
v -0.016846 0.937988 0.050049
v -0.017334 0.938477 0.049072
v -0.016357 0.939453 0.049561
v -0.018311 0.941895 0.048096
v -0.015869 0.941406 0.048096
v -0.023193 0.947266 0.052979
v -0.023193 0.950195 0.053955
v -0.022705 0.955078 0.051025
v -0.015869 0.960449 0.052490
v -0.022705 0.961914 0.047119
v -0.029541 0.938965 0.045654
v -0.030518 0.940430 0.045654
v -0.029053 0.937988 0.045654
v -0.028076 0.937988 0.044678
v -0.024658 0.939941 0.045654
v -0.023682 0.942383 0.045166
v -0.026611 0.939941 0.042725
v -0.026611 0.940430 0.039307
v -0.024658 0.943359 0.042236
v -0.024658 0.943359 0.039307
v -0.020752 0.943848 0.045654
v -0.018311 0.944336 0.046143
v -0.021729 0.945801 0.039307
v -0.021240 0.945312 0.042725
v -0.018311 0.945801 0.043213
v -0.018311 0.946289 0.039307
v -0.029053 0.955078 0.044678
v -0.028564 0.961426 0.040771
v -0.028564 0.968262 0.036865
v -0.010498 0.944336 0.057861
v -0.009521 0.946289 0.059814
v -0.008057 0.950195 0.059814
v -0.012939 0.940918 0.052002
v -0.011963 0.942383 0.052979
v -0.015381 0.937988 0.049561
v -0.014404 0.937988 0.050537
v -0.013916 0.939453 0.050537
v -0.014893 0.937500 0.048096
v -0.013916 0.939453 0.048096
v -0.013428 0.939941 0.050537
v -0.010986 0.937500 0.049072
v -0.010498 0.937988 0.049072
v -0.009033 0.938477 0.050537
v -0.005127 0.944336 0.059326
v -0.006104 0.941406 0.056885
v -0.000244 0.941895 0.059326
v -0.003662 0.937988 0.056885
v -0.000244 0.938965 0.057861
v -0.004150 0.947754 0.060303
v -0.004150 0.951172 0.059326
v -0.000244 0.946289 0.060303
v -0.000244 0.950684 0.059326
v -0.007568 0.939453 0.052002
v -0.015381 0.953125 0.056885
v -0.007568 0.958008 0.055908
v -0.000244 0.956543 0.057373
v -0.000244 0.966797 0.055420
v -0.015381 0.943848 0.045654
v -0.012939 0.942383 0.045166
v -0.011475 0.939941 0.045654
v -0.010010 0.940430 0.042725
v -0.009521 0.940918 0.039307
v -0.011475 0.943359 0.042236
v -0.011475 0.943848 0.039307
v -0.014893 0.945312 0.042725
v -0.014404 0.945801 0.039307
v -0.028564 0.974609 0.032959
v -0.022705 0.969238 0.043701
v -0.023193 0.976074 0.039795
v -0.016357 0.977051 0.045654
v -0.016846 0.982910 0.039795
v -0.023193 0.980957 0.034912
v -0.016357 0.987305 0.032959
v -0.015381 0.969727 0.049561
v -0.008545 0.977539 0.049072
v -0.007568 0.968750 0.053467
v -0.000244 0.976562 0.051514
v -0.009033 0.984375 0.043213
v -0.009033 0.989746 0.034912
v -0.000244 0.984863 0.044678
v -0.000244 0.990723 0.035400
v -0.027100 0.980469 0.028564
v -0.030518 0.980469 0.021240
v -0.025146 0.987305 0.017334
v -0.022217 0.984375 0.030518
v -0.023193 0.985840 0.025146
v -0.016846 0.990234 0.024658
v -0.017822 0.992188 0.015869
v -0.027100 0.987793 0.008545
v -0.019287 0.993652 0.005615
v -0.009033 0.993164 0.025146
v -0.000244 0.995117 0.024170
v -0.009521 0.996094 0.014404
v -0.010498 0.997559 0.003174
v -0.000244 0.998047 0.012451
v -0.000244 0.999512 0.000244
v -0.139893 0.013672 -0.000244
v -0.130615 0.011230 -0.012451
v -0.133545 0.020996 -0.011475
v -0.134033 0.016113 -0.012451
v -0.131592 0.026855 -0.010010
v -0.128174 0.022949 -0.026611
v -0.127686 0.017578 -0.027588
v -0.126709 0.030762 -0.024170
v -0.129150 0.034180 -0.007568
v -0.125732 0.042969 -0.004639
v -0.126709 0.038574 -0.021240
v -0.125244 0.194336 -0.042725
v -0.127197 0.216797 -0.042725
v -0.126709 0.238281 -0.040771
v -0.120850 0.009277 -0.011475
v -0.110107 0.011719 -0.010010
v -0.123779 0.012207 -0.027100
v -0.114014 0.009277 -0.025146
v -0.101807 0.015137 -0.008057
v -0.095947 0.019043 -0.005615
v -0.103271 0.012695 -0.022217
v -0.095947 0.018066 -0.019775
v -0.122314 0.051758 -0.017822
v -0.117920 0.012207 -0.041748
v -0.122314 0.018066 -0.042725
v -0.123779 0.023926 -0.041748
v -0.111084 0.012207 -0.055420
v -0.119385 0.024902 -0.058350
v -0.116943 0.017578 -0.057861
v -0.107666 0.008789 -0.037842
v -0.097900 0.010254 -0.034424
v -0.101807 0.009277 -0.049561
v -0.104248 0.011719 -0.061279
v -0.096436 0.010742 -0.058350
v -0.120850 0.042969 -0.036377
v -0.122314 0.032227 -0.039307
v -0.118896 0.054199 -0.032959
v -0.121338 0.060059 -0.031982
v -0.117920 0.054199 -0.041260
v -0.121826 0.060059 -0.041748
v -0.118408 0.034180 -0.055908
v -0.114990 0.044922 -0.050537
v -0.112061 0.058594 -0.048584
v -0.108643 0.046875 -0.062256
v -0.105225 0.056641 -0.057861
v -0.090576 0.023926 -0.000732
v -0.088623 0.027344 -0.014893
v -0.092529 0.022461 -0.017334
v -0.088135 0.018066 -0.029053
v -0.086182 0.022949 -0.027588
v -0.085205 0.028809 -0.026123
v -0.084717 0.036133 -0.011963
v -0.087646 0.060059 -0.010010
v -0.084717 0.047363 -0.010498
v -0.082275 0.044434 -0.022705
v -0.084229 0.036133 -0.024170
v -0.080322 0.060059 -0.019287
v -0.079834 0.056641 -0.029541
v -0.092529 0.013184 -0.031494
v -0.092529 0.010254 -0.045166
v -0.086182 0.013184 -0.041260
v -0.082275 0.018555 -0.038818
v -0.080322 0.023438 -0.037354
v -0.079834 0.028809 -0.035889
v -0.078369 0.029785 -0.046631
v -0.088135 0.011719 -0.054443
v -0.090576 0.011719 -0.060791
v -0.083252 0.014160 -0.050537
v -0.083740 0.014648 -0.056885
v -0.079834 0.019043 -0.049072
v -0.080811 0.019531 -0.058350
v -0.079834 0.024902 -0.058838
v -0.077881 0.023926 -0.047607
v -0.080811 0.034668 -0.035400
v -0.082275 0.042969 -0.033936
v -0.079834 0.035645 -0.045654
v -0.083740 0.045898 -0.044678
v -0.083252 0.057129 -0.038818
v -0.080322 0.032227 -0.057861
v -0.082764 0.040039 -0.055908
v -0.087646 0.054688 -0.052490
v -0.092529 0.057129 -0.062256
v -0.113037 0.064453 -0.014404
v -0.110596 0.082031 -0.017822
v -0.115479 0.083984 -0.031006
v -0.104248 0.068848 -0.006104
v -0.094971 0.067871 -0.006592
v -0.103760 0.083008 -0.010986
v -0.096436 0.083496 -0.010498
v -0.111572 0.101074 -0.019775
v -0.115967 0.102051 -0.031006
v -0.104248 0.101562 -0.014404
v -0.097412 0.101562 -0.013916
v -0.121338 0.070312 -0.031982
v -0.122803 0.068848 -0.042236
v -0.117432 0.083496 -0.041260
v -0.111084 0.069824 -0.048096
v -0.109619 0.083984 -0.048096
v -0.103271 0.068848 -0.057373
v -0.098877 0.068848 -0.061279
v -0.103271 0.084473 -0.056885
v -0.098389 0.083496 -0.060303
v -0.116455 0.101562 -0.041260
v -0.111572 0.103516 -0.050537
v -0.104736 0.104492 -0.058350
v -0.098389 0.102051 -0.060303
v -0.087646 0.071289 -0.012939
v -0.078857 0.070801 -0.018799
v -0.089600 0.083984 -0.015869
v -0.084717 0.083008 -0.022705
v -0.076416 0.069824 -0.028076
v -0.090576 0.101074 -0.017822
v -0.084717 0.099609 -0.024658
v -0.080322 0.082520 -0.031494
v -0.083252 0.081543 -0.041748
v -0.089111 0.066895 -0.051025
v -0.093506 0.068848 -0.060791
v -0.089600 0.082031 -0.051514
v -0.093506 0.083008 -0.059814
v -0.077881 0.068359 -0.038818
v -0.081299 0.099121 -0.033936
v -0.084229 0.099609 -0.043701
v -0.092041 0.101562 -0.059814
v -0.085693 0.101562 -0.053467
v -0.110596 0.019043 -0.067139
v -0.112061 0.026367 -0.068604
v -0.107178 0.014160 -0.063721
v -0.099365 0.012207 -0.063232
v -0.101318 0.015137 -0.067627
v -0.094971 0.012207 -0.063232
v -0.093994 0.015137 -0.067627
v -0.102783 0.020020 -0.071045
v -0.103271 0.026855 -0.072510
v -0.111572 0.035645 -0.066650
v -0.101807 0.046387 -0.067627
v -0.102783 0.035645 -0.071045
v -0.094482 0.045410 -0.067627
v -0.093994 0.035645 -0.070557
v -0.100342 0.056641 -0.063232
v -0.087158 0.015137 -0.063721
v -0.093506 0.020020 -0.070557
v -0.093506 0.026855 -0.072021
v -0.085205 0.020020 -0.065674
v -0.085205 0.026367 -0.066650
v -0.088135 0.043945 -0.063232
v -0.085693 0.034668 -0.065674
v -0.114502 0.128906 -0.021729
v -0.097900 0.127441 -0.014893
v -0.106201 0.127930 -0.015869
v -0.112061 0.187012 -0.010986
v -0.118408 0.162109 -0.023193
v -0.109131 0.159668 -0.013916
v -0.098877 0.158691 -0.012451
v -0.099365 0.185547 -0.008057
v -0.119385 0.131836 -0.033936
v -0.119385 0.132324 -0.043701
v -0.114990 0.131836 -0.055420
v -0.105713 0.131836 -0.061768
v -0.122314 0.165039 -0.041260
v -0.117432 0.165039 -0.059326
v -0.090088 0.126465 -0.018311
v -0.083740 0.126465 -0.025635
v -0.086670 0.184570 -0.011475
v -0.088623 0.157715 -0.015869
v -0.079346 0.158691 -0.023682
v -0.073975 0.185059 -0.019775
v -0.078369 0.126953 -0.034912
v -0.078369 0.127930 -0.045654
v -0.088623 0.128906 -0.061279
v -0.080811 0.128906 -0.055420
v -0.071045 0.160156 -0.034912
v -0.071045 0.161133 -0.048096
v -0.075928 0.162109 -0.058838
v -0.064209 0.186035 -0.051514
v -0.112549 0.209961 -0.008057
v -0.120361 0.190430 -0.023193
v -0.120361 0.212891 -0.022217
v -0.098877 0.208008 -0.004150
v -0.111572 0.231445 -0.005615
v -0.119385 0.234375 -0.019775
v -0.096924 0.229492 -0.001221
v -0.085205 0.207031 -0.009033
v -0.071045 0.206543 -0.015381
v -0.083252 0.228516 -0.006104
v -0.069092 0.227539 -0.013428
v -0.062744 0.189453 -0.033936
v -0.097412 0.129883 -0.063232
v -0.107178 0.164062 -0.065674
v -0.096436 0.162598 -0.067627
v -0.107178 0.186523 -0.070068
v -0.094971 0.185059 -0.071533
v -0.085693 0.162109 -0.065674
v -0.083740 0.184570 -0.069580
v -0.072510 0.185059 -0.062744
v -0.118896 0.189453 -0.064209
v -0.122314 0.215820 -0.065674
v -0.108643 0.215332 -0.074463
v -0.121826 0.241699 -0.064209
v -0.108643 0.241699 -0.073975
v -0.092529 0.213379 -0.077881
v -0.076904 0.212402 -0.076416
v -0.064697 0.209961 -0.067627
v -0.090088 0.239746 -0.078369
v -0.073975 0.237793 -0.075928
v -0.058838 0.207520 -0.027588
v -0.056396 0.228516 -0.024658
v -0.054443 0.208496 -0.038818
v -0.056885 0.208496 -0.054443
v -0.052002 0.230469 -0.039307
v -0.053955 0.232422 -0.053955
v -0.061768 0.235352 -0.066650
v -0.112061 0.277832 -0.014404
v -0.116455 0.256836 -0.016846
v -0.108643 0.253906 -0.003662
v -0.093994 0.251465 -0.000732
v -0.101807 0.274414 -0.005127
v -0.102783 0.293945 -0.007568
v -0.108643 0.295898 -0.014404
v -0.097900 0.292480 -0.001709
v -0.102295 0.309082 -0.003174
v -0.106201 0.310547 -0.012939
v -0.109131 0.298828 -0.027100
v -0.122314 0.261230 -0.036865
v -0.117920 0.266602 -0.060303
v -0.114990 0.281738 -0.031494
v -0.113037 0.287109 -0.053955
v -0.108154 0.303223 -0.047119
v -0.094482 0.301270 -0.056885
v -0.080322 0.250000 -0.003174
v -0.069092 0.250000 -0.013428
v -0.077881 0.272949 -0.001709
v -0.067139 0.273438 -0.010010
v -0.065186 0.291016 -0.007568
v -0.080322 0.300293 -0.060303
v -0.071045 0.299805 -0.058350
v -0.102783 0.324219 -0.011475
v -0.098389 0.324219 -0.001709
v -0.100342 0.336914 -0.010498
v -0.107178 0.324219 -0.022217
v -0.107666 0.312500 -0.024170
v -0.106689 0.335938 -0.019775
v -0.098877 0.349121 -0.008545
v -0.100830 0.361816 -0.005615
v -0.105713 0.347168 -0.018311
v -0.104736 0.347656 -0.030029
v -0.105225 0.361328 -0.017334
v -0.103271 0.361328 -0.029541
v -0.103271 0.317383 -0.043213
v -0.098877 0.332031 -0.040283
v -0.094971 0.347656 -0.040283
v -0.089600 0.316895 -0.053955
v -0.086182 0.332520 -0.052490
v -0.070068 0.314941 -0.055420
v -0.068115 0.331055 -0.053467
v -0.093506 0.362793 -0.041260
v -0.082275 0.348145 -0.052490
v -0.080322 0.366211 -0.052979
v -0.066162 0.347656 -0.054443
v -0.066162 0.365234 -0.055420
v -0.104736 0.266113 -0.069580
v -0.098389 0.285156 -0.063232
v -0.087158 0.265137 -0.072998
v -0.072021 0.264160 -0.070557
v -0.084717 0.284668 -0.066162
v -0.070557 0.285156 -0.063721
v -0.057861 0.251465 -0.024170
v -0.059326 0.275391 -0.022217
v -0.060303 0.304688 -0.003174
v -0.047119 0.304199 -0.013916
v -0.053467 0.290039 -0.017822
v -0.051025 0.292969 -0.028564
v -0.045166 0.306641 -0.025635
v -0.052490 0.254395 -0.037354
v -0.054932 0.277832 -0.032471
v -0.054932 0.280762 -0.043213
v -0.060791 0.261230 -0.061279
v -0.054443 0.257812 -0.050049
v -0.052490 0.295898 -0.039307
v -0.047607 0.309570 -0.037842
v -0.060303 0.283691 -0.053955
v -0.059326 0.298828 -0.049561
v -0.058838 0.319824 -0.002197
v -0.043701 0.319824 -0.011475
v -0.043701 0.337402 -0.011475
v -0.040283 0.322266 -0.023193
v -0.037354 0.339355 -0.022217
v -0.037842 0.352539 -0.008545
v -0.033447 0.368164 -0.004150
v -0.034912 0.355469 -0.019775
v -0.032959 0.370605 -0.017822
v -0.033936 0.372070 -0.030029
v -0.053955 0.328125 -0.046143
v -0.056885 0.312500 -0.047119
v -0.043213 0.324707 -0.036377
v -0.040771 0.341797 -0.035400
v -0.051514 0.344727 -0.047119
v -0.051514 0.362793 -0.049561
v -0.038818 0.358887 -0.035400
v -0.111084 0.403320 -0.014893
v -0.107178 0.376465 -0.000732
v -0.105225 0.376465 -0.017822
v -0.101318 0.376465 -0.030029
v -0.101807 0.403809 -0.031006
v -0.093018 0.377930 -0.043213
v -0.093506 0.404297 -0.045166
v -0.082764 0.378418 -0.052490
v -0.082275 0.404785 -0.054443
v -0.073486 0.377441 -0.055908
v -0.072021 0.405273 -0.057861
v -0.068604 0.437012 -0.059326
v -0.114014 0.440918 -0.014893
v -0.106689 0.440918 -0.031006
v -0.113037 0.475586 -0.012939
v -0.114502 0.476562 -0.012939
v -0.113037 0.487793 -0.012451
v -0.111084 0.498535 -0.011475
v -0.109131 0.475586 -0.030518
v -0.108154 0.474609 -0.030029
v -0.108154 0.487305 -0.031006
v -0.106689 0.498535 -0.031006
v -0.095459 0.439941 -0.045654
v -0.095947 0.473633 -0.046631
v -0.096924 0.474609 -0.048096
v -0.096436 0.486328 -0.048584
v -0.094971 0.498047 -0.048096
v -0.080811 0.437988 -0.056396
v -0.078857 0.472656 -0.055908
v -0.079346 0.474121 -0.057373
v -0.079346 0.485352 -0.057861
v -0.078857 0.496582 -0.057861
v -0.058350 0.375977 -0.054443
v -0.054932 0.404297 -0.056396
v -0.044678 0.375000 -0.046143
v -0.038330 0.402344 -0.047119
v -0.051025 0.434570 -0.055908
v -0.032471 0.432129 -0.046143
v -0.030029 0.397949 -0.001221
v -0.026611 0.398438 -0.015381
v -0.025146 0.398926 -0.030518
v -0.015381 0.426270 -0.013916
v -0.016846 0.428711 -0.031494
v -0.062256 0.471191 -0.058350
v -0.061768 0.472656 -0.059814
v -0.060791 0.484375 -0.059814
v -0.059326 0.495117 -0.061279
v -0.045166 0.469727 -0.054443
v -0.044189 0.470703 -0.056885
v -0.042725 0.483887 -0.056396
v -0.041260 0.495117 -0.057373
v -0.008057 0.464355 -0.009033
v -0.006592 0.465332 -0.009033
v -0.012451 0.465820 -0.029053
v -0.010986 0.467285 -0.029541
v -0.006104 0.480469 -0.006104
v -0.004639 0.493164 -0.003662
v -0.010010 0.481934 -0.027588
v -0.008545 0.496582 -0.025635
v -0.025635 0.468262 -0.044678
v -0.024170 0.469238 -0.046143
v -0.023682 0.483398 -0.045654
v -0.022705 0.495605 -0.045166
v -0.420166 0.759277 -0.002686
v -0.420654 0.759277 -0.003662
v -0.421143 0.760742 -0.003662
v -0.420166 0.760742 -0.002197
v -0.418701 0.760742 -0.001709
v -0.418701 0.759277 -0.002686
v -0.421631 0.761719 -0.003662
v -0.420166 0.762207 -0.002197
v -0.418701 0.762207 -0.001709
v -0.420654 0.759277 -0.005127
v -0.421631 0.760254 -0.005615
v -0.420166 0.758789 -0.006103
v -0.420654 0.759766 -0.007080
v -0.419189 0.758301 -0.004150
v -0.418701 0.758301 -0.007080
v -0.421631 0.761719 -0.005615
v -0.420654 0.761719 -0.007080
v -0.418701 0.763184 -0.007568
v -0.417236 0.760742 -0.001709
v -0.417236 0.758789 -0.002686
v -0.414307 0.758789 -0.003662
v -0.414307 0.760742 -0.002197
v -0.417236 0.763184 -0.002197
v -0.416748 0.763672 -0.003662
v -0.415771 0.761719 -0.000244
v -0.414795 0.763184 -0.002686
v -0.417725 0.757812 -0.004639
v -0.414795 0.757812 -0.005615
v -0.417725 0.764160 -0.006103
v -0.416260 0.764648 -0.006592
v -0.415283 0.764160 -0.004150
v -0.419189 0.759766 -0.008057
v -0.419678 0.761719 -0.008057
v -0.416260 0.759766 -0.009521
v -0.415771 0.757812 -0.008057
v -0.416748 0.761719 -0.009521
v -0.416748 0.763672 -0.008545
v -0.410889 0.759277 -0.000732
v -0.410400 0.761230 -0.003662
v -0.411377 0.762695 -0.002197
v -0.410889 0.763672 -0.003662
v -0.410400 0.759277 -0.004639
v -0.411377 0.758301 -0.007080
v -0.412354 0.765137 -0.007568
v -0.411865 0.765137 -0.005615
v -0.408936 0.759766 -0.001221
v -0.406982 0.759766 -0.001709
v -0.409424 0.763184 -0.002686
v -0.407959 0.763184 -0.003174
v -0.406494 0.759277 -0.005615
v -0.406494 0.761719 -0.004639
v -0.406982 0.764160 -0.005127
v -0.412842 0.760254 -0.010986
v -0.411865 0.758789 -0.009521
v -0.412842 0.764160 -0.009521
v -0.412842 0.762207 -0.010986
v -0.407471 0.758301 -0.008057
v -0.407959 0.758789 -0.010986
v -0.408936 0.765137 -0.010986
v -0.408936 0.760742 -0.012451
v -0.408936 0.763184 -0.012451
v -0.411865 0.766113 -0.001221
v -0.410400 0.766602 -0.001709
v -0.409912 0.768066 -0.000244
v -0.408447 0.768555 -0.001221
v -0.408936 0.767090 -0.002197
v -0.406982 0.767090 -0.002686
v -0.407959 0.765625 -0.006592
v -0.408447 0.766113 -0.009033
v -0.402588 0.759766 -0.006592
v -0.402588 0.762207 -0.005127
v -0.402588 0.764160 -0.004639
v -0.403076 0.765137 -0.005615
v -0.402100 0.760254 -0.003174
v -0.398682 0.759766 -0.007568
v -0.398682 0.762695 -0.006103
v -0.403564 0.758789 -0.009521
v -0.405029 0.761230 -0.013916
v -0.404053 0.759277 -0.011963
v -0.405029 0.763672 -0.013428
v -0.399658 0.758301 -0.010498
v -0.400146 0.759277 -0.013428
v -0.401123 0.761719 -0.014893
v -0.401123 0.764160 -0.014893
v -0.397705 0.759277 -0.000732
v -0.395752 0.759277 -0.001221
v -0.396729 0.761230 -0.004639
v -0.398193 0.764160 -0.005615
v -0.397705 0.763184 -0.006592
v -0.395752 0.764160 -0.006592
v -0.392822 0.758301 -0.001709
v -0.393799 0.760742 -0.007080
v -0.392822 0.757324 -0.012451
v -0.395752 0.759766 -0.008057
v -0.395752 0.758301 -0.011963
v -0.396240 0.759766 -0.014893
v -0.392334 0.758301 -0.008057
v -0.406006 0.769043 -0.001709
v -0.402588 0.769531 -0.002686
v -0.402588 0.767578 -0.004150
v -0.404053 0.766602 -0.007568
v -0.401611 0.770996 -0.000244
v -0.399170 0.765625 -0.006592
v -0.404541 0.767090 -0.010010
v -0.405029 0.765625 -0.012451
v -0.400635 0.767578 -0.010986
v -0.400146 0.767578 -0.008545
v -0.401123 0.766602 -0.013428
v -0.397217 0.771973 -0.001221
v -0.396729 0.768555 -0.006103
v -0.395264 0.767578 -0.007568
v -0.397705 0.770508 -0.004150
v -0.394287 0.771973 -0.005127
v -0.393311 0.770508 -0.007080
v -0.394287 0.773438 -0.001709
v -0.396240 0.767090 -0.008057
v -0.396240 0.768066 -0.009521
v -0.397217 0.768555 -0.012451
v -0.397705 0.767090 -0.014893
v -0.393311 0.769531 -0.008545
v -0.392822 0.769531 -0.010498
v -0.393311 0.769531 -0.013428
v -0.397217 0.762207 -0.016357
v -0.397217 0.764648 -0.015869
v -0.392822 0.759277 -0.016846
v -0.393311 0.762207 -0.017822
v -0.393311 0.765137 -0.017822
v -0.393311 0.768066 -0.016357
v -0.386963 0.756836 -0.003174
v -0.390381 0.756348 -0.013428
v -0.386475 0.755859 -0.009033
v -0.384521 0.756348 -0.014404
v -0.380615 0.757812 -0.004639
v -0.375732 0.759277 -0.005127
v -0.379150 0.757324 -0.013428
v -0.375732 0.757324 -0.013916
v -0.389404 0.775879 -0.002686
v -0.389404 0.774902 -0.006103
v -0.383057 0.777344 -0.004639
v -0.388916 0.772461 -0.009521
v -0.389404 0.771973 -0.013916
v -0.383545 0.775879 -0.008057
v -0.384033 0.774414 -0.011475
v -0.384521 0.773438 -0.015381
v -0.382568 0.777344 -0.001221
v -0.376709 0.778809 -0.003174
v -0.377686 0.777832 -0.007080
v -0.378174 0.777344 -0.009521
v -0.378662 0.775879 -0.013916
v -0.388916 0.758301 -0.017822
v -0.389404 0.762207 -0.019775
v -0.383057 0.762695 -0.021240
v -0.382568 0.759277 -0.019287
v -0.377197 0.759277 -0.020264
v -0.378174 0.763184 -0.022705
v -0.389404 0.766113 -0.019287
v -0.389404 0.769531 -0.017822
v -0.384521 0.770020 -0.018799
v -0.384033 0.766602 -0.020752
v -0.379150 0.767578 -0.022217
v -0.379150 0.771973 -0.019775
v -0.379150 0.773438 -0.017822
v -0.368896 0.759766 -0.004639
v -0.370361 0.756836 -0.015381
v -0.362061 0.758301 -0.000244
v -0.359619 0.757324 -0.010986
v -0.370361 0.780273 -0.005615
v -0.371338 0.778809 -0.010986
v -0.364990 0.780273 -0.014404
v -0.369873 0.759277 -0.022705
v -0.371826 0.764160 -0.025146
v -0.362061 0.756348 -0.018799
v -0.363525 0.759277 -0.024658
v -0.365479 0.764648 -0.026611
v -0.372314 0.776855 -0.016846
v -0.372803 0.773926 -0.020264
v -0.372314 0.769043 -0.024170
v -0.366455 0.776855 -0.020752
v -0.365967 0.770508 -0.025635
v -0.357666 0.757324 -0.006103
v -0.353271 0.757324 -0.015381
v -0.346924 0.756348 -0.003174
v -0.351318 0.757812 -0.011475
v -0.345459 0.760742 -0.015381
v -0.355225 0.757812 -0.020752
v -0.355713 0.760254 -0.025146
v -0.348389 0.762207 -0.022705
v -0.344482 0.763184 -0.022705
v -0.357666 0.771484 -0.026611
v -0.358154 0.765625 -0.027588
v -0.358154 0.777832 -0.024170
v -0.351318 0.767090 -0.026123
v -0.350342 0.772461 -0.027588
v -0.346924 0.767578 -0.026123
v -0.350830 0.778809 -0.027100
v -0.361572 0.782227 -0.002686
v -0.363525 0.781738 -0.008545
v -0.352783 0.784668 -0.006592
v -0.354736 0.784180 -0.012939
v -0.349854 0.783203 -0.000244
v -0.344971 0.786133 -0.010010
v -0.356689 0.782227 -0.018799
v -0.349854 0.783203 -0.022217
v -0.347412 0.785645 -0.016357
v -0.340088 0.762207 -0.000732
v -0.336670 0.763672 -0.003174
v -0.342529 0.760742 -0.008057
v -0.339111 0.761719 -0.009521
v -0.331299 0.764648 -0.005615
v -0.333740 0.762207 -0.011475
v -0.329834 0.769531 -0.001221
v -0.342041 0.761719 -0.016357
v -0.336670 0.761719 -0.017822
v -0.339111 0.763184 -0.024170
v -0.341553 0.767578 -0.028076
v -0.342529 0.772949 -0.029541
v -0.343018 0.779297 -0.030029
v -0.320068 0.763184 -0.014893
v -0.316162 0.771484 -0.006103
v -0.315674 0.777832 -0.003662
v -0.317627 0.766602 -0.009521
v -0.323486 0.762695 -0.021240
v -0.326904 0.763184 -0.027100
v -0.342041 0.784668 -0.003662
v -0.337158 0.787109 -0.013428
v -0.334229 0.785645 -0.006103
v -0.331299 0.782227 -0.000244
v -0.340088 0.787109 -0.020264
v -0.342529 0.785156 -0.026611
v -0.328369 0.789062 -0.025635
v -0.320557 0.789062 -0.010010
v -0.317139 0.784668 -0.004639
v -0.324463 0.790039 -0.017334
v -0.329346 0.767090 -0.031982
v -0.331299 0.772949 -0.034424
v -0.331787 0.779297 -0.034424
v -0.315674 0.766113 -0.037353
v -0.317139 0.772461 -0.040283
v -0.317627 0.779785 -0.040283
v -0.330811 0.786133 -0.031982
v -0.317627 0.787109 -0.038330
v -0.314697 0.791504 -0.031494
v -0.302002 0.779785 -0.006592
v -0.302002 0.772949 -0.008545
v -0.303467 0.767090 -0.011963
v -0.305908 0.762695 -0.017334
v -0.308838 0.762207 -0.024170
v -0.312256 0.763184 -0.031006
v -0.282959 0.767090 -0.013916
v -0.281982 0.774902 -0.010010
v -0.285400 0.761230 -0.020264
v -0.287842 0.759766 -0.028564
v -0.306396 0.792480 -0.013428
v -0.303467 0.787109 -0.008057
v -0.310791 0.794434 -0.022217
v -0.281982 0.783203 -0.008057
v -0.283447 0.791504 -0.010498
v -0.290283 0.799316 -0.029053
v -0.286377 0.797363 -0.017334
v -0.291260 0.760742 -0.037353
v -0.294189 0.763672 -0.045166
v -0.295654 0.770996 -0.049561
v -0.296631 0.780273 -0.050049
v -0.294189 0.795410 -0.040283
v -0.296143 0.789062 -0.047607
v -0.267334 0.766602 -0.014404
v -0.266357 0.775879 -0.010498
v -0.268799 0.758789 -0.020752
v -0.271729 0.756348 -0.031006
v -0.252686 0.777832 -0.013916
v -0.254150 0.757812 -0.022217
v -0.252686 0.767090 -0.015869
v -0.266357 0.786133 -0.008057
v -0.267822 0.795898 -0.010986
v -0.274170 0.805664 -0.029053
v -0.270752 0.801758 -0.019287
v -0.252197 0.788574 -0.010498
v -0.254150 0.799316 -0.012939
v -0.257080 0.805664 -0.021728
v -0.274658 0.757324 -0.041260
v -0.277588 0.760742 -0.051025
v -0.279053 0.770020 -0.055908
v -0.280029 0.780273 -0.057373
v -0.260010 0.756348 -0.044189
v -0.257080 0.755371 -0.032959
v -0.262451 0.759766 -0.054932
v -0.264404 0.769531 -0.060303
v -0.265381 0.780762 -0.061768
v -0.276611 0.804688 -0.037353
v -0.279541 0.790527 -0.054443
v -0.278564 0.798828 -0.047607
v -0.262451 0.808105 -0.042236
v -0.264893 0.791504 -0.058350
v -0.250244 0.791504 -0.058838
v -0.263916 0.800293 -0.051025
v -0.251221 0.782715 -0.066162
v -0.107666 0.518555 -0.010498
v -0.100830 0.525391 -0.031006
v -0.103271 0.538574 -0.009033
v -0.098389 0.552246 -0.007080
v -0.097900 0.538574 -0.030029
v -0.093994 0.550293 -0.028564
v -0.102783 0.515625 -0.031494
v -0.092529 0.507812 -0.048584
v -0.078369 0.505859 -0.059814
v -0.089111 0.522949 -0.050049
v -0.086182 0.537109 -0.050049
v -0.081787 0.550781 -0.048584
v -0.095459 0.566406 -0.005615
v -0.092041 0.581055 -0.004639
v -0.091553 0.565918 -0.027100
v -0.090576 0.581055 -0.025635
v -0.089111 0.594727 -0.003174
v -0.084229 0.608887 -0.002197
v -0.083252 0.610352 -0.002197
v -0.078369 0.621582 -0.002197
v -0.088135 0.595215 -0.023682
v -0.084229 0.609863 -0.021240
v -0.083252 0.611328 -0.020752
v -0.076904 0.623535 -0.018311
v -0.079834 0.563477 -0.045654
v -0.080811 0.579590 -0.044678
v -0.068115 0.564941 -0.062256
v -0.068604 0.580566 -0.060303
v -0.081299 0.595703 -0.042236
v -0.077393 0.611328 -0.038330
v -0.074951 0.611328 -0.036865
v -0.068604 0.596191 -0.057373
v -0.063232 0.610840 -0.049072
v -0.066162 0.611328 -0.052490
v -0.074463 0.521484 -0.064697
v -0.071533 0.535645 -0.066650
v -0.069580 0.550293 -0.065186
v -0.002686 0.500000 -0.003662
v -0.006592 0.511230 -0.027588
v -0.015869 0.508301 -0.042236
v -0.024170 0.505371 -0.051514
v -0.024658 0.511230 -0.058350
v -0.010498 0.519043 -0.051514
v -0.049561 0.612793 -0.060303
v -0.049561 0.613281 -0.059326
v -0.035400 0.612793 -0.060303
v -0.020752 0.612793 -0.062256
v -0.021240 0.613281 -0.060303
v -0.009521 0.624023 -0.054443
v -0.009521 0.612793 -0.061279
v -0.000244 0.622559 -0.052002
v -0.059814 0.503906 -0.065186
v -0.058350 0.520508 -0.072510
v -0.042236 0.502930 -0.062744
v -0.041260 0.518555 -0.072998
v -0.055908 0.535645 -0.075928
v -0.054932 0.550781 -0.076416
v -0.040283 0.534668 -0.078857
v -0.039795 0.550781 -0.080322
v -0.024658 0.518066 -0.065674
v -0.025146 0.533691 -0.075439
v -0.024658 0.549805 -0.079346
v -0.011963 0.534180 -0.068115
v -0.012451 0.550293 -0.074463
v -0.053955 0.565918 -0.074463
v -0.052979 0.582031 -0.071533
v -0.038330 0.582031 -0.075928
v -0.039307 0.565918 -0.079346
v -0.052002 0.597656 -0.067627
v -0.036377 0.598145 -0.070068
v -0.035400 0.612793 -0.062744
v -0.024170 0.581543 -0.075928
v -0.025146 0.564941 -0.079346
v -0.011475 0.563965 -0.074951
v -0.010986 0.581055 -0.072021
v -0.023682 0.597168 -0.069092
v -0.010986 0.597168 -0.067139
v -0.009521 0.612793 -0.063232
v -0.077881 0.636230 -0.003662
v -0.075439 0.647461 -0.005615
v -0.075928 0.638184 -0.018799
v -0.072021 0.651367 -0.021240
v -0.072510 0.660645 -0.006592
v -0.073975 0.675293 -0.009033
v -0.069580 0.662598 -0.022705
v -0.070068 0.677246 -0.026123
v -0.068604 0.625000 -0.037842
v -0.067139 0.638672 -0.035400
v -0.062744 0.653320 -0.035400
v -0.064697 0.677734 -0.043213
v -0.097900 0.746094 -0.045166
v -0.082275 0.704590 -0.017334
v -0.076904 0.688965 -0.011963
v -0.082275 0.737305 -0.000732
v -0.086182 0.720703 -0.020264
v -0.090088 0.730957 -0.021729
v -0.093018 0.747559 -0.027100
v -0.083740 0.707520 -0.037842
v -0.074463 0.691406 -0.031494
v -0.069092 0.691406 -0.049561
v -0.076904 0.708984 -0.058350
v -0.090576 0.727051 -0.042725
v -0.082275 0.730957 -0.064697
v -0.047607 0.638184 -0.043213
v -0.052490 0.625000 -0.050049
v -0.046631 0.651855 -0.044678
v -0.062256 0.663086 -0.037842
v -0.048584 0.677246 -0.052979
v -0.046631 0.662598 -0.047119
v -0.030029 0.626953 -0.049561
v -0.023682 0.635742 -0.048584
v -0.021240 0.625000 -0.052490
v -0.026611 0.649902 -0.049561
v -0.000244 0.649414 -0.045654
v -0.008057 0.634766 -0.052002
v -0.000244 0.634277 -0.047119
v -0.009033 0.648926 -0.049561
v -0.028564 0.661133 -0.052002
v -0.030518 0.677734 -0.056885
v -0.000244 0.663086 -0.045166
v -0.010498 0.661621 -0.050537
v -0.012939 0.677734 -0.055420
v -0.000244 0.679688 -0.047607
v -0.053467 0.691406 -0.060303
v -0.033447 0.691895 -0.061279
v -0.013428 0.690918 -0.059814
v -0.000244 0.691406 -0.051514
v -0.000244 0.710449 -0.058838
v -0.057861 0.710938 -0.066650
v -0.036865 0.711426 -0.067627
v -0.061768 0.732910 -0.071045
v -0.040283 0.732422 -0.072998
v -0.015869 0.710449 -0.066162
v -0.018799 0.731934 -0.070557
v -0.000244 0.729980 -0.065186
v -0.239990 0.758789 -0.024658
v -0.239014 0.768555 -0.019775
v -0.239990 0.780273 -0.020752
v -0.230713 0.760254 -0.027100
v -0.221436 0.762695 -0.028076
v -0.230225 0.770996 -0.023193
v -0.230225 0.776855 -0.023193
v -0.220459 0.774414 -0.023193
v -0.239014 0.790527 -0.015869
v -0.243408 0.808105 -0.025635
v -0.240479 0.801758 -0.016846
v -0.234619 0.809570 -0.029053
v -0.230713 0.781250 -0.019775
v -0.230713 0.789062 -0.020752
v -0.224365 0.782227 -0.015869
v -0.222900 0.792969 -0.021240
v -0.232178 0.802734 -0.020752
v -0.223389 0.803223 -0.022705
v -0.225830 0.810547 -0.030518
v -0.242920 0.756348 -0.035889
v -0.245361 0.757812 -0.047119
v -0.247803 0.762207 -0.057373
v -0.235596 0.759277 -0.048584
v -0.238037 0.765137 -0.058350
v -0.249756 0.771973 -0.062256
v -0.233154 0.758301 -0.037842
v -0.223877 0.759766 -0.038818
v -0.225830 0.760742 -0.049561
v -0.228271 0.766602 -0.058838
v -0.246338 0.811523 -0.035889
v -0.248779 0.810059 -0.045654
v -0.240967 0.793457 -0.061768
v -0.249756 0.801758 -0.053955
v -0.239502 0.802246 -0.054443
v -0.239014 0.811035 -0.048096
v -0.227295 0.812012 -0.039795
v -0.229736 0.802734 -0.054443
v -0.229248 0.812012 -0.049072
v -0.211182 0.778809 -0.010498
v -0.209717 0.774414 -0.016357
v -0.209717 0.771973 -0.024170
v -0.210205 0.766113 -0.029541
v -0.197998 0.779785 -0.006104
v -0.197510 0.772949 -0.012939
v -0.197998 0.770020 -0.022217
v -0.198975 0.770508 -0.030518
v -0.211670 0.786133 -0.009033
v -0.212158 0.793945 -0.010986
v -0.211182 0.798828 -0.016846
v -0.211670 0.802246 -0.024658
v -0.198975 0.789551 -0.004639
v -0.199951 0.798828 -0.007568
v -0.200439 0.804199 -0.014893
v -0.200928 0.806641 -0.024170
v -0.212646 0.762207 -0.039795
v -0.214600 0.762207 -0.050537
v -0.216553 0.768066 -0.059326
v -0.203857 0.767578 -0.061279
v -0.199951 0.765625 -0.040771
v -0.201904 0.763672 -0.051025
v -0.214600 0.811035 -0.031494
v -0.218018 0.812012 -0.049072
v -0.218506 0.804199 -0.055908
v -0.206787 0.806152 -0.057373
v -0.202881 0.812012 -0.031982
v -0.237061 0.812500 -0.038818
v -0.216064 0.812988 -0.040283
v -0.204346 0.813965 -0.040771
v -0.205811 0.812500 -0.049072
v -0.240479 0.773438 -0.065674
v -0.230225 0.774414 -0.066650
v -0.241943 0.784180 -0.069092
v -0.231689 0.785645 -0.069580
v -0.231201 0.794922 -0.062744
v -0.219971 0.786621 -0.069092
v -0.219482 0.796387 -0.064209
v -0.218506 0.775879 -0.067139
v -0.205811 0.776367 -0.068115
v -0.207275 0.787598 -0.069580
v -0.207275 0.798340 -0.065674
v -0.177490 0.774902 -0.010498
v -0.177002 0.771484 -0.021240
v -0.180420 0.793457 -0.002686
v -0.178467 0.783203 -0.003662
v -0.181885 0.803223 -0.006592
v -0.182861 0.809082 -0.014404
v -0.157959 0.786133 -0.003174
v -0.160889 0.796387 -0.002686
v -0.165283 0.812012 -0.013916
v -0.163330 0.805176 -0.007080
v -0.177490 0.773438 -0.031982
v -0.177979 0.771484 -0.043213
v -0.177979 0.763672 -0.052979
v -0.185791 0.810547 -0.059814
v -0.156006 0.777832 -0.010498
v -0.155029 0.775879 -0.022217
v -0.143799 0.805664 -0.007568
v -0.136475 0.789062 -0.004639
v -0.134033 0.783203 -0.012451
v -0.140381 0.797852 -0.003662
v -0.135986 0.805664 -0.006592
v -0.128174 0.798828 -0.003662
v -0.128662 0.810059 -0.000244
v -0.132568 0.782715 -0.024170
v -0.155029 0.776855 -0.033936
v -0.153564 0.769043 -0.044189
v -0.153076 0.762695 -0.054932
v -0.133545 0.780762 -0.036377
v -0.137939 0.766602 -0.049072
v -0.183838 0.812988 -0.023682
v -0.166748 0.816406 -0.023193
v -0.159424 0.816895 -0.022705
v -0.184814 0.815918 -0.032471
v -0.185791 0.818848 -0.041260
v -0.185791 0.816406 -0.050537
v -0.168213 0.818359 -0.032471
v -0.168213 0.821777 -0.041260
v -0.163818 0.819336 -0.031982
v -0.162354 0.821289 -0.040771
v -0.166260 0.820312 -0.051514
v -0.164307 0.814453 -0.061279
v -0.157959 0.821289 -0.051025
v -0.148682 0.812988 -0.013428
v -0.143799 0.821289 -0.013916
v -0.148682 0.828125 -0.025635
v -0.128174 0.826660 -0.008057
v -0.134033 0.833496 -0.022217
v -0.149170 0.831055 -0.039307
v -0.151123 0.814941 -0.061279
v -0.147217 0.828125 -0.052979
v -0.136475 0.836914 -0.037842
v -0.135986 0.833008 -0.053467
v -0.179932 0.766113 -0.065186
v -0.181885 0.776855 -0.072021
v -0.156494 0.778809 -0.073486
v -0.183350 0.789551 -0.071533
v -0.185303 0.802246 -0.069092
v -0.158447 0.791016 -0.073486
v -0.161865 0.804688 -0.070557
v -0.154541 0.767090 -0.067139
v -0.138916 0.767578 -0.063232
v -0.138916 0.778320 -0.070557
v -0.140869 0.790039 -0.072021
v -0.126221 0.791504 -0.068604
v -0.137939 0.804199 -0.066650
v -0.127686 0.800293 -0.068604
v -0.132568 0.808594 -0.068604
v -0.125732 0.811035 -0.070068
v -0.141357 0.819336 -0.063721
v -0.133545 0.822754 -0.065186
v -0.117432 0.791992 -0.006592
v -0.115967 0.789551 -0.016357
v -0.113525 0.788574 -0.028564
v -0.104248 0.789551 -0.013428
v -0.098389 0.782715 -0.026123
v -0.118408 0.780762 -0.038818
v -0.121826 0.773926 -0.049561
v -0.123291 0.774414 -0.060303
v -0.110596 0.770020 -0.060791
v -0.097412 0.764160 -0.032959
v -0.104736 0.775391 -0.037842
v -0.102295 0.763184 -0.048096
v -0.101807 0.763672 -0.061768
v -0.109131 0.770996 -0.050049
v -0.085205 0.750000 -0.009033
v -0.090576 0.773926 -0.002686
v -0.087158 0.768066 -0.018799
v -0.115967 0.831543 -0.006592
v -0.119873 0.836426 -0.021240
v -0.105713 0.834961 -0.006592
v -0.106201 0.838379 -0.021240
v -0.121338 0.840820 -0.036865
v -0.121338 0.836914 -0.052979
v -0.106689 0.842285 -0.035889
v -0.106201 0.839355 -0.051025
v -0.092529 0.837402 -0.007080
v -0.092529 0.839844 -0.021240
v -0.078369 0.838867 -0.022217
v -0.077393 0.835938 -0.008057
v -0.066650 0.831543 -0.001709
v -0.065674 0.842773 -0.020752
v -0.093018 0.843262 -0.034912
v -0.079834 0.842773 -0.033936
v -0.092041 0.840820 -0.048584
v -0.091064 0.832031 -0.059814
v -0.077881 0.839844 -0.045654
v -0.076416 0.835449 -0.058350
v -0.068115 0.848633 -0.032471
v -0.066162 0.847656 -0.045166
v -0.093994 0.753906 -0.064209
v -0.095459 0.774414 -0.070557
v -0.123779 0.781738 -0.066650
v -0.117432 0.792969 -0.069092
v -0.114990 0.782227 -0.066162
v -0.117920 0.802734 -0.071533
v -0.107666 0.781250 -0.067627
v -0.105225 0.793457 -0.071045
v -0.104736 0.805176 -0.073486
v -0.080811 0.755371 -0.072510
v -0.082764 0.771973 -0.076416
v -0.063232 0.756836 -0.078369
v -0.065674 0.773926 -0.082764
v -0.092529 0.791504 -0.071045
v -0.080811 0.791016 -0.075928
v -0.091553 0.805664 -0.072510
v -0.079834 0.807129 -0.072998
v -0.065674 0.809082 -0.075928
v -0.066650 0.792969 -0.080811
v -0.119873 0.826660 -0.065186
v -0.118896 0.812500 -0.071045
v -0.104736 0.815918 -0.071533
v -0.105225 0.829590 -0.063232
v -0.091064 0.818359 -0.069580
v -0.077881 0.821289 -0.068604
v -0.066162 0.823242 -0.068604
v -0.062256 0.834473 -0.009521
v -0.051025 0.831543 -0.001709
v -0.034424 0.841309 -0.000732
v -0.052979 0.845215 -0.016846
v -0.053467 0.854492 -0.030029
v -0.031494 0.854004 -0.000244
v -0.038330 0.850098 -0.013428
v -0.033936 0.860352 -0.012939
v -0.039307 0.861816 -0.028564
v -0.033447 0.867188 -0.026611
v -0.051025 0.855469 -0.043213
v -0.049072 0.848633 -0.055420
v -0.034912 0.862793 -0.042236
v -0.031006 0.872559 -0.010010
v -0.000244 0.827637 -0.062256
v -0.028564 0.868164 -0.036865
v -0.019287 0.864746 -0.043701
v -0.028564 0.856934 -0.051025
v -0.019775 0.848145 -0.057373
v -0.000244 0.862305 -0.043213
v -0.000244 0.849121 -0.051025
v -0.044678 0.761230 -0.078369
v -0.044189 0.790527 -0.081787
v -0.021729 0.759766 -0.077393
v -0.000244 0.757812 -0.070068
v -0.019775 0.811035 -0.075439
v -0.021729 0.789062 -0.078857
v -0.000244 0.786621 -0.068604
v -0.000244 0.807617 -0.066162
v -0.045166 0.835449 -0.067627
v -0.041748 0.815918 -0.078857
v -0.018311 0.829102 -0.070068
v -0.031494 0.886230 -0.004150
v -0.033447 0.902344 -0.000732
v -0.032471 0.905273 -0.011963
v -0.047119 0.916016 -0.004150
v -0.049072 0.920410 -0.006104
v -0.048584 0.920898 -0.004639
v -0.047119 0.920410 -0.007568
v -0.052002 0.927734 -0.006104
v -0.048096 0.925293 -0.003662
v -0.048584 0.928711 -0.003662
v -0.050537 0.923828 -0.005615
v -0.050537 0.923340 -0.007080
v -0.048096 0.924805 -0.005615
v -0.049072 0.929199 -0.006592
v -0.052490 0.936523 -0.003174
v -0.052490 0.931641 -0.006104
v -0.052979 0.936035 -0.007080
v -0.052490 0.934082 -0.005127
v -0.047607 0.933105 -0.003174
v -0.048096 0.937012 -0.003174
v -0.049072 0.933105 -0.006592
v -0.052490 0.928223 -0.008545
v -0.048584 0.923828 -0.008545
v -0.050537 0.928711 -0.009521
v -0.052979 0.932129 -0.008057
v -0.050537 0.932617 -0.009521
v -0.050049 0.936523 -0.008545
v -0.046631 0.912598 -0.001709
v -0.044678 0.912109 -0.003174
v -0.045166 0.920898 -0.000244
v -0.046143 0.917969 -0.002686
v -0.044678 0.918457 -0.002197
v -0.045166 0.916016 -0.005615
v -0.046143 0.921387 -0.004639
v -0.041260 0.920410 -0.002197
v -0.038818 0.916992 -0.000732
v -0.035889 0.914062 -0.008057
v -0.037842 0.920898 -0.010498
v -0.046143 0.922852 -0.001221
v -0.046143 0.925293 -0.001709
v -0.046143 0.927246 -0.001709
v -0.045166 0.929199 -0.000732
v -0.045654 0.924805 -0.006592
v -0.046143 0.928711 -0.006104
v -0.043213 0.929199 -0.007568
v -0.042236 0.922852 -0.003662
v -0.039795 0.921875 -0.000244
v -0.040771 0.923828 -0.002197
v -0.041260 0.926270 -0.003662
v -0.040283 0.928711 -0.001221
v -0.041260 0.921875 -0.006104
v -0.042725 0.925293 -0.007568
v -0.043213 0.931152 -0.000244
v -0.045166 0.937012 -0.003174
v -0.044189 0.934570 -0.000732
v -0.046143 0.934570 -0.004639
v -0.043701 0.934570 -0.005127
v -0.042725 0.937012 -0.003174
v -0.040283 0.930176 -0.014893
v -0.041260 0.934570 -0.013428
v -0.034912 0.920898 -0.020264
v -0.036865 0.930664 -0.024658
v -0.030518 0.878418 -0.021729
v -0.030029 0.892578 -0.015869
v -0.025635 0.894531 -0.027100
v -0.027100 0.907715 -0.026611
v -0.029053 0.920410 -0.030518
v -0.027100 0.880859 -0.031982
v -0.016357 0.880859 -0.037842
v -0.016357 0.894043 -0.035400
v -0.000244 0.877930 -0.038818
v -0.000244 0.892578 -0.035889
v -0.017822 0.908203 -0.035400
v -0.017822 0.920898 -0.040283
v -0.029053 0.931152 -0.036377
v -0.016357 0.932617 -0.046631
v -0.000244 0.907227 -0.036377
v -0.000244 0.918945 -0.042725
v -0.000244 0.930664 -0.049561
v -0.051025 0.937988 -0.001221
v -0.051025 0.939941 -0.001221
v -0.052490 0.938965 -0.004150
v -0.047607 0.940918 -0.002197
v -0.049072 0.939453 -0.005615
v -0.045166 0.937500 -0.000244
v -0.044678 0.938477 -0.001221
v -0.042725 0.938477 -0.001221
v -0.042725 0.945312 -0.005615
v -0.041748 0.967285 -0.002197
v -0.043701 0.955078 -0.009033
v -0.043213 0.964844 -0.011963
v -0.041260 0.942871 -0.017334
v -0.042236 0.952148 -0.020752
v -0.036865 0.941406 -0.029541
v -0.041260 0.961914 -0.023193
v -0.037842 0.976562 -0.006104
v -0.031982 0.984375 -0.010498
v -0.038818 0.973633 -0.015869
v -0.033447 0.980469 -0.019775
v -0.037354 0.970703 -0.025635
v -0.032959 0.975586 -0.028076
v -0.035400 0.950684 -0.032959
v -0.034424 0.958984 -0.034912
v -0.029541 0.986816 -0.000732
v -0.025146 0.990234 -0.014404
v -0.021729 0.993164 -0.004639
v -0.027100 0.984863 -0.024170
v -0.016846 0.993652 -0.018799
v -0.019287 0.987305 -0.028564
v -0.012451 0.997559 -0.008057
v -0.000244 0.999023 -0.011963
v -0.008057 0.995117 -0.021729
v -0.000244 0.995117 -0.023682
v -0.027100 0.945312 -0.042236
v -0.024170 0.958008 -0.044189
v -0.014893 0.945312 -0.050049
v -0.000244 0.942871 -0.052979
v -0.012939 0.957520 -0.050537
v -0.000244 0.956055 -0.053467
v -0.000244 0.968262 -0.050049
v -0.031006 0.969727 -0.034912
v -0.027588 0.978027 -0.031982
v -0.019775 0.979004 -0.036865
v -0.021240 0.969238 -0.042725
v -0.010498 0.979492 -0.041260
v -0.000244 0.979492 -0.043213
v -0.010498 0.988281 -0.031982
v -0.000244 0.988281 -0.034424
v -0.011475 0.969238 -0.047607
v 0.099854 0.005371 0.078857
v 0.099365 0.008789 0.079346
v 0.099854 0.012695 0.078369
v 0.104248 0.002930 0.079346
v 0.103760 0.006348 0.081787
v 0.108154 0.003418 0.079346
v 0.108154 0.006348 0.081787
v 0.103271 0.010254 0.082275
v 0.103271 0.014648 0.080811
v 0.108154 0.010742 0.082275
v 0.107666 0.015137 0.080811
v 0.096436 0.004883 0.074463
v 0.100342 0.002441 0.077393
v 0.101318 0.000977 0.075439
v 0.097900 0.001953 0.072998
v 0.100342 0.000488 0.071533
v 0.095947 0.008789 0.074951
v 0.096924 0.012207 0.073975
v 0.099854 0.013672 0.072998
v 0.096924 0.002441 0.067139
v 0.094971 0.005371 0.068115
v 0.098877 0.000977 0.066162
v 0.094482 0.009277 0.068604
v 0.095947 0.012695 0.068604
v 0.104248 0.000977 0.075928
v 0.103271 0.000000 0.071045
v 0.108154 0.000977 0.075439
v 0.101807 0.014160 0.076416
v 0.103760 0.014648 0.077881
v 0.107178 0.015137 0.077881
v 0.102295 0.000000 0.064697
v 0.107178 0.000000 0.070068
v 0.106689 0.000000 0.063721
v 0.109131 0.000977 0.063232
v 0.098877 0.015625 0.068115
v 0.098389 0.016602 0.063232
v 0.106689 0.015625 0.075439
v 0.105713 0.016113 0.072021
v 0.105225 0.017578 0.067627
v 0.104736 0.019043 0.064209
v 0.112549 0.006348 0.079834
v 0.112549 0.010254 0.080322
v 0.112061 0.013672 0.078857
v 0.112061 0.003418 0.077881
v 0.111572 0.000977 0.073975
v 0.114990 0.003418 0.075439
v 0.115479 0.006348 0.076904
v 0.114502 0.001953 0.072021
v 0.116943 0.006836 0.072998
v 0.110596 0.014648 0.076416
v 0.112549 0.013672 0.072998
v 0.115479 0.009277 0.076904
v 0.114502 0.011719 0.074951
v 0.110596 0.000488 0.068604
v 0.113525 0.001953 0.067139
v 0.114990 0.003906 0.065186
v 0.113037 0.013672 0.069580
v 0.111572 0.014160 0.065186
v 0.115967 0.008789 0.069580
v 0.114990 0.010742 0.065674
v 0.119385 0.003418 0.074951
v 0.119385 0.006348 0.075439
v 0.117432 0.002441 0.071533
v 0.119873 0.001953 0.073486
v 0.117432 0.003906 0.072998
v 0.123779 0.003418 0.075439
v 0.123779 0.005859 0.075928
v 0.123291 0.001465 0.073975
v 0.122803 0.009277 0.074951
v 0.120850 0.000000 0.068115
v 0.119385 0.019531 0.062744
v 0.093018 0.011719 0.047607
v 0.092529 0.006348 0.037354
v 0.090088 0.014648 0.038330
v 0.092529 0.019043 0.043701
v 0.091553 0.020996 0.032959
v 0.091064 0.009277 0.026123
v 0.091553 0.013672 0.015869
v 0.090088 0.016602 0.029053
v 0.089600 0.020508 0.018799
v 0.091553 0.026367 0.021240
v 0.087646 0.023438 0.008545
v 0.087158 0.030762 0.010986
v 0.091553 0.018555 0.006104
v 0.092041 0.038086 0.013428
v 0.089111 0.045410 0.000244
v 0.097412 0.003418 0.060303
v 0.094971 0.006836 0.061279
v 0.094971 0.010254 0.062256
v 0.095947 0.013672 0.062256
v 0.095947 0.011719 0.054932
v 0.095947 0.015137 0.054932
v 0.095459 0.007324 0.047119
v 0.098389 0.005859 0.053955
v 0.096436 0.008789 0.054443
v 0.101807 0.001953 0.059326
v 0.106689 0.001953 0.058350
v 0.101807 0.004395 0.052979
v 0.106201 0.003906 0.052490
v 0.097412 0.018066 0.055420
v 0.102783 0.023438 0.053467
v 0.100830 0.003418 0.045654
v 0.099365 0.001953 0.034424
v 0.106201 0.001953 0.045166
v 0.108154 0.000977 0.031982
v 0.096924 0.023926 0.044678
v 0.096436 0.027344 0.034424
v 0.102783 0.028809 0.045166
v 0.112061 0.003906 0.062256
v 0.113037 0.013184 0.059326
v 0.112549 0.008301 0.057373
v 0.113037 0.007324 0.052979
v 0.124756 0.007324 0.050537
v 0.111084 0.018555 0.048584
v 0.116943 0.023438 0.051025
v 0.124756 0.015625 0.058350
v 0.115967 0.002930 0.045654
v 0.124268 0.002930 0.044189
v 0.115479 0.027344 0.041748
v 0.122314 0.020996 0.044189
v 0.124756 0.026367 0.038818
v 0.102783 0.032715 0.035889
v 0.114014 0.033203 0.033447
v 0.098389 0.003906 0.023682
v 0.108154 0.002930 0.021729
v 0.097900 0.008301 0.013916
v 0.096924 0.014648 0.004150
v 0.107178 0.006348 0.012451
v 0.104736 0.011719 0.002197
v 0.122803 0.001953 0.030518
v 0.122314 0.004395 0.020752
v 0.114502 0.008789 0.000732
v 0.119873 0.006836 0.011963
v 0.094971 0.032227 0.023682
v 0.100342 0.046387 0.016846
v 0.102295 0.038086 0.026123
v 0.096924 0.054688 0.005127
v 0.106689 0.056152 0.004150
v 0.113525 0.040527 0.024658
v 0.123291 0.031250 0.030029
v 0.122314 0.036621 0.020752
v 0.120361 0.043945 0.010986
v 0.111572 0.048828 0.015381
v 0.126709 0.001953 0.072021
v 0.127197 0.003418 0.073486
v 0.127686 0.006348 0.073975
v 0.128662 0.005859 0.071045
v 0.128662 0.006836 0.070557
v 0.127197 0.002441 0.067139
v 0.128174 0.003906 0.070068
v 0.129639 0.003418 0.069580
v 0.129150 0.001953 0.067627
v 0.132568 0.003418 0.069580
v 0.132080 0.001465 0.067627
v 0.131592 0.000488 0.063721
v 0.132568 0.008789 0.069580
v 0.133057 0.005859 0.070557
v 0.135498 0.003418 0.068115
v 0.135986 0.006836 0.068115
v 0.134521 0.001465 0.066162
v 0.135986 0.001953 0.063721
v 0.137451 0.003906 0.064697
v 0.137451 0.006836 0.064697
v 0.136475 0.005371 0.057373
v 0.135986 0.004883 0.056396
v 0.136963 0.007324 0.057861
v 0.138916 0.003906 0.057373
v 0.139893 0.005859 0.058350
v 0.139893 0.008301 0.058350
v 0.135010 0.013184 0.050537
v 0.130127 0.019043 0.058350
v 0.140381 0.016113 0.049561
v 0.134033 0.003906 0.040283
v 0.137451 0.007812 0.042725
v 0.127686 0.023438 0.045166
v 0.133545 0.019043 0.039307
v 0.135986 0.022949 0.033447
v 0.138916 0.020020 0.038330
v 0.142334 0.003906 0.056396
v 0.142822 0.005371 0.057373
v 0.142822 0.008789 0.057373
v 0.140869 0.002441 0.052002
v 0.144287 0.003906 0.053467
v 0.142822 0.003418 0.049561
v 0.145264 0.005859 0.054443
v 0.144775 0.004883 0.049561
v 0.145752 0.006836 0.050537
v 0.144775 0.008789 0.054443
v 0.144775 0.008789 0.050049
v 0.142334 0.007324 0.043213
v 0.142822 0.007324 0.044189
v 0.144287 0.004883 0.041748
v 0.145752 0.005371 0.043213
v 0.147217 0.006348 0.044189
v 0.147705 0.004395 0.040771
v 0.143311 0.007812 0.044678
v 0.143311 0.008301 0.044678
v 0.142334 0.009766 0.041260
v 0.140869 0.008789 0.039795
v 0.147217 0.008789 0.044189
v 0.147217 0.013184 0.041260
v 0.143799 0.004395 0.037354
v 0.142822 0.006348 0.033447
v 0.148193 0.004883 0.036865
v 0.147705 0.006348 0.031982
v 0.147705 0.014648 0.033936
v 0.149658 0.006348 0.041748
v 0.149170 0.008301 0.041748
v 0.149658 0.006348 0.037354
v 0.149658 0.008301 0.037354
v 0.149170 0.009766 0.037842
v 0.149170 0.009277 0.031494
v 0.149170 0.011230 0.031982
v 0.141846 0.015625 0.035400
v 0.135010 0.001953 0.028076
v 0.135010 0.002441 0.019287
v 0.130615 0.028320 0.026611
v 0.136475 0.025879 0.022705
v 0.131592 0.004883 0.011475
v 0.125732 0.007812 0.000244
v 0.131104 0.028320 0.003662
v 0.140381 0.020996 0.010986
v 0.135010 0.025879 0.013428
v 0.135010 0.022949 0.001221
v 0.137451 0.018066 0.000244
v 0.146240 0.005859 0.025635
v 0.144775 0.005371 0.017822
v 0.147705 0.010254 0.017822
v 0.146729 0.014648 0.018311
v 0.148682 0.010254 0.025635
v 0.148682 0.013184 0.026123
v 0.142334 0.020020 0.030029
v 0.147217 0.016602 0.027100
v 0.143799 0.020020 0.019775
v 0.140869 0.006348 0.010010
v 0.144287 0.011230 0.009033
v 0.143311 0.016113 0.009521
v 0.130127 0.031250 0.016846
v 0.126709 0.035645 0.006592
v 0.060303 0.319824 0.002686
v 0.052490 0.342285 0.010986
v 0.058350 0.332520 0.001709
v 0.045166 0.368652 0.019775
v 0.040771 0.352051 0.004150
v 0.036865 0.367676 0.008057
v 0.060791 0.356934 0.022705
v 0.057373 0.371094 0.027588
v 0.048584 0.353516 0.015381
v 0.087646 0.273926 0.000244
v 0.073975 0.288574 0.000732
v 0.070068 0.304199 0.006592
v 0.063721 0.304688 0.000732
v 0.085693 0.289062 0.004639
v 0.083252 0.304688 0.011963
v 0.096436 0.307129 0.006592
v 0.066162 0.319824 0.010498
v 0.066162 0.334961 0.014404
v 0.080811 0.320801 0.017334
v 0.079834 0.335938 0.020264
v 0.093506 0.323730 0.009521
v 0.091553 0.337402 0.015381
v 0.063232 0.346191 0.018799
v 0.075928 0.349609 0.019287
v 0.073975 0.374512 0.027100
v 0.074463 0.360840 0.022217
v 0.088135 0.350586 0.014893
v 0.093506 0.350098 0.001221
v 0.087646 0.362793 0.013428
v 0.095459 0.362305 0.004150
v 0.020264 0.426270 0.001221
v 0.029541 0.428223 0.014893
v 0.055908 0.400391 0.031982
v 0.054932 0.432617 0.034912
v 0.041260 0.398438 0.025146
v 0.032471 0.397461 0.012939
v 0.040771 0.430176 0.026123
v 0.000244 0.496582 0.035400
v 0.008545 0.499023 0.035400
v 0.017334 0.497070 0.031982
v 0.011475 0.464355 0.010498
v 0.010498 0.465332 0.010986
v 0.021240 0.466797 0.025635
v 0.023193 0.466309 0.023682
v 0.007568 0.491699 0.015869
v 0.000244 0.496094 0.017334
v 0.005615 0.495605 0.017822
v 0.009521 0.480957 0.013916
v 0.019287 0.483398 0.029053
v 0.034424 0.468262 0.035400
v 0.036377 0.468262 0.031494
v 0.033447 0.478027 0.036865
v 0.032959 0.488281 0.037354
v 0.050537 0.469238 0.044189
v 0.052490 0.469727 0.039307
v 0.049561 0.480469 0.044678
v 0.048584 0.491211 0.045166
v 0.073486 0.401855 0.033936
v 0.070557 0.433594 0.040771
v 0.087158 0.436035 0.034912
v 0.081787 0.375000 0.023682
v 0.084717 0.402344 0.029053
v 0.099854 0.375977 0.012451
v 0.101318 0.402832 0.015381
v 0.068115 0.471191 0.047119
v 0.067139 0.481934 0.049072
v 0.065674 0.493164 0.050537
v 0.068115 0.469727 0.046143
v 0.085693 0.472168 0.039307
v 0.086670 0.473633 0.041260
v 0.085693 0.484375 0.042236
v 0.084229 0.495117 0.043701
v 0.101807 0.438477 0.019287
v 0.110596 0.439941 0.001221
v 0.098877 0.474609 0.022705
v 0.102295 0.475586 0.025635
v 0.101318 0.486328 0.027100
v 0.099854 0.497070 0.028564
v 0.108154 0.475586 0.004150
v 0.112061 0.476562 0.005615
v 0.109619 0.498535 0.009033
v 0.111084 0.487793 0.007568
v 0.000244 0.508301 0.051025
v 0.014893 0.514160 0.049561
v 0.000244 0.527344 0.056885
v 0.012939 0.530273 0.054932
v 0.015869 0.502930 0.035400
v 0.030518 0.502930 0.041748
v 0.026611 0.520996 0.046143
v 0.029541 0.515625 0.043213
v 0.000244 0.548828 0.059326
v 0.011475 0.549316 0.057861
v 0.026123 0.534668 0.050537
v 0.024170 0.551270 0.054443
v 0.046143 0.507324 0.047607
v 0.043701 0.521973 0.049072
v 0.042236 0.528320 0.047119
v 0.060303 0.528809 0.052490
v 0.038330 0.538574 0.047607
v 0.035400 0.553711 0.051025
v 0.054443 0.546387 0.047607
v 0.057861 0.538574 0.050049
v 0.049072 0.556152 0.047607
v 0.000244 0.566406 0.058350
v 0.010498 0.566895 0.057373
v 0.000244 0.580566 0.056396
v 0.020752 0.567383 0.055420
v 0.016846 0.581055 0.055420
v 0.030518 0.582520 0.052002
v 0.000244 0.593750 0.059326
v 0.000244 0.595215 0.058838
v 0.013916 0.614746 0.059326
v 0.016846 0.594238 0.057373
v 0.016357 0.595703 0.056885
v 0.030518 0.596191 0.053467
v 0.030029 0.597656 0.052979
v 0.032959 0.568359 0.052490
v 0.044189 0.583984 0.047119
v 0.047119 0.569824 0.050049
v 0.059814 0.587402 0.042236
v 0.045166 0.598633 0.047607
v 0.031982 0.617676 0.052002
v 0.044189 0.599609 0.046631
v 0.044189 0.618652 0.040283
v 0.057373 0.601074 0.041748
v 0.056885 0.602539 0.040771
v 0.053955 0.619141 0.038818
v 0.063232 0.511230 0.051025
v 0.081299 0.514160 0.045166
v 0.077881 0.533203 0.046631
v 0.074951 0.546387 0.046631
v 0.070557 0.560059 0.043213
v 0.092041 0.535645 0.032471
v 0.089600 0.550293 0.033447
v 0.096436 0.516602 0.030518
v 0.104248 0.518066 0.010986
v 0.101318 0.538086 0.013916
v 0.094971 0.551758 0.014893
v 0.064697 0.574219 0.045166
v 0.075439 0.591309 0.033936
v 0.085693 0.563965 0.034424
v 0.080322 0.578125 0.034424
v 0.071533 0.604980 0.031494
v 0.093018 0.565918 0.015869
v 0.088623 0.580078 0.016846
v 0.069580 0.605957 0.030029
v 0.069580 0.611816 0.028564
v 0.072998 0.623047 0.028564
v 0.077881 0.608398 0.015381
v 0.076416 0.617188 0.013428
v 0.085693 0.593750 0.017822
v 0.079834 0.607422 0.015869
v 0.010498 0.634766 0.056885
v 0.009521 0.642090 0.055908
v 0.011475 0.653320 0.057861
v 0.013916 0.677246 0.060303
v 0.030518 0.675781 0.056885
v 0.032959 0.634277 0.050537
v 0.031982 0.653320 0.051514
v 0.042236 0.635742 0.040771
v 0.043701 0.653809 0.039795
v 0.053467 0.635254 0.037354
v 0.051025 0.653320 0.035400
v 0.045654 0.671875 0.045654
v 0.054443 0.671387 0.038818
v 0.011475 0.692871 0.058838
v 0.030518 0.692383 0.054932
v 0.014893 0.718750 0.059326
v 0.013428 0.738770 0.051025
v 0.012451 0.745117 0.053955
v 0.042725 0.690918 0.047119
v 0.036377 0.714844 0.053955
v 0.046143 0.712891 0.048584
v 0.053955 0.689453 0.041260
v 0.057861 0.710938 0.043213
v 0.035889 0.733887 0.051025
v 0.037842 0.738770 0.055420
v 0.052979 0.737793 0.051025
v 0.054932 0.749023 0.054443
v 0.050537 0.733398 0.046631
v 0.070557 0.638672 0.026123
v 0.067627 0.654785 0.025146
v 0.077881 0.628418 0.013916
v 0.074463 0.643555 0.011963
v 0.066650 0.671875 0.024658
v 0.069580 0.686523 0.027100
v 0.071533 0.657715 0.009521
v 0.072998 0.673340 0.008545
v 0.074951 0.687012 0.007568
v 0.064697 0.735352 0.039795
v 0.068604 0.740723 0.044189
v 0.072021 0.705566 0.027588
v 0.079346 0.703125 0.006592
v 0.073975 0.727051 0.023682
v 0.081299 0.749023 0.028076
v 0.078857 0.744141 0.021729
v 0.080322 0.720703 0.002686
v 0.013428 0.753906 0.055908
v 0.014404 0.773438 0.051514
v 0.018799 0.793457 0.042725
v 0.017822 0.812012 0.031494
v 0.039795 0.750000 0.058350
v 0.037842 0.774902 0.052979
v 0.057861 0.777344 0.048584
v 0.046143 0.797363 0.039795
v 0.005615 0.872070 0.049561
v 0.006104 0.870605 0.043213
v 0.007568 0.870605 0.034424
v 0.009521 0.872559 0.046631
v 0.014404 0.874512 0.041260
v 0.013428 0.873535 0.033936
v 0.011475 0.821289 0.027588
v 0.010498 0.824219 0.023682
v 0.011475 0.833984 0.017822
v 0.023193 0.822754 0.024658
v 0.022217 0.824707 0.019287
v 0.022705 0.835938 0.011963
v 0.007568 0.870117 0.026611
v 0.008057 0.863770 0.022705
v 0.011963 0.845215 0.015381
v 0.010986 0.855469 0.014404
v 0.023682 0.849121 0.010986
v 0.020752 0.859863 0.011475
v 0.016846 0.869629 0.014404
v 0.028564 0.865723 0.003662
v 0.037842 0.826172 0.018799
v 0.040771 0.814453 0.027100
v 0.034912 0.828613 0.012451
v 0.061768 0.818359 0.017334
v 0.054932 0.829102 0.007080
v 0.070557 0.752441 0.047119
v 0.081787 0.761230 0.037354
v 0.073486 0.782227 0.039795
v 0.089111 0.761230 0.015869
v 0.091064 0.771484 0.026611
v 0.084229 0.757324 0.007080
v 0.070068 0.805664 0.026611
v 0.084229 0.789062 0.031006
v 0.081299 0.811523 0.016357
v 0.098877 0.775879 0.006592
v 0.101318 0.784180 0.016357
v 0.093994 0.797852 0.021240
v 0.105225 0.807617 0.013428
v 0.114014 0.793457 0.000244
v 0.113525 0.796875 0.008057
v 0.072021 0.822266 0.005615
v 0.093506 0.818848 0.012451
v 0.080322 0.829102 0.005127
v 0.093018 0.830078 0.003662
v 0.106201 0.826172 0.004150
v 0.118408 0.818848 0.003174
v 0.002197 0.913574 0.069092
v 0.003174 0.913086 0.067139
v 0.001221 0.911133 0.065186
v 0.001709 0.912109 0.064697
v 0.004150 0.913574 0.066162
v 0.006104 0.913086 0.062744
v 0.002686 0.916016 0.070068
v 0.003174 0.918457 0.070068
v 0.005127 0.914551 0.067139
v 0.005615 0.915527 0.067139
v 0.006104 0.917969 0.066162
v 0.008057 0.914062 0.062744
v 0.002686 0.922852 0.065674
v 0.006592 0.879395 0.055420
v 0.005615 0.883789 0.055420
v 0.005127 0.888672 0.055908
v 0.006104 0.875000 0.053467
v 0.010498 0.880371 0.052002
v 0.010498 0.875977 0.050049
v 0.014404 0.881836 0.047607
v 0.009521 0.884277 0.052979
v 0.009033 0.888672 0.054443
v 0.012451 0.889160 0.052979
v 0.012939 0.884766 0.050049
v 0.002686 0.897949 0.058350
v 0.002197 0.897949 0.056885
v 0.003662 0.897949 0.058350
v 0.005127 0.891602 0.059326
v 0.005127 0.893555 0.060303
v 0.004639 0.896484 0.060303
v 0.005127 0.897949 0.055420
v 0.006104 0.897949 0.056885
v 0.007568 0.897949 0.058350
v 0.003174 0.900879 0.062256
v 0.002686 0.898926 0.060303
v 0.003174 0.903320 0.062256
v 0.002686 0.905762 0.061768
v 0.005615 0.900391 0.061279
v 0.005127 0.898438 0.059814
v 0.005615 0.902832 0.061279
v 0.005615 0.905762 0.060303
v 0.007568 0.897461 0.053955
v 0.009033 0.894043 0.057861
v 0.009033 0.892578 0.057373
v 0.008545 0.895996 0.057373
v 0.008057 0.897461 0.056396
v 0.008545 0.896973 0.055420
v 0.010010 0.896973 0.056885
v 0.010498 0.897949 0.057373
v 0.011475 0.895020 0.054932
v 0.008057 0.899414 0.059814
v 0.008545 0.901367 0.059814
v 0.011475 0.898926 0.057373
v 0.009521 0.905273 0.057861
v 0.013428 0.903320 0.055908
v 0.011475 0.895996 0.052979
v 0.010986 0.895996 0.052490
v 0.010010 0.896484 0.052002
v 0.011963 0.894043 0.054443
v 0.015381 0.890625 0.051025
v 0.014404 0.894043 0.052490
v 0.012939 0.895996 0.053467
v 0.013428 0.895508 0.051025
v 0.014404 0.896973 0.053955
v 0.013916 0.895020 0.052490
v 0.014404 0.895508 0.051514
v 0.015381 0.877930 0.044678
v 0.016846 0.887207 0.047607
v 0.015869 0.895020 0.052002
v 0.016357 0.895996 0.052490
v 0.018311 0.894531 0.051025
v 0.018311 0.897461 0.052002
v 0.017822 0.892578 0.050049
v 0.019775 0.891113 0.047119
v 0.020752 0.894531 0.048096
v 0.016357 0.900391 0.053955
v 0.018799 0.903809 0.052002
v 0.020752 0.898926 0.049561
v 0.023193 0.900879 0.047119
v 0.019775 0.881836 0.040283
v 0.018311 0.884766 0.044678
v 0.021240 0.889648 0.044189
v 0.019287 0.877930 0.034912
v 0.024170 0.888672 0.038330
v 0.023193 0.895020 0.045166
v 0.026123 0.895996 0.039307
v 0.027100 0.903809 0.042236
v 0.030518 0.897949 0.031982
v 0.002197 0.909180 0.061279
v 0.002686 0.911133 0.061279
v 0.004639 0.909180 0.059326
v 0.004150 0.911133 0.059814
v 0.005615 0.910645 0.059814
v 0.006592 0.911621 0.060791
v 0.007568 0.909668 0.056885
v 0.002686 0.917480 0.060791
v 0.005615 0.921387 0.062256
v 0.008545 0.911621 0.059814
v 0.009521 0.912109 0.055908
v 0.010986 0.910645 0.054932
v 0.008545 0.916504 0.061768
v 0.009521 0.914062 0.058350
v 0.009033 0.917969 0.056885
v 0.011963 0.916016 0.055420
v 0.014893 0.907715 0.053955
v 0.012939 0.921387 0.053955
v 0.003174 0.928711 0.061279
v 0.006104 0.926758 0.058350
v 0.003174 0.932129 0.059814
v 0.003174 0.935059 0.057373
v 0.006104 0.932129 0.053467
v 0.005615 0.936523 0.052002
v 0.007080 0.935547 0.049561
v 0.009521 0.923828 0.055420
v 0.009521 0.928223 0.051514
v 0.013916 0.925293 0.051514
v 0.014893 0.928711 0.050049
v 0.008057 0.933105 0.049561
v 0.010010 0.930176 0.049561
v 0.011475 0.931641 0.049072
v 0.008057 0.935059 0.049072
v 0.009521 0.933594 0.049072
v 0.009521 0.934570 0.048584
v 0.011475 0.936523 0.049072
v 0.011963 0.932617 0.049072
v 0.015381 0.930664 0.049561
v 0.015381 0.932129 0.050049
v 0.012451 0.934082 0.049072
v 0.012939 0.934570 0.047119
v 0.012451 0.936035 0.047119
v 0.013428 0.937012 0.048096
v 0.014893 0.936035 0.049561
v 0.013916 0.934570 0.048096
v 0.014893 0.928711 0.042725
v 0.014404 0.928223 0.039307
v 0.011475 0.934570 0.045654
v 0.010986 0.937012 0.046143
v 0.011475 0.930664 0.042236
v 0.011475 0.930664 0.039307
v 0.009521 0.934082 0.042725
v 0.009033 0.937012 0.042725
v 0.009521 0.933594 0.039307
v 0.008545 0.937012 0.039307
v 0.012451 0.931641 0.045166
v 0.015381 0.930176 0.045654
v 0.011963 0.935059 0.046631
v 0.016846 0.911621 0.053467
v 0.021240 0.906738 0.050537
v 0.018799 0.918457 0.052002
v 0.024658 0.915527 0.048584
v 0.019287 0.923340 0.050537
v 0.019287 0.927734 0.049561
v 0.015869 0.933105 0.048096
v 0.019287 0.930176 0.049561
v 0.019287 0.931641 0.050049
v 0.018799 0.933105 0.050049
v 0.017822 0.932129 0.048096
v 0.015869 0.933594 0.050049
v 0.016357 0.934570 0.049561
v 0.016357 0.937012 0.050049
v 0.016846 0.936035 0.050049
v 0.016357 0.934082 0.048096
v 0.017822 0.934082 0.049561
v 0.017822 0.935547 0.050049
v 0.017822 0.937012 0.050537
v 0.019287 0.936035 0.050049
v 0.019287 0.937012 0.050049
v 0.020264 0.933105 0.048096
v 0.023193 0.930664 0.047607
v 0.022705 0.932129 0.048584
v 0.019775 0.934570 0.049561
v 0.020752 0.936035 0.049561
v 0.019775 0.934082 0.048584
v 0.022217 0.933594 0.049072
v 0.022217 0.934570 0.048096
v 0.022217 0.934570 0.047607
v 0.022705 0.937012 0.048096
v 0.026123 0.922363 0.047119
v 0.024170 0.928223 0.047119
v 0.025146 0.934570 0.047119
v 0.026611 0.911621 0.046143
v 0.017822 0.928223 0.043213
v 0.017822 0.927734 0.039307
v 0.021240 0.928711 0.042725
v 0.021729 0.928223 0.039307
v 0.017822 0.929688 0.046143
v 0.018311 0.935547 0.043701
v 0.020752 0.930176 0.045654
v 0.023193 0.931641 0.045654
v 0.026123 0.933105 0.046143
v 0.026123 0.931641 0.045166
v 0.024170 0.935059 0.046143
v 0.024658 0.934082 0.045654
v 0.024170 0.936523 0.046631
v 0.025146 0.937012 0.046143
v 0.026611 0.936035 0.045166
v 0.025635 0.935547 0.044678
v 0.024658 0.930664 0.042236
v 0.024658 0.930176 0.039307
v 0.026123 0.934082 0.042725
v 0.026611 0.937012 0.042725
v 0.026611 0.933594 0.039307
v 0.027100 0.937012 0.039307
v 0.027588 0.930176 0.044189
v 0.028076 0.935547 0.044189
v 0.028564 0.937012 0.043213
v 0.029541 0.937012 0.043701
v 0.031006 0.933105 0.040283
v 0.028564 0.934570 0.042725
v 0.029541 0.934082 0.041260
v 0.029541 0.935547 0.041748
v 0.030518 0.937012 0.042725
v 0.030518 0.935547 0.041260
v 0.019287 0.876465 0.022705
v 0.024658 0.881348 0.027100
v 0.027588 0.885742 0.030029
v 0.030518 0.886230 0.018311
v 0.026611 0.882324 0.013428
v 0.025146 0.876465 0.008057
v 0.033447 0.918945 0.040283
v 0.031982 0.908203 0.035400
v 0.031494 0.924805 0.042236
v 0.031982 0.936035 0.039795
v 0.037354 0.923340 0.033936
v 0.035400 0.929688 0.035889
v 0.035400 0.936523 0.034912
v 0.034424 0.900879 0.023682
v 0.032959 0.890625 0.020752
v 0.034912 0.897949 0.011963
v 0.033447 0.894043 0.010010
v 0.031494 0.891602 0.006592
v 0.035889 0.912598 0.028076
v 0.038330 0.918945 0.019287
v 0.038330 0.926758 0.029053
v 0.038818 0.932129 0.025146
v 0.036865 0.908203 0.015381
v 0.036377 0.908203 0.008057
v 0.038818 0.909180 0.008057
v 0.036865 0.910156 0.009521
v 0.038818 0.917480 0.010986
v 0.037842 0.908203 0.006592
v 0.035889 0.910645 0.005127
v 0.036865 0.914551 0.002686
v 0.037842 0.919922 0.001709
v 0.042236 0.908691 0.005127
v 0.040771 0.908203 0.003662
v 0.041260 0.913574 0.002197
v 0.043213 0.909668 0.000732
v 0.045166 0.909668 0.002686
v 0.040283 0.917969 0.007568
v 0.039307 0.918457 0.001221
v 0.043213 0.918457 0.004150
v 0.044678 0.915527 0.000732
v 0.044189 0.919434 0.001221
v 0.034424 0.922852 0.004150
v 0.039795 0.925293 0.015381
v 0.040283 0.922852 0.010010
v 0.040283 0.929199 0.008545
v 0.040283 0.931641 0.012939
v 0.041748 0.922852 0.007568
v 0.040771 0.929199 0.006592
v 0.040283 0.926270 0.001709
v 0.041748 0.929688 0.004150
v 0.041748 0.935547 0.007568
v 0.040771 0.931641 0.002686
v 0.041748 0.935547 0.002197
v 0.043701 0.934570 0.006104
v 0.044189 0.934082 0.004150
v 0.046143 0.936523 0.003662
v 0.003662 0.937988 0.056885
v 0.005127 0.944336 0.059326
v 0.006104 0.941406 0.056885
v 0.004150 0.947754 0.060303
v 0.004150 0.951172 0.059326
v 0.007568 0.939453 0.052002
v 0.010498 0.944336 0.057861
v 0.009521 0.946289 0.059814
v 0.008057 0.950195 0.059814
v 0.011475 0.942383 0.052979
v 0.009033 0.938477 0.050537
v 0.010010 0.937988 0.049072
v 0.010498 0.937500 0.049072
v 0.012451 0.940918 0.052002
v 0.013428 0.939453 0.050537
v 0.013428 0.939941 0.050537
v 0.013916 0.937988 0.050537
v 0.014893 0.937988 0.049561
v 0.014893 0.937500 0.048096
v 0.013916 0.939453 0.048096
v 0.007080 0.958008 0.055908
v 0.015381 0.953125 0.056885
v 0.015381 0.960449 0.052490
v 0.011475 0.939941 0.045654
v 0.009521 0.940430 0.042725
v 0.009521 0.940918 0.039307
v 0.011475 0.943359 0.042236
v 0.011475 0.943848 0.039307
v 0.012451 0.942383 0.045166
v 0.015381 0.943848 0.045654
v 0.014893 0.945312 0.042725
v 0.014404 0.945801 0.039307
v 0.015869 0.948242 0.057861
v 0.016846 0.946289 0.056396
v 0.016846 0.938965 0.051514
v 0.016846 0.940430 0.051514
v 0.016846 0.942383 0.052979
v 0.016846 0.943359 0.053467
v 0.016846 0.941406 0.052002
v 0.016846 0.937988 0.050049
v 0.017334 0.938477 0.049072
v 0.016357 0.939453 0.049561
v 0.017822 0.938477 0.050049
v 0.019287 0.937988 0.050049
v 0.017822 0.939941 0.049561
v 0.015869 0.941406 0.048096
v 0.017822 0.941895 0.048096
v 0.020752 0.938477 0.051025
v 0.021240 0.940918 0.051514
v 0.021729 0.942383 0.052490
v 0.022217 0.943848 0.052490
v 0.020752 0.937988 0.049561
v 0.020752 0.937988 0.049072
v 0.019775 0.939453 0.049561
v 0.021240 0.940430 0.050537
v 0.020264 0.940918 0.048096
v 0.022217 0.939453 0.048096
v 0.022705 0.947266 0.052979
v 0.023193 0.950195 0.053955
v 0.024170 0.937500 0.049072
v 0.024658 0.939453 0.048096
v 0.026123 0.940918 0.050049
v 0.025635 0.939941 0.049561
v 0.026611 0.943359 0.050049
v 0.028076 0.946777 0.049072
v 0.028564 0.949707 0.048584
v 0.022705 0.955078 0.051025
v 0.022217 0.961914 0.047119
v 0.017822 0.944336 0.046143
v 0.020752 0.943848 0.045654
v 0.023193 0.942383 0.045166
v 0.017822 0.945801 0.043213
v 0.017822 0.946289 0.039307
v 0.021240 0.945312 0.042725
v 0.021729 0.945801 0.039307
v 0.024658 0.939941 0.045654
v 0.026123 0.939941 0.042725
v 0.026611 0.940430 0.039307
v 0.024170 0.943359 0.042236
v 0.024658 0.943359 0.039307
v 0.028564 0.937988 0.045654
v 0.027588 0.937988 0.044678
v 0.029541 0.938965 0.045654
v 0.030029 0.940430 0.045654
v 0.028564 0.955078 0.044678
v 0.028076 0.961426 0.040771
v 0.028076 0.968262 0.036865
v 0.007568 0.968750 0.053467
v 0.015381 0.969727 0.049561
v 0.008057 0.977539 0.049072
v 0.008545 0.984375 0.043213
v 0.008545 0.989746 0.034912
v 0.022705 0.969238 0.043701
v 0.023193 0.976074 0.039795
v 0.016357 0.977051 0.045654
v 0.016357 0.982910 0.039795
v 0.022705 0.980957 0.034912
v 0.028076 0.974609 0.032959
v 0.016357 0.987305 0.032959
v 0.009033 0.993164 0.025146
v 0.009521 0.996094 0.014404
v 0.010498 0.997559 0.003174
v 0.027100 0.980469 0.028564
v 0.030029 0.980469 0.021240
v 0.016357 0.990234 0.024658
v 0.021729 0.984375 0.030518
v 0.023193 0.985840 0.025146
v 0.017334 0.992188 0.015869
v 0.024658 0.987305 0.017334
v 0.019287 0.993652 0.005615
v 0.027100 0.987793 0.008545
v 0.031494 0.944336 0.043701
v 0.031494 0.937988 0.041748
v 0.031982 0.947266 0.042236
v 0.033936 0.940918 0.037842
v 0.034912 0.943848 0.033447
v 0.032471 0.953125 0.037354
v 0.032471 0.959473 0.032959
v 0.035400 0.949707 0.028564
v 0.038330 0.939453 0.021240
v 0.038330 0.945312 0.018311
v 0.035889 0.956543 0.024170
v 0.032471 0.966797 0.029053
v 0.036865 0.964355 0.020264
v 0.041260 0.939941 0.010010
v 0.039307 0.952637 0.014404
v 0.042236 0.938965 0.005127
v 0.042725 0.939941 0.002197
v 0.044678 0.938477 0.004639
v 0.045654 0.937988 0.004639
v 0.045654 0.940430 0.001709
v 0.041260 0.947754 0.005127
v 0.040283 0.961426 0.010986
v 0.041748 0.958008 0.001221
v 0.048584 0.939453 0.001709
v 0.049072 0.938477 0.001709
v 0.032471 0.973633 0.025146
v 0.036377 0.972168 0.016357
v 0.032959 0.979980 0.012451
v 0.035889 0.978516 0.003174
v 0.039307 0.969727 0.007568
v 0.342041 0.762695 0.008057
v 0.343018 0.757812 0.003174
v 0.335693 0.768066 0.000732
v 0.342529 0.766602 0.009521
v 0.339111 0.766602 0.003662
v 0.339600 0.773926 0.004150
v 0.336182 0.774414 0.002686
v 0.339600 0.780762 0.000732
v 0.374756 0.756836 0.047119
v 0.365967 0.757324 0.033447
v 0.366943 0.760254 0.037842
v 0.364502 0.760742 0.034424
v 0.365479 0.764648 0.034424
v 0.374268 0.752441 0.039307
v 0.372314 0.754395 0.042236
v 0.367920 0.759766 0.039795
v 0.369385 0.759277 0.042236
v 0.368896 0.764160 0.039307
v 0.370850 0.763672 0.041748
v 0.371826 0.758301 0.043701
v 0.373291 0.762207 0.043213
v 0.367920 0.756348 0.036865
v 0.369385 0.755371 0.038818
v 0.370850 0.754395 0.034912
v 0.371826 0.753906 0.036377
v 0.367920 0.764160 0.037353
v 0.374756 0.765625 0.039795
v 0.370850 0.766602 0.035400
v 0.368896 0.767090 0.032471
v 0.372803 0.766113 0.037353
v 0.371826 0.766113 0.031494
v 0.374268 0.765625 0.033936
v 0.350342 0.758301 0.016846
v 0.350342 0.764160 0.018799
v 0.353760 0.763672 0.024170
v 0.358154 0.757812 0.025146
v 0.356689 0.762695 0.027100
v 0.358643 0.753418 0.018311
v 0.355225 0.758301 0.022217
v 0.351318 0.770508 0.018311
v 0.355225 0.769531 0.024658
v 0.358154 0.768555 0.027588
v 0.345947 0.759766 0.012939
v 0.346924 0.765137 0.014893
v 0.347900 0.754883 0.007568
v 0.352783 0.753906 0.012451
v 0.352295 0.754395 0.000244
v 0.357666 0.754395 0.005127
v 0.349854 0.771484 0.014893
v 0.344971 0.773438 0.008057
v 0.347412 0.779785 0.004150
v 0.355225 0.775391 0.013428
v 0.356689 0.778320 0.008057
v 0.364990 0.755859 0.026611
v 0.361572 0.757812 0.028564
v 0.360596 0.761719 0.030029
v 0.363037 0.754883 0.022217
v 0.363037 0.753418 0.017822
v 0.368408 0.755371 0.031006
v 0.369873 0.756836 0.025146
v 0.372314 0.756348 0.029053
v 0.374756 0.760254 0.028564
v 0.373779 0.763672 0.030029
v 0.372803 0.760742 0.024658
v 0.371338 0.764648 0.025635
v 0.368896 0.757324 0.021728
v 0.369385 0.756348 0.018311
v 0.372803 0.761719 0.022217
v 0.374756 0.761719 0.020752
v 0.372314 0.759277 0.016357
v 0.361572 0.766602 0.030518
v 0.362549 0.771973 0.024658
v 0.365479 0.769043 0.028076
v 0.359619 0.773438 0.021728
v 0.361572 0.774902 0.017334
v 0.368896 0.767578 0.027100
v 0.367432 0.769531 0.023193
v 0.367432 0.771484 0.020752
v 0.371338 0.765625 0.023193
v 0.373779 0.766113 0.022217
v 0.371826 0.770996 0.020752
v 0.369873 0.776367 0.015869
v 0.362549 0.754395 0.010986
v 0.366455 0.758789 0.005127
v 0.369873 0.758301 0.011475
v 0.372803 0.759766 0.010010
v 0.374756 0.760742 0.002686
v 0.363525 0.777832 0.011475
v 0.365967 0.779785 0.004639
v 0.370850 0.778320 0.011963
v 0.372314 0.778320 0.007568
v 0.374268 0.778809 0.003662
v 0.359131 0.781250 0.001709
v 0.378174 0.757324 0.051514
v 0.376709 0.756836 0.050049
v 0.378662 0.754395 0.048584
v 0.379639 0.756348 0.051025
v 0.381104 0.755371 0.049072
v 0.376221 0.761230 0.047119
v 0.379150 0.759277 0.052490
v 0.379639 0.761230 0.052002
v 0.381592 0.757812 0.051025
v 0.380615 0.762695 0.051025
v 0.382080 0.763184 0.049072
v 0.381104 0.763672 0.047119
v 0.383057 0.756836 0.048584
v 0.383057 0.760254 0.050049
v 0.384033 0.758789 0.047607
v 0.383545 0.761719 0.048096
v 0.377686 0.752930 0.043213
v 0.375732 0.753906 0.045654
v 0.380615 0.753906 0.046631
v 0.382568 0.755371 0.044678
v 0.380615 0.754395 0.040283
v 0.378662 0.764160 0.044189
v 0.382568 0.757812 0.039307
v 0.382568 0.761230 0.039795
v 0.381592 0.763672 0.041260
v 0.378174 0.754883 0.036377
v 0.376221 0.755371 0.033936
v 0.375244 0.755859 0.032471
v 0.376221 0.765137 0.035889
v 0.376709 0.760254 0.031494
v 0.378174 0.759766 0.032959
v 0.376221 0.763184 0.032471
v 0.378174 0.763184 0.034424
v 0.379150 0.764648 0.038330
v 0.380615 0.762695 0.036377
v 0.380127 0.758789 0.034912
v 0.383545 0.757324 0.043701
v 0.384033 0.760254 0.046143
v 0.384033 0.759766 0.043701
v 0.383545 0.762207 0.044678
v 0.378662 0.761719 0.020752
v 0.382080 0.761230 0.021240
v 0.381592 0.758789 0.016357
v 0.389404 0.765137 0.024170
v 0.385498 0.761719 0.021728
v 0.385498 0.758789 0.017334
v 0.389404 0.761719 0.022705
v 0.388428 0.759766 0.017822
v 0.376709 0.766602 0.022217
v 0.375732 0.771484 0.021240
v 0.381104 0.766113 0.023193
v 0.381104 0.771484 0.022217
v 0.376221 0.775391 0.017822
v 0.381592 0.774902 0.019287
v 0.385498 0.765625 0.023682
v 0.390381 0.769043 0.023682
v 0.385498 0.770508 0.022705
v 0.385986 0.772949 0.020264
v 0.387451 0.774414 0.016846
v 0.377197 0.759277 0.015381
v 0.378662 0.759277 0.010010
v 0.379639 0.758789 0.003662
v 0.384033 0.758301 0.010986
v 0.389404 0.760254 0.011963
v 0.385498 0.758301 0.005615
v 0.386475 0.757812 0.001221
v 0.377197 0.777344 0.013428
v 0.378662 0.777344 0.009521
v 0.375244 0.779297 0.001221
v 0.379639 0.777344 0.006592
v 0.381104 0.778320 0.003662
v 0.382080 0.777832 0.000244
v 0.383057 0.776367 0.014893
v 0.384521 0.775879 0.010986
v 0.385498 0.775879 0.008545
v 0.388428 0.773438 0.012939
v 0.389893 0.773926 0.010010
v 0.386475 0.776855 0.005127
v 0.387939 0.776367 0.001709
v 0.395264 0.760254 0.025146
v 0.395264 0.764160 0.026123
v 0.391357 0.759766 0.018799
v 0.396729 0.758301 0.021240
v 0.401611 0.759766 0.027588
v 0.400146 0.763672 0.028076
v 0.401611 0.763184 0.028564
v 0.400146 0.759766 0.027100
v 0.405518 0.758789 0.028564
v 0.405518 0.762207 0.030029
v 0.402588 0.757812 0.023682
v 0.401123 0.757812 0.023193
v 0.398682 0.760254 0.017334
v 0.399658 0.764648 0.016357
v 0.404053 0.759277 0.019775
v 0.403076 0.759277 0.019287
v 0.404053 0.763184 0.018311
v 0.405029 0.762695 0.018799
v 0.406006 0.764160 0.016357
v 0.396240 0.768066 0.025635
v 0.396729 0.770020 0.023682
v 0.391357 0.770996 0.022217
v 0.392334 0.772461 0.018799
v 0.397705 0.770996 0.021240
v 0.401611 0.767090 0.027588
v 0.400146 0.767578 0.027100
v 0.402100 0.768555 0.025635
v 0.400146 0.769531 0.025146
v 0.402588 0.767090 0.027588
v 0.404053 0.768066 0.026611
v 0.405518 0.768555 0.024170
v 0.401123 0.770020 0.022217
v 0.399170 0.767578 0.016846
v 0.402100 0.769043 0.019287
v 0.398682 0.769531 0.018311
v 0.403076 0.769043 0.023193
v 0.404053 0.768555 0.020264
v 0.406006 0.766113 0.019775
v 0.406006 0.767578 0.020752
v 0.403076 0.767090 0.018311
v 0.404541 0.766602 0.018799
v 0.391846 0.762207 0.012939
v 0.393799 0.761719 0.015381
v 0.395264 0.762695 0.011963
v 0.396240 0.760742 0.008057
v 0.390869 0.758789 0.007080
v 0.393799 0.759766 0.007568
v 0.392334 0.759277 0.001709
v 0.397705 0.761719 0.004639
v 0.395264 0.761719 0.002686
v 0.397217 0.761719 0.001709
v 0.400146 0.765137 0.014404
v 0.400635 0.761719 0.013428
v 0.401611 0.759766 0.010010
v 0.399658 0.765137 0.004150
v 0.400635 0.761230 0.002197
v 0.399658 0.765137 0.003174
v 0.400635 0.765137 0.003174
v 0.402588 0.761230 0.006592
v 0.403076 0.764648 0.005127
v 0.405518 0.764160 0.004639
v 0.405518 0.760254 0.003662
v 0.406006 0.758789 0.000244
v 0.394287 0.766113 0.013428
v 0.392334 0.770508 0.012939
v 0.393311 0.770996 0.015381
v 0.395264 0.766113 0.014404
v 0.394775 0.768555 0.014893
v 0.396240 0.766113 0.013428
v 0.395752 0.769531 0.012939
v 0.394775 0.771484 0.011963
v 0.396240 0.773438 0.008057
v 0.393311 0.772949 0.000244
v 0.397217 0.771484 0.004639
v 0.398193 0.765625 0.003174
v 0.395752 0.770996 0.002197
v 0.397705 0.769531 0.002197
v 0.396729 0.770996 0.000732
v 0.391846 0.774902 0.006592
v 0.392334 0.773926 0.003174
v 0.399658 0.768555 0.013916
v 0.399658 0.770508 0.012939
v 0.401123 0.771973 0.009521
v 0.404053 0.767090 0.015381
v 0.404541 0.769531 0.014404
v 0.406006 0.770508 0.010986
v 0.406006 0.769531 0.008057
v 0.398682 0.769043 0.004150
v 0.401611 0.770508 0.006592
v 0.401123 0.768555 0.002686
v 0.401123 0.770020 0.001221
v 0.402588 0.768066 0.005615
v 0.405029 0.768066 0.003662
v 0.405029 0.769531 0.002197
v 0.411377 0.761230 0.031494
v 0.417725 0.756836 0.031982
v 0.421631 0.756348 0.032471
v 0.415283 0.760254 0.032471
v 0.417725 0.759277 0.033447
v 0.415771 0.763184 0.031982
v 0.421631 0.758789 0.034424
v 0.418701 0.762207 0.032959
v 0.419678 0.763184 0.031494
v 0.425049 0.756836 0.033447
v 0.422119 0.761230 0.033936
v 0.424561 0.758789 0.034424
v 0.424561 0.760254 0.034912
v 0.425537 0.760742 0.033936
v 0.422119 0.762207 0.032959
v 0.426514 0.758301 0.033936
v 0.427002 0.760254 0.033936
v 0.427979 0.758301 0.031494
v 0.428955 0.759766 0.031494
v 0.427002 0.761719 0.032471
v 0.406494 0.756836 0.025146
v 0.412354 0.756348 0.026611
v 0.411377 0.757812 0.030029
v 0.412842 0.764160 0.031006
v 0.413330 0.765137 0.029541
v 0.413818 0.757812 0.023682
v 0.407959 0.758301 0.021240
v 0.409424 0.761719 0.020264
v 0.407471 0.763672 0.017334
v 0.410400 0.765137 0.021240
v 0.410400 0.759766 0.016357
v 0.410400 0.763672 0.017822
v 0.415283 0.757324 0.031006
v 0.415771 0.756348 0.028076
v 0.417236 0.757324 0.025146
v 0.418701 0.755859 0.028564
v 0.419678 0.756348 0.025635
v 0.416748 0.764648 0.030518
v 0.417236 0.764648 0.028076
v 0.414795 0.765137 0.024658
v 0.420166 0.763672 0.029053
v 0.418213 0.759766 0.023682
v 0.420654 0.759277 0.024170
v 0.418213 0.764160 0.025635
v 0.418701 0.763184 0.024170
v 0.421143 0.763184 0.026611
v 0.421143 0.762207 0.025146
v 0.421143 0.757324 0.016357
v 0.414795 0.760742 0.022217
v 0.415283 0.763672 0.023193
v 0.415771 0.762695 0.019775
v 0.414795 0.759277 0.018311
v 0.419678 0.758789 0.019775
v 0.419678 0.762207 0.020752
v 0.420654 0.765137 0.020264
v 0.407471 0.765625 0.029053
v 0.407959 0.766602 0.027588
v 0.409424 0.767578 0.025146
v 0.413818 0.765625 0.027100
v 0.409912 0.766602 0.022705
v 0.407471 0.767578 0.016357
v 0.408936 0.767090 0.016846
v 0.411377 0.767090 0.017334
v 0.412354 0.768066 0.015869
v 0.415771 0.766113 0.018799
v 0.416748 0.767090 0.016846
v 0.421143 0.766113 0.018311
v 0.421631 0.766602 0.015869
v 0.406494 0.760742 0.014893
v 0.407959 0.760254 0.015381
v 0.408447 0.759277 0.011963
v 0.406982 0.759277 0.011475
v 0.408447 0.760254 0.008057
v 0.409912 0.760254 0.008545
v 0.411377 0.758789 0.012939
v 0.412354 0.759766 0.009521
v 0.413330 0.763184 0.008057
v 0.406982 0.760254 0.004150
v 0.408936 0.759766 0.004639
v 0.406982 0.763672 0.005127
v 0.408936 0.763184 0.006103
v 0.408936 0.763672 0.006592
v 0.407959 0.758789 0.000732
v 0.409912 0.758301 0.001221
v 0.413330 0.759277 0.005615
v 0.410889 0.763672 0.007080
v 0.413330 0.762207 0.007080
v 0.415771 0.757812 0.014404
v 0.416748 0.759277 0.010986
v 0.417725 0.761230 0.008545
v 0.417725 0.762695 0.009521
v 0.420166 0.758301 0.008057
v 0.420654 0.761230 0.009033
v 0.421143 0.764160 0.008545
v 0.418701 0.757324 0.004150
v 0.420654 0.756836 0.004639
v 0.414307 0.757812 0.002686
v 0.418213 0.758789 0.007080
v 0.418213 0.764648 0.007568
v 0.421631 0.764648 0.007080
v 0.419678 0.758301 0.001221
v 0.421631 0.757812 0.001709
v 0.420166 0.765137 0.001221
v 0.420654 0.764160 0.000244
v 0.407471 0.769043 0.014893
v 0.409912 0.769043 0.015381
v 0.408447 0.770020 0.011963
v 0.408936 0.769043 0.009033
v 0.413330 0.769043 0.013428
v 0.410889 0.769531 0.012451
v 0.411377 0.769043 0.010010
v 0.411865 0.767578 0.008545
v 0.406982 0.767578 0.007080
v 0.406982 0.767578 0.004639
v 0.409912 0.767578 0.007568
v 0.408447 0.767090 0.004639
v 0.406982 0.769043 0.002686
v 0.408936 0.768555 0.003174
v 0.409912 0.769043 0.000732
v 0.407959 0.769531 0.000244
v 0.410400 0.766602 0.005127
v 0.413818 0.765625 0.006103
v 0.410400 0.767578 0.003662
v 0.411865 0.768066 0.001221
v 0.417725 0.767578 0.014893
v 0.414307 0.768066 0.010986
v 0.414307 0.766602 0.009033
v 0.418213 0.767090 0.012451
v 0.418701 0.765625 0.010986
v 0.414307 0.766602 0.005127
v 0.415283 0.767090 0.002197
v 0.418701 0.765625 0.006592
v 0.419678 0.766113 0.003662
v 0.422119 0.755371 0.030029
v 0.423096 0.756348 0.027100
v 0.426025 0.756348 0.031006
v 0.426514 0.756836 0.028564
v 0.423584 0.762695 0.030029
v 0.424561 0.758301 0.025635
v 0.425049 0.761230 0.026123
v 0.424072 0.762207 0.027100
v 0.427490 0.760742 0.028076
v 0.427979 0.758301 0.029053
v 0.428955 0.759766 0.029053
v 0.427979 0.761719 0.030029
v 0.426514 0.758301 0.027100
v 0.427002 0.760254 0.027100
v 0.423584 0.756836 0.016846
v 0.427979 0.756836 0.018311
v 0.422607 0.758301 0.020752
v 0.423096 0.761719 0.021728
v 0.423584 0.764160 0.020752
v 0.424072 0.765137 0.019287
v 0.427002 0.758301 0.021728
v 0.427490 0.760742 0.022705
v 0.427979 0.763184 0.022217
v 0.428467 0.764160 0.020752
v 0.428955 0.764648 0.018311
v 0.429443 0.764160 0.015869
v 0.431396 0.758301 0.021728
v 0.431396 0.760742 0.023193
v 0.433350 0.760742 0.022217
v 0.431396 0.763184 0.023193
v 0.431885 0.763672 0.022217
v 0.432861 0.764160 0.020752
v 0.431885 0.757812 0.019287
v 0.432373 0.758301 0.017334
v 0.433350 0.760254 0.015869
v 0.433350 0.764160 0.018311
v 0.434814 0.760742 0.020264
v 0.433838 0.762695 0.022705
v 0.435303 0.762207 0.020264
v 0.434814 0.760742 0.017822
v 0.435303 0.762207 0.017822
v 0.433838 0.763184 0.016846
v 0.433838 0.762695 0.015869
v 0.425049 0.765625 0.017334
v 0.422119 0.758789 0.012451
v 0.424561 0.758301 0.013428
v 0.422607 0.764648 0.012451
v 0.425537 0.765137 0.014893
v 0.424561 0.760254 0.010010
v 0.424072 0.757812 0.009033
v 0.422607 0.761719 0.011475
v 0.425049 0.763184 0.010010
v 0.425049 0.764160 0.008057
v 0.426025 0.761230 0.012451
v 0.428955 0.758301 0.015381
v 0.426025 0.764160 0.013428
v 0.427979 0.760742 0.010498
v 0.427979 0.758301 0.009033
v 0.429443 0.759277 0.009521
v 0.427979 0.762695 0.010498
v 0.428955 0.763672 0.010010
v 0.424561 0.756836 0.006103
v 0.428467 0.757324 0.007080
v 0.422607 0.765137 0.004639
v 0.423096 0.760742 0.000732
v 0.425537 0.757812 0.003174
v 0.423096 0.764648 0.002197
v 0.423096 0.763672 0.001221
v 0.429443 0.758301 0.005127
v 0.426025 0.764648 0.005615
v 0.427002 0.760254 0.002197
v 0.427002 0.762695 0.002197
v 0.426514 0.764160 0.003662
v 0.429932 0.760742 0.013916
v 0.430420 0.763184 0.014893
v 0.430420 0.760742 0.009521
v 0.431885 0.760742 0.008057
v 0.430908 0.762695 0.009521
v 0.429932 0.763672 0.008545
v 0.431885 0.762695 0.008057
v 0.430420 0.758789 0.007568
v 0.430908 0.759766 0.005127
v 0.431396 0.760742 0.005615
v 0.430908 0.763672 0.006592
v 0.430420 0.763184 0.004639
v 0.432373 0.762695 0.005615
v 0.429932 0.760254 0.003662
v 0.430420 0.762207 0.003662
v 0.422119 0.766113 0.013916
v 0.093506 0.019043 -0.007080
v 0.088135 0.023926 -0.002197
v 0.084229 0.022949 -0.029053
v 0.083252 0.028809 -0.027100
v 0.090576 0.022461 -0.018799
v 0.086670 0.027344 -0.015869
v 0.086670 0.018066 -0.030518
v 0.077881 0.056641 -0.031006
v 0.084717 0.034180 -0.000732
v 0.082764 0.036133 -0.013428
v 0.082275 0.047363 -0.011963
v 0.085205 0.060059 -0.010986
v 0.082275 0.036133 -0.025635
v 0.080322 0.044434 -0.024170
v 0.078369 0.060059 -0.020752
v 0.076904 0.023926 -0.049561
v 0.076904 0.029785 -0.048096
v 0.084717 0.013184 -0.042725
v 0.091064 0.013184 -0.032959
v 0.091553 0.010254 -0.046631
v 0.078857 0.023438 -0.038818
v 0.078369 0.028809 -0.037354
v 0.080811 0.018555 -0.040283
v 0.082275 0.014160 -0.052490
v 0.082764 0.014648 -0.058838
v 0.087158 0.011719 -0.055908
v 0.089600 0.012207 -0.062256
v 0.078369 0.019043 -0.050537
v 0.079834 0.019531 -0.060303
v 0.078857 0.024902 -0.060303
v 0.079346 0.034668 -0.036865
v 0.080811 0.042969 -0.035400
v 0.082275 0.045898 -0.046143
v 0.081787 0.057129 -0.040283
v 0.078369 0.035645 -0.047607
v 0.079346 0.032227 -0.059814
v 0.081787 0.040039 -0.057861
v 0.086182 0.054688 -0.053955
v 0.099854 0.015137 -0.009033
v 0.108154 0.011719 -0.010986
v 0.101318 0.012695 -0.023193
v 0.094482 0.018066 -0.020752
v 0.118896 0.009277 -0.012451
v 0.112549 0.009277 -0.026123
v 0.122314 0.012207 -0.028076
v 0.123291 0.042969 -0.005127
v 0.115479 0.051758 -0.000244
v 0.124756 0.038574 -0.021729
v 0.120361 0.051758 -0.018311
v 0.096436 0.010254 -0.035400
v 0.106201 0.008789 -0.039307
v 0.100342 0.009277 -0.051025
v 0.095459 0.010742 -0.060303
v 0.116943 0.012207 -0.042725
v 0.121338 0.018066 -0.043701
v 0.122314 0.023926 -0.042725
v 0.110107 0.012207 -0.056885
v 0.116455 0.017578 -0.058838
v 0.118408 0.024902 -0.059326
v 0.104248 0.056641 -0.059326
v 0.119385 0.042969 -0.037354
v 0.120850 0.032227 -0.040283
v 0.116943 0.054199 -0.033936
v 0.116455 0.054199 -0.042236
v 0.119385 0.060059 -0.032959
v 0.119873 0.060059 -0.042725
v 0.113525 0.044922 -0.052002
v 0.117432 0.034180 -0.057373
v 0.110596 0.058594 -0.049561
v 0.076904 0.070801 -0.019775
v 0.073975 0.069824 -0.029541
v 0.085205 0.071289 -0.013916
v 0.092529 0.067871 -0.007568
v 0.082275 0.083008 -0.023682
v 0.087646 0.083984 -0.016846
v 0.082275 0.099609 -0.025635
v 0.088135 0.101074 -0.018799
v 0.075928 0.068359 -0.040283
v 0.077881 0.082520 -0.032471
v 0.081299 0.081543 -0.042725
v 0.087646 0.066895 -0.052002
v 0.091553 0.068848 -0.061768
v 0.087646 0.082031 -0.052490
v 0.091553 0.083008 -0.060791
v 0.079346 0.099121 -0.034912
v 0.081787 0.099609 -0.045166
v 0.083740 0.101562 -0.054932
v 0.090088 0.101562 -0.060791
v 0.101807 0.068848 -0.007080
v 0.093994 0.083496 -0.011475
v 0.101318 0.083008 -0.011963
v 0.108154 0.082031 -0.018799
v 0.111084 0.064453 -0.015381
v 0.094971 0.101562 -0.014893
v 0.101807 0.101562 -0.015381
v 0.109131 0.101074 -0.020752
v 0.109131 0.069824 -0.049561
v 0.101807 0.068848 -0.058350
v 0.096436 0.083496 -0.061279
v 0.101318 0.084473 -0.058350
v 0.107666 0.083984 -0.049072
v 0.119385 0.070312 -0.032959
v 0.120850 0.068848 -0.043213
v 0.113525 0.083984 -0.031982
v 0.115479 0.083496 -0.042236
v 0.096436 0.102051 -0.061768
v 0.102783 0.104492 -0.059326
v 0.114014 0.102051 -0.031982
v 0.114502 0.101562 -0.042725
v 0.109619 0.103516 -0.052002
v 0.086182 0.015137 -0.065674
v 0.093018 0.015137 -0.069580
v 0.084717 0.020020 -0.067627
v 0.084229 0.026367 -0.068604
v 0.093018 0.020020 -0.072510
v 0.093018 0.026855 -0.073486
v 0.084717 0.034668 -0.067627
v 0.087158 0.043945 -0.064697
v 0.093018 0.035645 -0.072021
v 0.091553 0.057129 -0.063721
v 0.093994 0.012207 -0.064697
v 0.098389 0.012207 -0.065186
v 0.100830 0.015137 -0.069092
v 0.103760 0.011719 -0.062744
v 0.106689 0.014160 -0.065186
v 0.102295 0.020020 -0.072510
v 0.102783 0.026855 -0.073975
v 0.109619 0.019043 -0.068604
v 0.111572 0.026367 -0.069580
v 0.093994 0.045410 -0.069092
v 0.100830 0.046387 -0.069092
v 0.102295 0.035645 -0.072510
v 0.099365 0.056641 -0.064697
v 0.107666 0.046875 -0.063232
v 0.110596 0.035645 -0.068115
v 0.097412 0.068848 -0.062744
v 0.062256 0.186035 -0.052490
v 0.056396 0.207520 -0.028564
v 0.054443 0.228516 -0.025635
v 0.060303 0.189453 -0.034912
v 0.052002 0.208496 -0.039795
v 0.054443 0.208496 -0.055420
v 0.049561 0.230469 -0.039795
v 0.052002 0.232422 -0.054932
v 0.059814 0.235352 -0.067627
v 0.081299 0.126465 -0.026611
v 0.087646 0.126465 -0.019287
v 0.076904 0.158691 -0.024658
v 0.071533 0.185059 -0.020264
v 0.084229 0.184570 -0.012451
v 0.086182 0.157715 -0.016846
v 0.076416 0.126953 -0.035889
v 0.075928 0.127930 -0.046631
v 0.078857 0.128906 -0.056396
v 0.069092 0.160156 -0.035889
v 0.068604 0.161133 -0.049072
v 0.073486 0.162109 -0.059814
v 0.095459 0.126953 -0.015869
v 0.103760 0.127930 -0.016846
v 0.112061 0.128906 -0.022705
v 0.096436 0.158691 -0.012939
v 0.106689 0.159668 -0.014404
v 0.096924 0.185547 -0.008545
v 0.109619 0.187012 -0.011475
v 0.115967 0.162109 -0.024170
v 0.117432 0.131836 -0.034912
v 0.117432 0.132324 -0.044678
v 0.112549 0.131836 -0.056396
v 0.119873 0.165039 -0.042236
v 0.115479 0.165039 -0.060303
v 0.068604 0.206543 -0.016357
v 0.082764 0.207031 -0.009521
v 0.066650 0.227539 -0.013916
v 0.080811 0.228516 -0.007080
v 0.096436 0.208008 -0.004639
v 0.110107 0.209961 -0.009033
v 0.117920 0.190430 -0.023682
v 0.117920 0.212891 -0.022705
v 0.094482 0.229492 -0.002197
v 0.109131 0.231445 -0.006104
v 0.116943 0.234375 -0.020264
v 0.122803 0.194336 -0.043213
v 0.124756 0.216797 -0.043213
v 0.124268 0.238281 -0.041260
v 0.086670 0.128906 -0.062744
v 0.071045 0.185059 -0.063721
v 0.083740 0.162109 -0.066650
v 0.081787 0.184570 -0.070557
v 0.093018 0.185059 -0.072510
v 0.094971 0.129883 -0.064209
v 0.103760 0.131836 -0.062744
v 0.094482 0.162109 -0.068604
v 0.105225 0.164062 -0.066650
v 0.105225 0.186523 -0.071045
v 0.062744 0.209961 -0.068604
v 0.074951 0.212402 -0.077393
v 0.090576 0.213379 -0.078369
v 0.072021 0.237793 -0.076904
v 0.088135 0.239746 -0.079346
v 0.106689 0.215332 -0.075439
v 0.116943 0.189453 -0.065186
v 0.120361 0.215820 -0.066650
v 0.106689 0.241699 -0.074951
v 0.119873 0.241699 -0.065186
v 0.128662 0.011230 -0.012939
v 0.135010 0.009766 -0.000244
v 0.137939 0.013672 -0.000244
v 0.132080 0.016113 -0.012939
v 0.131592 0.020996 -0.011963
v 0.129639 0.026855 -0.010498
v 0.126709 0.022949 -0.027100
v 0.126221 0.017578 -0.028564
v 0.125244 0.030762 -0.024658
v 0.127197 0.034180 -0.008057
v 0.055908 0.251465 -0.025146
v 0.057373 0.275391 -0.022705
v 0.045654 0.303711 -0.014893
v 0.043701 0.306641 -0.026611
v 0.058350 0.304688 -0.003662
v 0.051514 0.290039 -0.018799
v 0.049072 0.292969 -0.029541
v 0.050537 0.254395 -0.037842
v 0.052979 0.277832 -0.033447
v 0.052979 0.280762 -0.044189
v 0.052490 0.257812 -0.051025
v 0.058838 0.261230 -0.062256
v 0.046143 0.309570 -0.038330
v 0.051025 0.295898 -0.039795
v 0.058350 0.283691 -0.054443
v 0.057373 0.298828 -0.050049
v 0.042236 0.319824 -0.011963
v 0.042236 0.337402 -0.011963
v 0.038818 0.322266 -0.023682
v 0.035889 0.339355 -0.022705
v 0.056885 0.319824 -0.003174
v 0.047607 0.339844 -0.000244
v 0.036377 0.352539 -0.009521
v 0.032471 0.368164 -0.005127
v 0.033936 0.355469 -0.020752
v 0.031982 0.370605 -0.018311
v 0.032959 0.372070 -0.030518
v 0.041748 0.324707 -0.037354
v 0.039307 0.341797 -0.035889
v 0.052490 0.328125 -0.046631
v 0.055420 0.312500 -0.047607
v 0.037842 0.358887 -0.035889
v 0.050537 0.344727 -0.047607
v 0.050537 0.362793 -0.050049
v 0.066650 0.250000 -0.013916
v 0.077881 0.250000 -0.004150
v 0.065186 0.273438 -0.010498
v 0.075439 0.272949 -0.002686
v 0.091553 0.251465 -0.001709
v 0.063232 0.291016 -0.008545
v 0.069580 0.299805 -0.059326
v 0.078369 0.300293 -0.060791
v 0.093018 0.301270 -0.057861
v 0.106201 0.253906 -0.004150
v 0.099365 0.274414 -0.006104
v 0.110107 0.277832 -0.014893
v 0.114014 0.256836 -0.017822
v 0.095947 0.292480 -0.002197
v 0.100830 0.293945 -0.008057
v 0.106689 0.295898 -0.015381
v 0.100342 0.309082 -0.004150
v 0.104248 0.310547 -0.013916
v 0.107666 0.298828 -0.027588
v 0.120361 0.261230 -0.037354
v 0.115967 0.266602 -0.060791
v 0.106689 0.303223 -0.047607
v 0.113037 0.281738 -0.031982
v 0.111084 0.287109 -0.054443
v 0.068604 0.314941 -0.055908
v 0.066650 0.331055 -0.054443
v 0.088135 0.316895 -0.054443
v 0.084717 0.332520 -0.052979
v 0.065186 0.347656 -0.054932
v 0.065674 0.365234 -0.055908
v 0.092529 0.362793 -0.041748
v 0.081299 0.348145 -0.053467
v 0.079834 0.366211 -0.053467
v 0.096436 0.324219 -0.002197
v 0.101318 0.324219 -0.012451
v 0.095459 0.337891 -0.000244
v 0.098877 0.336914 -0.010986
v 0.106201 0.324219 -0.022705
v 0.106201 0.312500 -0.025146
v 0.105713 0.335938 -0.020752
v 0.097412 0.349121 -0.009521
v 0.099854 0.361816 -0.006104
v 0.104736 0.347168 -0.018799
v 0.103760 0.347656 -0.030518
v 0.103760 0.361328 -0.017822
v 0.102295 0.361328 -0.030029
v 0.101807 0.317383 -0.043701
v 0.097412 0.332031 -0.041260
v 0.093994 0.347656 -0.040771
v 0.070557 0.264160 -0.071533
v 0.085205 0.265137 -0.073975
v 0.068604 0.285156 -0.064697
v 0.082764 0.284668 -0.067139
v 0.102783 0.266113 -0.070557
v 0.096924 0.285156 -0.063721
v 0.028564 0.397949 -0.001709
v 0.025635 0.398438 -0.015869
v 0.024170 0.398926 -0.031006
v 0.014893 0.426270 -0.014404
v 0.016357 0.428711 -0.031982
v 0.043701 0.375000 -0.046631
v 0.037354 0.402344 -0.047607
v 0.057861 0.375977 -0.054932
v 0.054443 0.404297 -0.056885
v 0.031982 0.432129 -0.046143
v 0.050537 0.434570 -0.056396
v 0.007080 0.464355 -0.009033
v 0.006104 0.465332 -0.009033
v 0.010498 0.467285 -0.029541
v 0.011963 0.465820 -0.029053
v 0.005615 0.480469 -0.006104
v 0.004639 0.493164 -0.003662
v 0.009521 0.481934 -0.027588
v 0.008545 0.496582 -0.025635
v 0.025146 0.467773 -0.044678
v 0.023193 0.483398 -0.045654
v 0.024170 0.469238 -0.046143
v 0.022705 0.495605 -0.045166
v 0.044678 0.469727 -0.054443
v 0.043701 0.470703 -0.056885
v 0.042725 0.483398 -0.056396
v 0.041260 0.494629 -0.057373
v 0.061768 0.471191 -0.058350
v 0.061768 0.472656 -0.059814
v 0.060303 0.484375 -0.059814
v 0.059326 0.495117 -0.061279
v 0.072998 0.377441 -0.056396
v 0.071045 0.405273 -0.058350
v 0.092041 0.377930 -0.043701
v 0.092529 0.404297 -0.045654
v 0.082275 0.378418 -0.052979
v 0.081299 0.404785 -0.054932
v 0.068115 0.437012 -0.059326
v 0.105713 0.376465 -0.001221
v 0.108643 0.402344 -0.000244
v 0.100342 0.376465 -0.030518
v 0.104248 0.376465 -0.018799
v 0.109619 0.403320 -0.015381
v 0.100342 0.403809 -0.031494
v 0.079834 0.437988 -0.056396
v 0.078369 0.472656 -0.054932
v 0.079346 0.474121 -0.057373
v 0.078857 0.485352 -0.057861
v 0.078857 0.496582 -0.057861
v 0.105713 0.440918 -0.031006
v 0.112549 0.440918 -0.014893
v 0.109131 0.475098 -0.012451
v 0.105225 0.474121 -0.028564
v 0.108154 0.475586 -0.030518
v 0.107666 0.487305 -0.031006
v 0.106201 0.498535 -0.031006
v 0.113525 0.476562 -0.012939
v 0.112061 0.487793 -0.011963
v 0.110596 0.498535 -0.011475
v 0.094482 0.439941 -0.045654
v 0.093994 0.473145 -0.044678
v 0.096436 0.474609 -0.048096
v 0.095947 0.486328 -0.048584
v 0.094971 0.498047 -0.048096
v 0.002686 0.500000 -0.003662
v 0.000244 0.504395 -0.003662
v 0.006592 0.511230 -0.027588
v 0.000244 0.516602 -0.023193
v 0.000244 0.525879 -0.046631
v 0.010498 0.519043 -0.051514
v 0.015869 0.507812 -0.042236
v 0.024658 0.504883 -0.051514
v 0.024658 0.510742 -0.058350
v 0.000244 0.537598 -0.060303
v 0.000244 0.613281 -0.060791
v 0.009521 0.624023 -0.054443
v 0.009521 0.612793 -0.061279
v 0.021240 0.612793 -0.062256
v 0.021240 0.613281 -0.060303
v 0.035400 0.612793 -0.060303
v 0.050049 0.612793 -0.060303
v 0.049561 0.613281 -0.059326
v 0.024658 0.517578 -0.065674
v 0.012451 0.534180 -0.068115
v 0.000244 0.552246 -0.068115
v 0.012451 0.550293 -0.074463
v 0.025635 0.533203 -0.075439
v 0.025146 0.549805 -0.079346
v 0.042236 0.502441 -0.062744
v 0.041748 0.518066 -0.072998
v 0.059814 0.503418 -0.065186
v 0.058838 0.520020 -0.072510
v 0.040771 0.534180 -0.078857
v 0.039795 0.550293 -0.080322
v 0.056396 0.535156 -0.075928
v 0.054932 0.550781 -0.076416
v 0.000244 0.564453 -0.070068
v 0.011475 0.563965 -0.074951
v 0.000244 0.581055 -0.069092
v 0.011475 0.581055 -0.072021
v 0.024170 0.581543 -0.075928
v 0.025146 0.564941 -0.079346
v 0.000244 0.596191 -0.066650
v 0.010986 0.597168 -0.067139
v 0.000244 0.613281 -0.063232
v 0.009521 0.612793 -0.063232
v 0.023682 0.597168 -0.069092
v 0.038330 0.582031 -0.075928
v 0.039307 0.565918 -0.079346
v 0.053955 0.565918 -0.074463
v 0.052979 0.581543 -0.071533
v 0.036377 0.598145 -0.070068
v 0.035889 0.612793 -0.062744
v 0.052002 0.597656 -0.067627
v 0.078369 0.505859 -0.059814
v 0.092529 0.507812 -0.048584
v 0.089111 0.522949 -0.050049
v 0.086182 0.537109 -0.050049
v 0.082275 0.550293 -0.048584
v 0.107178 0.518555 -0.010010
v 0.100830 0.525391 -0.030518
v 0.102783 0.538574 -0.009033
v 0.098389 0.552246 -0.007080
v 0.097900 0.538574 -0.029541
v 0.094482 0.550293 -0.028564
v 0.102783 0.515625 -0.031494
v 0.092041 0.581055 -0.004150
v 0.091553 0.565918 -0.027100
v 0.091064 0.581055 -0.025635
v 0.076904 0.623535 -0.018311
v 0.084229 0.608887 -0.002197
v 0.089111 0.594727 -0.003174
v 0.083252 0.610352 -0.002197
v 0.078369 0.621582 -0.002197
v 0.088135 0.595215 -0.023682
v 0.083252 0.611328 -0.020752
v 0.084229 0.609863 -0.021240
v 0.068604 0.564941 -0.062256
v 0.069092 0.580566 -0.060303
v 0.080322 0.563477 -0.045654
v 0.081299 0.579590 -0.044678
v 0.075439 0.611328 -0.036865
v 0.077393 0.611328 -0.038330
v 0.069092 0.596191 -0.057373
v 0.063232 0.610840 -0.049072
v 0.066162 0.611328 -0.052490
v 0.081299 0.595703 -0.042236
v 0.095459 0.566406 -0.005615
v 0.074463 0.520996 -0.064697
v 0.072021 0.535645 -0.066650
v 0.070068 0.549805 -0.065186
v 0.008057 0.634766 -0.052002
v 0.009033 0.648926 -0.049561
v 0.021240 0.625000 -0.052490
v 0.030029 0.626953 -0.049561
v 0.023682 0.635742 -0.048584
v 0.026611 0.649902 -0.049561
v 0.010986 0.661621 -0.050537
v 0.012939 0.677734 -0.055420
v 0.028564 0.661133 -0.052002
v 0.030518 0.677734 -0.056885
v 0.046631 0.651855 -0.044678
v 0.047607 0.638184 -0.043213
v 0.052979 0.625000 -0.050049
v 0.046631 0.662598 -0.047119
v 0.062256 0.663086 -0.037842
v 0.048584 0.677246 -0.052979
v 0.013916 0.690918 -0.059814
v 0.033447 0.691895 -0.061279
v 0.053467 0.691406 -0.060303
v 0.015869 0.710449 -0.066162
v 0.018799 0.731934 -0.070557
v 0.036865 0.711426 -0.067627
v 0.057861 0.710938 -0.066650
v 0.040283 0.732422 -0.072998
v 0.061768 0.732910 -0.071045
v 0.075439 0.647461 -0.005615
v 0.075928 0.638184 -0.018311
v 0.072021 0.651367 -0.021240
v 0.078369 0.636230 -0.003662
v 0.072510 0.660645 -0.006592
v 0.074463 0.675293 -0.009033
v 0.070068 0.662109 -0.022705
v 0.070557 0.677246 -0.026123
v 0.068604 0.625000 -0.037842
v 0.067139 0.638672 -0.035400
v 0.062744 0.653320 -0.035400
v 0.064697 0.677246 -0.043213
v 0.077393 0.688965 -0.011963
v 0.082764 0.704590 -0.017334
v 0.082275 0.737305 -0.001221
v 0.085205 0.749512 -0.009033
v 0.086670 0.720703 -0.020264
v 0.090576 0.730957 -0.022217
v 0.093506 0.747559 -0.027100
v 0.074951 0.690918 -0.031494
v 0.069580 0.691406 -0.049561
v 0.077393 0.708984 -0.058350
v 0.084229 0.707520 -0.037842
v 0.091064 0.726562 -0.042725
v 0.098389 0.746094 -0.045654
v 0.082764 0.730957 -0.064697
v 0.031006 0.872559 -0.010010
v 0.019287 0.864746 -0.043701
v 0.028564 0.868164 -0.036865
v 0.019775 0.848145 -0.057373
v 0.028564 0.856934 -0.051514
v 0.034424 0.841309 -0.000244
v 0.051025 0.831543 -0.001709
v 0.062256 0.834473 -0.009521
v 0.031494 0.854004 -0.000244
v 0.038330 0.850098 -0.013428
v 0.033936 0.860352 -0.012939
v 0.032959 0.867188 -0.026611
v 0.039307 0.861816 -0.028564
v 0.052979 0.845215 -0.016846
v 0.053467 0.854492 -0.030029
v 0.034424 0.862793 -0.042236
v 0.051025 0.855469 -0.043213
v 0.049072 0.848633 -0.055908
v 0.021729 0.759766 -0.077393
v 0.019775 0.811035 -0.075928
v 0.021729 0.789062 -0.078857
v 0.044678 0.761230 -0.078369
v 0.044189 0.790527 -0.081787
v 0.018311 0.829102 -0.070557
v 0.045166 0.835449 -0.068115
v 0.041748 0.815918 -0.078857
v 0.090576 0.773926 -0.003174
v 0.087158 0.768066 -0.018799
v 0.104248 0.789551 -0.013428
v 0.098389 0.782715 -0.026611
v 0.117432 0.791992 -0.007080
v 0.115967 0.789551 -0.016846
v 0.113525 0.788574 -0.029053
v 0.097412 0.763672 -0.032959
v 0.104736 0.775391 -0.038330
v 0.102295 0.763184 -0.048096
v 0.102295 0.763672 -0.062256
v 0.118896 0.780762 -0.039307
v 0.109619 0.770996 -0.050537
v 0.111084 0.770020 -0.061279
v 0.122314 0.773926 -0.050049
v 0.123779 0.774414 -0.060791
v 0.066650 0.831543 -0.001709
v 0.077393 0.836426 -0.008545
v 0.065674 0.842773 -0.020752
v 0.092529 0.837402 -0.007568
v 0.078369 0.838867 -0.022217
v 0.092529 0.839844 -0.021729
v 0.077881 0.839844 -0.046143
v 0.076416 0.835938 -0.058838
v 0.079834 0.842773 -0.033936
v 0.093018 0.843262 -0.035400
v 0.092529 0.841309 -0.049072
v 0.091064 0.832031 -0.060303
v 0.068115 0.848633 -0.032471
v 0.066162 0.847656 -0.045166
v 0.105713 0.834961 -0.007080
v 0.106201 0.838379 -0.021729
v 0.115967 0.832031 -0.007080
v 0.119873 0.836426 -0.021729
v 0.107178 0.842773 -0.036377
v 0.106689 0.839844 -0.051514
v 0.121826 0.840820 -0.037354
v 0.121338 0.836914 -0.053467
v 0.063721 0.756836 -0.078369
v 0.065674 0.773926 -0.083252
v 0.081299 0.755371 -0.072998
v 0.083252 0.771973 -0.076904
v 0.065674 0.809082 -0.076416
v 0.067139 0.792969 -0.081299
v 0.081299 0.791016 -0.076416
v 0.093506 0.791504 -0.071533
v 0.080322 0.807129 -0.073486
v 0.092041 0.805664 -0.073486
v 0.094482 0.753906 -0.064697
v 0.096436 0.774414 -0.071045
v 0.108154 0.781250 -0.068115
v 0.105713 0.793457 -0.071533
v 0.105225 0.805176 -0.073975
v 0.114990 0.782227 -0.066650
v 0.124268 0.781738 -0.067139
v 0.117920 0.792969 -0.070068
v 0.118408 0.802734 -0.072021
v 0.066162 0.823242 -0.069092
v 0.078369 0.821289 -0.069092
v 0.091553 0.818359 -0.070068
v 0.105225 0.815918 -0.072021
v 0.105713 0.829590 -0.063721
v 0.120361 0.826660 -0.065674
v 0.118896 0.812988 -0.072021
v 0.030518 0.878418 -0.021729
v 0.030029 0.892578 -0.015869
v 0.025635 0.894531 -0.027100
v 0.027100 0.907715 -0.026611
v 0.029053 0.920410 -0.030518
v 0.015869 0.880859 -0.037842
v 0.026611 0.880859 -0.031982
v 0.015869 0.894043 -0.035400
v 0.017334 0.908203 -0.035400
v 0.017334 0.920898 -0.040283
v 0.016357 0.932617 -0.046143
v 0.029053 0.931152 -0.036377
v 0.031494 0.886230 -0.004150
v 0.033447 0.902344 -0.000244
v 0.032471 0.905273 -0.011963
v 0.038330 0.916992 -0.000732
v 0.035400 0.914062 -0.008057
v 0.037842 0.920898 -0.010498
v 0.044189 0.912109 -0.003174
v 0.046143 0.912598 -0.001709
v 0.041260 0.920410 -0.002197
v 0.044678 0.918457 -0.002197
v 0.045166 0.920898 -0.000244
v 0.046143 0.917969 -0.002686
v 0.045166 0.916016 -0.005615
v 0.046143 0.921387 -0.004639
v 0.046631 0.920410 -0.007568
v 0.039307 0.921875 -0.000244
v 0.040283 0.923828 -0.002197
v 0.041748 0.922852 -0.003662
v 0.039795 0.928711 -0.001221
v 0.041260 0.926270 -0.003662
v 0.041260 0.921875 -0.006104
v 0.042236 0.925293 -0.007568
v 0.045654 0.922852 -0.001221
v 0.046143 0.925293 -0.001709
v 0.045654 0.927246 -0.001709
v 0.045166 0.929199 -0.000732
v 0.045654 0.924805 -0.006592
v 0.043213 0.929199 -0.007568
v 0.046143 0.928711 -0.006104
v 0.042725 0.937012 -0.003174
v 0.043213 0.931152 -0.000244
v 0.043701 0.934570 -0.000732
v 0.045166 0.937012 -0.003174
v 0.043213 0.934570 -0.005127
v 0.045654 0.934570 -0.004639
v 0.039795 0.930176 -0.014893
v 0.041260 0.934570 -0.013428
v 0.034912 0.920898 -0.020264
v 0.036865 0.930664 -0.024658
v 0.047119 0.916016 -0.004150
v 0.048096 0.920898 -0.004639
v 0.048584 0.920410 -0.006104
v 0.048096 0.925293 -0.003662
v 0.048096 0.928711 -0.003662
v 0.047607 0.924805 -0.005615
v 0.050049 0.923828 -0.005615
v 0.050537 0.923340 -0.007080
v 0.048584 0.929199 -0.006592
v 0.051514 0.927734 -0.006104
v 0.047607 0.933105 -0.003174
v 0.048096 0.937012 -0.003174
v 0.049072 0.933105 -0.006592
v 0.052002 0.936523 -0.003174
v 0.052002 0.931641 -0.006104
v 0.052490 0.934082 -0.005127
v 0.052490 0.936035 -0.007080
v 0.048584 0.923828 -0.008545
v 0.050049 0.928711 -0.009521
v 0.052002 0.928223 -0.008545
v 0.050049 0.932617 -0.009521
v 0.050049 0.936523 -0.008545
v 0.052490 0.932129 -0.008057
v 0.012451 0.997559 -0.008057
v 0.008057 0.995117 -0.021729
v 0.021729 0.993164 -0.004639
v 0.029541 0.986816 -0.000732
v 0.024658 0.990234 -0.014404
v 0.016846 0.993164 -0.018799
v 0.018799 0.987305 -0.028564
v 0.026611 0.984863 -0.024170
v 0.014893 0.945312 -0.050049
v 0.012451 0.957520 -0.050537
v 0.027100 0.945312 -0.042236
v 0.023682 0.958008 -0.044189
v 0.010498 0.979492 -0.041260
v 0.010010 0.988281 -0.031982
v 0.010986 0.969238 -0.047607
v 0.019775 0.979004 -0.036865
v 0.021240 0.969238 -0.042725
v 0.030518 0.969727 -0.034912
v 0.027588 0.978027 -0.031982
v 0.042725 0.938477 -0.001221
v 0.044189 0.938477 -0.001221
v 0.045166 0.937500 -0.000244
v 0.042725 0.945312 -0.005615
v 0.041260 0.967285 -0.002197
v 0.043213 0.955078 -0.009033
v 0.042725 0.964844 -0.011963
v 0.036377 0.941406 -0.029541
v 0.041260 0.942871 -0.017334
v 0.041748 0.952148 -0.020752
v 0.040771 0.961914 -0.023193
v 0.047607 0.940918 -0.002197
v 0.050537 0.939941 -0.001221
v 0.049072 0.939453 -0.005615
v 0.051025 0.937988 -0.001221
v 0.052490 0.938965 -0.004150
v 0.037842 0.976562 -0.006104
v 0.031982 0.984375 -0.010498
v 0.038818 0.973633 -0.015869
v 0.032959 0.980469 -0.019775
v 0.032471 0.975586 -0.028076
v 0.036865 0.970703 -0.025635
v 0.035400 0.950684 -0.032959
v 0.033936 0.958984 -0.034912
v 0.156006 0.778320 -0.011475
v 0.155029 0.775879 -0.022705
v 0.136475 0.789062 -0.005127
v 0.134033 0.783203 -0.012939
v 0.128174 0.798828 -0.004150
v 0.129150 0.810059 -0.000732
v 0.140381 0.797852 -0.004150
v 0.135986 0.805664 -0.007080
v 0.132568 0.782715 -0.024658
v 0.143799 0.805664 -0.008057
v 0.134033 0.780762 -0.037354
v 0.138428 0.766602 -0.049561
v 0.155029 0.776855 -0.034912
v 0.153564 0.769043 -0.044678
v 0.153076 0.762695 -0.055420
v 0.177490 0.774902 -0.011475
v 0.177002 0.771484 -0.022217
v 0.158447 0.786133 -0.004150
v 0.160889 0.796387 -0.003662
v 0.163330 0.805176 -0.008057
v 0.165283 0.812012 -0.014893
v 0.178955 0.783203 -0.004150
v 0.180420 0.793457 -0.003662
v 0.181885 0.803223 -0.007568
v 0.182861 0.809082 -0.015381
v 0.177979 0.773926 -0.032959
v 0.177979 0.771484 -0.044189
v 0.178467 0.763672 -0.053955
v 0.185791 0.810547 -0.060791
v 0.128174 0.826660 -0.008545
v 0.134033 0.833496 -0.022705
v 0.144287 0.821289 -0.014893
v 0.148682 0.812988 -0.014404
v 0.148682 0.828125 -0.026611
v 0.136475 0.836914 -0.038330
v 0.135986 0.833008 -0.053955
v 0.149658 0.831055 -0.039795
v 0.151123 0.814941 -0.061768
v 0.147217 0.828125 -0.053467
v 0.159424 0.816895 -0.023682
v 0.167236 0.816406 -0.023682
v 0.183838 0.812988 -0.024170
v 0.163818 0.819336 -0.032959
v 0.162354 0.821777 -0.041748
v 0.168213 0.818359 -0.033447
v 0.168213 0.822266 -0.042236
v 0.158447 0.821289 -0.051514
v 0.166748 0.820312 -0.052490
v 0.164795 0.814453 -0.062256
v 0.184814 0.815918 -0.032959
v 0.185791 0.818848 -0.041748
v 0.186279 0.816406 -0.051514
v 0.139404 0.767578 -0.063721
v 0.139404 0.778320 -0.071045
v 0.154541 0.767090 -0.068115
v 0.126709 0.791504 -0.069580
v 0.128174 0.800293 -0.069580
v 0.125732 0.811035 -0.071045
v 0.137939 0.804199 -0.067627
v 0.133057 0.808594 -0.069092
v 0.141357 0.790039 -0.072998
v 0.156982 0.778809 -0.073975
v 0.179932 0.766113 -0.066162
v 0.181885 0.776855 -0.072510
v 0.158936 0.791016 -0.074463
v 0.161865 0.804688 -0.071533
v 0.183838 0.789551 -0.072510
v 0.185303 0.802246 -0.070068
v 0.133545 0.822754 -0.065674
v 0.141846 0.819824 -0.064697
v 0.197998 0.780273 -0.007080
v 0.197998 0.773438 -0.013916
v 0.198486 0.770020 -0.023193
v 0.211182 0.778809 -0.011475
v 0.209717 0.774414 -0.017334
v 0.209717 0.771973 -0.025147
v 0.210693 0.766113 -0.030518
v 0.198975 0.789551 -0.005615
v 0.199951 0.798828 -0.008057
v 0.200439 0.804199 -0.015869
v 0.201416 0.806641 -0.025146
v 0.212158 0.786621 -0.010010
v 0.212158 0.793945 -0.011963
v 0.211670 0.798828 -0.017822
v 0.212158 0.802246 -0.025635
v 0.198975 0.770508 -0.031494
v 0.200439 0.765625 -0.041748
v 0.201904 0.763672 -0.052002
v 0.212646 0.762207 -0.040771
v 0.214600 0.762695 -0.051514
v 0.204346 0.767578 -0.062256
v 0.217041 0.768066 -0.060303
v 0.215088 0.811035 -0.032471
v 0.206787 0.806152 -0.057861
v 0.218018 0.812012 -0.050049
v 0.221436 0.762695 -0.029053
v 0.230713 0.760254 -0.028076
v 0.220459 0.774414 -0.024170
v 0.230225 0.770996 -0.024170
v 0.230713 0.776855 -0.024170
v 0.240479 0.758789 -0.026123
v 0.239502 0.768555 -0.020752
v 0.239990 0.780273 -0.021729
v 0.224365 0.782227 -0.016846
v 0.222900 0.792969 -0.022217
v 0.231201 0.781738 -0.020752
v 0.230713 0.789062 -0.022217
v 0.223877 0.803223 -0.023682
v 0.232178 0.802734 -0.021729
v 0.239014 0.790527 -0.016846
v 0.240967 0.801758 -0.018311
v 0.235107 0.809570 -0.030029
v 0.243896 0.808594 -0.026611
v 0.223877 0.759766 -0.039795
v 0.233643 0.758301 -0.038818
v 0.226318 0.760742 -0.051025
v 0.228760 0.766602 -0.060303
v 0.242920 0.756348 -0.036865
v 0.236084 0.759277 -0.050049
v 0.238525 0.765137 -0.059326
v 0.245850 0.757812 -0.048096
v 0.248291 0.762207 -0.058350
v 0.225830 0.810547 -0.031494
v 0.227783 0.812012 -0.040772
v 0.218994 0.804199 -0.056885
v 0.229248 0.812012 -0.050049
v 0.230225 0.802734 -0.055420
v 0.246826 0.811523 -0.036865
v 0.248779 0.810059 -0.046631
v 0.239014 0.811035 -0.049072
v 0.239990 0.802246 -0.055420
v 0.249756 0.801758 -0.054932
v 0.202881 0.812500 -0.032959
v 0.204346 0.813965 -0.041260
v 0.216553 0.812988 -0.041260
v 0.205811 0.812500 -0.050049
v 0.237061 0.812500 -0.039795
v 0.206299 0.776367 -0.069092
v 0.207275 0.787598 -0.070557
v 0.207764 0.798340 -0.066650
v 0.218994 0.775879 -0.068115
v 0.230713 0.774902 -0.067627
v 0.240479 0.773438 -0.066650
v 0.219971 0.786621 -0.070068
v 0.231201 0.794922 -0.063721
v 0.231689 0.785645 -0.070557
v 0.219971 0.796875 -0.065186
v 0.241943 0.784180 -0.070068
v 0.240967 0.793457 -0.062744
v 0.252686 0.777832 -0.015381
v 0.254639 0.757812 -0.023193
v 0.253174 0.767090 -0.016846
v 0.267334 0.766602 -0.015381
v 0.266357 0.775879 -0.011963
v 0.269287 0.758789 -0.022217
v 0.252686 0.788574 -0.011475
v 0.254150 0.799316 -0.013916
v 0.257080 0.805664 -0.022705
v 0.266357 0.786133 -0.009033
v 0.268311 0.795898 -0.011963
v 0.270752 0.801758 -0.020264
v 0.274658 0.805664 -0.030518
v 0.257080 0.755371 -0.034424
v 0.260010 0.756348 -0.045654
v 0.262939 0.759766 -0.056397
v 0.264404 0.770020 -0.060791
v 0.271729 0.756348 -0.031982
v 0.274658 0.757324 -0.042725
v 0.277588 0.760742 -0.052490
v 0.279053 0.770020 -0.056885
v 0.280029 0.780273 -0.058838
v 0.260498 0.809082 -0.033447
v 0.262939 0.808105 -0.043213
v 0.250244 0.791504 -0.059814
v 0.265381 0.791504 -0.059326
v 0.263916 0.800293 -0.052002
v 0.276611 0.804688 -0.038818
v 0.280029 0.790527 -0.055908
v 0.278564 0.798828 -0.048584
v 0.283447 0.767090 -0.015381
v 0.281982 0.774902 -0.010986
v 0.285400 0.761230 -0.021240
v 0.288330 0.759766 -0.030029
v 0.302002 0.772949 -0.009522
v 0.303467 0.767090 -0.013428
v 0.302002 0.779785 -0.008057
v 0.305908 0.762695 -0.018799
v 0.309326 0.762207 -0.025635
v 0.281982 0.783203 -0.009033
v 0.283447 0.791504 -0.011963
v 0.286377 0.797363 -0.018799
v 0.290771 0.800781 -0.029541
v 0.303467 0.787109 -0.009522
v 0.306396 0.792480 -0.014404
v 0.310791 0.794434 -0.023193
v 0.291260 0.760742 -0.038330
v 0.294189 0.763672 -0.046631
v 0.296143 0.771484 -0.050537
v 0.296631 0.780273 -0.051514
v 0.294678 0.795410 -0.041748
v 0.296631 0.789062 -0.049072
v 0.250244 0.772461 -0.063232
v 0.265381 0.780762 -0.062744
v 0.251709 0.782715 -0.067139
v 0.316650 0.771484 -0.007080
v 0.316162 0.777832 -0.005127
v 0.318115 0.766602 -0.010986
v 0.320557 0.763184 -0.016357
v 0.323486 0.762695 -0.022217
v 0.326904 0.763184 -0.028564
v 0.331299 0.764648 -0.006592
v 0.333740 0.762207 -0.012451
v 0.337158 0.763672 -0.004150
v 0.340088 0.762207 -0.002197
v 0.339111 0.761719 -0.010986
v 0.343018 0.760742 -0.009033
v 0.329834 0.769531 -0.002686
v 0.329346 0.775391 -0.000244
v 0.336670 0.761719 -0.019287
v 0.342041 0.761230 -0.017822
v 0.339600 0.763184 -0.025635
v 0.341553 0.767578 -0.029053
v 0.343018 0.772949 -0.031006
v 0.317139 0.784668 -0.005615
v 0.320557 0.789062 -0.011475
v 0.324463 0.790039 -0.018799
v 0.331299 0.782227 -0.001709
v 0.334717 0.785645 -0.007568
v 0.342041 0.784668 -0.005127
v 0.337158 0.787109 -0.014404
v 0.328369 0.789062 -0.027100
v 0.340088 0.787109 -0.021240
v 0.342529 0.785156 -0.028076
v 0.312744 0.763184 -0.032471
v 0.315674 0.766113 -0.038818
v 0.317627 0.772461 -0.041748
v 0.318115 0.779785 -0.041748
v 0.329834 0.767090 -0.033447
v 0.331299 0.772949 -0.035889
v 0.331787 0.779297 -0.035889
v 0.343506 0.779297 -0.031494
v 0.315186 0.791504 -0.032959
v 0.317627 0.787109 -0.039307
v 0.331299 0.786133 -0.033447
v 0.347412 0.756348 -0.004639
v 0.351318 0.757812 -0.012939
v 0.357666 0.757324 -0.007080
v 0.345947 0.760742 -0.016846
v 0.344971 0.763184 -0.024170
v 0.348877 0.762207 -0.023682
v 0.353271 0.757324 -0.016357
v 0.355225 0.757812 -0.022217
v 0.356201 0.760254 -0.026123
v 0.347412 0.767578 -0.027588
v 0.351318 0.767090 -0.027100
v 0.350342 0.772461 -0.029053
v 0.351318 0.778809 -0.028564
v 0.358154 0.765625 -0.028564
v 0.357666 0.771484 -0.028076
v 0.358154 0.777832 -0.025635
v 0.362061 0.758301 -0.001709
v 0.360107 0.757324 -0.011963
v 0.368896 0.759766 -0.006104
v 0.365479 0.780273 -0.015381
v 0.368896 0.780762 -0.001221
v 0.370361 0.780273 -0.007080
v 0.371826 0.778809 -0.012451
v 0.362061 0.756348 -0.020264
v 0.364014 0.759277 -0.026123
v 0.365479 0.764648 -0.028076
v 0.370361 0.756836 -0.016846
v 0.370361 0.759277 -0.024170
v 0.371826 0.764160 -0.026611
v 0.366455 0.776855 -0.022217
v 0.366455 0.770508 -0.026611
v 0.372803 0.776855 -0.018311
v 0.372803 0.773926 -0.021729
v 0.372803 0.769043 -0.025147
v 0.350342 0.783203 -0.001709
v 0.344971 0.786133 -0.011475
v 0.352783 0.784668 -0.008057
v 0.355225 0.784180 -0.014404
v 0.347900 0.785645 -0.017822
v 0.349854 0.783203 -0.023682
v 0.356689 0.782227 -0.019775
v 0.362061 0.782227 -0.004150
v 0.364014 0.781738 -0.010010
v 0.375732 0.759277 -0.006592
v 0.380615 0.757812 -0.006104
v 0.375732 0.757324 -0.015381
v 0.379150 0.757324 -0.014893
v 0.386963 0.756836 -0.004639
v 0.386475 0.755859 -0.010498
v 0.375732 0.779297 -0.000732
v 0.376709 0.778809 -0.004639
v 0.382568 0.777344 -0.002686
v 0.377686 0.777832 -0.008545
v 0.378174 0.777344 -0.010986
v 0.378662 0.775879 -0.015381
v 0.383545 0.777344 -0.006104
v 0.388428 0.775391 -0.001221
v 0.389404 0.775879 -0.004150
v 0.389404 0.774902 -0.007568
v 0.388916 0.772461 -0.010986
v 0.389893 0.771973 -0.015381
v 0.384033 0.775879 -0.009522
v 0.384521 0.774414 -0.012939
v 0.377197 0.759277 -0.021729
v 0.378662 0.763184 -0.024170
v 0.385010 0.756348 -0.015869
v 0.383057 0.759277 -0.020752
v 0.383545 0.762695 -0.022705
v 0.388916 0.758301 -0.019287
v 0.389404 0.762207 -0.021240
v 0.379639 0.771973 -0.020752
v 0.379639 0.773438 -0.019287
v 0.379150 0.767578 -0.023682
v 0.384033 0.766602 -0.022217
v 0.384521 0.770020 -0.020264
v 0.389893 0.769531 -0.019287
v 0.389893 0.766113 -0.020752
v 0.385010 0.773438 -0.016846
v 0.392822 0.758301 -0.003174
v 0.395752 0.759277 -0.002686
v 0.397705 0.759277 -0.002197
v 0.396729 0.761230 -0.006104
v 0.398193 0.764160 -0.007080
v 0.390869 0.756348 -0.014893
v 0.393311 0.757324 -0.013916
v 0.392334 0.758301 -0.009522
v 0.393799 0.760742 -0.008545
v 0.395752 0.759766 -0.009522
v 0.395752 0.764160 -0.008057
v 0.398193 0.763184 -0.008057
v 0.395752 0.758301 -0.013428
v 0.401123 0.758789 -0.001221
v 0.399170 0.762695 -0.007568
v 0.402588 0.760254 -0.004639
v 0.403076 0.762207 -0.006592
v 0.403076 0.764160 -0.006104
v 0.403564 0.765137 -0.007080
v 0.399170 0.759766 -0.009033
v 0.399658 0.758301 -0.011963
v 0.400635 0.759277 -0.014893
v 0.403076 0.759766 -0.008057
v 0.403564 0.758789 -0.010986
v 0.404541 0.759277 -0.013916
v 0.405029 0.761230 -0.015381
v 0.405518 0.763672 -0.014893
v 0.394287 0.771973 -0.006592
v 0.397705 0.771973 -0.002686
v 0.396729 0.768555 -0.007568
v 0.397705 0.770508 -0.005615
v 0.394287 0.773438 -0.003174
v 0.393799 0.770508 -0.008545
v 0.393311 0.769531 -0.010010
v 0.392822 0.769531 -0.011963
v 0.393311 0.769531 -0.014893
v 0.396240 0.767090 -0.009522
v 0.395264 0.767578 -0.009033
v 0.396729 0.768066 -0.010986
v 0.397217 0.768555 -0.013916
v 0.402100 0.770996 -0.001709
v 0.406006 0.769043 -0.003174
v 0.405518 0.770020 -0.000732
v 0.402588 0.767578 -0.005615
v 0.402588 0.769531 -0.004150
v 0.399658 0.765625 -0.008057
v 0.400146 0.767578 -0.010010
v 0.401123 0.767578 -0.012451
v 0.401611 0.766602 -0.014893
v 0.404053 0.766602 -0.009033
v 0.405029 0.767090 -0.011475
v 0.405518 0.765625 -0.013916
v 0.392822 0.759277 -0.018311
v 0.393311 0.762207 -0.019287
v 0.393311 0.765137 -0.019287
v 0.396729 0.759766 -0.016357
v 0.397705 0.764648 -0.017334
v 0.397217 0.762207 -0.017822
v 0.401123 0.761719 -0.016357
v 0.401611 0.764160 -0.016357
v 0.393311 0.768066 -0.017822
v 0.397705 0.767090 -0.016357
v 0.407471 0.759766 -0.003174
v 0.408936 0.759766 -0.002686
v 0.406982 0.759277 -0.007080
v 0.407959 0.763184 -0.004639
v 0.406982 0.761719 -0.006104
v 0.407471 0.764160 -0.006592
v 0.409424 0.763184 -0.004150
v 0.410889 0.759277 -0.002197
v 0.411865 0.762695 -0.003662
v 0.410889 0.761230 -0.005127
v 0.410889 0.759277 -0.006104
v 0.410889 0.763672 -0.005127
v 0.411865 0.765137 -0.007080
v 0.407471 0.758301 -0.009522
v 0.408447 0.758789 -0.012451
v 0.408936 0.760742 -0.013916
v 0.409424 0.765137 -0.012451
v 0.409424 0.763184 -0.013916
v 0.411377 0.758301 -0.008545
v 0.412354 0.758789 -0.010986
v 0.412354 0.765137 -0.009033
v 0.412842 0.764160 -0.010986
v 0.412842 0.760254 -0.012451
v 0.413330 0.762207 -0.012451
v 0.415283 0.758789 -0.000732
v 0.414307 0.760742 -0.003662
v 0.417236 0.760742 -0.003174
v 0.415771 0.761719 -0.002197
v 0.416260 0.764648 -0.001221
v 0.414307 0.758789 -0.005127
v 0.414795 0.757812 -0.007080
v 0.417236 0.758789 -0.004150
v 0.414795 0.763184 -0.004150
v 0.415283 0.764160 -0.005615
v 0.417236 0.763184 -0.004150
v 0.417236 0.763672 -0.005127
v 0.418701 0.760742 -0.003174
v 0.420654 0.760742 -0.000244
v 0.420166 0.760742 -0.003662
v 0.418701 0.762207 -0.003662
v 0.420654 0.762207 -0.003662
v 0.418701 0.759277 -0.004150
v 0.419189 0.758301 -0.005615
v 0.418213 0.757812 -0.006104
v 0.420166 0.759277 -0.004639
v 0.420654 0.759277 -0.005615
v 0.421631 0.760742 -0.005127
v 0.420166 0.758789 -0.007568
v 0.421143 0.759277 -0.006592
v 0.421631 0.760254 -0.007080
v 0.418213 0.764160 -0.007568
v 0.421631 0.761719 -0.005615
v 0.421631 0.761719 -0.007568
v 0.415771 0.757812 -0.009522
v 0.416260 0.759766 -0.010986
v 0.416260 0.764648 -0.008057
v 0.416748 0.761719 -0.010986
v 0.416748 0.763672 -0.010010
v 0.418701 0.758301 -0.008545
v 0.419678 0.759766 -0.009522
v 0.420654 0.759766 -0.008545
v 0.418701 0.763184 -0.009033
v 0.419678 0.761719 -0.009522
v 0.421143 0.761719 -0.008545
v 0.409424 0.767090 -0.003662
v 0.408447 0.768555 -0.002686
v 0.406982 0.767090 -0.004150
v 0.410400 0.768066 -0.001709
v 0.411865 0.767578 -0.001221
v 0.410400 0.766602 -0.003174
v 0.412354 0.766113 -0.002686
v 0.407959 0.765625 -0.008057
v 0.408936 0.766113 -0.010498
v 0.415771 0.766113 -0.000244
vt 0.552463 0.145754
vt 0.554421 0.148835
vt 0.540538 0.149815
vt 0.571718 0.217062
vt 0.574396 0.216330
vt 0.574731 0.218299
vt 0.573431 0.226385
vt 0.577638 0.228069
vt 0.575870 0.228542
vt 0.575330 0.225388
vt 0.555468 0.152655
vt 0.552840 0.152211
vt 0.574292 0.209081
vt 0.572864 0.211523
vt 0.572460 0.210384
vt 0.571742 0.207272
vt 0.573885 0.206032
vt 0.554827 0.156173
vt 0.555354 0.159254
vt 0.553292 0.156369
vt 0.570375 0.207852
vt 0.555686 0.163034
vt 0.552690 0.162972
vt 0.569555 0.212590
vt 0.573349 0.214601
vt 0.571357 0.213232
vt 0.560412 0.225630
vt 0.574276 0.232262
vt 0.566816 0.238968
vt 0.564867 0.208762
vt 0.553943 0.215179
vt 0.552021 0.218573
vt 0.566220 0.204120
vt 0.568812 0.205749
vt 0.553847 0.166402
vt 0.563723 0.203765
vt 0.558381 0.209286
vt 0.545297 0.172903
vt 0.543951 0.168552
vt 0.548081 0.168293
vt 0.537900 0.168166
vt 0.540013 0.161214
vt 0.538806 0.136374
vt 0.543765 0.130916
vt 0.546785 0.133499
vt 0.548211 0.136347
vt 0.577149 0.230646
vt 0.577045 0.232823
vt 0.571574 0.241695
vt 0.575170 0.234555
vt 0.548399 0.139174
vt 0.567913 0.242847
vt 0.561793 0.239080
vt 0.529014 0.133586
vt 0.528408 0.138761
vt 0.523188 0.134068
vt 0.571682 0.244849
vt 0.573030 0.244959
vt 0.572350 0.247107
vt 0.539820 0.123278
vt 0.540131 0.126381
vt 0.536243 0.125404
vt 0.536308 0.121361
vt 0.537238 0.120433
vt 0.568621 0.252620
vt 0.571239 0.249068
vt 0.572376 0.250022
vt 0.565984 0.248569
vt 0.564277 0.255964
vt 0.569360 0.246798
vt 0.556958 0.248737
vt 0.521422 0.147497
vt 0.528691 0.147387
vt 0.555975 0.231362
vt 0.548918 0.241367
vt 0.550350 0.226262
vt 0.554718 0.210485
vt 0.527178 0.152307
vt 0.519939 0.158259
vt 0.530203 0.159674
vt 0.528247 0.166353
vt 0.517269 0.172045
vt 0.564387 0.201144
vt 0.561680 0.198680
vt 0.563121 0.196102
vt 0.566476 0.198546
vt 0.564861 0.194144
vt 0.547116 0.180224
vt 0.549287 0.177878
vt 0.548981 0.180623
vt 0.548056 0.174666
vt 0.548669 0.182761
vt 0.547034 0.184625
vt 0.557789 0.206015
vt 0.541708 0.172222
vt 0.540614 0.178980
vt 0.537351 0.178274
vt 0.548952 0.210463
vt 0.550685 0.205555
vt 0.552600 0.207412
vt 0.528143 0.166763
vt 0.526679 0.176084
vt 0.542396 0.205058
vt 0.544715 0.199864
vt 0.546176 0.201372
vt 0.533969 0.215058
vt 0.536442 0.209097
vt 0.539405 0.210698
vt 0.512327 0.190524
vt 0.516444 0.185578
vt 0.521091 0.191307
vt 0.472588 0.198756
vt 0.481648 0.193454
vt 0.482575 0.199642
vt 0.449110 0.185568
vt 0.440026 0.173946
vt 0.461813 0.177018
vt 0.427543 0.168986
vt 0.436990 0.159941
vt 0.194382 0.169597
vt 0.193651 0.160998
vt 0.214953 0.165751
vt 0.184849 0.210645
vt 0.182506 0.202097
vt 0.200281 0.197888
vt 0.201813 0.213086
vt 0.187018 0.218062
vt 0.172768 0.223170
vt 0.159243 0.223694
vt 0.170503 0.217300
vt 0.117885 0.172110
vt 0.118340 0.185622
vt 0.101048 0.177592
vt 0.121298 0.203190
vt 0.105195 0.198540
vt 0.153243 0.235400
vt 0.145014 0.225802
vt 0.161497 0.245776
vt 0.106674 0.206985
vt 0.729107 0.824790
vt 0.724863 0.843819
vt 0.718330 0.836596
vt 0.742610 0.836916
vt 0.731154 0.852284
vt 0.760213 0.858178
vt 0.772777 0.827270
vt 0.771352 0.854864
vt 0.765744 0.881084
vt 0.746090 0.880718
vt 0.750617 0.887265
vt 0.919460 0.180022
vt 0.919409 0.181955
vt 0.917887 0.181198
vt 0.915913 0.184045
vt 0.917160 0.185211
vt 0.914777 0.185605
vt 0.961946 0.096976
vt 0.963224 0.097584
vt 0.961748 0.098214
vt 0.960715 0.097950
vt 0.959980 0.098310
vt 0.963029 0.096166
vt 0.964107 0.096657
vt 0.960662 0.094772
vt 0.963944 0.095362
vt 0.964491 0.094793
vt 0.985746 0.071822
vt 0.984466 0.071415
vt 0.984783 0.070412
vt 0.984214 0.072191
vt 0.986928 0.070529
vt 0.891705 0.205638
vt 0.894094 0.205914
vt 0.893293 0.207626
vt 0.981668 0.070280
vt 0.985535 0.069305
vt 0.987262 0.069016
vt 0.982632 0.068365
vt 0.887444 0.208759
vt 0.888715 0.206869
vt 0.889371 0.209433
vt 0.986107 0.068085
vt 0.986710 0.067590
vt 0.860887 0.211266
vt 0.863032 0.211144
vt 0.861307 0.212770
vt 0.989899 0.035896
vt 0.989752 0.036761
vt 0.988782 0.036648
vt 0.988583 0.035146
vt 0.989560 0.034530
vt 0.988290 0.032959
vt 0.989313 0.031675
vt 0.990617 0.033247
vt 0.988503 0.037432
vt 0.988466 0.038422
vt 0.861056 0.209946
vt 0.985166 0.035849
vt 0.985612 0.037807
vt 0.988392 0.033927
vt 0.957097 0.075273
vt 0.954291 0.077368
vt 0.953500 0.075863
vt 0.956375 0.074403
vt 0.963986 0.064404
vt 0.965258 0.065122
vt 0.963518 0.067974
vt 0.962253 0.067272
vt 0.960755 0.063731
vt 0.945439 0.081831
vt 0.946229 0.082279
vt 0.943523 0.085043
vt 0.970715 0.053371
vt 0.969544 0.057059
vt 0.968178 0.055738
vt 0.968792 0.040216
vt 0.970167 0.039986
vt 0.970174 0.043417
vt 0.968681 0.043499
vt 0.966744 0.040298
vt 0.942594 0.083841
vt 0.923031 0.097738
vt 0.920502 0.096703
vt 0.921299 0.095932
vt 0.910850 0.123136
vt 0.913011 0.122778
vt 0.911201 0.125292
vt 0.917759 0.093120
vt 0.919484 0.097366
vt 0.922563 0.093600
vt 0.922314 0.095080
vt 0.909257 0.124156
vt 0.918409 0.098111
vt 0.916932 0.097641
vt 0.914584 0.095628
vt 0.920842 0.090605
vt 0.909402 0.094166
vt 0.906984 0.090611
vt 0.911358 0.089572
vt 0.912542 0.091916
vt 0.915643 0.089647
vt 0.914669 0.087337
vt 0.918170 0.085859
vt 0.944535 0.080646
vt 0.952644 0.074636
vt 0.946987 0.061577
vt 0.950244 0.058970
vt 0.951968 0.061419
vt 0.959019 0.047795
vt 0.955202 0.048295
vt 0.954438 0.043684
vt 0.869447 0.160711
vt 0.863503 0.162614
vt 0.866010 0.153320
vt 0.854338 0.155043
vt 0.855580 0.163022
vt 0.947336 0.045221
vt 0.949200 0.040944
vt 0.919619 0.066378
vt 0.915140 0.065629
vt 0.918240 0.058691
vt 0.911777 0.053552
vt 0.919517 0.054148
vt 0.848541 0.161426
vt 0.844765 0.152922
vt 0.864058 0.146726
vt 0.853890 0.149355
vt 0.854063 0.142180
vt 0.917011 0.039626
vt 0.924204 0.042424
vt 0.923693 0.044704
vt 0.925323 0.040208
vt 0.909957 0.087514
vt 0.918637 0.071993
vt 0.914629 0.068748
vt 0.880433 0.125898
vt 0.876210 0.128074
vt 0.874333 0.124353
vt 0.869885 0.130641
vt 0.865049 0.137648
vt 0.873074 0.139172
vt 0.907255 0.064564
vt 0.909467 0.060255
vt 0.902628 0.068176
vt 0.898645 0.062643
vt 0.896972 0.059330
vt 0.903055 0.056204
vt 0.891775 0.052364
vt 0.882026 0.054236
vt 0.887120 0.057795
vt 0.883865 0.059854
vt 0.886248 0.048662
vt 0.883306 0.046591
vt 0.888038 0.041614
vt 0.928009 0.531102
vt 0.907765 0.547128
vt 0.908092 0.524452
vt 0.898459 0.543929
vt 0.920409 0.551506
vt 0.710814 0.936764
vt 0.725255 0.920823
vt 0.732034 0.930357
vt 0.009427 0.490060
vt 0.018077 0.507936
vt 0.012151 0.506593
vt 0.772404 0.938770
vt 0.766306 0.953046
vt 0.762022 0.939584
vt 0.783117 0.952289
vt 0.783134 0.938106
vt 0.042472 0.465083
vt 0.043306 0.440809
vt 0.051302 0.439940
vt 0.793403 0.938746
vt 0.799528 0.953058
vt 0.036666 0.430530
vt 0.046098 0.430492
vt 0.043343 0.419809
vt 0.147200 0.500509
vt 0.155589 0.525071
vt 0.137492 0.519688
vt 0.188356 0.486690
vt 0.166665 0.499510
vt 0.162408 0.484230
vt 0.175718 0.512642
vt 0.195416 0.502811
vt 0.296531 0.504674
vt 0.292879 0.494691
vt 0.312417 0.488225
vt 0.052357 0.430556
vt 0.051348 0.420716
vt 0.042633 0.395536
vt 0.185164 0.468211
vt 0.209251 0.476666
vt 0.698037 0.794833
vt 0.695137 0.803244
vt 0.674539 0.790312
vt 0.686033 0.782183
vt 0.701515 0.786938
vt 0.716653 0.793623
vt 0.672956 0.778104
vt 0.712162 0.782054
vt 0.667859 0.819640
vt 0.680091 0.831345
vt 0.665900 0.832962
vt 0.667872 0.845584
vt 0.222010 0.501798
vt 0.203646 0.514818
vt 0.654063 0.821150
vt 0.655097 0.810569
vt 0.268512 0.514869
vt 0.261300 0.503019
vt 0.270475 0.499318
vt 0.226461 0.449188
vt 0.225115 0.430806
vt 0.236546 0.443130
vt 0.239214 0.454985
vt 0.226467 0.411935
vt 0.236548 0.418005
vt 0.239215 0.406147
vt 0.270890 0.468779
vt 0.263622 0.486923
vt 0.251951 0.468042
vt 0.073868 0.718021
vt 0.073081 0.720634
vt 0.070189 0.719450
vt 0.071770 0.725429
vt 0.073761 0.712047
vt 0.069964 0.711061
vt 0.072880 0.709479
vt 0.071164 0.732618
vt 0.066339 0.728059
vt 0.075948 0.742477
vt 0.070713 0.741870
vt 0.071386 0.704780
vt 0.104025 0.716225
vt 0.104539 0.716373
vt 0.103584 0.718183
vt 0.102308 0.716588
vt 0.103462 0.716171
vt 0.102859 0.717385
vt 0.101989 0.718187
vt 0.107170 0.717913
vt 0.104592 0.718789
vt 0.105282 0.716681
vt 0.105358 0.721522
vt 0.103189 0.720318
vt 0.103312 0.715448
vt 0.101062 0.718061
vt 0.102203 0.715459
vt 0.101065 0.716295
vt 0.101029 0.717251
vt 0.110648 0.719003
vt 0.111239 0.716413
vt 0.113632 0.716458
vt 0.111070 0.711717
vt 0.110238 0.709008
vt 0.113465 0.711489
vt 0.107745 0.734705
vt 0.109580 0.739848
vt 0.105195 0.741605
vt 0.108444 0.747281
vt 0.113483 0.745269
vt 0.111013 0.751353
vt 0.099980 0.735061
vt 0.096981 0.729791
vt 0.102928 0.733046
vt 0.122676 0.743629
vt 0.124969 0.747296
vt 0.119026 0.745977
vt 0.083562 0.778823
vt 0.077980 0.764687
vt 0.082930 0.763916
vt 0.073245 0.767584
vt 0.093901 0.771037
vt 0.096290 0.772631
vt 0.094280 0.776327
vt 0.063288 0.778799
vt 0.095640 0.788184
vt 0.096174 0.779109
vt 0.085232 0.792333
vt 0.102333 0.772973
vt 0.099298 0.773689
vt 0.097336 0.771163
vt 0.104780 0.768664
vt 0.100924 0.774891
vt 0.103894 0.774499
vt 0.105230 0.772059
vt 0.107245 0.771757
vt 0.107803 0.771239
vt 0.108534 0.770217
vt 0.108301 0.767697
vt 0.098466 0.774610
vt 0.102668 0.776467
vt 0.105909 0.775669
vt 0.105581 0.776508
vt 0.098793 0.781317
vt 0.102076 0.777453
vt 0.103983 0.779085
vt 0.106098 0.773773
vt 0.112040 0.768774
vt 0.104650 0.784696
vt 0.109087 0.772696
vt 0.108471 0.772008
vt 0.110081 0.771399
vt 0.115916 0.770751
vt 0.117136 0.769384
vt 0.118082 0.773325
vt 0.121210 0.767656
vt 0.119623 0.772357
vt 0.128425 0.772274
vt 0.117008 0.773717
vt 0.108753 0.773312
vt 0.109696 0.773251
vt 0.111791 0.773663
vt 0.110619 0.772726
vt 0.112503 0.772052
vt 0.114880 0.771843
vt 0.115946 0.773512
vt 0.113712 0.773084
vt 0.114204 0.774600
vt 0.115749 0.775647
vt 0.113107 0.774269
vt 0.120705 0.775398
vt 0.088138 0.726572
vt 0.086491 0.726077
vt 0.088590 0.724125
vt 0.089292 0.722852
vt 0.089967 0.724138
vt 0.088263 0.722177
vt 0.089212 0.721849
vt 0.087099 0.720944
vt 0.086602 0.718526
vt 0.087482 0.720425
vt 0.085921 0.718727
vt 0.087503 0.718520
vt 0.088476 0.720817
vt 0.090651 0.721626
vt 0.092605 0.719690
vt 0.093037 0.720186
vt 0.089813 0.720149
vt 0.090077 0.720765
vt 0.100316 0.720101
vt 0.100042 0.717763
vt 0.094148 0.716000
vt 0.093889 0.716966
vt 0.093089 0.716057
vt 0.093018 0.713264
vt 0.092257 0.711570
vt 0.093744 0.712073
vt 0.094069 0.713253
vt 0.117781 0.729562
vt 0.116945 0.732626
vt 0.116059 0.731179
vt 0.118045 0.733442
vt 0.114555 0.735129
vt 0.117228 0.737311
vt 0.116959 0.738739
vt 0.469841 0.017932
vt 0.470585 0.016582
vt 0.471380 0.018221
vt 0.473868 0.017201
vt 0.474367 0.019356
vt 0.115590 0.729911
vt 0.469099 0.016982
vt 0.469192 0.015442
vt 0.468729 0.018032
vt 0.115992 0.728282
vt 0.116763 0.726956
vt 0.119428 0.732051
vt 0.120468 0.729906
vt 0.117241 0.726315
vt 0.117842 0.726380
vt 0.119100 0.727221
vt 0.120124 0.728184
vt 0.468932 0.011929
vt 0.470820 0.013269
vt 0.468866 0.018687
vt 0.468017 0.018585
vt 0.468580 0.019295
vt 0.468130 0.017737
vt 0.467686 0.019600
vt 0.467087 0.019305
vt 0.466951 0.018651
vt 0.467471 0.017862
vt 0.466937 0.020204
vt 0.467999 0.020552
vt 0.466632 0.021899
vt 0.465235 0.020748
vt 0.467231 0.025293
vt 0.464718 0.023826
vt 0.466178 0.019228
vt 0.464462 0.019108
vt 0.118127 0.738362
vt 0.119281 0.737069
vt 0.119812 0.737271
vt 0.101694 0.721400
vt 0.114840 0.720825
vt 0.116300 0.717099
vt 0.116074 0.724334
vt 0.115049 0.725947
vt 0.114572 0.725540
vt 0.117025 0.723749
vt 0.116769 0.724471
vt 0.118444 0.725247
vt 0.118842 0.724767
vt 0.461925 0.020164
vt 0.461301 0.017688
vt 0.114282 0.706878
vt 0.116116 0.710668
vt 0.114040 0.777295
vt 0.113726 0.775980
vt 0.114728 0.776717
vt 0.120050 0.779197
vt 0.118469 0.778710
vt 0.119166 0.781207
vt 0.126985 0.782430
vt 0.129151 0.718936
vt 0.129794 0.716173
vt 0.135501 0.718699
vt 0.124672 0.717339
vt 0.121984 0.718807
vt 0.122372 0.713676
vt 0.127218 0.716317
vt 0.121548 0.708252
vt 0.124334 0.709459
vt 0.128590 0.707470
vt 0.129497 0.710124
vt 0.126939 0.710233
vt 0.134910 0.707409
vt 0.202397 0.804718
vt 0.192938 0.798646
vt 0.206963 0.786687
vt 0.180730 0.628196
vt 0.189374 0.622025
vt 0.194475 0.637770
vt 0.440454 0.102037
vt 0.446885 0.097303
vt 0.457705 0.113493
vt 0.314332 0.117267
vt 0.348266 0.108704
vt 0.350797 0.119319
vt 0.507721 0.275374
vt 0.499834 0.284029
vt 0.496221 0.279806
vt 0.496048 0.308554
vt 0.495139 0.305139
vt 0.502109 0.304158
vt 0.491210 0.304599
vt 0.491260 0.300253
vt 0.486775 0.299828
vt 0.487114 0.295191
vt 0.488465 0.302905
vt 0.483031 0.295488
vt 0.484516 0.291181
vt 0.434629 0.078314
vt 0.449955 0.073966
vt 0.442793 0.087845
vt 0.435736 0.091642
vt 0.423744 0.035951
vt 0.414501 0.024336
vt 0.426805 0.023695
vt 0.439077 0.038111
vt 0.441519 0.045377
vt 0.427755 0.047814
vt 0.290738 0.221981
vt 0.287914 0.210643
vt 0.306601 0.208357
vt 0.166999 0.073112
vt 0.184108 0.070799
vt 0.185989 0.080911
vt 0.161452 0.140079
vt 0.147948 0.142227
vt 0.152565 0.116541
vt 0.135106 0.143911
vt 0.134484 0.130602
vt 0.133571 0.114416
vt 0.097391 0.087055
vt 0.109941 0.077987
vt 0.110557 0.094062
vt 0.097198 0.097780
vt 0.097598 0.070719
vt 0.110929 0.060805
vt 0.097465 0.053881
vt 0.823078 0.650361
vt 0.841018 0.631402
vt 0.846523 0.646956
vt 0.853805 0.634301
vt 0.864742 0.613166
vt 0.863935 0.635052
vt 0.833878 0.661924
vt 0.862238 0.655390
vt 0.971015 0.004103
vt 0.971299 0.005438
vt 0.967923 0.005434
vt 0.971237 0.006454
vt 0.970229 0.007233
vt 0.969085 0.007011
vt 0.967670 0.004021
vt 0.969013 0.002864
vt 0.970161 0.003196
vt 0.968011 0.002755
vt 0.969739 0.028053
vt 0.969824 0.031392
vt 0.968357 0.031359
vt 0.948907 0.024174
vt 0.954584 0.021622
vt 0.953647 0.023303
vt 0.848007 0.169493
vt 0.842957 0.164334
vt 0.843273 0.158450
vt 0.941557 0.025531
vt 0.948934 0.026631
vt 0.947084 0.021923
vt 0.838122 0.155666
vt 0.920178 0.027400
vt 0.927896 0.028347
vt 0.927511 0.031161
vt 0.928670 0.015866
vt 0.928675 0.018361
vt 0.921987 0.016403
vt 0.915040 0.017215
vt 0.921117 0.020929
vt 0.840174 0.121131
vt 0.845007 0.126099
vt 0.841880 0.128541
vt 0.837503 0.130877
vt 0.833374 0.131488
vt 0.833808 0.124597
vt 0.572042 0.564442
vt 0.576902 0.567122
vt 0.570902 0.568810
vt 0.607077 0.628343
vt 0.611831 0.644011
vt 0.603980 0.643966
vt 0.621933 0.643517
vt 0.622950 0.656856
vt 0.603671 0.657750
vt 0.657444 0.665277
vt 0.665559 0.673533
vt 0.659531 0.675878
vt 0.650065 0.677963
vt 0.645630 0.667840
vt 0.612858 0.670817
vt 0.623331 0.670390
vt 0.603572 0.670554
vt 0.361959 0.599473
vt 0.369266 0.613222
vt 0.352613 0.615029
vt 0.874870 0.636342
vt 0.384366 0.592062
vt 0.389917 0.582029
vt 0.393921 0.593723
vt 0.332536 0.477416
vt 0.320368 0.455888
vt 0.335190 0.452908
vt 0.535081 0.822310
vt 0.512900 0.820305
vt 0.522878 0.812109
vt 0.352829 0.450896
vt 0.351276 0.434351
vt 0.370811 0.447331
vt 0.371406 0.419363
vt 0.673074 0.681983
vt 0.671283 0.670554
vt 0.681566 0.690694
vt 0.674643 0.695365
vt 0.660343 0.684748
vt 0.667983 0.697944
vt 0.661328 0.700254
vt 0.637055 0.701986
vt 0.634891 0.688846
vt 0.646679 0.687772
vt 0.653764 0.701876
vt 0.646163 0.702950
vt 0.668300 0.769894
vt 0.655816 0.769014
vt 0.640914 0.760248
vt 0.650978 0.778641
vt 0.520065 0.753894
vt 0.531399 0.755536
vt 0.524379 0.768857
vt 0.635579 0.776871
vt 0.629052 0.757289
vt 0.578485 0.788818
vt 0.568448 0.791177
vt 0.575961 0.781661
vt 0.578690 0.803488
vt 0.568704 0.802394
vt 0.578864 0.796388
vt 0.530062 0.803677
vt 0.545116 0.800775
vt 0.543243 0.809094
vt 0.349832 0.351922
vt 0.340714 0.369884
vt 0.337172 0.357110
vt 0.367789 0.358379
vt 0.350758 0.385398
vt 0.339289 0.387083
vt 0.364945 0.345160
vt 0.350475 0.416698
vt 0.396260 0.382288
vt 0.374102 0.395931
vt 0.371422 0.375271
vt 0.394558 0.399983
vt 0.395998 0.360366
vt 0.001160 0.846163
vt 0.008778 0.830875
vt 0.026851 0.835491
vt 0.460136 0.375133
vt 0.435448 0.382328
vt 0.435432 0.360202
vt 0.437275 0.399921
vt 0.457623 0.395632
vt 0.008213 0.604989
vt 0.001160 0.590910
vt 0.025417 0.600482
vt 0.106978 0.780107
vt 0.109147 0.780257
vt 0.109041 0.782636
vt 0.109525 0.776236
vt 0.109362 0.777124
vt 0.107611 0.776651
vt 0.108538 0.785319
vt 0.103058 0.790009
vt 0.112390 0.776866
vt 0.113189 0.777685
vt 0.112364 0.778033
vt 0.109368 0.775055
vt 0.108204 0.775000
vt 0.112424 0.775725
vt 0.111009 0.774437
vt 0.110210 0.774953
vt 0.111545 0.779838
vt 0.112966 0.779574
vt 0.111862 0.782912
vt 0.113317 0.792912
vt 0.112202 0.785384
vt 0.117495 0.790933
vt 0.114626 0.803184
vt 0.116819 0.783045
vt 0.126009 0.806188
vt 0.135383 0.808301
vt 0.132223 0.821205
vt 0.152115 0.798247
vt 0.157884 0.800752
vt 0.153921 0.808334
vt 0.162496 0.805558
vt 0.641189 0.019581
vt 0.642257 0.018075
vt 0.645071 0.018940
vt 0.644536 0.017134
vt 0.647231 0.016632
vt 0.625467 0.030069
vt 0.626814 0.025052
vt 0.628786 0.025558
vt 0.650183 0.017849
vt 0.617918 0.026551
vt 0.618928 0.022009
vt 0.620873 0.022900
vt 0.653278 0.023786
vt 0.647725 0.028762
vt 0.646866 0.025580
vt 0.656530 0.020939
vt 0.652128 0.019949
vt 0.656120 0.017009
vt 0.657574 0.026810
vt 0.659856 0.036379
vt 0.655349 0.047860
vt 0.650753 0.039169
vt 0.619592 0.008786
vt 0.624771 0.008030
vt 0.623107 0.010402
vt 0.621562 0.006167
vt 0.625866 0.005661
vt 0.612836 0.011215
vt 0.617986 0.010766
vt 0.614967 0.017449
vt 0.616312 0.007958
vt 0.657359 0.010815
vt 0.660524 0.008585
vt 0.660973 0.011612
vt 0.611574 0.024215
vt 0.614044 0.006499
vt 0.599603 0.022369
vt 0.607558 0.008342
vt 0.609366 0.026923
vt 0.664123 0.023950
vt 0.668817 0.043983
vt 0.666364 0.033944
vt 0.664465 0.008149
vt 0.667669 0.009607
vt 0.608565 0.005005
vt 0.611681 0.004295
vt 0.611212 0.005850
vt 0.608895 0.002819
vt 0.611587 0.001793
vt 0.667438 0.008555
vt 0.602653 0.008471
vt 0.594027 0.010824
vt 0.585779 0.021575
vt 0.606161 0.007039
vt 0.673973 0.035773
vt 0.642009 0.050225
vt 0.637238 0.054577
vt 0.635999 0.045816
vt 0.633901 0.038770
vt 0.636672 0.038583
vt 0.631532 0.045093
vt 0.620074 0.042349
vt 0.621918 0.035373
vt 0.624724 0.037257
vt 0.631204 0.093990
vt 0.629553 0.084117
vt 0.636073 0.084654
vt 0.658107 0.124807
vt 0.645698 0.116682
vt 0.653825 0.103114
vt 0.672368 0.127115
vt 0.663786 0.137110
vt 0.610300 0.037281
vt 0.601900 0.045875
vt 0.603220 0.031767
vt 0.590449 0.039348
vt 0.596412 0.028602
vt 0.679328 0.041432
vt 0.604060 0.005916
vt 0.602081 0.005813
vt 0.600243 0.006369
vt 0.594019 0.009490
vt 0.591099 0.009596
vt 0.588529 0.012285
vt 0.581904 0.022073
vt 0.587386 0.026587
vt 0.581626 0.018326
vt 0.678814 0.033740
vt 0.671702 0.010300
vt 0.674990 0.008498
vt 0.675372 0.022315
vt 0.678122 0.009789
vt 0.682703 0.014059
vt 0.684035 0.022486
vt 0.577287 0.025972
vt 0.580523 0.034719
vt 0.687551 0.033343
vt 0.692586 0.038647
vt 0.692672 0.032301
vt 0.570730 0.030234
vt 0.606956 0.004941
vt 0.671475 0.007584
vt 0.590742 0.007934
vt 0.685331 0.013303
vt 0.588842 0.009458
vt 0.587085 0.010446
vt 0.689238 0.022546
vt 0.688186 0.013285
vt 0.691155 0.014483
vt 0.694021 0.017242
vt 0.577735 0.022159
vt 0.572663 0.024636
vt 0.576542 0.019301
vt 0.578093 0.018163
vt 0.578682 0.019377
vt 0.575003 0.021212
vt 0.573928 0.020202
vt 0.702807 0.021183
vt 0.705784 0.023617
vt 0.704566 0.024279
vt 0.629514 0.397331
vt 0.623844 0.408754
vt 0.623101 0.395312
vt 0.612825 0.415714
vt 0.622631 0.423084
vt 0.601938 0.408001
vt 0.647350 0.366408
vt 0.643334 0.384302
vt 0.634668 0.382400
vt 0.631718 0.365487
vt 0.627787 0.380814
vt 0.643609 0.460155
vt 0.646383 0.445440
vt 0.652056 0.461045
vt 0.663872 0.447213
vt 0.684152 0.371121
vt 0.675484 0.370896
vt 0.678219 0.349996
vt 0.793862 0.855431
vt 0.792234 0.827340
vt 0.804551 0.859127
vt 0.799619 0.882262
vt 0.814486 0.888819
vt 0.818958 0.882173
vt 0.839883 0.843454
vt 0.821931 0.836695
vt 0.835415 0.823808
vt 0.833337 0.852529
vt 0.846321 0.835492
vt 0.803836 0.939543
vt 0.840527 0.920974
vt 0.845091 0.913350
vt 0.860099 0.923627
vt 0.855051 0.936588
vt 0.834054 0.930037
vt 0.009745 0.370451
vt 0.012517 0.353953
vt 0.018439 0.352629
vt 0.906418 0.822303
vt 0.906366 0.799238
vt 0.926698 0.815276
vt 0.896669 0.801933
vt 0.919320 0.794934
vt 0.147396 0.360560
vt 0.137774 0.341367
vt 0.155864 0.336076
vt 0.166825 0.361617
vt 0.188440 0.374455
vt 0.162537 0.376861
vt 0.185227 0.392901
vt 0.209291 0.384477
vt 0.520062 0.488408
vt 0.539380 0.494261
vt 0.536141 0.504462
vt 0.203729 0.345988
vt 0.221648 0.359361
vt 0.195097 0.358318
vt 0.065731 0.702664
vt 0.070373 0.697940
vt 0.069525 0.688821
vt 0.075033 0.688159
vt 0.263593 0.374209
vt 0.270528 0.392519
vt 0.251943 0.393087
vt 0.253225 0.344056
vt 0.248379 0.353775
vt 0.231574 0.345825
vt 0.270433 0.361807
vt 0.261250 0.358116
vt 0.269130 0.346179
vt 0.238902 0.332318
vt 0.225820 0.679535
vt 0.213328 0.676446
vt 0.228308 0.665406
vt 0.239311 0.678356
vt 0.269512 0.673589
vt 0.257331 0.651951
vt 0.265869 0.648673
vt 0.268546 0.631260
vt 0.274303 0.646464
vt 0.277942 0.662306
vt 0.279991 0.636232
vt 0.281217 0.675663
vt 0.247483 0.691889
vt 0.237009 0.692116
vt 0.103292 0.713075
vt 0.102126 0.713243
vt 0.102143 0.712096
vt 0.103293 0.712505
vt 0.103281 0.710469
vt 0.104211 0.712238
vt 0.103873 0.712406
vt 0.100917 0.712485
vt 0.102672 0.711149
vt 0.101705 0.710544
vt 0.100825 0.711536
vt 0.100804 0.710736
vt 0.104268 0.709803
vt 0.106912 0.710505
vt 0.105059 0.711774
vt 0.093028 0.710796
vt 0.087076 0.709246
vt 0.087241 0.711116
vt 0.086361 0.711003
vt 0.090178 0.707661
vt 0.092712 0.709138
vt 0.092139 0.709464
vt 0.099827 0.711098
vt 0.099919 0.708835
vt 0.089692 0.708891
vt 0.089483 0.709519
vt 0.088681 0.707639
vt 0.090654 0.706613
vt 0.093130 0.708490
vt 0.087775 0.707318
vt 0.088566 0.706956
vt 0.085984 0.703452
vt 0.087672 0.703362
vt 0.088252 0.705592
vt 0.089234 0.705163
vt 0.098673 0.694106
vt 0.101706 0.695902
vt 0.096043 0.699487
vt 0.104890 0.707090
vt 0.102767 0.708317
vt 0.101214 0.707255
vt 0.116507 0.704633
vt 0.115045 0.704283
vt 0.116222 0.704026
vt 0.115207 0.703268
vt 0.115888 0.703084
vt 0.114170 0.702025
vt 0.113732 0.702459
vt 0.117477 0.702188
vt 0.117818 0.702886
vt 0.116473 0.698239
vt 0.116217 0.701232
vt 0.115755 0.700865
vt 0.116801 0.701124
vt 0.117964 0.700211
vt 0.114814 0.699423
vt 0.114280 0.697859
vt 0.114660 0.696558
vt 0.115440 0.695384
vt 0.116432 0.694508
vt 0.117859 0.695443
vt 0.119070 0.697478
vt 0.118889 0.699186
vt 0.493979 0.019958
vt 0.495526 0.019865
vt 0.495127 0.021357
vt 0.496478 0.020605
vt 0.496768 0.022121
vt 0.496577 0.019495
vt 0.492047 0.021869
vt 0.490464 0.019668
vt 0.497924 0.025484
vt 0.495729 0.024673
vt 0.496282 0.018896
vt 0.497128 0.018784
vt 0.497230 0.019632
vt 0.106296 0.693977
vt 0.103349 0.687170
vt 0.107743 0.688817
vt 0.496409 0.018237
vt 0.497198 0.017721
vt 0.497676 0.018078
vt 0.498140 0.018452
vt 0.497837 0.019345
vt 0.497770 0.016952
vt 0.498742 0.017710
vt 0.497655 0.015223
vt 0.499279 0.016029
vt 0.500423 0.017405
vt 0.496283 0.012418
vt 0.498695 0.012734
vt 0.114954 0.689153
vt 0.115330 0.690528
vt 0.112878 0.693077
vt 0.502574 0.015759
vt 0.503812 0.017964
vt 0.116146 0.689427
vt 0.117900 0.690301
vt 0.117266 0.690864
vt 0.108368 0.677493
vt 0.111103 0.683079
vt 0.106131 0.681509
vt 0.080569 0.666774
vt 0.075735 0.666231
vt 0.080886 0.653061
vt 0.071300 0.663649
vt 0.061276 0.653171
vt 0.081687 0.639569
vt 0.065757 0.636968
vt 0.122043 0.680441
vt 0.120094 0.684148
vt 0.116380 0.681999
vt 0.090945 0.655085
vt 0.092826 0.657827
vt 0.091049 0.659483
vt 0.092796 0.651717
vt 0.091640 0.643056
vt 0.095184 0.655777
vt 0.093946 0.659223
vt 0.096001 0.656582
vt 0.098721 0.657326
vt 0.101361 0.661103
vt 0.097405 0.655452
vt 0.100189 0.655598
vt 0.101572 0.657858
vt 0.104092 0.658565
vt 0.103576 0.658127
vt 0.104801 0.659312
vt 0.104723 0.661785
vt 0.094948 0.649437
vt 0.102372 0.656307
vt 0.108366 0.660695
vt 0.106248 0.658285
vt 0.104688 0.657826
vt 0.105246 0.657157
vt 0.098932 0.653862
vt 0.101750 0.653665
vt 0.102105 0.654437
vt 0.115404 0.657031
vt 0.117057 0.661221
vt 0.113094 0.659867
vt 0.123597 0.656450
vt 0.112849 0.655811
vt 0.113583 0.655953
vt 0.111896 0.658410
vt 0.104915 0.656594
vt 0.105786 0.656527
vt 0.108587 0.657561
vt 0.106676 0.657047
vt 0.107788 0.655968
vt 0.111780 0.655875
vt 0.110881 0.657486
vt 0.109688 0.656434
vt 0.116011 0.653973
vt 0.110050 0.654960
vt 0.109041 0.655455
vt 0.111372 0.653890
vt 0.114066 0.650806
vt 0.115176 0.650378
vt 0.121547 0.646935
vt 0.114191 0.648509
vt 0.109514 0.653687
vt 0.109740 0.652529
vt 0.110425 0.652958
vt 0.824259 0.108596
vt 0.826348 0.105276
vt 0.829965 0.110444
vt 0.842658 0.104262
vt 0.837712 0.109107
vt 0.835584 0.106172
vt 0.831855 0.100591
vt 0.838875 0.097009
vt 0.828019 0.089251
vt 0.824875 0.095346
vt 0.788266 0.077476
vt 0.786456 0.075236
vt 0.790535 0.074145
vt 0.792093 0.079580
vt 0.794431 0.080741
vt 0.789770 0.082765
vt 0.786537 0.072469
vt 0.787351 0.071609
vt 0.788137 0.070796
vt 0.790531 0.069652
vt 0.793456 0.071081
vt 0.793432 0.085282
vt 0.796509 0.082180
vt 0.796833 0.077737
vt 0.794336 0.076362
vt 0.798238 0.073840
vt 0.821529 0.093666
vt 0.816016 0.089698
vt 0.819635 0.085042
vt 0.950373 0.151615
vt 0.946135 0.149489
vt 0.951862 0.147789
vt 0.956662 0.154212
vt 0.961448 0.161211
vt 0.953450 0.162681
vt 0.818574 0.077131
vt 0.823957 0.082822
vt 0.830071 0.072734
vt 0.830680 0.080497
vt 0.825521 0.074022
vt 0.812209 0.073629
vt 0.815450 0.077639
vt 0.817824 0.072647
vt 0.962255 0.170839
vt 0.972397 0.165786
vt 0.972518 0.172938
vt 0.962746 0.186141
vt 0.956846 0.184174
vt 0.960350 0.176799
vt 0.971970 0.178697
vt 0.838997 0.068553
vt 0.841824 0.067474
vt 0.844656 0.074705
vt 0.844048 0.066888
vt 0.786244 0.068825
vt 0.788878 0.069562
vt 0.822569 0.045273
vt 0.829009 0.049324
vt 0.825328 0.051805
vt 0.970636 0.186662
vt 0.981625 0.176626
vt 0.977714 0.185171
vt 0.825163 0.042011
vt 0.822711 0.040297
vt 0.838914 0.044852
vt 0.840388 0.037740
vt 0.843188 0.042961
vt 0.835797 0.037012
vt 0.800336 0.049722
vt 0.799133 0.048796
vt 0.802338 0.046877
vt 0.803522 0.047776
vt 0.801889 0.046089
vt 0.808283 0.038784
vt 0.808882 0.035192
vt 0.809747 0.035916
vt 0.809507 0.039643
vt 0.806791 0.037975
vt 0.819664 0.028275
vt 0.819947 0.031587
vt 0.816932 0.030144
vt 0.816105 0.028742
vt 0.818953 0.027005
vt 0.836280 0.033202
vt 0.843786 0.023437
vt 0.843714 0.025471
vt 0.840525 0.023541
vt 0.840614 0.022056
vt 0.844008 0.022084
vt 0.906783 0.204178
vt 0.906983 0.202405
vt 0.908297 0.203512
vt 0.785759 0.030263
vt 0.786216 0.031249
vt 0.785637 0.032087
vt 0.787030 0.030064
vt 0.786585 0.028568
vt 0.787865 0.028989
vt 0.789616 0.031275
vt 0.787658 0.027747
vt 0.911232 0.207956
vt 0.909196 0.207694
vt 0.910433 0.206565
vt 0.788784 0.028127
vt 0.789399 0.027587
vt 0.829217 0.019254
vt 0.830479 0.021229
vt 0.827025 0.022697
vt 0.828350 0.024072
vt 0.826252 0.020497
vt 0.846619 0.007440
vt 0.846865 0.004881
vt 0.847673 0.004800
vt 0.848480 0.007490
vt 0.933012 0.230908
vt 0.932179 0.229181
vt 0.934319 0.228842
vt 0.812726 0.006567
vt 0.813050 0.007779
vt 0.812317 0.007951
vt 0.815829 0.009721
vt 0.813990 0.007268
vt 0.815303 0.006815
vt 0.813947 0.005470
vt 0.815360 0.005218
vt 0.816108 0.006106
vt 0.816692 0.005783
vt 0.937273 0.230088
vt 0.938464 0.231759
vt 0.936538 0.232724
vt 0.962436 0.234311
vt 0.964684 0.233344
vt 0.964406 0.234885
vt 0.845128 0.003679
vt 0.846228 0.001906
vt 0.847003 0.003027
vt 0.847436 0.004048
vt 0.846067 0.004807
vt 0.848638 0.004674
vt 0.848188 0.003988
vt 0.970188 0.234381
vt 0.968836 0.235338
vt 0.968185 0.233701
vt 0.851606 0.003547
vt 0.849605 0.003098
vt 0.850313 0.002478
vt 0.849097 0.004057
vt 0.849585 0.004885
vt 0.850337 0.004579
vt 0.569895 0.103425
vt 0.574966 0.092511
vt 0.575182 0.105296
vt 0.810355 0.130877
vt 0.810143 0.143220
vt 0.798171 0.134356
vt 0.569001 0.121342
vt 0.565472 0.124493
vt 0.564308 0.120299
vt 0.560041 0.122742
vt 0.557505 0.118814
vt 0.556400 0.122289
vt 0.553443 0.120705
vt 0.551153 0.116720
vt 0.795312 0.118987
vt 0.785836 0.130724
vt 0.787511 0.116565
vt 0.717747 0.103480
vt 0.735019 0.113603
vt 0.730719 0.120356
vt 0.744637 0.117164
vt 0.742843 0.102210
vt 0.758871 0.109386
vt 0.549404 0.109913
vt 0.547529 0.117298
vt 0.754733 0.125072
vt 0.741467 0.124340
vt 0.718087 0.211485
vt 0.728869 0.213475
vt 0.722022 0.247902
vt 0.617981 0.276852
vt 0.630752 0.260288
vt 0.629455 0.279069
vt 0.773547 0.392666
vt 0.765125 0.374238
vt 0.774695 0.375289
vt 0.788287 0.447754
vt 0.795772 0.460877
vt 0.778553 0.461442
vt 0.770711 0.449504
vt 0.762355 0.462421
vt 0.754761 0.449733
vt 0.706921 0.402002
vt 0.707979 0.388449
vt 0.730493 0.391243
vt 0.731424 0.409445
vt 0.706069 0.415403
vt 0.717721 0.428067
vt 0.733731 0.428091
vt 0.751764 0.463144
vt 0.704609 0.428162
vt 0.845673 0.697294
vt 0.840186 0.712350
vt 0.822685 0.693043
vt 0.833657 0.681702
vt 0.852793 0.710475
vt 0.861914 0.688840
vt 0.862882 0.709491
vt 0.863184 0.731365
vt 0.873787 0.708398
vt 0.442361 0.582012
vt 0.447927 0.592047
vt 0.438365 0.593718
vt 0.470844 0.599595
vt 0.479746 0.615068
vt 0.463088 0.613222
vt 0.492001 0.600254
vt 0.496509 0.615258
vt 0.461186 0.447140
vt 0.460461 0.419125
vt 0.480697 0.433993
vt 0.479680 0.450633
vt 0.500087 0.477139
vt 0.497212 0.452485
vt 0.512019 0.455457
vt 0.239020 0.824226
vt 0.230130 0.833654
vt 0.230051 0.811284
vt 0.481590 0.351127
vt 0.463600 0.358221
vt 0.466380 0.344588
vt 0.490703 0.369129
vt 0.494200 0.356512
vt 0.492792 0.386701
vt 0.480838 0.385115
vt 0.481824 0.416373
vt 0.247928 0.817569
vt 0.243302 0.803953
vt 0.251239 0.802774
vt 0.295899 0.819086
vt 0.296853 0.830513
vt 0.282583 0.825299
vt 0.251577 0.778850
vt 0.250393 0.768408
vt 0.257577 0.769068
vt 0.265743 0.769702
vt 0.272217 0.772790
vt 0.262720 0.779677
vt 0.108996 0.628135
vt 0.112232 0.639436
vt 0.108163 0.637634
vt 0.128036 0.622469
vt 0.119410 0.624624
vt 0.124562 0.610695
vt 0.100595 0.646106
vt 0.102782 0.650149
vt 0.100130 0.651407
vt 0.104760 0.647839
vt 0.104019 0.645050
vt 0.107563 0.644921
vt 0.104271 0.654990
vt 0.105388 0.654763
vt 0.105315 0.652905
vt 0.105514 0.653713
vt 0.103699 0.653331
vt 0.104991 0.650025
vt 0.106202 0.654997
vt 0.106987 0.655274
vt 0.108205 0.652882
vt 0.108271 0.653991
vt 0.108597 0.650358
vt 0.107213 0.650174
vt 0.107367 0.647473
vt 0.112099 0.646814
vt 0.108110 0.651888
vt 0.108937 0.652107
vt 0.145225 0.621288
vt 0.153001 0.623635
vt 0.149282 0.628075
vt 0.144101 0.630715
vt 0.289186 0.680786
vt 0.289278 0.693624
vt 0.279806 0.698133
vt 0.297194 0.709007
vt 0.280272 0.713473
vt 0.299506 0.721029
vt 0.373657 0.693744
vt 0.358610 0.692704
vt 0.361058 0.685573
vt 0.363984 0.679080
vt 0.368989 0.672461
vt 0.377140 0.681334
vt 0.388380 0.683771
vt 0.385553 0.689574
vt 0.369978 0.707205
vt 0.355114 0.707017
vt 0.356078 0.699468
vt 0.355675 0.716144
vt 0.368745 0.719062
vt 0.392921 0.697845
vt 0.382736 0.695919
vt 0.379871 0.704511
vt 0.389842 0.709571
vt 0.427206 0.749442
vt 0.411250 0.752691
vt 0.411976 0.744902
vt 0.981566 0.149736
vt 0.986394 0.145160
vt 0.984267 0.152128
vt 0.486162 0.783551
vt 0.488569 0.788729
vt 0.484602 0.789249
vt 0.992792 0.155608
vt 0.989015 0.154585
vt 0.992398 0.148609
vt 0.998157 0.150407
vt 0.998074 0.157061
vt 0.863451 0.070521
vt 0.867236 0.077108
vt 0.859558 0.078484
vt 0.868042 0.070102
vt 0.856945 0.071487
vt 0.853118 0.064644
vt 0.855946 0.064240
vt 0.866014 0.062894
vt 0.868150 0.062794
vt 0.983131 0.182682
vt 0.988330 0.179907
vt 0.983444 0.188617
vt 0.978088 0.193310
vt 0.858682 0.050481
vt 0.857443 0.042512
vt 0.859958 0.043055
vt 0.862221 0.044907
vt 0.860823 0.038294
vt 0.862474 0.037354
vt 0.852564 0.023402
vt 0.855876 0.022374
vt 0.856334 0.023704
vt 0.853123 0.025578
vt 0.852579 0.022347
vt 0.877675 0.020743
vt 0.877262 0.022578
vt 0.876893 0.021878
vt 0.880269 0.020819
vt 0.878876 0.023699
vt 0.878882 0.020469
vt 0.881338 0.022593
vt 0.880091 0.024178
vt 0.881066 0.021904
vt 0.881399 0.023822
vt 0.579208 0.215332
vt 0.578878 0.219038
vt 0.576640 0.218142
vt 0.576322 0.215774
vt 0.577151 0.225086
vt 0.539600 0.141516
vt 0.548147 0.141881
vt 0.576997 0.211822
vt 0.575194 0.213402
vt 0.540202 0.155409
vt 0.571596 0.203063
vt 0.570159 0.204726
vt 0.568669 0.200596
vt 0.567272 0.202682
vt 0.551429 0.168226
vt 0.578476 0.233063
vt 0.577914 0.235840
vt 0.576507 0.235306
vt 0.579305 0.236794
vt 0.581066 0.233168
vt 0.578319 0.230272
vt 0.581007 0.229783
vt 0.573220 0.241379
vt 0.574028 0.241672
vt 0.575259 0.241931
vt 0.536802 0.129127
vt 0.539213 0.129087
vt 0.579630 0.227035
vt 0.530536 0.128218
vt 0.574256 0.245334
vt 0.574077 0.247619
vt 0.575875 0.245053
vt 0.575562 0.247723
vt 0.573792 0.250734
vt 0.530875 0.122807
vt 0.531821 0.119053
vt 0.570722 0.254572
vt 0.532884 0.117774
vt 0.526805 0.117280
vt 0.525676 0.120578
vt 0.524088 0.126930
vt 0.513787 0.127958
vt 0.512721 0.135160
vt 0.510542 0.144846
vt 0.508693 0.155798
vt 0.567359 0.259054
vt 0.563045 0.263789
vt 0.559694 0.260387
vt 0.553301 0.254734
vt 0.528010 0.114995
vt 0.520728 0.114431
vt 0.522882 0.111091
vt 0.517920 0.119351
vt 0.553593 0.264566
vt 0.556718 0.268811
vt 0.513194 0.111058
vt 0.515687 0.107340
vt 0.510243 0.115599
vt 0.547180 0.259507
vt 0.506904 0.122191
vt 0.537667 0.266100
vt 0.545181 0.270717
vt 0.548035 0.274188
vt 0.503760 0.107158
vt 0.506144 0.103781
vt 0.500533 0.111253
vt 0.496608 0.117362
vt 0.544107 0.248385
vt 0.538015 0.254316
vt 0.542686 0.221673
vt 0.538623 0.233247
vt 0.533893 0.241058
vt 0.528496 0.248060
vt 0.503641 0.129977
vt 0.499589 0.140862
vt 0.529059 0.260873
vt 0.538577 0.282199
vt 0.534587 0.278613
vt 0.526861 0.273537
vt 0.518209 0.267862
vt 0.491616 0.125522
vt 0.495548 0.097144
vt 0.492604 0.100730
vt 0.488390 0.105451
vt 0.483139 0.112197
vt 0.476163 0.121039
vt 0.485993 0.137277
vt 0.495998 0.152263
vt 0.481777 0.149107
vt 0.468385 0.134617
vt 0.557222 0.191744
vt 0.560388 0.193574
vt 0.559262 0.196399
vt 0.556483 0.194483
vt 0.560184 0.201699
vt 0.557982 0.199607
vt 0.555250 0.197714
vt 0.558424 0.188351
vt 0.562032 0.190680
vt 0.553760 0.193671
vt 0.554072 0.190837
vt 0.554221 0.187682
vt 0.552688 0.196239
vt 0.551022 0.180822
vt 0.551478 0.177279
vt 0.554760 0.176977
vt 0.554737 0.181478
vt 0.550386 0.173398
vt 0.553206 0.172658
vt 0.550180 0.183420
vt 0.552943 0.185628
vt 0.555523 0.203658
vt 0.553217 0.201532
vt 0.551002 0.199880
vt 0.548211 0.203566
vt 0.544163 0.179871
vt 0.545634 0.207480
vt 0.544153 0.185307
vt 0.539766 0.184659
vt 0.550775 0.194178
vt 0.550392 0.191737
vt 0.550183 0.188912
vt 0.550938 0.196005
vt 0.548909 0.198180
vt 0.547832 0.196326
vt 0.546503 0.193660
vt 0.545788 0.190361
vt 0.548135 0.186042
vt 0.545006 0.187674
vt 0.542404 0.197800
vt 0.540246 0.187849
vt 0.540918 0.191056
vt 0.540720 0.194475
vt 0.535001 0.193957
vt 0.535032 0.190874
vt 0.535086 0.187685
vt 0.539285 0.202640
vt 0.528062 0.190315
vt 0.528058 0.193098
vt 0.535386 0.184531
vt 0.528092 0.186960
vt 0.527865 0.183963
vt 0.545684 0.215515
vt 0.542400 0.213060
vt 0.538557 0.219029
vt 0.532957 0.227379
vt 0.527213 0.235191
vt 0.507282 0.168679
vt 0.513517 0.197585
vt 0.522141 0.195703
vt 0.522945 0.201905
vt 0.513366 0.205480
vt 0.516813 0.179489
vt 0.503294 0.198629
vt 0.503674 0.206622
vt 0.503321 0.191218
vt 0.506232 0.177602
vt 0.506260 0.185662
vt 0.493401 0.176189
vt 0.492614 0.184288
vt 0.492494 0.191329
vt 0.494414 0.165241
vt 0.521663 0.242871
vt 0.521061 0.255751
vt 0.514918 0.251123
vt 0.511508 0.262704
vt 0.493408 0.198739
vt 0.493985 0.206428
vt 0.483221 0.206127
vt 0.479217 0.176108
vt 0.480099 0.185795
vt 0.506712 0.258013
vt 0.472632 0.206712
vt 0.480246 0.162393
vt 0.464259 0.148443
vt 0.462330 0.160524
vt 0.442143 0.128432
vt 0.439221 0.146708
vt 0.467422 0.188958
vt 0.459736 0.204333
vt 0.455636 0.195449
vt 0.197234 0.184172
vt 0.179066 0.188269
vt 0.177034 0.174536
vt 0.162629 0.192770
vt 0.159988 0.177621
vt 0.176590 0.163172
vt 0.159887 0.164787
vt 0.214863 0.180454
vt 0.217572 0.194145
vt 0.236383 0.161367
vt 0.238612 0.175658
vt 0.241235 0.189117
vt 0.166811 0.207919
vt 0.220249 0.208540
vt 0.146120 0.183020
vt 0.145298 0.167282
vt 0.147704 0.195290
vt 0.132165 0.185578
vt 0.131846 0.169425
vt 0.160601 0.153159
vt 0.146378 0.154726
vt 0.132852 0.157289
vt 0.118127 0.159531
vt 0.100398 0.162950
vt 0.150992 0.210825
vt 0.133781 0.200006
vt 0.138254 0.213570
vt 0.126845 0.216958
vt 0.133706 0.229585
vt 0.112829 0.222224
vt 0.119303 0.234895
vt 0.077583 0.202060
vt 0.079825 0.213853
vt 0.085635 0.229931
vt 0.177518 0.239512
vt 0.140268 0.241263
vt 0.146684 0.253086
vt 0.125407 0.246240
vt 0.092148 0.244092
vt 0.098561 0.257348
vt 0.131330 0.258399
vt 0.104967 0.270607
vt 0.074196 0.164244
vt 0.074809 0.181133
vt 0.040191 0.186622
vt 0.037222 0.167155
vt 0.072584 0.149004
vt 0.101630 0.144513
vt 0.035284 0.151410
vt 0.044646 0.207133
vt 0.049728 0.223331
vt 0.055432 0.239147
vt 0.005155 0.194328
vt 0.009853 0.215532
vt 0.015397 0.233641
vt 0.020691 0.250028
vt 0.002437 0.173236
vt 0.001332 0.155294
vt 0.658486 0.870259
vt 0.640445 0.875517
vt 0.639962 0.874318
vt 0.658002 0.868489
vt 0.623910 0.878664
vt 0.623678 0.877072
vt 0.662741 0.878940
vt 0.644267 0.884868
vt 0.626781 0.889352
vt 0.648796 0.893705
vt 0.667112 0.887575
vt 0.675035 0.903612
vt 0.656906 0.910430
vt 0.630513 0.899203
vt 0.637704 0.917473
vt 0.676213 0.862234
vt 0.676698 0.863408
vt 0.680641 0.872373
vt 0.684731 0.881035
vt 0.692688 0.896636
vt 0.691836 0.856051
vt 0.691261 0.855003
vt 0.696898 0.864864
vt 0.701630 0.873548
vt 0.709381 0.888787
vt 0.703387 0.845408
vt 0.705054 0.847701
vt 0.710781 0.855840
vt 0.716409 0.864656
vt 0.724477 0.878418
vt 0.062956 0.254571
vt 0.027204 0.266727
vt 0.070756 0.268673
vt 0.078500 0.283640
vt 0.033306 0.281137
vt 0.041521 0.296948
vt 0.111268 0.283367
vt 0.085880 0.298466
vt 0.050739 0.314314
vt 0.716490 0.834559
vt 0.727342 0.823590
vt 0.739943 0.867090
vt 0.754387 0.849465
vt 0.766440 0.823295
vt 0.752422 0.816831
vt 0.783403 0.826227
vt 0.782809 0.853744
vt 0.782796 0.877052
vt 0.737021 0.808081
vt 0.735287 0.807389
vt 0.742094 0.787230
vt 0.740221 0.787160
vt 0.756950 0.793645
vt 0.770044 0.797746
vt 0.777377 0.797137
vt 0.783081 0.795344
vt 0.916797 0.182810
vt 0.918467 0.184181
vt 0.916127 0.179336
vt 0.914500 0.180942
vt 0.913192 0.182912
vt 0.917980 0.177975
vt 0.913925 0.177136
vt 0.912374 0.179228
vt 0.910801 0.181359
vt 0.964252 0.098708
vt 0.961862 0.099801
vt 0.959907 0.099470
vt 0.965356 0.097141
vt 0.962625 0.093140
vt 0.958901 0.095883
vt 0.958474 0.097130
vt 0.957352 0.098895
vt 0.957664 0.093817
vt 0.956284 0.094886
vt 0.954332 0.096853
vt 0.959119 0.092237
vt 0.960834 0.091494
vt 0.915614 0.175413
vt 0.912158 0.175695
vt 0.914049 0.173544
vt 0.910265 0.177667
vt 0.911586 0.170886
vt 0.909530 0.173367
vt 0.907537 0.175985
vt 0.952723 0.094838
vt 0.954435 0.092728
vt 0.955961 0.091465
vt 0.957511 0.089986
vt 0.952650 0.090466
vt 0.950103 0.092045
vt 0.953901 0.089032
vt 0.955458 0.087446
vt 0.903674 0.172676
vt 0.905635 0.169843
vt 0.907632 0.167331
vt 0.949357 0.086160
vt 0.946095 0.088056
vt 0.950560 0.084921
vt 0.986435 0.073277
vt 0.984600 0.074093
vt 0.988203 0.071179
vt 0.891382 0.209108
vt 0.890335 0.206130
vt 0.981658 0.072056
vt 0.981182 0.074121
vt 0.891498 0.202476
vt 0.893845 0.202584
vt 0.988536 0.068829
vt 0.987933 0.066653
vt 0.985902 0.064124
vt 0.984724 0.065926
vt 0.983421 0.066912
vt 0.888885 0.203534
vt 0.886704 0.204823
vt 0.885245 0.206556
vt 0.981371 0.063836
vt 0.982598 0.061440
vt 0.884772 0.202124
vt 0.882587 0.203449
vt 0.980336 0.065429
vt 0.913013 0.185042
vt 0.909569 0.183622
vt 0.966035 0.094788
vt 0.963862 0.093238
vt 0.966253 0.092857
vt 0.890272 0.199289
vt 0.893122 0.198602
vt 0.977998 0.070493
vt 0.977279 0.072599
vt 0.978515 0.068634
vt 0.962301 0.090305
vt 0.964799 0.089147
vt 0.887302 0.200554
vt 0.889375 0.196984
vt 0.886559 0.198335
vt 0.883336 0.199649
vt 0.979518 0.066997
vt 0.891910 0.195392
vt 0.975049 0.068806
vt 0.975590 0.067268
vt 0.976292 0.065132
vt 0.973848 0.071447
vt 0.978315 0.062005
vt 0.977133 0.063499
vt 0.991515 0.035570
vt 0.991020 0.037869
vt 0.857470 0.211744
vt 0.859496 0.211421
vt 0.859189 0.213404
vt 0.857140 0.212607
vt 0.989476 0.039757
vt 0.859194 0.209558
vt 0.857607 0.210145
vt 0.985057 0.033810
vt 0.856072 0.211072
vt 0.985944 0.032362
vt 0.986201 0.030189
vt 0.857046 0.207015
vt 0.854617 0.207918
vt 0.861612 0.207017
vt 0.859218 0.206676
vt 0.863924 0.207708
vt 0.985920 0.039248
vt 0.986543 0.041700
vt 0.979920 0.059747
vt 0.881000 0.200809
vt 0.862064 0.203756
vt 0.864519 0.204487
vt 0.982708 0.039483
vt 0.983324 0.042260
vt 0.976628 0.057851
vt 0.974980 0.060050
vt 0.973817 0.061570
vt 0.881451 0.195832
vt 0.878892 0.197846
vt 0.859254 0.203893
vt 0.982435 0.037872
vt 0.982428 0.035489
vt 0.856593 0.203992
vt 0.982439 0.033681
vt 0.982686 0.032129
vt 0.982897 0.029511
vt 0.853628 0.204617
vt 0.979596 0.033108
vt 0.979725 0.035856
vt 0.979690 0.038181
vt 0.979986 0.031877
vt 0.859053 0.201604
vt 0.856148 0.201708
vt 0.853518 0.201783
vt 0.980217 0.028791
vt 0.908825 0.180262
vt 0.907528 0.182524
vt 0.906006 0.178648
vt 0.904483 0.181174
vt 0.959290 0.089201
vt 0.960964 0.088255
vt 0.959398 0.085423
vt 0.957585 0.086210
vt 0.963772 0.086860
vt 0.961852 0.083825
vt 0.956665 0.081179
vt 0.959163 0.078667
vt 0.901459 0.175681
vt 0.899887 0.178385
vt 0.954886 0.081982
vt 0.952935 0.083462
vt 0.887597 0.193189
vt 0.884401 0.194643
vt 0.890560 0.192233
vt 0.970426 0.070344
vt 0.971252 0.067291
vt 0.971785 0.065769
vt 0.888497 0.187757
vt 0.885507 0.189715
vt 0.882620 0.191076
vt 0.967441 0.065550
vt 0.965684 0.068379
vt 0.879676 0.192298
vt 0.903033 0.167302
vt 0.900529 0.170526
vt 0.898150 0.173835
vt 0.952691 0.078590
vt 0.884480 0.187608
vt 0.887476 0.185913
vt 0.881391 0.188577
vt 0.896605 0.176752
vt 0.880750 0.187327
vt 0.883909 0.185843
vt 0.887105 0.184589
vt 0.972895 0.063655
vt 0.968384 0.064367
vt 0.969488 0.061748
vt 0.970529 0.059655
vt 0.948041 0.081806
vt 0.950431 0.080553
vt 0.966293 0.063030
vt 0.967480 0.060525
vt 0.964088 0.062484
vt 0.965295 0.059664
vt 0.961314 0.061664
vt 0.963071 0.058295
vt 0.979801 0.039469
vt 0.980517 0.042597
vt 0.862094 0.201429
vt 0.864696 0.201598
vt 0.876813 0.193884
vt 0.971726 0.057849
vt 0.973001 0.054897
vt 0.976262 0.042838
vt 0.975125 0.039800
vt 0.975443 0.038280
vt 0.862019 0.197154
vt 0.865021 0.197262
vt 0.858983 0.197000
vt 0.855514 0.197391
vt 0.852650 0.197507
vt 0.975385 0.031301
vt 0.975951 0.028644
vt 0.975294 0.032936
vt 0.974896 0.035533
vt 0.858631 0.193126
vt 0.855182 0.193177
vt 0.851732 0.193086
vt 0.971305 0.033308
vt 0.971304 0.031402
vt 0.971587 0.028174
vt 0.878435 0.190335
vt 0.875461 0.191632
vt 0.862208 0.192982
vt 0.865593 0.193115
vt 0.971689 0.039948
vt 0.972165 0.043288
vt 0.877868 0.189123
vt 0.874923 0.190407
vt 0.966018 0.054101
vt 0.969689 0.052442
vt 0.875081 0.184118
vt 0.878573 0.182494
vt 0.882231 0.180839
vt 0.872089 0.185977
vt 0.962165 0.050781
vt 0.965249 0.049329
vt 0.865776 0.191125
vt 0.862469 0.191052
vt 0.858784 0.190660
vt 0.866129 0.189686
vt 0.862392 0.189576
vt 0.858691 0.189095
vt 0.854975 0.191192
vt 0.854984 0.189219
vt 0.968376 0.058491
vt 0.971408 0.035688
vt 0.971410 0.038242
vt 0.966553 0.057005
vt 0.964026 0.055326
vt 0.959875 0.052513
vt 0.969306 0.038256
vt 0.969737 0.035680
vt 0.969371 0.033307
vt 0.967793 0.038269
vt 0.967374 0.035896
vt 0.965806 0.038492
vt 0.965185 0.035532
vt 0.967739 0.032883
vt 0.965327 0.032851
vt 0.904924 0.164781
vt 0.913129 0.120508
vt 0.910834 0.121523
vt 0.910168 0.119865
vt 0.911870 0.118118
vt 0.909232 0.118237
vt 0.910603 0.116806
vt 0.907192 0.118903
vt 0.907436 0.121129
vt 0.908136 0.122814
vt 0.920596 0.099587
vt 0.924165 0.095509
vt 0.925250 0.092419
vt 0.907612 0.116719
vt 0.918532 0.099636
vt 0.915372 0.099801
vt 0.903984 0.116527
vt 0.903772 0.119230
vt 0.904576 0.122546
vt 0.912295 0.097605
vt 0.899994 0.120161
vt 0.899750 0.116896
vt 0.924125 0.088734
vt 0.907420 0.126791
vt 0.905702 0.124930
vt 0.909375 0.128505
vt 0.907216 0.131112
vt 0.905353 0.129401
vt 0.903083 0.127269
vt 0.901354 0.124070
vt 0.922494 0.085489
vt 0.903263 0.131281
vt 0.904980 0.133502
vt 0.916807 0.083301
vt 0.920310 0.082637
vt 0.901161 0.129049
vt 0.899014 0.125269
vt 0.896846 0.121243
vt 0.899660 0.130345
vt 0.897646 0.126194
vt 0.895350 0.121927
vt 0.891202 0.123709
vt 0.893322 0.127989
vt 0.896382 0.132249
vt 0.901605 0.132678
vt 0.903356 0.135164
vt 0.915283 0.081160
vt 0.918824 0.080468
vt 0.898891 0.135262
vt 0.901542 0.137443
vt 0.901890 0.166559
vt 0.899376 0.169688
vt 0.897329 0.173315
vt 0.903981 0.163697
vt 0.900206 0.160936
vt 0.897976 0.163789
vt 0.895527 0.167363
vt 0.938891 0.080534
vt 0.941693 0.077849
vt 0.893245 0.171379
vt 0.895552 0.176530
vt 0.891361 0.175150
vt 0.950950 0.070970
vt 0.953798 0.070493
vt 0.885172 0.179517
vt 0.956829 0.065447
vt 0.956398 0.062204
vt 0.889825 0.163617
vt 0.887282 0.169079
vt 0.886927 0.174457
vt 0.949036 0.066166
vt 0.951588 0.066400
vt 0.881234 0.174474
vt 0.885336 0.175999
vt 0.953351 0.064676
vt 0.893345 0.159125
vt 0.896414 0.156881
vt 0.937021 0.073471
vt 0.934427 0.076614
vt 0.882658 0.169214
vt 0.886927 0.160764
vt 0.890799 0.155454
vt 0.885576 0.174286
vt 0.946936 0.080013
vt 0.948988 0.078431
vt 0.951389 0.076711
vt 0.945638 0.078376
vt 0.947814 0.076428
vt 0.950441 0.074872
vt 0.943359 0.075568
vt 0.948569 0.071856
vt 0.945485 0.073649
vt 0.956268 0.059911
vt 0.957971 0.055766
vt 0.945711 0.065198
vt 0.941767 0.067990
vt 0.938981 0.071459
vt 0.932827 0.070075
vt 0.934305 0.066665
vt 0.937095 0.062977
vt 0.951723 0.065177
vt 0.940444 0.058836
vt 0.870080 0.183668
vt 0.870715 0.178777
vt 0.875125 0.175964
vt 0.867189 0.185160
vt 0.863230 0.184108
vt 0.858414 0.183703
vt 0.964230 0.044478
vt 0.962180 0.041735
vt 0.963153 0.047069
vt 0.854303 0.184075
vt 0.864687 0.179687
vt 0.867418 0.184266
vt 0.963522 0.045015
vt 0.958179 0.042941
vt 0.866800 0.177108
vt 0.868457 0.183195
vt 0.962161 0.045733
vt 0.858063 0.179087
vt 0.852060 0.177843
vt 0.873719 0.172425
vt 0.872319 0.168084
vt 0.879674 0.165249
vt 0.884787 0.157352
vt 0.864611 0.171373
vt 0.876362 0.157558
vt 0.857660 0.176229
vt 0.857074 0.171667
vt 0.952017 0.052970
vt 0.961439 0.039361
vt 0.960601 0.035682
vt 0.961585 0.032313
vt 0.955348 0.041033
vt 0.954489 0.035651
vt 0.945757 0.050176
vt 0.942913 0.055147
vt 0.936884 0.052098
vt 0.938243 0.047573
vt 0.940432 0.043252
vt 0.949605 0.035690
vt 0.941471 0.039302
vt 0.942110 0.035297
vt 0.894799 0.153751
vt 0.931263 0.074671
vt 0.888908 0.152076
vt 0.893847 0.149879
vt 0.888173 0.148030
vt 0.882493 0.152855
vt 0.893616 0.145962
vt 0.873679 0.150048
vt 0.880363 0.147373
vt 0.888010 0.142712
vt 0.893752 0.143271
vt 0.889180 0.139635
vt 0.880271 0.140463
vt 0.872308 0.143399
vt 0.928829 0.068005
vt 0.927564 0.072990
vt 0.930063 0.063673
vt 0.932492 0.059041
vt 0.935270 0.054954
vt 0.924732 0.061421
vt 0.926250 0.056404
vt 0.928378 0.052252
vt 0.923634 0.066636
vt 0.923718 0.071468
vt 0.921003 0.071470
vt 0.929803 0.048976
vt 0.931553 0.045365
vt 0.932941 0.041329
vt 0.933582 0.037780
vt 0.933905 0.033627
vt 0.921394 0.049524
vt 0.926421 0.035733
vt 0.919097 0.033315
vt 0.895804 0.118114
vt 0.893438 0.119141
vt 0.908878 0.085767
vt 0.905593 0.088097
vt 0.912927 0.084967
vt 0.911874 0.083335
vt 0.890481 0.120043
vt 0.906421 0.082566
vt 0.903882 0.085177
vt 0.888261 0.130203
vt 0.885441 0.124776
vt 0.884675 0.120194
vt 0.909964 0.079961
vt 0.913876 0.078050
vt 0.902997 0.077939
vt 0.900236 0.080232
vt 0.906968 0.075165
vt 0.911480 0.072722
vt 0.896809 0.077491
vt 0.900397 0.074204
vt 0.904775 0.071175
vt 0.916988 0.077784
vt 0.896010 0.139148
vt 0.899212 0.141494
vt 0.915152 0.073001
vt 0.909437 0.067988
vt 0.891863 0.135849
vt 0.884210 0.132564
vt 0.894697 0.141301
vt 0.897626 0.145340
vt 0.880229 0.134552
vt 0.880401 0.119808
vt 0.876913 0.118427
vt 0.904623 0.049953
vt 0.857289 0.134582
vt 0.867707 0.121623
vt 0.862964 0.128045
vt 0.914460 0.046025
vt 0.907200 0.042698
vt 0.909659 0.036531
vt 0.911660 0.030482
vt 0.894384 0.074572
vt 0.898295 0.071091
vt 0.894365 0.066935
vt 0.889648 0.070062
vt 0.870733 0.116599
vt 0.891063 0.062745
vt 0.886574 0.065495
vt 0.862280 0.119136
vt 0.866096 0.113878
vt 0.856922 0.124685
vt 0.850998 0.131155
vt 0.856878 0.115876
vt 0.851800 0.120965
vt 0.860763 0.110812
vt 0.895272 0.045025
vt 0.897861 0.038841
vt 0.890509 0.035258
vt 0.900612 0.032514
vt 0.851422 0.112591
vt 0.855845 0.107478
vt 0.845972 0.117225
vt 0.878932 0.050889
vt 0.848127 0.110212
vt 0.851978 0.105160
vt 0.625240 0.565526
vt 0.631803 0.564539
vt 0.633508 0.570986
vt 0.627115 0.572985
vt 0.619624 0.574277
vt 0.617823 0.565529
vt 0.611985 0.575113
vt 0.610522 0.566839
vt 0.638620 0.563109
vt 0.640192 0.568891
vt 0.637242 0.586215
vt 0.630195 0.588533
vt 0.622655 0.590017
vt 0.666002 0.926930
vt 0.683037 0.919672
vt 0.700501 0.912665
vt 0.646147 0.935299
vt 0.689333 0.931891
vt 0.672496 0.939264
vt 0.653549 0.947368
vt 0.695715 0.943394
vt 0.678955 0.951086
vt 0.660376 0.959423
vt 0.716041 0.903803
vt 0.731187 0.893161
vt 0.705825 0.923882
vt 0.720688 0.913259
vt 0.702136 0.955637
vt 0.718845 0.949209
vt 0.736122 0.943506
vt 0.685709 0.963100
vt 0.707720 0.967233
vt 0.691882 0.974286
vt 0.723493 0.961803
vt 0.738749 0.957340
vt 0.711086 0.979577
vt 0.697024 0.986851
vt 0.726464 0.974458
vt 0.698118 0.988547
vt 0.711985 0.981767
vt 0.726607 0.976186
vt 0.667307 0.972098
vt 0.674383 0.983486
vt 0.682325 0.995522
vt 0.683257 0.996884
vt 0.022829 0.524855
vt 0.014006 0.523393
vt 0.029138 0.510314
vt 0.033996 0.524760
vt 0.026042 0.489482
vt 0.044393 0.511226
vt 0.049241 0.525881
vt 0.042196 0.490578
vt 0.027335 0.540398
vt 0.015489 0.541425
vt 0.041818 0.541691
vt 0.734951 0.899451
vt 0.740809 0.909596
vt 0.753282 0.904220
vt 0.745875 0.926102
vt 0.749590 0.941191
vt 0.757733 0.922949
vt 0.768752 0.900070
vt 0.782994 0.898104
vt 0.771084 0.921059
vt 0.783109 0.920398
vt 0.738957 0.971286
vt 0.752595 0.955012
vt 0.753669 0.968149
vt 0.739623 0.972738
vt 0.026578 0.479861
vt 0.007392 0.476050
vt 0.043489 0.478827
vt 0.754055 0.969626
vt 0.025652 0.463261
vt 0.005738 0.460703
vt 0.003959 0.446505
vt 0.022838 0.443881
vt 0.767414 0.965760
vt 0.783108 0.965231
vt 0.767364 0.967217
vt 0.783096 0.966689
vt 0.020940 0.430495
vt 0.003600 0.429928
vt 0.004081 0.413847
vt 0.022874 0.416633
vt 0.061326 0.510798
vt 0.064572 0.527905
vt 0.060892 0.490215
vt 0.079807 0.511320
vt 0.080303 0.529961
vt 0.080233 0.491843
vt 0.053150 0.543338
vt 0.066382 0.544388
vt 0.095727 0.511841
vt 0.094416 0.532582
vt 0.099234 0.490181
vt 0.111106 0.536106
vt 0.115204 0.513797
vt 0.121662 0.492526
vt 0.080708 0.547990
vt 0.094198 0.552598
vt 0.109819 0.560390
vt 0.155443 0.500071
vt 0.162641 0.520261
vt 0.151249 0.484208
vt 0.144636 0.483826
vt 0.123449 0.479334
vt 0.128533 0.542000
vt 0.125748 0.566020
vt 0.187051 0.525719
vt 0.174888 0.535403
vt 0.167083 0.543316
vt 0.145209 0.547878
vt 0.157083 0.558476
vt 0.136183 0.570081
vt 0.061680 0.481496
vt 0.081061 0.479855
vt 0.062224 0.464401
vt 0.063068 0.442132
vt 0.085471 0.461376
vt 0.087228 0.444614
vt 0.100727 0.477120
vt 0.102304 0.461814
vt 0.063911 0.430598
vt 0.084281 0.430644
vt 0.063117 0.418581
vt 0.087290 0.416211
vt 0.102971 0.442376
vt 0.100236 0.430682
vt 0.103012 0.418515
vt 0.125163 0.468051
vt 0.145141 0.468021
vt 0.128544 0.446454
vt 0.149897 0.444897
vt 0.151547 0.469363
vt 0.162260 0.470354
vt 0.156971 0.444675
vt 0.165501 0.446254
vt 0.123840 0.430715
vt 0.128587 0.414538
vt 0.149753 0.430751
vt 0.149923 0.416127
vt 0.161700 0.430753
vt 0.170100 0.430768
vt 0.156995 0.416394
vt 0.165548 0.414845
vt 0.217387 0.552057
vt 0.213638 0.559665
vt 0.191304 0.548050
vt 0.202013 0.538912
vt 0.182276 0.556921
vt 0.200132 0.571719
vt 0.215158 0.527352
vt 0.226994 0.540653
vt 0.688679 0.816981
vt 0.671124 0.805523
vt 0.231606 0.515427
vt 0.238797 0.528904
vt 0.172929 0.570642
vt 0.253314 0.517091
vt 0.248435 0.507391
vt 0.238092 0.494786
vt 0.230262 0.472450
vt 0.655403 0.797034
vt 0.652995 0.833976
vt 0.652856 0.848927
vt 0.253949 0.489292
vt 0.184083 0.446443
vt 0.204899 0.450126
vt 0.183595 0.430785
vt 0.202961 0.430785
vt 0.183992 0.414550
vt 0.204929 0.410981
vt 0.244704 0.470186
vt 0.241528 0.441982
vt 0.236272 0.430791
vt 0.241533 0.419146
vt 0.244998 0.454442
vt 0.258597 0.455320
vt 0.069519 0.715268
vt 0.074276 0.715146
vt 0.075948 0.720920
vt 0.076371 0.718086
vt 0.076650 0.715087
vt 0.076225 0.712102
vt 0.063781 0.722236
vt 0.076350 0.730636
vt 0.075301 0.725336
vt 0.056041 0.725676
vt 0.061506 0.740265
vt 0.062459 0.715455
vt 0.063524 0.708177
vt 0.055243 0.715648
vt 0.055364 0.705658
vt 0.253511 0.443105
vt 0.006228 0.743627
vt 0.004888 0.729393
vt 0.018676 0.730883
vt 0.020985 0.747459
vt 0.023569 0.764541
vt 0.008401 0.763118
vt 0.252335 0.430816
vt 0.253501 0.418517
vt 0.003301 0.715648
vt 0.016526 0.715763
vt 0.018678 0.700187
vt 0.005193 0.702130
vt 0.032000 0.732571
vt 0.029645 0.715766
vt 0.031910 0.699072
vt 0.034862 0.746859
vt 0.039228 0.762384
vt 0.048716 0.743009
vt 0.054570 0.758510
vt 0.027168 0.782170
vt 0.044019 0.782162
vt 0.046410 0.726173
vt 0.064990 0.755761
vt 0.045127 0.715705
vt 0.046290 0.704700
vt 0.095351 0.714586
vt 0.095499 0.716134
vt 0.094329 0.714619
vt 0.096228 0.714560
vt 0.096683 0.716209
vt 0.095403 0.713034
vt 0.096582 0.712887
vt 0.098021 0.715835
vt 0.097820 0.714513
vt 0.097904 0.712930
vt 0.102159 0.719239
vt 0.103824 0.714899
vt 0.103672 0.714315
vt 0.104492 0.714289
vt 0.104606 0.715076
vt 0.105097 0.714267
vt 0.105276 0.715184
vt 0.103803 0.713603
vt 0.104548 0.713500
vt 0.105207 0.713335
vt 0.107419 0.715662
vt 0.107332 0.714194
vt 0.107320 0.712728
vt 0.102095 0.714995
vt 0.102245 0.714359
vt 0.102056 0.713731
vt 0.100043 0.715834
vt 0.099949 0.714426
vt 0.099913 0.713013
vt 0.111387 0.714055
vt 0.113484 0.713982
vt 0.099306 0.750983
vt 0.096256 0.743838
vt 0.093646 0.736729
vt 0.088290 0.753093
vt 0.087206 0.744748
vt 0.087069 0.737369
vt 0.111855 0.733167
vt 0.113556 0.736595
vt 0.116274 0.740215
vt 0.118723 0.741005
vt 0.118299 0.739264
vt 0.119923 0.738656
vt 0.120581 0.739792
vt 0.104464 0.758902
vt 0.115308 0.754402
vt 0.121309 0.757623
vt 0.078259 0.753095
vt 0.094141 0.762476
vt 0.072369 0.753217
vt 0.096455 0.768849
vt 0.109648 0.762047
vt 0.103535 0.765851
vt 0.108113 0.766145
vt 0.114554 0.764291
vt 0.100277 0.776037
vt 0.104597 0.777711
vt 0.107074 0.774450
vt 0.108067 0.772810
vt 0.112343 0.767404
vt 0.126233 0.760213
vt 0.112295 0.770628
vt 0.116241 0.775873
vt 0.085021 0.728841
vt 0.082171 0.726613
vt 0.085122 0.724468
vt 0.083178 0.731262
vt 0.079774 0.728210
vt 0.078549 0.724431
vt 0.080870 0.723298
vt 0.084017 0.721839
vt 0.087771 0.729243
vt 0.091280 0.729014
vt 0.092262 0.731830
vt 0.087554 0.731959
vt 0.095252 0.727189
vt 0.090657 0.726233
vt 0.087971 0.722946
vt 0.093226 0.724798
vt 0.091174 0.722961
vt 0.093499 0.720608
vt 0.095760 0.722673
vt 0.098400 0.724631
vt 0.100818 0.726609
vt 0.081010 0.735500
vt 0.078628 0.720920
vt 0.080958 0.720515
vt 0.080871 0.717977
vt 0.078659 0.718014
vt 0.083609 0.719904
vt 0.083403 0.717380
vt 0.085413 0.716814
vt 0.078637 0.715040
vt 0.080849 0.714988
vt 0.078503 0.711877
vt 0.080725 0.712016
vt 0.083198 0.714931
vt 0.085248 0.714854
vt 0.083278 0.712236
vt 0.085294 0.712715
vt 0.088398 0.718288
vt 0.086283 0.716642
vt 0.087378 0.716376
vt 0.094371 0.718432
vt 0.095319 0.719076
vt 0.093259 0.718275
vt 0.091700 0.719252
vt 0.092457 0.717820
vt 0.088413 0.716155
vt 0.090894 0.718670
vt 0.091678 0.717344
vt 0.097467 0.720256
vt 0.100610 0.722617
vt 0.095113 0.717347
vt 0.096329 0.717502
vt 0.097997 0.717636
vt 0.086237 0.714817
vt 0.087333 0.714778
vt 0.088258 0.714743
vt 0.092355 0.715615
vt 0.086161 0.712839
vt 0.087236 0.713031
vt 0.088254 0.713152
vt 0.093234 0.714649
vt 0.092295 0.714673
vt 0.092319 0.713503
vt 0.105273 0.728290
vt 0.108541 0.729490
vt 0.104018 0.723469
vt 0.107476 0.724684
vt 0.110259 0.725792
vt 0.111514 0.729564
vt 0.113044 0.729629
vt 0.113415 0.732328
vt 0.114386 0.731868
vt 0.115129 0.731357
vt 0.116214 0.733005
vt 0.115513 0.734156
vt 0.118007 0.735970
vt 0.118335 0.734659
vt 0.112413 0.726848
vt 0.113553 0.727343
vt 0.113942 0.729584
vt 0.114743 0.729579
vt 0.471189 0.019734
vt 0.469719 0.019226
vt 0.469183 0.020063
vt 0.470205 0.021356
vt 0.473509 0.021591
vt 0.471654 0.023188
vt 0.472490 0.015133
vt 0.467821 0.016780
vt 0.115077 0.727914
vt 0.114397 0.727540
vt 0.468402 0.021937
vt 0.469672 0.024657
vt 0.115788 0.726436
vt 0.466100 0.018109
vt 0.121722 0.736353
vt 0.121016 0.736017
vt 0.120066 0.735652
vt 0.122866 0.736939
vt 0.476826 0.015664
vt 0.475302 0.012960
vt 0.478882 0.010199
vt 0.481121 0.014976
vt 0.473070 0.010798
vt 0.474828 0.006785
vt 0.477834 0.019720
vt 0.475966 0.023523
vt 0.120871 0.731929
vt 0.121831 0.732721
vt 0.121503 0.729661
vt 0.481415 0.020597
vt 0.480051 0.025433
vt 0.473524 0.025528
vt 0.476752 0.029506
vt 0.471406 0.032144
vt 0.470596 0.027695
vt 0.109144 0.722043
vt 0.112566 0.723448
vt 0.113812 0.724447
vt 0.115827 0.723359
vt 0.463387 0.022180
vt 0.120162 0.726442
vt 0.117247 0.723059
vt 0.117697 0.721169
vt 0.120782 0.725806
vt 0.118995 0.724404
vt 0.119273 0.723220
vt 0.116764 0.713879
vt 0.118800 0.717154
vt 0.119597 0.713815
vt 0.118569 0.710135
vt 0.119779 0.721903
vt 0.466466 0.028551
vt 0.465890 0.032144
vt 0.462991 0.026538
vt 0.460637 0.024342
vt 0.458853 0.021084
vt 0.460998 0.030605
vt 0.457008 0.027208
vt 0.454435 0.021881
vt 0.125551 0.738746
vt 0.127699 0.740098
vt 0.125216 0.733383
vt 0.127443 0.734362
vt 0.129447 0.735043
vt 0.129884 0.751186
vt 0.132475 0.743480
vt 0.133630 0.737204
vt 0.137967 0.746488
vt 0.135797 0.754665
vt 0.139077 0.739229
vt 0.142705 0.757687
vt 0.144418 0.749286
vt 0.145189 0.741555
vt 0.115278 0.777090
vt 0.117734 0.776079
vt 0.116364 0.777732
vt 0.132640 0.763688
vt 0.140495 0.766393
vt 0.149880 0.760453
vt 0.150836 0.751849
vt 0.151158 0.744047
vt 0.148074 0.768771
vt 0.137878 0.775322
vt 0.136073 0.784682
vt 0.146298 0.777732
vt 0.144758 0.786406
vt 0.157959 0.762701
vt 0.157898 0.754057
vt 0.157503 0.746495
vt 0.157041 0.771634
vt 0.155551 0.780331
vt 0.167149 0.755325
vt 0.168332 0.764426
vt 0.167424 0.774034
vt 0.164849 0.783745
vt 0.123683 0.733077
vt 0.122857 0.732684
vt 0.123364 0.730021
vt 0.124479 0.729991
vt 0.125459 0.730162
vt 0.122652 0.729955
vt 0.127720 0.730197
vt 0.129670 0.729783
vt 0.133530 0.730625
vt 0.128195 0.724386
vt 0.126830 0.725465
vt 0.131589 0.724171
vt 0.125051 0.721284
vt 0.126631 0.720116
vt 0.124300 0.726458
vt 0.122554 0.723766
vt 0.122246 0.727493
vt 0.122891 0.727274
vt 0.123628 0.726686
vt 0.121388 0.727771
vt 0.467425 0.015397
vt 0.466178 0.012678
vt 0.466883 0.017087
vt 0.465888 0.015766
vt 0.464476 0.013902
vt 0.120914 0.725421
vt 0.121767 0.724735
vt 0.464723 0.017135
vt 0.462552 0.015461
vt 0.137705 0.725528
vt 0.139216 0.732291
vt 0.145625 0.733876
vt 0.145573 0.725931
vt 0.144242 0.718694
vt 0.469401 0.008818
vt 0.465256 0.009625
vt 0.470001 0.005237
vt 0.464488 0.005160
vt 0.462691 0.011500
vt 0.459825 0.013782
vt 0.459656 0.007320
vt 0.455710 0.011829
vt 0.152023 0.736275
vt 0.125930 0.713504
vt 0.129303 0.713341
vt 0.133968 0.713106
vt 0.142110 0.712658
vt 0.143453 0.706070
vt 0.152911 0.720162
vt 0.151217 0.712078
vt 0.151801 0.703938
vt 0.457907 0.017633
vt 0.454284 0.016731
vt 0.157463 0.739478
vt 0.152526 0.728139
vt 0.159530 0.731737
vt 0.161913 0.722762
vt 0.171999 0.728890
vt 0.166598 0.736413
vt 0.162185 0.742225
vt 0.164767 0.747323
vt 0.172532 0.744232
vt 0.181172 0.738533
vt 0.164395 0.711013
vt 0.160137 0.700216
vt 0.179707 0.718737
vt 0.192849 0.732517
vt 0.168723 0.693062
vt 0.177326 0.701297
vt 0.175380 0.682782
vt 0.187176 0.686989
vt 0.176744 0.753702
vt 0.179280 0.765369
vt 0.188074 0.751520
vt 0.191381 0.766076
vt 0.178267 0.777027
vt 0.190342 0.780448
vt 0.201974 0.749248
vt 0.180086 0.670393
vt 0.193206 0.671080
vt 0.206881 0.767945
vt 0.181631 0.657176
vt 0.195653 0.654277
vt 0.179599 0.644492
vt 0.527551 0.291917
vt 0.523150 0.287928
vt 0.515793 0.282161
vt 0.485534 0.086034
vt 0.481849 0.089554
vt 0.476137 0.095345
vt 0.470638 0.102301
vt 0.478550 0.073479
vt 0.474115 0.076886
vt 0.467361 0.081977
vt 0.512688 0.297003
vt 0.517188 0.301567
vt 0.457715 0.088922
vt 0.286346 0.120042
vt 0.319862 0.135357
vt 0.292134 0.137757
vt 0.311137 0.098948
vt 0.287668 0.099617
vt 0.271935 0.140369
vt 0.266954 0.122335
vt 0.265749 0.103452
vt 0.253273 0.143678
vt 0.249439 0.125050
vt 0.245815 0.106330
vt 0.233135 0.147549
vt 0.229741 0.128674
vt 0.225492 0.108225
vt 0.501355 0.269634
vt 0.506172 0.289797
vt 0.498032 0.265286
vt 0.462029 0.210032
vt 0.492365 0.275383
vt 0.489448 0.271697
vt 0.428446 0.105920
vt 0.505954 0.310168
vt 0.497915 0.296240
vt 0.467807 0.062994
vt 0.473848 0.060176
vt 0.460389 0.067202
vt 0.496791 0.314314
vt 0.469469 0.051259
vt 0.463365 0.053466
vt 0.456099 0.056719
vt 0.492819 0.290281
vt 0.489015 0.285514
vt 0.490428 0.308865
vt 0.427166 0.094751
vt 0.421499 0.081361
vt 0.445235 0.060774
vt 0.433507 0.064592
vt 0.418760 0.066892
vt 0.453284 0.048673
vt 0.443507 0.052312
vt 0.431732 0.056159
vt 0.417004 0.059928
vt 0.452519 0.215036
vt 0.450065 0.209997
vt 0.446834 0.203528
vt 0.485168 0.281517
vt 0.481929 0.278196
vt 0.441902 0.216060
vt 0.444010 0.220567
vt 0.439412 0.211462
vt 0.442160 0.196643
vt 0.432415 0.184201
vt 0.423401 0.179256
vt 0.429400 0.193978
vt 0.435843 0.204916
vt 0.419796 0.186870
vt 0.410744 0.015770
vt 0.423757 0.013706
vt 0.403355 0.027030
vt 0.398623 0.018461
vt 0.480536 0.288595
vt 0.476784 0.285909
vt 0.440534 0.015702
vt 0.435239 0.007487
vt 0.439866 0.005485
vt 0.445284 0.013278
vt 0.435614 0.018283
vt 0.430669 0.010310
vt 0.450461 0.022114
vt 0.444639 0.025215
vt 0.437798 0.028699
vt 0.483056 0.300815
vt 0.485772 0.305745
vt 0.478737 0.295627
vt 0.479127 0.302084
vt 0.474069 0.295578
vt 0.474253 0.304132
vt 0.447134 0.033512
vt 0.453791 0.030057
vt 0.411560 0.041488
vt 0.414842 0.053709
vt 0.416936 0.130983
vt 0.410919 0.112397
vt 0.417340 0.144348
vt 0.387178 0.116585
vt 0.391095 0.131906
vt 0.392033 0.143620
vt 0.408845 0.098484
vt 0.385253 0.103391
vt 0.415945 0.154064
vt 0.412716 0.164463
vt 0.392422 0.152240
vt 0.392541 0.161877
vt 0.359503 0.145059
vt 0.356580 0.133586
vt 0.361359 0.154523
vt 0.363568 0.163937
vt 0.404329 0.085511
vt 0.379745 0.090876
vt 0.399966 0.072373
vt 0.375734 0.078626
vt 0.399285 0.064824
vt 0.398151 0.058861
vt 0.377083 0.070242
vt 0.376102 0.062786
vt 0.346045 0.095092
vt 0.344257 0.083008
vt 0.345238 0.073716
vt 0.345272 0.064047
vt 0.410880 0.173831
vt 0.408316 0.183144
vt 0.393289 0.171978
vt 0.392842 0.181974
vt 0.392926 0.036035
vt 0.388877 0.026321
vt 0.364787 0.174231
vt 0.365670 0.185152
vt 0.375369 0.042235
vt 0.374453 0.032175
vt 0.396080 0.048167
vt 0.374281 0.052909
vt 0.345834 0.043654
vt 0.347527 0.033180
vt 0.344531 0.053848
vt 0.489095 0.313732
vt 0.460455 0.046160
vt 0.466233 0.044028
vt 0.482503 0.309099
vt 0.457560 0.038147
vt 0.463539 0.036053
vt 0.450270 0.041538
vt 0.477280 0.312123
vt 0.324156 0.148516
vt 0.326965 0.159038
vt 0.330096 0.169931
vt 0.296592 0.151271
vt 0.299779 0.163392
vt 0.275482 0.154578
vt 0.278659 0.167251
vt 0.303168 0.175658
vt 0.282054 0.180330
vt 0.310658 0.086899
vt 0.310963 0.075968
vt 0.289020 0.087739
vt 0.331849 0.182335
vt 0.333913 0.196251
vt 0.305851 0.190162
vt 0.285165 0.194636
vt 0.311884 0.041672
vt 0.314767 0.029123
vt 0.310320 0.053283
vt 0.310650 0.065124
vt 0.286595 0.040549
vt 0.285668 0.023318
vt 0.287471 0.053829
vt 0.288604 0.066087
vt 0.263964 0.052777
vt 0.264662 0.039713
vt 0.265093 0.025109
vt 0.256472 0.157820
vt 0.259219 0.171343
vt 0.261945 0.184643
vt 0.265781 0.199222
vt 0.268417 0.214946
vt 0.244362 0.203909
vt 0.246755 0.219341
vt 0.289144 0.076556
vt 0.264584 0.090689
vt 0.264328 0.077555
vt 0.263185 0.065097
vt 0.244332 0.093650
vt 0.243610 0.078767
vt 0.224399 0.094909
vt 0.222459 0.080084
vt 0.242904 0.065797
vt 0.242834 0.053080
vt 0.243451 0.039958
vt 0.220582 0.067088
vt 0.219820 0.053864
vt 0.270576 0.229409
vt 0.247797 0.233459
vt 0.243635 0.025982
vt 0.219898 0.041483
vt 0.220140 0.028621
vt 0.212490 0.150876
vt 0.192781 0.150831
vt 0.190538 0.136758
vt 0.209396 0.133345
vt 0.176255 0.151582
vt 0.174983 0.138747
vt 0.206185 0.111301
vt 0.188197 0.114709
vt 0.170947 0.115914
vt 0.205588 0.094879
vt 0.187594 0.096507
vt 0.169102 0.095753
vt 0.203629 0.081707
vt 0.222658 0.223772
vt 0.206396 0.228498
vt 0.191690 0.233974
vt 0.200133 0.068237
vt 0.197143 0.054407
vt 0.180626 0.055194
vt 0.165349 0.055650
vt 0.118862 0.145138
vt 0.118797 0.130989
vt 0.116031 0.113699
vt 0.101454 0.130139
vt 0.098909 0.112870
vt 0.150284 0.095608
vt 0.131403 0.093985
vt 0.148307 0.074484
vt 0.129277 0.075597
vt 0.148058 0.056234
vt 0.130060 0.057441
vt 0.224345 0.235247
vt 0.209078 0.239659
vt 0.195138 0.245192
vt 0.180094 0.251040
vt 0.180669 0.030322
vt 0.196471 0.030702
vt 0.196442 0.041892
vt 0.180041 0.041697
vt 0.164866 0.041388
vt 0.165986 0.028749
vt 0.148845 0.040730
vt 0.149938 0.027202
vt 0.164716 0.257949
vt 0.149904 0.264410
vt 0.131364 0.040674
vt 0.133015 0.026974
vt 0.113763 0.040685
vt 0.117155 0.024605
vt 0.136254 0.270874
vt 0.099921 0.033770
vt 0.102454 0.021607
vt 0.071719 0.029827
vt 0.074879 0.015177
vt 0.068854 0.050883
vt 0.071981 0.130152
vt 0.034449 0.134068
vt 0.070644 0.113268
vt 0.034635 0.115831
vt 0.069273 0.098320
vt 0.035886 0.097822
vt 0.068106 0.087320
vt 0.036251 0.085397
vt 0.068012 0.069950
vt 0.037769 0.067656
vt 0.001480 0.097616
vt 0.002152 0.080846
vt 0.002737 0.063378
vt 0.001203 0.137499
vt 0.001160 0.116953
vt 0.864286 0.513191
vt 0.866088 0.513160
vt 0.861415 0.530522
vt 0.860066 0.530208
vt 0.877422 0.515742
vt 0.872266 0.533980
vt 0.888327 0.518288
vt 0.882674 0.537344
vt 0.854676 0.548938
vt 0.856443 0.549678
vt 0.866605 0.553159
vt 0.877111 0.556590
vt 0.885912 0.560885
vt 0.850509 0.566942
vt 0.848648 0.566258
vt 0.860608 0.570457
vt 0.871139 0.574218
vt 0.879933 0.577868
vt 0.843043 0.581944
vt 0.841432 0.580691
vt 0.853511 0.587558
vt 0.863294 0.593144
vt 0.872756 0.596287
vt 0.039218 0.046984
vt 0.041825 0.026201
vt 0.003313 0.041651
vt 0.005801 0.021210
vt 0.045792 0.009304
vt 0.008242 0.001160
vt 0.834365 0.596319
vt 0.832201 0.594784
vt 0.844851 0.604219
vt 0.854706 0.611082
vt 0.821561 0.612964
vt 0.820052 0.611432
vt 0.831748 0.622311
vt 0.807099 0.626033
vt 0.790404 0.636851
vt 0.789668 0.635345
vt 0.805895 0.624399
vt 0.814920 0.637667
vt 0.797515 0.650002
vt 0.803123 0.661268
vt 0.807020 0.667022
vt 0.829992 0.194283
vt 0.830489 0.193114
vt 0.831204 0.193297
vt 0.831613 0.194434
vt 0.832894 0.193990
vt 0.832121 0.192761
vt 0.831000 0.191922
vt 0.828483 0.193177
vt 0.829537 0.192506
vt 0.829324 0.191564
vt 0.971889 0.003686
vt 0.972452 0.005273
vt 0.970698 0.002139
vt 0.972389 0.006636
vt 0.832867 0.191835
vt 0.833976 0.193266
vt 0.972077 0.007962
vt 0.831519 0.190826
vt 0.828092 0.191589
vt 0.969274 0.001305
vt 0.829589 0.190156
vt 0.828032 0.189989
vt 0.967699 0.001160
vt 0.832630 0.188747
vt 0.830691 0.187936
vt 0.828685 0.187066
vt 0.966955 0.006088
vt 0.966180 0.004636
vt 0.965501 0.003062
vt 0.834219 0.189734
vt 0.835814 0.191240
vt 0.970734 0.010258
vt 0.969157 0.008786
vt 0.837956 0.187968
vt 0.836314 0.186773
vt 0.833924 0.185713
vt 0.966711 0.011124
vt 0.968028 0.012827
vt 0.968096 0.007754
vt 0.965387 0.009307
vt 0.831919 0.184406
vt 0.964320 0.007954
vt 0.963318 0.006270
vt 0.964826 0.001510
vt 0.829866 0.183807
vt 0.962216 0.004427
vt 0.961738 0.002760
vt 0.851391 0.191226
vt 0.838209 0.183540
vt 0.840186 0.184941
vt 0.963771 0.013475
vt 0.965324 0.015198
vt 0.962639 0.011660
vt 0.835834 0.182524
vt 0.833607 0.180900
vt 0.960060 0.008190
vt 0.961060 0.009943
vt 0.851363 0.189809
vt 0.850131 0.184747
vt 0.966553 0.030862
vt 0.968411 0.027612
vt 0.962028 0.029688
vt 0.963420 0.026669
vt 0.842563 0.182160
vt 0.840460 0.180370
vt 0.837579 0.178814
vt 0.960970 0.015972
vt 0.962929 0.017740
vt 0.959549 0.014004
vt 0.831296 0.180168
vt 0.958931 0.006334
vt 0.958279 0.004252
vt 0.835401 0.177472
vt 0.832738 0.176536
vt 0.955634 0.007982
vt 0.956554 0.009837
vt 0.957933 0.012206
vt 0.954832 0.005828
vt 0.845082 0.179347
vt 0.842858 0.176952
vt 0.839661 0.175184
vt 0.958390 0.018832
vt 0.960695 0.020420
vt 0.849363 0.180575
vt 0.954722 0.026817
vt 0.960084 0.024652
vt 0.956300 0.016616
vt 0.846053 0.178761
vt 0.845133 0.174252
vt 0.841257 0.170685
vt 0.959850 0.021049
vt 0.836924 0.173607
vt 0.834105 0.173056
vt 0.951935 0.009498
vt 0.951439 0.007262
vt 0.953094 0.012083
vt 0.837722 0.169447
vt 0.834801 0.169291
vt 0.948153 0.010699
vt 0.947768 0.008336
vt 0.949296 0.013250
vt 0.848404 0.173676
vt 0.848076 0.178615
vt 0.958594 0.022682
vt 0.842724 0.167375
vt 0.838008 0.165518
vt 0.838837 0.161761
vt 0.835158 0.165603
vt 0.955121 0.030915
vt 0.954535 0.014544
vt 0.952371 0.020134
vt 0.950464 0.016360
vt 0.949722 0.030346
vt 0.941911 0.030804
vt 0.945635 0.018248
vt 0.944254 0.014599
vt 0.943801 0.011183
vt 0.940471 0.020277
vt 0.939629 0.015399
vt 0.943937 0.008428
vt 0.834911 0.161735
vt 0.939670 0.011708
vt 0.940006 0.008056
vt 0.844400 0.149342
vt 0.843099 0.143934
vt 0.837696 0.150453
vt 0.835892 0.143467
vt 0.934461 0.029196
vt 0.934810 0.024851
vt 0.934608 0.020323
vt 0.934523 0.015245
vt 0.928205 0.023256
vt 0.834423 0.155930
vt 0.934281 0.011280
vt 0.934077 0.007466
vt 0.833434 0.151422
vt 0.929275 0.010978
vt 0.929431 0.006712
vt 0.831167 0.145652
vt 0.922342 0.010265
vt 0.923154 0.005608
vt 0.839886 0.136487
vt 0.846712 0.133663
vt 0.834403 0.137876
vt 0.913189 0.024347
vt 0.906752 0.014118
vt 0.904526 0.020558
vt 0.902481 0.026406
vt 0.829622 0.139997
vt 0.916029 0.009525
vt 0.917304 0.004086
vt 0.828181 0.133400
vt 0.908211 0.007700
vt 0.910580 0.002595
vt 0.557491 0.564870
vt 0.565473 0.564913
vt 0.564425 0.568918
vt 0.557144 0.568515
vt 0.549716 0.568420
vt 0.549749 0.564664
vt 0.828032 0.126795
vt 0.556216 0.574106
vt 0.563347 0.574713
vt 0.569966 0.574698
vt 0.904057 0.001678
vt 0.901328 0.006103
vt 0.899636 0.011747
vt 0.897919 0.017617
vt 0.575812 0.575208
vt 0.583218 0.567587
vt 0.582312 0.575952
vt 0.589863 0.567471
vt 0.589115 0.576118
vt 0.895392 0.023361
vt 0.893156 0.029232
vt 0.603396 0.567223
vt 0.603735 0.575936
vt 0.596158 0.576096
vt 0.596618 0.567682
vt 0.843624 0.114694
vt 0.645359 0.561160
vt 0.646713 0.566683
vt 0.549205 0.574052
vt 0.649480 0.580526
vt 0.643200 0.583583
vt 0.553340 0.587671
vt 0.546068 0.587735
vt 0.560302 0.587369
vt 0.567245 0.587787
vt 0.574134 0.587768
vt 0.580679 0.588163
vt 0.588152 0.589125
vt 0.647322 0.598071
vt 0.653739 0.594213
vt 0.548808 0.602130
vt 0.541355 0.601290
vt 0.633519 0.603678
vt 0.640809 0.601359
vt 0.625446 0.605344
vt 0.556610 0.602488
vt 0.564514 0.602716
vt 0.595826 0.589430
vt 0.605441 0.589987
vt 0.614308 0.590369
vt 0.586816 0.604045
vt 0.595562 0.604945
vt 0.606298 0.605765
vt 0.616762 0.606122
vt 0.571734 0.603313
vt 0.579156 0.603777
vt 0.551373 0.623857
vt 0.559810 0.624995
vt 0.567942 0.626027
vt 0.576727 0.626379
vt 0.585338 0.627144
vt 0.594806 0.627590
vt 0.646158 0.621818
vt 0.637980 0.624806
vt 0.629224 0.626864
vt 0.654333 0.618146
vt 0.661994 0.613351
vt 0.542148 0.622737
vt 0.533566 0.620749
vt 0.650596 0.636815
vt 0.659712 0.632839
vt 0.668840 0.628572
vt 0.641110 0.640159
vt 0.537186 0.638151
vt 0.526570 0.636364
vt 0.546976 0.639578
vt 0.619655 0.627773
vt 0.631771 0.642629
vt 0.593297 0.643805
vt 0.556406 0.640898
vt 0.565503 0.641940
vt 0.574499 0.642665
vt 0.583794 0.643540
vt 0.654017 0.650462
vt 0.664240 0.646681
vt 0.674612 0.642144
vt 0.643478 0.653669
vt 0.533676 0.651640
vt 0.522624 0.650787
vt 0.544230 0.652610
vt 0.668858 0.660442
vt 0.679168 0.655955
vt 0.532184 0.665158
vt 0.520705 0.665068
vt 0.633231 0.655668
vt 0.634123 0.669215
vt 0.553944 0.653890
vt 0.563434 0.654822
vt 0.573129 0.655881
vt 0.582910 0.656770
vt 0.542874 0.666016
vt 0.553102 0.666643
vt 0.562773 0.667753
vt 0.572855 0.668936
vt 0.582946 0.669535
vt 0.593094 0.657257
vt 0.592963 0.670268
vt 0.593320 0.679593
vt 0.582902 0.678382
vt 0.572683 0.677369
vt 0.563080 0.676492
vt 0.899549 0.567671
vt 0.912599 0.572843
vt 0.942173 0.535752
vt 0.932119 0.555637
vt 0.947175 0.560696
vt 0.956190 0.540567
vt 0.925622 0.577891
vt 0.938093 0.580366
vt 0.893696 0.586961
vt 0.889402 0.603670
vt 0.906263 0.593109
vt 0.919838 0.596785
vt 0.933820 0.599380
vt 0.970488 0.546341
vt 0.961479 0.565218
vt 0.974748 0.569699
vt 0.983755 0.551653
vt 0.953066 0.583897
vt 0.967846 0.586821
vt 0.997295 0.558390
vt 0.988645 0.574900
vt 0.998789 0.559258
vt 0.990322 0.575409
vt 0.299861 0.614484
vt 0.301365 0.602357
vt 0.317914 0.601615
vt 0.318350 0.615876
vt 0.318816 0.586391
vt 0.303603 0.588201
vt 0.982305 0.590874
vt 0.984800 0.591746
vt 0.340426 0.600226
vt 0.336192 0.615039
vt 0.338944 0.585011
vt 0.948370 0.601771
vt 0.962707 0.603879
vt 0.916517 0.613744
vt 0.930420 0.616601
vt 0.945340 0.619291
vt 0.959985 0.621500
vt 0.977067 0.606531
vt 0.981316 0.607539
vt 0.975707 0.623789
vt 0.976734 0.623620
vt 0.902909 0.609910
vt 0.832354 0.671963
vt 0.809387 0.671912
vt 0.862117 0.672353
vt 0.883018 0.619369
vt 0.893925 0.638928
vt 0.888713 0.654405
vt 0.886118 0.672552
vt 0.977010 0.637301
vt 0.974635 0.637424
vt 0.959050 0.636197
vt 0.382839 0.610490
vt 0.975106 0.651844
vt 0.977131 0.651318
vt 0.396121 0.607481
vt 0.976377 0.663221
vt 0.974414 0.663266
vt 0.958046 0.648562
vt 0.958203 0.661403
vt 0.406263 0.594069
vt 0.407247 0.607109
vt 0.406806 0.582632
vt 0.415919 0.581649
vt 0.415913 0.593808
vt 0.416353 0.605981
vt 0.974635 0.672966
vt 0.977056 0.672975
vt 0.425023 0.607120
vt 0.426024 0.594078
vt 0.425453 0.582636
vt 0.899042 0.624463
vt 0.913923 0.628034
vt 0.927853 0.630695
vt 0.910304 0.642241
vt 0.925120 0.643978
vt 0.908123 0.655765
vt 0.922668 0.658656
vt 0.907279 0.672694
vt 0.922283 0.672801
vt 0.943028 0.633336
vt 0.941404 0.646805
vt 0.940857 0.660671
vt 0.940964 0.672864
vt 0.957068 0.672915
vt 0.305770 0.577111
vt 0.321735 0.572096
vt 0.322364 0.559705
vt 0.306066 0.564118
vt 0.340473 0.567369
vt 0.341096 0.555467
vt 0.305441 0.549941
vt 0.321990 0.543594
vt 0.320911 0.527245
vt 0.303638 0.536471
vt 0.340475 0.537300
vt 0.339147 0.520243
vt 0.362646 0.582251
vt 0.362472 0.566479
vt 0.362334 0.553757
vt 0.361523 0.535632
vt 0.358664 0.518090
vt 0.289655 0.477969
vt 0.305695 0.469636
vt 0.286667 0.460643
vt 0.300399 0.452751
vt 0.312583 0.446448
vt 0.301580 0.520043
vt 0.317484 0.508094
vt 0.152207 0.578315
vt 0.168619 0.587352
vt 0.336103 0.499333
vt 0.356061 0.497220
vt 0.353300 0.475091
vt 0.386012 0.566711
vt 0.383625 0.553941
vt 0.381774 0.534859
vt 0.379367 0.518991
vt 0.405514 0.567317
vt 0.403559 0.553428
vt 0.415890 0.566498
vt 0.415910 0.552309
vt 0.426747 0.567309
vt 0.429195 0.553423
vt 0.400605 0.535472
vt 0.400181 0.521007
vt 0.415906 0.535606
vt 0.431620 0.535441
vt 0.415895 0.523256
vt 0.432486 0.520961
vt 0.377031 0.497738
vt 0.398273 0.499914
vt 0.415843 0.502321
vt 0.433867 0.499852
vt 0.396105 0.477523
vt 0.415803 0.480841
vt 0.435980 0.477454
vt 0.374480 0.475987
vt 0.393074 0.448978
vt 0.415752 0.451433
vt 0.438902 0.448885
vt 0.682192 0.665279
vt 0.531493 0.674804
vt 0.520572 0.674676
vt 0.684481 0.674635
vt 0.530230 0.683883
vt 0.519038 0.684096
vt 0.688219 0.685909
vt 0.528509 0.695128
vt 0.517361 0.695659
vt 0.634229 0.678953
vt 0.622539 0.679804
vt 0.612227 0.679895
vt 0.623027 0.689037
vt 0.613242 0.689468
vt 0.624261 0.701120
vt 0.614390 0.701107
vt 0.542011 0.675207
vt 0.552864 0.675878
vt 0.540865 0.684615
vt 0.551673 0.685101
vt 0.562149 0.685781
vt 0.539415 0.695736
vt 0.550191 0.696550
vt 0.561362 0.697039
vt 0.603275 0.679752
vt 0.593886 0.688680
vt 0.583169 0.687459
vt 0.572759 0.686249
vt 0.604018 0.688920
vt 0.604955 0.699996
vt 0.594317 0.699817
vt 0.582921 0.698929
vt 0.678783 0.706552
vt 0.670987 0.710159
vt 0.662687 0.712751
vt 0.686327 0.701750
vt 0.692811 0.697052
vt 0.526128 0.708233
vt 0.514617 0.707332
vt 0.684274 0.724002
vt 0.674963 0.727492
vt 0.665563 0.729647
vt 0.694040 0.719947
vt 0.703713 0.715459
vt 0.521454 0.730552
vt 0.510464 0.728698
vt 0.654136 0.714556
vt 0.645657 0.715197
vt 0.635753 0.714663
vt 0.625329 0.714064
vt 0.655798 0.731665
vt 0.646373 0.733025
vt 0.636156 0.733790
vt 0.626329 0.734116
vt 0.536962 0.708542
vt 0.548374 0.709428
vt 0.559873 0.709761
vt 0.533407 0.732377
vt 0.545437 0.733057
vt 0.557554 0.733428
vt 0.615241 0.713858
vt 0.594771 0.712083
vt 0.605916 0.712958
vt 0.582973 0.711449
vt 0.606363 0.734831
vt 0.595037 0.734442
vt 0.582596 0.734092
vt 0.616494 0.734543
vt 0.572251 0.697385
vt 0.571434 0.710102
vt 0.569765 0.733909
vt 0.680958 0.746175
vt 0.691514 0.743055
vt 0.702673 0.739631
vt 0.713575 0.735750
vt 0.670480 0.748075
vt 0.660195 0.749697
vt 0.649920 0.751093
vt 0.638793 0.752245
vt 0.700440 0.764380
vt 0.689863 0.767258
vt 0.679116 0.768754
vt 0.507734 0.751134
vt 0.542868 0.756076
vt 0.606629 0.756048
vt 0.594366 0.756959
vt 0.580555 0.757081
vt 0.712522 0.761269
vt 0.723652 0.755160
vt 0.723910 0.778038
vt 0.732364 0.767776
vt 0.505793 0.772982
vt 0.537554 0.769547
vt 0.521058 0.787536
vt 0.506123 0.788621
vt 0.534477 0.788999
vt 0.628136 0.752218
vt 0.617820 0.753563
vt 0.618886 0.760128
vt 0.607034 0.765376
vt 0.621257 0.777871
vt 0.607232 0.779333
vt 0.592266 0.771068
vt 0.592389 0.782889
vt 0.638844 0.792800
vt 0.623123 0.791556
vt 0.639741 0.807108
vt 0.624134 0.806327
vt 0.607842 0.791251
vt 0.592789 0.791517
vt 0.608669 0.805530
vt 0.593587 0.805065
vt 0.555001 0.756914
vt 0.566609 0.757674
vt 0.549526 0.772978
vt 0.561517 0.774363
vt 0.546599 0.790406
vt 0.558586 0.790491
vt 0.558036 0.800394
vt 0.732228 0.791544
vt 0.741645 0.779368
vt 0.188343 0.582167
vt 0.180642 0.595808
vt 0.518966 0.802286
vt 0.504454 0.804274
vt 0.297805 0.442508
vt 0.307102 0.437323
vt 0.285408 0.447053
vt 0.639446 0.820612
vt 0.624839 0.820261
vt 0.639104 0.834082
vt 0.625426 0.833462
vt 0.610156 0.820025
vt 0.595156 0.819465
vt 0.611918 0.833806
vt 0.597755 0.833789
vt 0.638389 0.848112
vt 0.626065 0.846474
vt 0.328895 0.334394
vt 0.340521 0.328324
vt 0.344767 0.340575
vt 0.333072 0.345865
vt 0.283072 0.517893
vt 0.284339 0.504240
vt 0.284132 0.490383
vt 0.358734 0.333598
vt 0.350706 0.319933
vt 0.613844 0.848109
vt 0.600107 0.848927
vt 0.579574 0.817952
vt 0.580784 0.832016
vt 0.582454 0.845787
vt 0.531696 0.836629
vt 0.514315 0.835998
vt 0.556550 0.813805
vt 0.552732 0.826793
vt 0.550961 0.839800
vt 0.568790 0.816303
vt 0.567374 0.829939
vt 0.334118 0.436402
vt 0.336031 0.417807
vt 0.567553 0.842195
vt 0.337197 0.401682
vt 0.351377 0.400765
vt 0.286104 0.474399
vt 0.014001 0.779788
vt 0.373339 0.327811
vt 0.363773 0.311708
vt 0.381201 0.339505
vt 0.030120 0.802282
vt 0.019935 0.801073
vt 0.047832 0.799813
vt 0.029380 0.818641
vt 0.016142 0.817710
vt 0.048960 0.815482
vt 0.387636 0.349640
vt 0.068406 0.795688
vt 0.415475 0.357020
vt 0.415566 0.381209
vt 0.415628 0.401627
vt 0.050459 0.832566
vt 0.032583 0.859798
vt 0.015236 0.866402
vt 0.051232 0.853838
vt 0.014129 0.571160
vt 0.030504 0.576992
vt 0.048123 0.582202
vt 0.047856 0.602172
vt 0.392611 0.420808
vt 0.415693 0.422435
vt 0.439212 0.420669
vt 0.103464 0.800729
vt 0.069488 0.812422
vt 0.087459 0.811803
vt 0.103647 0.813811
vt 0.107525 0.777873
vt 0.107436 0.778749
vt 0.109288 0.778299
vt 0.109181 0.778999
vt 0.111000 0.778245
vt 0.111353 0.779031
vt 0.111220 0.777135
vt 0.112600 0.778686
vt 0.110873 0.776132
vt 0.113725 0.778316
vt 0.114576 0.777706
vt 0.114141 0.779107
vt 0.115240 0.778538
vt 0.115704 0.781431
vt 0.117431 0.780271
vt 0.125816 0.793684
vt 0.116615 0.817644
vt 0.068796 0.829926
vt 0.088013 0.828582
vt 0.105180 0.831242
vt 0.120268 0.835163
vt 0.068695 0.850950
vt 0.086039 0.850698
vt 0.064506 0.584516
vt 0.065129 0.604165
vt 0.080694 0.584335
vt 0.083120 0.604922
vt 0.101960 0.852514
vt 0.118677 0.854450
vt 0.135026 0.836335
vt 0.134592 0.854320
vt 0.095470 0.582251
vt 0.099051 0.601944
vt 0.110919 0.579990
vt 0.112851 0.598477
vt 0.125608 0.579650
vt 0.126569 0.596684
vt 0.134785 0.795408
vt 0.153474 0.789249
vt 0.143633 0.796451
vt 0.143430 0.808844
vt 0.161373 0.792617
vt 0.173728 0.787442
vt 0.168371 0.797351
vt 0.145644 0.822059
vt 0.157516 0.820122
vt 0.175542 0.803721
vt 0.183013 0.792886
vt 0.167591 0.813496
vt 0.183452 0.811296
vt 0.173767 0.823345
vt 0.172020 0.633803
vt 0.193601 0.821105
vt 0.172025 0.617084
vt 0.180698 0.607754
vt 0.148831 0.835472
vt 0.161955 0.831168
vt 0.151408 0.851274
vt 0.141180 0.581922
vt 0.139365 0.596527
vt 0.167054 0.844784
vt 0.155724 0.587347
vt 0.151568 0.599973
vt 0.181813 0.834315
vt 0.169527 0.596333
vt 0.162337 0.606995
vt 0.630278 0.015582
vt 0.632838 0.014098
vt 0.633095 0.017644
vt 0.630937 0.018380
vt 0.635697 0.012865
vt 0.635883 0.017318
vt 0.632661 0.021494
vt 0.630284 0.021568
vt 0.635391 0.021626
vt 0.641359 0.016325
vt 0.639013 0.018580
vt 0.638829 0.013779
vt 0.637899 0.022389
vt 0.640472 0.022558
vt 0.630833 0.011601
vt 0.628679 0.013341
vt 0.629347 0.018951
vt 0.628226 0.017319
vt 0.626129 0.015502
vt 0.633508 0.009187
vt 0.627891 0.009446
vt 0.626105 0.011563
vt 0.623555 0.014207
vt 0.629904 0.006759
vt 0.643847 0.015225
vt 0.642881 0.011520
vt 0.647118 0.014420
vt 0.647528 0.011283
vt 0.631735 0.026445
vt 0.635048 0.026479
vt 0.628166 0.021323
vt 0.626325 0.020293
vt 0.624002 0.024347
vt 0.638013 0.026565
vt 0.641376 0.026740
vt 0.645618 0.021783
vt 0.628813 0.031929
vt 0.635615 0.031800
vt 0.632598 0.032465
vt 0.621816 0.028396
vt 0.638733 0.031935
vt 0.642057 0.030901
vt 0.623698 0.018881
vt 0.620876 0.017835
vt 0.617851 0.016925
vt 0.615498 0.021196
vt 0.639950 0.038792
vt 0.643115 0.038302
vt 0.651023 0.015124
vt 0.651573 0.012333
vt 0.620493 0.012917
vt 0.655780 0.013421
vt 0.617450 0.006629
vt 0.618935 0.004605
vt 0.615428 0.002768
vt 0.614596 0.004769
vt 0.670137 0.023222
vt 0.629970 0.053658
vt 0.637104 0.063024
vt 0.630024 0.063616
vt 0.625481 0.044321
vt 0.622557 0.054068
vt 0.621773 0.063693
vt 0.642254 0.060340
vt 0.648026 0.049079
vt 0.650417 0.059591
vt 0.637662 0.073819
vt 0.644613 0.073316
vt 0.652365 0.072291
vt 0.630054 0.073709
vt 0.622215 0.073187
vt 0.623247 0.083489
vt 0.643763 0.085785
vt 0.653581 0.085773
vt 0.641349 0.098537
vt 0.623240 0.094529
vt 0.663212 0.069793
vt 0.667248 0.084011
vt 0.669964 0.101924
vt 0.635481 0.110629
vt 0.618422 0.033850
vt 0.614608 0.039772
vt 0.614646 0.031441
vt 0.609592 0.048748
vt 0.596452 0.053461
vt 0.604623 0.057371
vt 0.585445 0.046868
vt 0.659261 0.057645
vt 0.671893 0.055101
vt 0.682964 0.052073
vt 0.691881 0.049308
vt 0.676588 0.067392
vt 0.687835 0.063248
vt 0.591952 0.061312
vt 0.599558 0.065735
vt 0.582215 0.054822
vt 0.595047 0.075410
vt 0.588005 0.071659
vt 0.585277 0.083421
vt 0.591808 0.086487
vt 0.579705 0.066397
vt 0.577502 0.079352
vt 0.575895 0.040700
vt 0.573706 0.048173
vt 0.571003 0.059952
vt 0.568394 0.073680
vt 0.682590 0.099175
vt 0.680375 0.081473
vt 0.685534 0.124204
vt 0.692073 0.076741
vt 0.695835 0.094026
vt 0.704162 0.120140
vt 0.698175 0.058332
vt 0.703185 0.070208
vt 0.709093 0.085584
vt 0.604616 0.003900
vt 0.604866 0.001499
vt 0.601089 0.001160
vt 0.602203 0.003811
vt 0.599558 0.004685
vt 0.598168 0.002861
vt 0.593368 0.007180
vt 0.590783 0.005912
vt 0.588651 0.008363
vt 0.587867 0.005694
vt 0.696670 0.021064
vt 0.696945 0.023939
vt 0.698060 0.030468
vt 0.586518 0.012795
vt 0.700137 0.036759
vt 0.699448 0.047710
vt 0.586475 0.009166
vt 0.585115 0.007392
vt 0.585303 0.011963
vt 0.584469 0.010691
vt 0.581660 0.017083
vt 0.582909 0.010293
vt 0.581298 0.016142
vt 0.580927 0.015617
vt 0.577350 0.017173
vt 0.575556 0.017992
vt 0.577032 0.015599
vt 0.574861 0.016747
vt 0.700817 0.024621
vt 0.700027 0.020721
vt 0.703505 0.029574
vt 0.707054 0.028724
vt 0.572531 0.019434
vt 0.569897 0.023716
vt 0.566802 0.028039
vt 0.709125 0.033660
vt 0.706150 0.035218
vt 0.708590 0.027911
vt 0.711352 0.032334
vt 0.568145 0.036701
vt 0.566437 0.043995
vt 0.705862 0.054752
vt 0.712166 0.050577
vt 0.707656 0.042976
vt 0.563475 0.054881
vt 0.560530 0.068232
vt 0.711290 0.064589
vt 0.717258 0.060391
vt 0.717676 0.077899
vt 0.724159 0.072251
vt 0.721222 0.056702
vt 0.716601 0.047453
vt 0.712528 0.039951
vt 0.728611 0.067780
vt 0.720182 0.044748
vt 0.724456 0.054118
vt 0.732033 0.064601
vt 0.563704 0.034474
vt 0.561111 0.042726
vt 0.715782 0.037619
vt 0.559162 0.053235
vt 0.638770 0.400282
vt 0.637472 0.416420
vt 0.619449 0.434865
vt 0.607743 0.429038
vt 0.632396 0.440843
vt 0.635021 0.429292
vt 0.607089 0.391361
vt 0.615484 0.449510
vt 0.603164 0.444002
vt 0.628108 0.455077
vt 0.622331 0.482556
vt 0.607852 0.477080
vt 0.594540 0.471674
vt 0.595104 0.423109
vt 0.590969 0.438836
vt 0.580850 0.466275
vt 0.648738 0.432884
vt 0.638653 0.487189
vt 0.663484 0.350793
vt 0.660982 0.368702
vt 0.649554 0.348780
vt 0.653412 0.324761
vt 0.667060 0.326719
vt 0.681405 0.328215
vt 0.657455 0.387154
vt 0.635720 0.346937
vt 0.654262 0.403728
vt 0.671588 0.388443
vt 0.669430 0.405517
vt 0.683371 0.388193
vt 0.682155 0.404919
vt 0.652622 0.418698
vt 0.664845 0.419609
vt 0.663105 0.433575
vt 0.681007 0.419493
vt 0.679317 0.432896
vt 0.650457 0.488582
vt 0.677551 0.446864
vt 0.693035 0.417689
vt 0.691752 0.431162
vt 0.690136 0.445958
vt 0.673079 0.463675
vt 0.687806 0.463469
vt 0.570069 0.493586
vt 0.585131 0.500621
vt 0.576006 0.538940
vt 0.559889 0.532176
vt 0.567781 0.460854
vt 0.554900 0.487314
vt 0.542017 0.523895
vt 0.599885 0.506868
vt 0.590312 0.544107
vt 0.615332 0.513129
vt 0.630973 0.517580
vt 0.607293 0.549210
vt 0.623872 0.552605
vt 0.809336 0.850524
vt 0.798578 0.823217
vt 0.812603 0.816642
vt 0.824417 0.868179
vt 0.827997 0.807595
vt 0.829343 0.807040
vt 0.837704 0.822206
vt 0.823487 0.787280
vt 0.824888 0.787189
vt 0.808662 0.793541
vt 0.848902 0.832131
vt 0.795785 0.797698
vt 0.788559 0.797068
vt 0.862447 0.842467
vt 0.859417 0.846315
vt 0.853827 0.855121
vt 0.848274 0.864294
vt 0.840279 0.879461
vt 0.868695 0.863537
vt 0.873490 0.854528
vt 0.874312 0.853128
vt 0.863606 0.872887
vt 0.856095 0.888530
vt 0.647578 0.521441
vt 0.642312 0.556392
vt 0.671306 0.489864
vt 0.667989 0.524215
vt 0.663252 0.559266
vt 0.688157 0.489384
vt 0.687132 0.525671
vt 0.889996 0.860919
vt 0.888986 0.863056
vt 0.884873 0.871533
vt 0.880323 0.880171
vt 0.872687 0.896018
vt 0.906816 0.869830
vt 0.908444 0.866066
vt 0.902771 0.878494
vt 0.898550 0.887147
vt 0.890763 0.903230
vt 0.683847 0.560347
vt 0.703238 0.490034
vt 0.702592 0.526592
vt 0.700382 0.559890
vt 0.925005 0.875289
vt 0.926150 0.871731
vt 0.920907 0.884427
vt 0.916975 0.893296
vt 0.908953 0.910009
vt 0.941383 0.877889
vt 0.941269 0.873625
vt 0.938334 0.888533
vt 0.935274 0.898431
vt 0.927884 0.916655
vt 0.796809 0.900886
vt 0.811955 0.905391
vt 0.794667 0.920976
vt 0.808076 0.923305
vt 0.833727 0.893966
vt 0.830463 0.900475
vt 0.825095 0.910816
vt 0.820004 0.926460
vt 0.816363 0.941141
vt 0.849220 0.904168
vt 0.865098 0.912288
vt 0.830439 0.943452
vt 0.847405 0.949153
vt 0.798835 0.965992
vt 0.813364 0.955089
vt 0.812283 0.968408
vt 0.827360 0.957415
vt 0.827214 0.971522
vt 0.798416 0.967482
vt 0.005947 0.399715
vt 0.025817 0.397276
vt 0.811894 0.969914
vt 0.826549 0.972995
vt 0.026826 0.380702
vt 0.007663 0.384422
vt 0.842773 0.961862
vt 0.839848 0.974645
vt 0.864227 0.955561
vt 0.858682 0.967249
vt 0.855378 0.979698
vt 0.839716 0.976389
vt 0.043712 0.381809
vt 0.026330 0.371091
vt 0.042474 0.370062
vt 0.854490 0.981910
vt 0.029498 0.350285
vt 0.044756 0.349424
vt 0.882377 0.919231
vt 0.876687 0.931694
vt 0.870614 0.943281
vt 0.900080 0.926581
vt 0.893255 0.938789
vt 0.887441 0.950842
vt 0.920053 0.934741
vt 0.912858 0.946801
vt 0.906168 0.958974
vt 0.880768 0.962944
vt 0.874657 0.974230
vt 0.869587 0.986909
vt 0.868500 0.988625
vt 0.898924 0.971612
vt 0.892334 0.983327
vt 0.023228 0.335734
vt 0.014410 0.337179
vt 0.034397 0.335846
vt 0.049652 0.334789
vt 0.884450 0.995506
vt 0.883523 0.996884
vt 0.027742 0.320208
vt 0.015913 0.319170
vt 0.042194 0.318900
vt 0.062380 0.396311
vt 0.085616 0.399437
vt 0.102418 0.398615
vt 0.061896 0.379224
vt 0.081295 0.380568
vt 0.100903 0.383762
vt 0.061156 0.370513
vt 0.080470 0.369016
vt 0.061710 0.349921
vt 0.080157 0.349236
vt 0.099436 0.370719
vt 0.095982 0.349047
vt 0.125270 0.392923
vt 0.123596 0.381636
vt 0.145241 0.393011
vt 0.151651 0.391687
vt 0.162362 0.390722
vt 0.121855 0.368445
vt 0.144783 0.377216
vt 0.115476 0.347162
vt 0.151391 0.376854
vt 0.155626 0.361024
vt 0.064474 0.332832
vt 0.080684 0.330831
vt 0.053639 0.317361
vt 0.066859 0.316374
vt 0.094780 0.328295
vt 0.111473 0.324832
vt 0.081236 0.312808
vt 0.094729 0.308250
vt 0.110344 0.300479
vt 0.162878 0.340906
vt 0.175886 0.348546
vt 0.128926 0.319037
vt 0.126285 0.294886
vt 0.145546 0.312774
vt 0.187198 0.335577
vt 0.175150 0.325873
vt 0.167423 0.317936
vt 0.157041 0.302795
vt 0.136615 0.290374
vt 0.230270 0.388693
vt 0.244699 0.390949
vt 0.238073 0.366389
vt 0.075683 0.709287
vt 0.060838 0.690393
vt 0.074888 0.704731
vt 0.075688 0.699455
vt 0.245000 0.406688
vt 0.258606 0.406286
vt 0.006613 0.688274
vt 0.020996 0.684521
vt 0.023217 0.667607
vt 0.008695 0.669488
vt 0.048219 0.688001
vt 0.034609 0.684989
vt 0.038497 0.669736
vt 0.053434 0.673140
vt 0.063095 0.675669
vt 0.026521 0.650631
vt 0.042701 0.650439
vt 0.253922 0.371852
vt 0.202132 0.322087
vt 0.191614 0.313366
vt 0.182598 0.303994
vt 0.215145 0.333533
vt 0.173440 0.290659
vt 0.227080 0.320590
vt 0.217593 0.309084
vt 0.213247 0.301648
vt 0.200626 0.289783
vt 0.243188 0.657635
vt 0.253648 0.675885
vt 0.224060 0.692451
vt 0.209087 0.691937
vt 0.261178 0.692122
vt 0.101796 0.709487
vt 0.078354 0.709182
vt 0.080697 0.709484
vt 0.083346 0.709974
vt 0.085691 0.710836
vt 0.078139 0.705504
vt 0.080483 0.706743
vt 0.081603 0.703432
vt 0.079190 0.701712
vt 0.083711 0.707788
vt 0.086656 0.708760
vt 0.087250 0.706755
vt 0.084648 0.705452
vt 0.091529 0.712102
vt 0.088045 0.711121
vt 0.091390 0.710247
vt 0.090654 0.710877
vt 0.094940 0.711842
vt 0.094118 0.710585
vt 0.096144 0.711617
vt 0.097727 0.711133
vt 0.095061 0.710102
vt 0.097036 0.708602
vt 0.088053 0.708832
vt 0.095217 0.706312
vt 0.092661 0.704603
vt 0.100105 0.706361
vt 0.097722 0.704212
vt 0.094442 0.701867
vt 0.084299 0.701076
vt 0.089979 0.703293
vt 0.082521 0.699044
vt 0.086995 0.700509
vt 0.090451 0.700523
vt 0.086657 0.697633
vt 0.091266 0.697695
vt 0.100042 0.702398
vt 0.085856 0.692537
vt 0.092377 0.692615
vt 0.080046 0.694452
vt 0.085641 0.685315
vt 0.094547 0.685547
vt 0.076488 0.677546
vt 0.086324 0.676979
vt 0.097099 0.678437
vt 0.108529 0.706109
vt 0.103432 0.705293
vt 0.106764 0.703861
vt 0.104282 0.700168
vt 0.111826 0.704465
vt 0.109356 0.702299
vt 0.107480 0.699059
vt 0.117082 0.706292
vt 0.113157 0.703484
vt 0.119102 0.705378
vt 0.118490 0.704146
vt 0.117998 0.703221
vt 0.111412 0.701100
vt 0.110337 0.698491
vt 0.112498 0.700526
vt 0.111836 0.698324
vt 0.113315 0.700273
vt 0.114860 0.701484
vt 0.119630 0.701708
vt 0.118982 0.701130
vt 0.113967 0.699867
vt 0.112718 0.698305
vt 0.113513 0.698494
vt 0.493689 0.023218
vt 0.493942 0.018183
vt 0.495326 0.018584
vt 0.491230 0.016918
vt 0.483735 0.020664
vt 0.483735 0.015149
vt 0.488187 0.015971
vt 0.487336 0.020110
vt 0.485954 0.010358
vt 0.490082 0.013430
vt 0.492462 0.015225
vt 0.489289 0.023818
vt 0.491441 0.026096
vt 0.494602 0.027835
vt 0.485217 0.025542
vt 0.488611 0.029703
vt 0.494092 0.032183
vt 0.494320 0.016646
vt 0.110405 0.694917
vt 0.112012 0.695624
vt 0.495637 0.017645
vt 0.112945 0.696242
vt 0.113740 0.696688
vt 0.496660 0.016877
vt 0.495924 0.015635
vt 0.494020 0.013313
vt 0.497772 0.020485
vt 0.499088 0.018763
vt 0.113962 0.693710
vt 0.111813 0.691728
vt 0.114692 0.694774
vt 0.500677 0.014175
vt 0.116611 0.693346
vt 0.116148 0.691784
vt 0.490496 0.006496
vt 0.492381 0.010599
vt 0.496207 0.008754
vt 0.495368 0.005160
vt 0.500041 0.009894
vt 0.114174 0.687761
vt 0.502833 0.011409
vt 0.119277 0.695710
vt 0.120091 0.697627
vt 0.504995 0.013745
vt 0.118145 0.692158
vt 0.120118 0.694856
vt 0.501006 0.005538
vt 0.505619 0.007825
vt 0.509007 0.011731
vt 0.119055 0.691699
vt 0.116219 0.688524
vt 0.117750 0.689233
vt 0.119792 0.691071
vt 0.116483 0.686800
vt 0.118304 0.688057
vt 0.120803 0.690647
vt 0.070979 0.677523
vt 0.101544 0.670573
vt 0.112259 0.674183
vt 0.117789 0.670727
vt 0.091512 0.667660
vt 0.093314 0.661523
vt 0.106375 0.667234
vt 0.100309 0.663893
vt 0.104612 0.663429
vt 0.110920 0.664810
vt 0.096787 0.654423
vt 0.098296 0.652928
vt 0.104223 0.656999
vt 0.103308 0.655492
vt 0.100750 0.652632
vt 0.108345 0.658916
vt 0.108624 0.662049
vt 0.122337 0.668024
vt 0.111803 0.653697
vt 0.124351 0.705550
vt 0.126007 0.706550
vt 0.121579 0.703602
vt 0.120712 0.702717
vt 0.127136 0.702231
vt 0.125708 0.701313
vt 0.123164 0.700494
vt 0.130454 0.702108
vt 0.136359 0.700475
vt 0.122477 0.700333
vt 0.119892 0.701832
vt 0.121632 0.700121
vt 0.120106 0.699734
vt 0.120975 0.699947
vt 0.498746 0.021862
vt 0.500416 0.024025
vt 0.143877 0.698895
vt 0.128020 0.696867
vt 0.131665 0.695654
vt 0.137128 0.693742
vt 0.143035 0.691277
vt 0.498283 0.028660
vt 0.499218 0.032274
vt 0.502123 0.026741
vt 0.504100 0.030828
vt 0.499899 0.020966
vt 0.501745 0.022401
vt 0.504093 0.024244
vt 0.508133 0.027421
vt 0.126039 0.696912
vt 0.123832 0.697052
vt 0.121184 0.697216
vt 0.121809 0.697385
vt 0.122910 0.697307
vt 0.498604 0.019942
vt 0.500470 0.019162
vt 0.503196 0.020408
vt 0.121176 0.694529
vt 0.121895 0.694352
vt 0.123378 0.693942
vt 0.125448 0.692613
vt 0.127359 0.691982
vt 0.131244 0.689504
vt 0.123255 0.688504
vt 0.125244 0.687184
vt 0.129499 0.683411
vt 0.136320 0.687059
vt 0.141937 0.684239
vt 0.506236 0.021304
vt 0.506988 0.017550
vt 0.510650 0.022035
vt 0.510562 0.016519
vt 0.134497 0.680052
vt 0.140456 0.676964
vt 0.148847 0.688315
vt 0.147358 0.681280
vt 0.146161 0.673802
vt 0.150269 0.695948
vt 0.156681 0.692017
vt 0.162407 0.686484
vt 0.167310 0.678847
vt 0.153810 0.684939
vt 0.152876 0.678155
vt 0.157956 0.681847
vt 0.159483 0.676637
vt 0.152739 0.671245
vt 0.170146 0.669753
vt 0.170921 0.658838
vt 0.169082 0.648423
vt 0.161200 0.669197
vt 0.161117 0.660632
vt 0.152018 0.663191
vt 0.144520 0.665863
vt 0.159510 0.651957
vt 0.150210 0.654944
vt 0.126463 0.676345
vt 0.131821 0.672579
vt 0.138049 0.669036
vt 0.128148 0.664273
vt 0.135321 0.661069
vt 0.142180 0.658288
vt 0.132267 0.652957
vt 0.113475 0.653453
vt 0.111869 0.651980
vt 0.110991 0.652623
vt 0.129942 0.644288
vt 0.139982 0.650144
vt 0.137974 0.642149
vt 0.148205 0.647072
vt 0.156465 0.643308
vt 0.821132 0.101054
vt 0.818576 0.105808
vt 0.965965 0.134380
vt 0.969349 0.139412
vt 0.964287 0.142690
vt 0.960550 0.137346
vt 0.975169 0.136450
vt 0.970999 0.131160
vt 0.969211 0.148181
vt 0.974671 0.145003
vt 0.980125 0.141078
vt 0.833185 0.113261
vt 0.488003 0.720817
vt 0.494393 0.722868
vt 0.492044 0.729306
vt 0.485324 0.727002
vt 0.498065 0.724158
vt 0.496326 0.731372
vt 0.490116 0.735542
vt 0.482924 0.733225
vt 0.489687 0.742822
vt 0.481138 0.740543
vt 0.480332 0.748358
vt 0.488027 0.749965
vt 0.845469 0.093956
vt 0.849054 0.101807
vt 0.786272 0.079837
vt 0.783994 0.076764
vt 0.798285 0.083260
vt 0.801553 0.085723
vt 0.798925 0.088292
vt 0.795736 0.086258
vt 0.931422 0.145489
vt 0.933131 0.142367
vt 0.936241 0.143747
vt 0.935505 0.147275
vt 0.941811 0.144117
vt 0.941175 0.148323
vt 0.806177 0.089209
vt 0.803562 0.092236
vt 0.803859 0.082419
vt 0.800718 0.080233
vt 0.799068 0.079160
vt 0.809005 0.085309
vt 0.802952 0.076810
vt 0.806084 0.078296
vt 0.811439 0.080782
vt 0.926889 0.143747
vt 0.927165 0.140526
vt 0.930993 0.141717
vt 0.929942 0.144793
vt 0.923023 0.140048
vt 0.923160 0.142697
vt 0.922596 0.145814
vt 0.925451 0.147542
vt 0.927790 0.148758
vt 0.800814 0.075248
vt 0.933379 0.151502
vt 0.929129 0.149689
vt 0.795372 0.067768
vt 0.798658 0.069453
vt 0.801530 0.071706
vt 0.806400 0.075147
vt 0.803708 0.073241
vt 0.811196 0.077080
vt 0.925048 0.160743
vt 0.927301 0.158485
vt 0.930513 0.162596
vt 0.927285 0.164848
vt 0.923254 0.158440
vt 0.925056 0.156002
vt 0.921652 0.156692
vt 0.923130 0.154499
vt 0.812966 0.093965
vt 0.817191 0.097993
vt 0.813973 0.102718
vt 0.809450 0.097878
vt 0.949543 0.141775
vt 0.955830 0.139991
vt 0.958793 0.145154
vt 0.806551 0.095414
vt 0.809880 0.091859
vt 0.812983 0.087527
vt 0.946008 0.143260
vt 0.963556 0.151623
vt 0.816197 0.082847
vt 0.975085 0.154710
vt 0.969219 0.158173
vt 0.834301 0.087689
vt 0.841593 0.085071
vt 0.838220 0.077784
vt 0.938378 0.153722
vt 0.942410 0.156089
vt 0.946364 0.158062
vt 0.930288 0.155715
vt 0.934761 0.159342
vt 0.936841 0.162632
vt 0.927054 0.153759
vt 0.931761 0.164740
vt 0.928785 0.168687
vt 0.946316 0.163920
vt 0.954179 0.166889
vt 0.938522 0.165945
vt 0.932803 0.166649
vt 0.946137 0.170736
vt 0.943966 0.176160
vt 0.938358 0.171298
vt 0.932964 0.169263
vt 0.952641 0.174098
vt 0.812731 0.071263
vt 0.817563 0.068631
vt 0.812732 0.068550
vt 0.822779 0.067525
vt 0.827797 0.065994
vt 0.834701 0.070843
vt 0.847782 0.082078
vt 0.831948 0.063850
vt 0.835221 0.062408
vt 0.838852 0.060671
vt 0.851818 0.091661
vt 0.785970 0.073802
vt 0.784371 0.073674
vt 0.784422 0.071180
vt 0.917857 0.141598
vt 0.916688 0.139822
vt 0.919470 0.140150
vt 0.919830 0.142296
vt 0.916905 0.143156
vt 0.915296 0.141412
vt 0.919540 0.144468
vt 0.916209 0.144756
vt 0.914011 0.143707
vt 0.788522 0.067696
vt 0.791633 0.066612
vt 0.918928 0.146025
vt 0.916123 0.146315
vt 0.914079 0.145918
vt 0.917711 0.147331
vt 0.915813 0.148373
vt 0.921174 0.148225
vt 0.923951 0.150694
vt 0.921445 0.152585
vt 0.919488 0.150121
vt 0.919488 0.154191
vt 0.917526 0.151487
vt 0.925593 0.152433
vt 0.941637 0.180602
vt 0.937599 0.175319
vt 0.932727 0.173113
vt 0.939469 0.183965
vt 0.935691 0.178651
vt 0.931751 0.176925
vt 0.950015 0.180892
vt 0.946612 0.188513
vt 0.930115 0.179997
vt 0.933124 0.182259
vt 0.814111 0.059447
vt 0.809522 0.061018
vt 0.807575 0.057862
vt 0.810709 0.055264
vt 0.928470 0.186818
vt 0.926303 0.183957
vt 0.806323 0.050607
vt 0.803649 0.053413
vt 0.936555 0.186759
vt 0.943592 0.192410
vt 0.930846 0.190398
vt 0.939003 0.192213
vt 0.816188 0.063438
vt 0.811207 0.064710
vt 0.820517 0.062198
vt 0.817517 0.057962
vt 0.825146 0.059758
vt 0.821197 0.055164
vt 0.812715 0.053300
vt 0.808598 0.048937
vt 0.816174 0.050507
vt 0.829230 0.056971
vt 0.818954 0.046559
vt 0.953886 0.191450
vt 0.952424 0.195743
vt 0.961517 0.194852
vt 0.969014 0.195262
vt 0.832085 0.055352
vt 0.842887 0.059255
vt 0.836597 0.053956
vt 0.840920 0.051752
vt 0.848529 0.065761
vt 0.846439 0.058594
vt 0.844872 0.050694
vt 0.833966 0.046457
vt 0.817978 0.043239
vt 0.831146 0.040215
vt 0.922557 0.186628
vt 0.924557 0.189504
vt 0.926991 0.192648
vt 0.933054 0.194416
vt 0.928966 0.196292
vt 0.923411 0.190214
vt 0.921599 0.187678
vt 0.918863 0.190140
vt 0.920781 0.192671
vt 0.925830 0.193460
vt 0.922663 0.195524
vt 0.796121 0.046229
vt 0.798028 0.042966
vt 0.914870 0.193563
vt 0.916834 0.196064
vt 0.918736 0.198710
vt 0.792113 0.042197
vt 0.793714 0.039594
vt 0.928142 0.196802
vt 0.924809 0.198565
vt 0.934876 0.198179
vt 0.930711 0.199499
vt 0.939278 0.197557
vt 0.813649 0.038490
vt 0.813174 0.041335
vt 0.817739 0.040690
vt 0.929666 0.199712
vt 0.926032 0.201617
vt 0.802979 0.035649
vt 0.805087 0.032980
vt 0.939166 0.207588
vt 0.940953 0.202620
vt 0.943869 0.203965
vt 0.941958 0.209380
vt 0.821913 0.035881
vt 0.818678 0.035456
vt 0.941471 0.210759
vt 0.938495 0.208980
vt 0.805786 0.046669
vt 0.810509 0.046807
vt 0.807724 0.044487
vt 0.812293 0.043717
vt 0.809269 0.041850
vt 0.804147 0.045379
vt 0.802358 0.044282
vt 0.803599 0.041899
vt 0.805718 0.043327
vt 0.799263 0.041779
vt 0.800703 0.039400
vt 0.807417 0.040899
vt 0.805907 0.039411
vt 0.802186 0.037442
vt 0.950951 0.199225
vt 0.944929 0.197653
vt 0.940621 0.197407
vt 0.940835 0.199114
vt 0.947478 0.205663
vt 0.959261 0.200538
vt 0.955035 0.202669
vt 0.950966 0.207323
vt 0.968352 0.199784
vt 0.956002 0.206981
vt 0.953936 0.209249
vt 0.957573 0.206526
vt 0.961332 0.203112
vt 0.958582 0.207596
vt 0.967910 0.202610
vt 0.962717 0.207498
vt 0.958796 0.208481
vt 0.967480 0.207167
vt 0.819456 0.038926
vt 0.945234 0.210478
vt 0.948107 0.212306
vt 0.837005 0.029087
vt 0.838331 0.030073
vt 0.832978 0.029737
vt 0.834763 0.026996
vt 0.959772 0.212970
vt 0.963474 0.212912
vt 0.967141 0.212471
vt 0.839044 0.028721
vt 0.841106 0.034014
vt 0.839548 0.028007
vt 0.842572 0.029534
vt 0.951027 0.213633
vt 0.829988 0.026247
vt 0.831658 0.022581
vt 0.963380 0.214372
vt 0.960101 0.214401
vt 0.967142 0.214493
vt 0.971563 0.208114
vt 0.970874 0.213149
vt 0.970783 0.214623
vt 0.818960 0.040552
vt 0.824202 0.036000
vt 0.828330 0.034282
vt 0.831567 0.032371
vt 0.843023 0.036799
vt 0.848872 0.050032
vt 0.848425 0.042508
vt 0.848559 0.037082
vt 0.844649 0.030761
vt 0.848494 0.030964
vt 0.822426 0.030967
vt 0.825787 0.029195
vt 0.828754 0.028235
vt 0.821584 0.028196
vt 0.824409 0.026976
vt 0.827073 0.025702
vt 0.845508 0.026395
vt 0.848463 0.027004
vt 0.845717 0.024417
vt 0.848211 0.024380
vt 0.789251 0.039588
vt 0.791376 0.037842
vt 0.914162 0.198291
vt 0.912381 0.196119
vt 0.912408 0.199616
vt 0.910799 0.197888
vt 0.910353 0.201893
vt 0.908338 0.200332
vt 0.915975 0.200284
vt 0.914122 0.201953
vt 0.911670 0.203366
vt 0.909325 0.205104
vt 0.787176 0.037978
vt 0.789192 0.035983
vt 0.785028 0.034830
vt 0.787090 0.033662
vt 0.790259 0.034584
vt 0.792607 0.036277
vt 0.794921 0.038439
vt 0.784297 0.032104
vt 0.788134 0.033324
vt 0.794109 0.034776
vt 0.791867 0.033127
vt 0.907628 0.206387
vt 0.784163 0.030098
vt 0.785358 0.027645
vt 0.787354 0.026429
vt 0.920182 0.201412
vt 0.917312 0.202940
vt 0.796657 0.036877
vt 0.921638 0.203983
vt 0.918551 0.205253
vt 0.798720 0.032909
vt 0.800317 0.030473
vt 0.940432 0.212866
vt 0.937246 0.211206
vt 0.815634 0.026162
vt 0.818536 0.024810
vt 0.797912 0.034725
vt 0.935137 0.215739
vt 0.938330 0.216358
vt 0.944579 0.211723
vt 0.943332 0.214238
vt 0.941537 0.217818
vt 0.813626 0.021408
vt 0.816770 0.020981
vt 0.915378 0.203999
vt 0.916709 0.206425
vt 0.912935 0.205366
vt 0.913248 0.207665
vt 0.795246 0.032751
vt 0.792968 0.031153
vt 0.795903 0.031324
vt 0.791057 0.029534
vt 0.793907 0.029953
vt 0.795260 0.027493
vt 0.797322 0.028571
vt 0.790997 0.028258
vt 0.791692 0.025946
vt 0.939339 0.221916
vt 0.936555 0.220208
vt 0.944493 0.219010
vt 0.942536 0.223203
vt 0.935658 0.222527
vt 0.938658 0.223796
vt 0.941337 0.224947
vt 0.933796 0.218972
vt 0.812547 0.017961
vt 0.815004 0.016857
vt 0.932767 0.221926
vt 0.813954 0.014360
vt 0.811636 0.014928
vt 0.818636 0.019998
vt 0.816827 0.016298
vt 0.815484 0.013844
vt 0.821043 0.025991
vt 0.820062 0.023844
vt 0.823535 0.024793
vt 0.822298 0.022779
vt 0.820331 0.018962
vt 0.818908 0.015622
vt 0.817128 0.012832
vt 0.822389 0.018059
vt 0.820507 0.014797
vt 0.819103 0.011944
vt 0.947529 0.213516
vt 0.946277 0.215474
vt 0.950388 0.215204
vt 0.949133 0.217069
vt 0.947333 0.220575
vt 0.823877 0.016914
vt 0.826749 0.015970
vt 0.960254 0.216378
vt 0.963611 0.216291
vt 0.967154 0.216514
vt 0.960772 0.220509
vt 0.963765 0.220429
vt 0.966869 0.220753
vt 0.840763 0.020114
vt 0.844225 0.020174
vt 0.841223 0.016072
vt 0.844357 0.016804
vt 0.970551 0.216557
vt 0.970180 0.220740
vt 0.961047 0.224823
vt 0.963685 0.225098
vt 0.966654 0.224940
vt 0.841506 0.011877
vt 0.844562 0.012610
vt 0.944866 0.224369
vt 0.963629 0.227067
vt 0.960901 0.227605
vt 0.842364 0.009387
vt 0.844908 0.009973
vt 0.821973 0.013635
vt 0.824169 0.012032
vt 0.966697 0.226713
vt 0.961922 0.231220
vt 0.963964 0.230305
vt 0.966368 0.230004
vt 0.845206 0.006589
vt 0.843046 0.005768
vt 0.845811 0.012737
vt 0.846236 0.010158
vt 0.969351 0.226821
vt 0.969542 0.225061
vt 0.968987 0.230237
vt 0.845678 0.016905
vt 0.848460 0.012868
vt 0.848429 0.010186
vt 0.972129 0.227908
vt 0.972239 0.225492
vt 0.973171 0.220734
vt 0.971201 0.231612
vt 0.848520 0.017029
vt 0.850741 0.012847
vt 0.850950 0.017033
vt 0.850508 0.010225
vt 0.851652 0.010213
vt 0.851934 0.012464
vt 0.852526 0.016521
vt 0.854138 0.009525
vt 0.854854 0.011739
vt 0.855323 0.016429
vt 0.825569 0.023863
vt 0.824289 0.021326
vt 0.845893 0.022531
vt 0.845718 0.020857
vt 0.848285 0.022467
vt 0.848397 0.020442
vt 0.851092 0.024402
vt 0.850693 0.022398
vt 0.850641 0.020927
vt 0.851153 0.026805
vt 0.789536 0.025964
vt 0.937116 0.226768
vt 0.934502 0.225740
vt 0.939318 0.228045
vt 0.935969 0.229424
vt 0.932333 0.225851
vt 0.812440 0.010522
vt 0.810253 0.010987
vt 0.813899 0.010209
vt 0.810270 0.007317
vt 0.817647 0.008880
vt 0.818264 0.007714
vt 0.820324 0.011004
vt 0.934518 0.232296
vt 0.811484 0.005441
vt 0.813438 0.004358
vt 0.941014 0.229700
vt 0.815552 0.004056
vt 0.817756 0.004325
vt 0.820163 0.006609
vt 0.943237 0.226966
vt 0.822412 0.009422
vt 0.966440 0.233094
vt 0.966411 0.235165
vt 0.848213 0.003065
vt 0.848246 0.001160
vt 0.849910 0.007397
vt 0.851417 0.006885
vt 0.853164 0.005959
vt 0.626596 0.106737
vt 0.620458 0.105177
vt 0.588372 0.097631
vt 0.582877 0.095751
vt 0.616134 0.114988
vt 0.621566 0.116782
vt 0.615810 0.125381
vt 0.611203 0.123561
vt 0.578299 0.116568
vt 0.581049 0.107079
vt 0.585960 0.108569
vt 0.582744 0.118253
vt 0.627951 0.119951
vt 0.620502 0.127672
vt 0.572872 0.114613
vt 0.635112 0.124183
vt 0.648174 0.133178
vt 0.638528 0.136748
vt 0.627187 0.130924
vt 0.820434 0.133584
vt 0.818992 0.146740
vt 0.654061 0.141841
vt 0.646124 0.146128
vt 0.808192 0.154712
vt 0.817001 0.159082
vt 0.819776 0.111934
vt 0.828059 0.117197
vt 0.826242 0.121908
vt 0.817885 0.116955
vt 0.577227 0.126417
vt 0.573538 0.123833
vt 0.567271 0.128584
vt 0.569589 0.132820
vt 0.807878 0.112904
vt 0.811170 0.107235
vt 0.823591 0.126566
vt 0.815121 0.121671
vt 0.804516 0.119826
vt 0.566516 0.112777
vt 0.561436 0.100220
vt 0.558985 0.110797
vt 0.560500 0.126747
vt 0.560710 0.130941
vt 0.554704 0.126307
vt 0.561117 0.136454
vt 0.799560 0.110561
vt 0.802871 0.103859
vt 0.793497 0.147026
vt 0.781419 0.144271
vt 0.564745 0.087548
vt 0.556139 0.083143
vt 0.551822 0.096630
vt 0.545627 0.094305
vt 0.550516 0.080677
vt 0.555429 0.065967
vt 0.728276 0.089921
vt 0.749328 0.092113
vt 0.734861 0.083872
vt 0.727639 0.132681
vt 0.542017 0.108263
vt 0.768533 0.090374
vt 0.754093 0.084952
vt 0.757091 0.080250
vt 0.770767 0.084130
vt 0.740433 0.077732
vt 0.744113 0.074010
vt 0.765080 0.098306
vt 0.542035 0.119256
vt 0.778219 0.094410
vt 0.780565 0.088174
vt 0.775997 0.102194
vt 0.768793 0.125429
vt 0.771833 0.113479
vt 0.753004 0.138693
vt 0.767026 0.140577
vt 0.780859 0.114875
vt 0.777344 0.126911
vt 0.774526 0.142022
vt 0.739191 0.133306
vt 0.669633 0.151725
vt 0.659991 0.154110
vt 0.650802 0.157175
vt 0.799828 0.165574
vt 0.809855 0.169240
vt 0.679423 0.147951
vt 0.689109 0.146009
vt 0.672896 0.171882
vt 0.662741 0.171647
vt 0.652915 0.172605
vt 0.682566 0.171465
vt 0.672362 0.201030
vt 0.661969 0.200325
vt 0.651226 0.199981
vt 0.681975 0.202207
vt 0.787567 0.162825
vt 0.794078 0.183417
vt 0.804520 0.183854
vt 0.783320 0.184871
vt 0.776704 0.161152
vt 0.770600 0.160238
vt 0.773731 0.183519
vt 0.766182 0.182865
vt 0.794384 0.212985
vt 0.804749 0.210745
vt 0.784090 0.214639
vt 0.773538 0.214396
vt 0.764460 0.214825
vt 0.702571 0.145668
vt 0.691242 0.171384
vt 0.703048 0.171689
vt 0.721900 0.150718
vt 0.718877 0.174866
vt 0.691541 0.204129
vt 0.703235 0.206420
vt 0.763268 0.159922
vt 0.749302 0.156100
vt 0.736063 0.152172
vt 0.757652 0.184456
vt 0.745645 0.181131
vt 0.732847 0.176227
vt 0.754672 0.216217
vt 0.742874 0.214993
vt 0.552546 0.130663
vt 0.549592 0.122779
vt 0.545497 0.126083
vt 0.552090 0.136844
vt 0.791620 0.107765
vt 0.794555 0.100282
vt 0.796157 0.091900
vt 0.795290 0.098173
vt 0.786397 0.097021
vt 0.787730 0.090734
vt 0.783932 0.104599
vt 0.799985 0.271836
vt 0.817287 0.272120
vt 0.816550 0.292688
vt 0.802067 0.293812
vt 0.810268 0.243232
vt 0.797917 0.246743
vt 0.786450 0.248823
vt 0.786351 0.271513
vt 0.788894 0.295065
vt 0.626397 0.298846
vt 0.612057 0.297525
vt 0.649307 0.260240
vt 0.645635 0.281011
vt 0.642279 0.300750
vt 0.609325 0.320595
vt 0.623101 0.320832
vt 0.638706 0.322471
vt 0.655492 0.233733
vt 0.641746 0.232339
vt 0.802665 0.314864
vt 0.817103 0.314090
vt 0.789639 0.316116
vt 0.802269 0.338341
vt 0.815466 0.337602
vt 0.789990 0.339023
vt 0.776648 0.296449
vt 0.776978 0.316684
vt 0.776478 0.338924
vt 0.667978 0.234850
vt 0.679169 0.237513
vt 0.663680 0.262067
vt 0.660294 0.283490
vt 0.676238 0.264880
vt 0.673532 0.286184
vt 0.774247 0.249002
vt 0.774401 0.271076
vt 0.689819 0.239772
vt 0.703589 0.243338
vt 0.688513 0.267416
vt 0.702222 0.271190
vt 0.686531 0.288712
vt 0.700624 0.291549
vt 0.720258 0.276050
vt 0.740416 0.250231
vt 0.752474 0.250089
vt 0.740946 0.273733
vt 0.752755 0.271759
vt 0.656885 0.303757
vt 0.670382 0.305811
vt 0.683937 0.307965
vt 0.698281 0.310459
vt 0.718981 0.295611
vt 0.717187 0.313356
vt 0.695767 0.330895
vt 0.714634 0.333250
vt 0.738266 0.295839
vt 0.736435 0.315889
vt 0.735355 0.336369
vt 0.763413 0.248746
vt 0.763915 0.271054
vt 0.764164 0.295887
vt 0.751073 0.296336
vt 0.764028 0.316654
vt 0.749158 0.316704
vt 0.763843 0.337792
vt 0.748967 0.336647
vt 0.620304 0.345325
vt 0.608264 0.344065
vt 0.616054 0.361681
vt 0.604696 0.359622
vt 0.611747 0.376290
vt 0.600030 0.373814
vt 0.595374 0.389513
vt 0.804285 0.377887
vt 0.815328 0.376676
vt 0.817618 0.391219
vt 0.805448 0.393044
vt 0.806533 0.409009
vt 0.820475 0.407251
vt 0.803026 0.361570
vt 0.813988 0.361030
vt 0.791000 0.361671
vt 0.791117 0.378106
vt 0.776818 0.359278
vt 0.791144 0.393289
vt 0.791477 0.410595
vt 0.589440 0.405527
vt 0.583640 0.420586
vt 0.821446 0.424252
vt 0.807785 0.426455
vt 0.823821 0.440051
vt 0.808287 0.444027
vt 0.578527 0.434955
vt 0.827840 0.454633
vt 0.815770 0.457612
vt 0.820747 0.485551
vt 0.835213 0.481973
vt 0.799888 0.489222
vt 0.790751 0.428509
vt 0.773119 0.411306
vt 0.772684 0.430192
vt 0.763281 0.356570
vt 0.750744 0.391835
vt 0.749124 0.373327
vt 0.749485 0.355477
vt 0.730675 0.373979
vt 0.733347 0.355962
vt 0.693293 0.351728
vt 0.694820 0.371393
vt 0.708547 0.372831
vt 0.711005 0.353874
vt 0.694979 0.387958
vt 0.694322 0.403504
vt 0.751945 0.410616
vt 0.754342 0.429147
vt 0.735406 0.445380
vt 0.718156 0.443599
vt 0.737167 0.462236
vt 0.720012 0.460662
vt 0.704167 0.444321
vt 0.706398 0.461288
vt 0.841714 0.510618
vt 0.824947 0.515045
vt 0.804702 0.518499
vt 0.831537 0.550826
vt 0.851582 0.547836
vt 0.811264 0.553544
vt 0.780601 0.490769
vt 0.784001 0.520666
vt 0.763922 0.491389
vt 0.766557 0.522783
vt 0.789600 0.555368
vt 0.772170 0.556559
vt 0.789656 0.706738
vt 0.790287 0.705630
vt 0.806198 0.716532
vt 0.805011 0.718051
vt 0.814200 0.705302
vt 0.797387 0.692881
vt 0.818337 0.731443
vt 0.820148 0.730261
vt 0.830473 0.720931
vt 0.803083 0.681934
vt 0.806999 0.676289
vt 0.832486 0.747012
vt 0.830234 0.748504
vt 0.842983 0.739991
vt 0.853066 0.733298
vt 0.841166 0.762259
vt 0.839271 0.763054
vt 0.851598 0.756401
vt 0.861877 0.751331
vt 0.871042 0.748502
vt 0.754738 0.523588
vt 0.755267 0.557808
vt 0.848372 0.777833
vt 0.845567 0.778686
vt 0.858621 0.773836
vt 0.869420 0.770697
vt 0.878418 0.767153
vt 0.753023 0.490721
vt 0.738250 0.490097
vt 0.721831 0.489632
vt 0.737088 0.525518
vt 0.719291 0.526555
vt 0.736643 0.558236
vt 0.854031 0.795028
vt 0.849929 0.796646
vt 0.864437 0.791635
vt 0.875206 0.788682
vt 0.884209 0.784484
vt 0.717007 0.559074
vt 0.857877 0.832537
vt 0.855004 0.815590
vt 0.858533 0.814314
vt 0.862696 0.832398
vt 0.874669 0.830550
vt 0.869752 0.811301
vt 0.885783 0.827848
vt 0.880470 0.808125
vt 0.888435 0.690737
vt 0.893024 0.706500
vt 0.881927 0.725947
vt 0.907851 0.689106
vt 0.976318 0.682238
vt 0.974356 0.682183
vt 0.436170 0.607496
vt 0.977030 0.694122
vt 0.975003 0.694088
vt 0.976851 0.708262
vt 0.974464 0.708609
vt 0.958069 0.683925
vt 0.957851 0.696816
vt 0.958775 0.709254
vt 0.449476 0.610498
vt 0.975327 0.722317
vt 0.976438 0.722030
vt 0.959599 0.724058
vt 0.962267 0.742122
vt 0.976744 0.739141
vt 0.981039 0.738129
vt 0.898017 0.721043
vt 0.909970 0.703286
vt 0.922499 0.686493
vt 0.924761 0.701117
vt 0.912917 0.717179
vt 0.927399 0.714537
vt 0.888075 0.741777
vt 0.901720 0.735693
vt 0.892046 0.758282
vt 0.905330 0.752520
vt 0.915834 0.731525
vt 0.929819 0.728734
vt 0.918583 0.749066
vt 0.933161 0.746478
vt 0.940764 0.685089
vt 0.941153 0.698470
vt 0.942665 0.712004
vt 0.944424 0.726228
vt 0.947825 0.744170
vt 0.898155 0.777818
vt 0.911446 0.772756
vt 0.924227 0.768223
vt 0.930989 0.790694
vt 0.946330 0.785481
vt 0.937320 0.765712
vt 0.941113 0.810855
vt 0.955403 0.806019
vt 0.970238 0.800667
vt 0.960871 0.781123
vt 0.974360 0.776493
vt 0.983489 0.794848
vt 0.952461 0.762223
vt 0.967389 0.759072
vt 0.514597 0.601587
vt 0.531183 0.602345
vt 0.532682 0.614494
vt 0.514161 0.615876
vt 0.529004 0.588164
vt 0.514164 0.586291
vt 0.493456 0.584974
vt 0.997272 0.788005
vt 0.988475 0.771241
vt 0.990177 0.770718
vt 0.998789 0.787122
vt 0.982052 0.754948
vt 0.984289 0.754428
vt 0.446252 0.566674
vt 0.448620 0.553889
vt 0.469665 0.582212
vt 0.469820 0.566409
vt 0.469934 0.553668
vt 0.450443 0.534787
vt 0.452818 0.518906
vt 0.470707 0.535524
vt 0.473540 0.517966
vt 0.491217 0.555327
vt 0.491878 0.567260
vt 0.491731 0.537645
vt 0.510732 0.571915
vt 0.510178 0.560069
vt 0.510624 0.543385
vt 0.493490 0.519996
vt 0.455116 0.497630
vt 0.476109 0.497066
vt 0.496531 0.499098
vt 0.457614 0.475851
vt 0.478821 0.474892
vt 0.526760 0.576987
vt 0.526523 0.563980
vt 0.527206 0.549732
vt 0.511559 0.527440
vt 0.529014 0.536264
vt 0.515169 0.507874
vt 0.531091 0.519828
vt 0.152726 0.282655
vt 0.168687 0.273984
vt 0.526579 0.469269
vt 0.543023 0.477768
vt 0.532253 0.452703
vt 0.545776 0.460947
vt 0.519733 0.445994
vt 0.029319 0.631396
vt 0.046033 0.633506
vt 0.028128 0.616277
vt 0.016064 0.616858
vt 0.046845 0.618370
vt 0.019280 0.632795
vt 0.443680 0.349674
vt 0.449628 0.339119
vt 0.013958 0.653058
vt 0.284101 0.370728
vt 0.286104 0.386713
vt 0.284288 0.356866
vt 0.283104 0.343203
vt 0.472398 0.332946
vt 0.457713 0.327403
vt 0.467007 0.311160
vt 0.480194 0.319164
vt 0.486466 0.339690
vt 0.490504 0.327380
vt 0.480344 0.400470
vt 0.188798 0.278803
vt 0.181133 0.265160
vt 0.272080 0.615604
vt 0.284880 0.624871
vt 0.296077 0.617476
vt 0.284872 0.607160
vt 0.296684 0.649194
vt 0.293080 0.659486
vt 0.290927 0.670058
vt 0.300681 0.637435
vt 0.308221 0.626615
vt 0.534432 0.441925
vt 0.546866 0.446799
vt 0.263634 0.827588
vt 0.261652 0.842537
vt 0.245326 0.843365
vt 0.248671 0.828813
vt 0.525113 0.436844
vt 0.277307 0.843365
vt 0.262958 0.814025
vt 0.262229 0.801800
vt 0.282651 0.812034
vt 0.279857 0.799787
vt 0.223218 0.706391
vt 0.209162 0.705888
vt 0.502218 0.333246
vt 0.498241 0.344773
vt 0.236691 0.706773
vt 0.223109 0.720130
vt 0.210132 0.718307
vt 0.236668 0.721475
vt 0.207811 0.730891
vt 0.222486 0.733535
vt 0.221247 0.747964
vt 0.206239 0.744393
vt 0.222576 0.764964
vt 0.208942 0.762543
vt 0.236100 0.736052
vt 0.235903 0.751316
vt 0.236567 0.767003
vt 0.250232 0.707217
vt 0.250573 0.722952
vt 0.264497 0.708914
vt 0.264900 0.724742
vt 0.250078 0.738519
vt 0.250220 0.753637
vt 0.264359 0.740111
vt 0.263346 0.755218
vt 0.498256 0.435987
vt 0.496263 0.417404
vt 0.214517 0.831175
vt 0.215057 0.813741
vt 0.226710 0.793386
vt 0.213139 0.794294
vt 0.494991 0.401281
vt 0.223896 0.778553
vt 0.211702 0.777584
vt 0.239432 0.790355
vt 0.237580 0.777954
vt 0.252813 0.789586
vt 0.262836 0.789627
vt 0.279199 0.787580
vt 0.066271 0.621079
vt 0.083175 0.621105
vt 0.098304 0.618675
vt 0.098663 0.630959
vt 0.110255 0.614606
vt 0.098775 0.641130
vt 0.103484 0.652363
vt 0.103320 0.651488
vt 0.105161 0.651834
vt 0.105109 0.651165
vt 0.106759 0.653779
vt 0.111192 0.648371
vt 0.109707 0.650816
vt 0.112652 0.649534
vt 0.119872 0.636459
vt 0.110763 0.651286
vt 0.107024 0.652814
vt 0.106761 0.651756
vt 0.107055 0.650959
vt 0.108300 0.651234
vt 0.109416 0.651520
vt 0.110213 0.652077
vt 0.164601 0.639291
vt 0.165259 0.624374
vt 0.159094 0.630594
vt 0.152976 0.635353
vt 0.157214 0.616177
vt 0.136955 0.609010
vt 0.147765 0.610621
vt 0.135488 0.621332
vt 0.136324 0.632848
vt 0.128112 0.634299
vt 0.145717 0.639021
vt 0.317320 0.659430
vt 0.314086 0.669819
vt 0.321498 0.648862
vt 0.340697 0.658321
vt 0.336062 0.667713
vt 0.332291 0.677139
vt 0.326317 0.637856
vt 0.346175 0.649091
vt 0.311061 0.680018
vt 0.308827 0.690258
vt 0.306856 0.700480
vt 0.298864 0.842644
vt 0.296023 0.807243
vt 0.320250 0.830115
vt 0.321885 0.841250
vt 0.319572 0.818005
vt 0.319136 0.805989
vt 0.348876 0.682132
vt 0.353361 0.674743
vt 0.358680 0.667353
vt 0.363359 0.660956
vt 0.329236 0.686097
vt 0.326645 0.695732
vt 0.324723 0.705027
vt 0.305713 0.711221
vt 0.323430 0.714836
vt 0.345939 0.689920
vt 0.343542 0.698148
vt 0.342467 0.706927
vt 0.342949 0.716767
vt 0.343316 0.826670
vt 0.343096 0.838298
vt 0.343112 0.815903
vt 0.343373 0.804361
vt 0.320441 0.756470
vt 0.298403 0.755910
vt 0.299989 0.743764
vt 0.321163 0.745140
vt 0.296976 0.769711
vt 0.320140 0.768941
vt 0.342518 0.746734
vt 0.342885 0.757522
vt 0.343316 0.769750
vt 0.278982 0.727388
vt 0.295913 0.731165
vt 0.276315 0.741386
vt 0.272093 0.755824
vt 0.290750 0.742359
vt 0.283663 0.756857
vt 0.304522 0.722234
vt 0.322552 0.724624
vt 0.342310 0.727399
vt 0.302454 0.732605
vt 0.321546 0.734458
vt 0.342191 0.736833
vt 0.296308 0.795218
vt 0.296283 0.783621
vt 0.319534 0.794069
vt 0.320110 0.781742
vt 0.343727 0.792890
vt 0.343522 0.781391
vt 0.374499 0.666433
vt 0.385057 0.670452
vt 0.355405 0.836164
vt 0.356115 0.825074
vt 0.367471 0.824026
vt 0.366617 0.835202
vt 0.355811 0.729023
vt 0.367382 0.730789
vt 0.356046 0.814052
vt 0.356358 0.803326
vt 0.367749 0.812847
vt 0.367841 0.802089
vt 0.356483 0.792107
vt 0.367723 0.791542
vt 0.366917 0.740698
vt 0.355321 0.738930
vt 0.355441 0.748336
vt 0.355520 0.759028
vt 0.355742 0.770099
vt 0.366489 0.749886
vt 0.366631 0.760077
vt 0.394218 0.673228
vt 0.377079 0.823195
vt 0.376128 0.834199
vt 0.398737 0.686930
vt 0.403739 0.676645
vt 0.386308 0.823133
vt 0.386097 0.834036
vt 0.412180 0.692263
vt 0.417246 0.682187
vt 0.399732 0.821997
vt 0.400541 0.833371
vt 0.407380 0.701913
vt 0.404174 0.712544
vt 0.378056 0.720128
vt 0.388040 0.721119
vt 0.377101 0.731919
vt 0.386464 0.731802
vt 0.401278 0.722415
vt 0.399527 0.732476
vt 0.376005 0.742124
vt 0.385605 0.742136
vt 0.398607 0.743096
vt 0.377169 0.812216
vt 0.386524 0.812290
vt 0.377190 0.801711
vt 0.376676 0.791608
vt 0.399364 0.811448
vt 0.386397 0.802100
vt 0.385769 0.791947
vt 0.399149 0.801573
vt 0.398454 0.792139
vt 0.375649 0.751130
vt 0.366792 0.770856
vt 0.375691 0.761149
vt 0.375882 0.771618
vt 0.384892 0.751351
vt 0.398037 0.752110
vt 0.384556 0.761992
vt 0.397564 0.762592
vt 0.384733 0.772050
vt 0.397939 0.772819
vt 0.356283 0.781275
vt 0.367457 0.781362
vt 0.376355 0.781922
vt 0.385200 0.782201
vt 0.425229 0.697355
vt 0.420804 0.706034
vt 0.417004 0.715417
vt 0.430547 0.688386
vt 0.413539 0.819703
vt 0.415001 0.829787
vt 0.435461 0.711414
vt 0.440097 0.703436
vt 0.444733 0.696241
vt 0.432021 0.719351
vt 0.429443 0.814979
vt 0.430722 0.824312
vt 0.414453 0.724693
vt 0.412694 0.734217
vt 0.429448 0.728062
vt 0.428083 0.737491
vt 0.412507 0.809451
vt 0.411731 0.799982
vt 0.411364 0.791087
vt 0.411001 0.782066
vt 0.397880 0.782690
vt 0.428608 0.806353
vt 0.427724 0.797481
vt 0.427733 0.789036
vt 0.427238 0.780743
vt 0.411072 0.772850
vt 0.427303 0.772186
vt 0.410983 0.763021
vt 0.427372 0.762829
vt 0.455525 0.717982
vt 0.459225 0.711393
vt 0.463459 0.705223
vt 0.452754 0.724963
vt 0.450345 0.809449
vt 0.450356 0.817147
vt 0.450401 0.801659
vt 0.468107 0.729308
vt 0.470934 0.722646
vt 0.473933 0.716498
vt 0.477360 0.710405
vt 0.450692 0.732969
vt 0.465918 0.736464
vt 0.464744 0.806326
vt 0.464561 0.812915
vt 0.465170 0.798972
vt 0.449580 0.741271
vt 0.449290 0.751767
vt 0.449840 0.763193
vt 0.464887 0.745048
vt 0.464808 0.753860
vt 0.464880 0.763446
vt 0.450147 0.793996
vt 0.450362 0.786671
vt 0.450266 0.779272
vt 0.450115 0.771434
vt 0.490568 0.714391
vt 0.478190 0.803646
vt 0.478106 0.811080
vt 0.478350 0.796337
vt 0.478445 0.790224
vt 0.465545 0.791870
vt 0.496002 0.715487
vt 0.483787 0.803004
vt 0.483548 0.810386
vt 0.500199 0.716882
vt 0.487763 0.802561
vt 0.487908 0.810728
vt 0.484105 0.795548
vt 0.488201 0.795093
vt 0.465459 0.785156
vt 0.478514 0.784104
vt 0.465412 0.778628
vt 0.478125 0.777582
vt 0.486522 0.777190
vt 0.478905 0.755826
vt 0.478361 0.763338
vt 0.487296 0.757007
vt 0.855105 0.099158
vt 0.486972 0.763973
vt 0.477735 0.770732
vt 0.465302 0.771230
vt 0.486355 0.770529
vt 0.979300 0.157701
vt 0.986623 0.160187
vt 0.992091 0.162051
vt 0.996914 0.163720
vt 0.883034 0.088034
vt 0.878494 0.090906
vt 0.876819 0.083983
vt 0.881861 0.081500
vt 0.872662 0.092247
vt 0.870341 0.085493
vt 0.866806 0.094387
vt 0.863431 0.087685
vt 0.874644 0.075585
vt 0.880414 0.074738
vt 0.983364 0.167627
vt 0.982023 0.173035
vt 0.850997 0.073102
vt 0.853863 0.080071
vt 0.857972 0.089328
vt 0.861069 0.063894
vt 0.990585 0.167632
vt 0.995359 0.169413
vt 0.873867 0.069179
vt 0.878801 0.068868
vt 0.988750 0.174202
vt 0.993029 0.175633
vt 0.873402 0.062721
vt 0.877579 0.062151
vt 0.861023 0.096473
vt 0.850636 0.057679
vt 0.855081 0.057098
vt 0.859457 0.056729
vt 0.864020 0.056929
vt 0.853390 0.050201
vt 0.853828 0.042349
vt 0.864069 0.051079
vt 0.865917 0.046346
vt 0.868914 0.051910
vt 0.869108 0.057475
vt 0.869606 0.047709
vt 0.992051 0.180170
vt 0.873086 0.057698
vt 0.876834 0.057462
vt 0.987519 0.185605
vt 0.991503 0.185596
vt 0.872585 0.051849
vt 0.876301 0.051941
vt 0.983672 0.191678
vt 0.988330 0.189432
vt 0.991250 0.189526
vt 0.873079 0.048114
vt 0.875911 0.047966
vt 0.977575 0.197506
vt 0.973855 0.201491
vt 0.977741 0.202317
vt 0.976460 0.204224
vt 0.975651 0.208774
vt 0.859419 0.031931
vt 0.861406 0.033404
vt 0.857298 0.037302
vt 0.854348 0.030065
vt 0.857160 0.028253
vt 0.980816 0.197993
vt 0.984888 0.194603
vt 0.988723 0.193869
vt 0.980177 0.203020
vt 0.981150 0.203641
vt 0.983475 0.201262
vt 0.986393 0.199202
vt 0.863359 0.032016
vt 0.863942 0.031149
vt 0.865623 0.033353
vt 0.989512 0.198106
vt 0.866561 0.028738
vt 0.868396 0.030687
vt 0.985808 0.204770
vt 0.983655 0.206546
vt 0.974374 0.213320
vt 0.988038 0.208001
vt 0.986034 0.209392
vt 0.870851 0.027861
vt 0.869100 0.026305
vt 0.867405 0.035616
vt 0.869980 0.032367
vt 0.872306 0.029226
vt 0.988378 0.202930
vt 0.991234 0.201675
vt 0.993359 0.200696
vt 0.992127 0.197178
vt 0.991569 0.193349
vt 0.990100 0.206636
vt 0.992667 0.205354
vt 0.994695 0.204304
vt 0.878304 0.037087
vt 0.876943 0.040459
vt 0.874838 0.039532
vt 0.876330 0.035895
vt 0.877937 0.032625
vt 0.879867 0.033682
vt 0.872303 0.038395
vt 0.874497 0.034991
vt 0.876100 0.031533
vt 0.853213 0.036943
vt 0.851746 0.030546
vt 0.864487 0.039124
vt 0.867779 0.041456
vt 0.870935 0.042597
vt 0.869876 0.037012
vt 0.872149 0.033636
vt 0.873611 0.043272
vt 0.874368 0.030551
vt 0.875905 0.044101
vt 0.974304 0.214743
vt 0.973996 0.216958
vt 0.988270 0.212438
vt 0.989928 0.211239
vt 0.992029 0.209858
vt 0.872896 0.025152
vt 0.871505 0.023515
vt 0.874687 0.026491
vt 0.852497 0.020482
vt 0.855641 0.020183
vt 0.991773 0.213907
vt 0.990168 0.215399
vt 0.875211 0.022719
vt 0.873840 0.021129
vt 0.993333 0.212886
vt 0.876233 0.023747
vt 0.877962 0.024897
vt 0.876051 0.027575
vt 0.994327 0.208847
vt 0.996074 0.207922
vt 0.879813 0.029370
vt 0.881385 0.030235
vt 0.877744 0.028582
vt 0.995272 0.212038
vt 0.997251 0.211159
vt 0.879456 0.025716
vt 0.881062 0.026400
vt 0.882656 0.027102
vt 0.993108 0.215993
vt 0.991975 0.217421
vt 0.876123 0.019908
vt 0.877342 0.019535
vt 0.993861 0.216935
vt 0.993049 0.218177
vt 0.994723 0.215239
vt 0.996387 0.214263
vt 0.994980 0.216090
vt 0.878642 0.019375
vt 0.994999 0.217355
vt 0.994347 0.218671
vt 0.995825 0.217136
vt 0.996220 0.218620
vt 0.880462 0.019874
vt 0.996635 0.216824
vt 0.996641 0.215714
vt 0.997477 0.217341
vt 0.882037 0.021031
vt 0.997927 0.215709
vt 0.998157 0.214442
vt 0.882955 0.022548
vt 0.883034 0.023807
s 1
usemtl tripo_mat_04bfe41b-07d4-4762-a44e-340434d0c4da
f 2/1 6/2 69/3
f 13/4 9/5 8/6
f 66/7 13/4 8/6
f 32/8 33/9 65/10
f 66/7 65/10 33/9
f 6/2 7/11 14/12
f 6/2 14/12 69/3
f 3/13 11/14 23/15
f 3/13 15/16 17/17
f 23/15 15/16 3/13
f 3/18 17/19 24/20
f 23/15 16/21 15/16
f 17/19 19/22 21/23
f 17/19 21/23 24/20
f 23/15 22/24 16/21
f 13/4 10/25 9/5
f 13/4 12/26 10/25
f 12/26 13/4 22/24
f 68/27 22/24 13/4
f 13/4 66/7 68/27
f 33/9 39/28 66/7
f 39/28 59/29 66/7
f 68/27 66/7 59/29
f 22/24 68/27 131/30
f 184/31 131/30 68/27
f 185/32 184/31 68/27
f 131/30 122/33 20/34
f 121/35 21/23 19/22
f 131/30 123/36 122/33
f 123/36 131/30 133/37
f 184/31 133/37 131/30
f 145/38 135/39 134/40
f 183/41 147/42 135/39
f 40/43 29/44 28/45
f 28/45 35/46 40/43
f 31/47 37/48 39/28
f 55/49 39/28 38/50
f 35/46 36/51 40/43
f 39/28 33/9 31/47
f 39/28 55/49 59/29
f 62/52 59/29 55/49
f 59/29 62/52 71/53
f 64/54 73/55 74/56
f 54/57 44/58 43/59
f 45/60 46/61 47/62
f 45/60 47/62 51/63
f 51/63 50/64 45/60
f 78/65 49/66 48/67
f 61/68 78/65 79/69
f 60/70 61/68 62/52
f 71/53 62/52 61/68
f 94/71 71/53 61/68
f 61/68 79/69 94/71
f 77/72 74/56 73/55
f 73/55 76/73 77/72
f 72/74 96/75 190/76
f 184/31 142/77 133/37
f 77/72 76/73 75/78
f 193/79 77/72 75/78
f 75/78 187/80 193/79
f 187/80 188/81 193/79
f 208/82 193/79 188/81
f 124/83 126/84 127/85
f 127/85 125/86 124/83
f 125/86 127/85 129/87
f 148/88 139/89 119/90
f 148/88 140/91 139/89
f 156/92 148/88 119/90
f 148/88 156/92 164/93
f 132/94 133/37 142/77
f 135/39 145/38 146/95
f 135/39 146/95 183/41
f 146/95 178/96 179/97
f 182/98 144/99 143/100
f 188/81 189/101 208/82
f 189/101 204/102 208/82
f 198/103 172/104 167/105
f 202/106 199/107 195/108
f 237/109 209/110 203/111
f 1500/112 241/113 226/114
f 1508/115 1507/116 243/117
f 1561/118 1541/119 1507/116
f 1673/120 1671/121 1670/122
f 250/123 249/124 248/125
f 1687/126 250/123 248/125
f 250/123 1687/126 1722/127
f 1736/128 268/129 267/130
f 254/131 261/132 278/133
f 261/132 266/134 282/135
f 282/135 278/133 261/132
f 270/136 269/137 268/129
f 1738/138 270/136 268/129
f 282/135 266/134 265/139
f 320/140 315/141 309/142
f 323/143 316/144 315/141
f 315/141 320/140 323/143
f 862/145 325/146 318/147
f 864/148 862/145 318/147
f 861/149 862/145 863/150
f 864/148 863/150 862/145
f 336/151 330/152 328/153
f 374/154 376/155 379/156
f 335/157 332/158 331/159
f 337/160 335/157 331/159
f 338/161 337/160 331/159
f 332/158 334/162 377/163
f 335/157 334/162 332/158
f 334/162 335/157 341/164
f 378/165 377/163 334/162
f 377/163 378/165 380/166
f 355/167 358/168 367/169
f 359/170 358/168 355/167
f 367/169 361/171 355/167
f 366/172 357/173 356/174
f 389/175 367/169 358/168
f 368/176 363/177 361/171
f 361/171 367/169 368/176
f 390/178 368/176 367/169
f 367/169 389/175 390/178
f 370/179 369/180 362/181
f 372/182 364/183 363/177
f 363/177 368/176 372/182
f 416/184 413/185 400/186
f 402/187 403/188 404/189
f 402/187 404/189 405/190
f 402/187 405/190 409/191
f 411/192 408/193 407/194
f 407/194 409/191 411/192
f 418/195 404/189 403/188
f 403/188 414/196 418/195
f 413/185 416/184 417/197
f 433/198 405/190 404/189
f 404/189 418/195 426/199
f 404/189 426/199 433/198
f 410/200 409/191 405/190
f 409/191 410/200 411/192
f 603/201 625/202 626/203
f 626/203 604/204 603/201
f 486/205 484/206 470/207
f 606/208 486/205 470/207
f 486/205 606/208 629/209
f 619/210 615/211 598/212
f 510/213 537/214 540/215
f 549/216 547/217 521/218
f 646/219 549/216 521/218
f 549/216 646/219 669/220
f 598/212 599/221 619/210
f 555/222 568/223 569/224
f 557/225 558/226 575/227
f 572/228 568/223 567/229
f 572/228 569/224 568/223
f 571/230 570/231 569/224
f 572/228 571/230 569/224
f 575/227 574/232 557/225
f 562/233 563/234 567/229
f 572/228 567/229 563/234
f 730/235 572/228 563/234
f 571/230 572/228 583/236
f 731/237 733/238 737/239
f 737/239 734/240 731/237
f 735/241 736/242 750/243
f 620/244 619/210 599/221
f 604/204 626/203 628/245
f 680/246 678/247 677/248
f 674/249 684/250 687/251
f 713/252 714/253 716/254
f 1948/255 716/254 714/253
f 714/253 1944/256 1948/255
f 689/257 687/251 684/250
f 689/257 688/258 687/251
f 776/259 777/260 778/261
f 793/262 789/263 778/261
f 1944/256 1946/264 1948/255
f 1950/265 1948/255 1946/264
f 785/266 1949/267 1978/268
f 792/269 791/270 790/271
f 729/272 791/270 792/269
f 738/273 737/239 733/238
f 773/274 775/275 777/260
f 769/276 771/277 799/278
f 771/277 786/279 799/278
f 787/280 786/279 784/281
f 777/260 781/282 782/283
f 781/282 804/284 805/285
f 805/285 806/286 813/287
f 814/288 813/287 806/286
f 820/289 819/290 817/291
f 821/292 822/293 823/294
f 2114/295 2113/296 2112/297
f 2112/297 2113/296 2118/298
f 2113/296 2114/295 2116/299
f 836/300 857/301 858/302
f 874/303 848/304 846/305
f 883/306 882/307 880/308
f 882/307 883/306 2967/309
f 883/306 2965/310 2967/309
f 909/311 915/312 918/313
f 2965/310 2966/314 2967/309
f 2969/315 2967/309 2966/314
f 915/312 916/316 917/317
f 915/312 917/317 918/313
f 3014/318 917/317 916/316
f 900/319 904/320 906/321
f 965/322 950/323 930/324
f 949/325 950/323 951/326
f 965/322 951/326 950/323
f 2206/327 2207/328 2213/329
f 921/330 918/313 917/317
f 3015/331 921/330 917/317
f 917/317 3014/318 3015/331
f 3019/332 3015/331 3014/318
f 965/322 967/333 968/334
f 945/335 946/336 2349/337
f 2349/337 2348/338 945/335
f 945/335 2348/338 2397/339
f 945/335 2397/339 2400/340
f 2347/341 2348/338 2349/337
f 2397/339 2398/342 2400/340
f 960/343 961/344 962/345
f 963/346 962/345 961/344
f 958/347 955/348 951/326
f 2416/349 2414/350 960/343
f 2425/351 2426/352 2462/353
f 974/354 976/355 994/356
f 994/356 991/357 974/354
f 976/355 3062/358 3073/359
f 3076/360 3073/359 3062/358
f 2464/361 2463/362 981/363
f 982/364 985/365 987/366
f 987/366 985/365 984/367
f 3067/368 3068/369 3070/370
f 1099/371 986/372 984/367
f 1297/373 1296/374 1099/371
f 3071/375 3070/370 3068/369
f 1025/376 1024/377 1013/378
f 1253/379 1017/380 1016/381
f 1016/381 1246/382 1253/379
f 1252/383 1240/384 1026/385
f 1242/386 1241/387 1240/384
f 1252/383 1242/386 1240/384
f 1253/379 1019/388 1017/380
f 1246/382 1247/389 1253/379
f 1253/379 1021/390 1019/388
f 1253/379 1251/391 1021/390
f 1247/389 1248/392 1253/379
f 1248/392 1251/391 1253/379
f 1274/393 1275/394 1276/395
f 3219/396 3220/397 3221/398
f 1172/399 1034/400 1032/401
f 1036/402 1037/403 1046/404
f 1202/405 1169/406 1168/407
f 1306/408 1305/409 1038/410
f 2495/411 1042/412 1041/413
f 2495/411 1043/414 1042/412
f 1060/415 1063/416 1064/417
f 2495/411 2494/418 1043/414
f 2530/419 2495/411 1065/420
f 1064/417 1065/420 2495/411
f 2530/419 2496/421 2495/411
f 1053/422 1051/423 1048/424
f 1057/425 1053/422 1048/424
f 1049/426 1051/423 1053/422
f 1049/426 1053/422 1055/427
f 1057/425 1054/428 1053/422
f 1054/428 1057/425 1058/429
f 1066/430 1058/429 1057/425
f 1081/431 1066/430 1057/425
f 1057/425 1071/432 1081/431
f 1064/417 1063/416 1052/433
f 1049/426 1055/427 2521/434
f 2525/435 2524/436 1055/427
f 1065/420 2529/437 2530/419
f 2522/438 2526/439 2529/437
f 1058/429 1056/440 1054/428
f 1071/432 1072/441 1081/431
f 2544/442 2529/437 2526/439
f 2541/443 2540/444 1073/445
f 1074/446 1078/447 1320/448
f 1078/447 1317/449 1322/450
f 1322/450 1320/448 1078/447
f 1324/451 1322/450 1317/449
f 1320/448 1319/452 1074/446
f 2539/453 2541/443 2542/454
f 2546/455 2543/456 1079/457
f 1075/458 1076/459 1080/460
f 2578/461 1080/460 1076/459
f 1076/459 1309/462 2578/461
f 2578/461 2548/463 1080/460
f 1324/451 1323/464 1322/450
f 1091/465 1090/466 1088/467
f 1135/468 1089/469 1088/467
f 1135/468 1136/470 1139/471
f 1132/472 1120/473 1119/474
f 1132/472 1121/475 1120/473
f 1119/474 1120/473 1124/476
f 1138/477 1136/470 1119/474
f 1136/470 1138/477 1139/471
f 1137/478 1123/479 1122/480
f 1141/481 1140/482 1139/471
f 1236/483 1245/484 1247/389
f 1162/485 1158/486 1154/487
f 3137/488 3144/489 3151/490
f 3151/490 3147/491 3137/488
f 1248/392 1247/389 1245/484
f 1234/492 1219/493 1182/494
f 1218/495 1219/493 1234/492
f 1214/496 1212/497 1208/498
f 1185/499 1183/500 1181/501
f 1220/502 1216/503 1181/501
f 1182/494 1187/504 1234/492
f 1183/500 1185/499 1346/505
f 1346/505 1345/506 1183/500
f 1185/499 1186/507 1346/505
f 1187/504 1201/508 1234/492
f 1265/509 1234/492 1201/508
f 1234/492 1222/510 1218/495
f 1222/510 1234/492 1347/511
f 1234/492 1265/509 1287/512
f 1234/492 1267/513 1396/514
f 1287/512 1267/513 1234/492
f 1360/515 1347/511 1234/492
f 1396/514 1360/515 1234/492
f 1374/516 1373/517 1345/506
f 1186/507 1194/518 1196/519
f 1194/518 1195/520 1196/519
f 1186/507 1196/519 1356/521
f 1199/522 1196/519 1195/520
f 1196/519 1199/522 1200/523
f 1196/519 1200/523 1359/524
f 1357/525 1356/521 1196/519
f 1359/524 1357/525 1196/519
f 1262/526 1199/522 1198/527
f 1262/526 1263/528 1266/529
f 1263/528 1286/530 1288/531
f 1262/526 1200/523 1199/522
f 1200/523 1262/526 1393/532
f 1262/526 1266/529 1393/532
f 1397/533 1393/532 1266/529
f 1211/534 1205/535 1204/536
f 1238/537 1241/387 1242/386
f 1274/393 1276/395 1280/538
f 1276/395 1279/539 1280/538
f 1271/540 1261/541 1260/542
f 1271/540 1272/543 1273/544
f 1270/545 1273/544 1399/546
f 1418/547 1417/548 1397/533
f 3223/549 3221/398 3220/397
f 3223/549 3222/550 3221/398
f 2508/551 2513/552 2573/553
f 2580/554 2579/555 1323/464
f 2551/556 2580/554 2581/557
f 1390/558 1408/559 1413/560
f 1402/561 1403/562 1404/563
f 1390/558 1407/564 1408/559
f 3384/565 3383/566 1404/563
f 3390/567 3386/568 3385/569
f 3386/568 3390/567 3402/570
f 2606/571 2605/572 2604/573
f 4681/574 2606/575 2604/576
f 1492/577 1491/578 1477/579
f 1613/580 1610/581 1609/582
f 1475/583 1485/584 1513/585
f 1581/586 1487/587 1481/588
f 1582/589 1488/590 1487/587
f 1521/591 1520/592 1488/590
f 1584/593 1521/591 1488/590
f 1488/590 1582/589 1584/593
f 1523/594 1522/595 1520/592
f 1497/596 1496/597 1493/598
f 1493/598 1494/599 1497/596
f 1535/600 1532/601 1531/602
f 1599/603 1591/604 1536/605
f 1661/606 1659/607 1640/608
f 1707/609 1689/610 1688/611
f 1693/612 1695/613 1703/614
f 1695/613 1698/615 1699/616
f 1695/613 1699/616 1703/614
f 1704/617 1703/614 1699/616
f 1762/618 1713/619 1711/620
f 1711/620 1760/621 1762/618
f 1785/622 1751/623 1713/619
f 1713/619 1762/618 1785/622
f 1751/623 1785/622 1787/624
f 1811/625 1815/626 2151/627
f 2152/628 2151/627 1815/626
f 2165/629 2153/630 2152/628
f 2151/627 2150/631 1811/625
f 2150/631 2151/627 2154/632
f 1822/633 1823/634 1844/635
f 1824/636 1838/637 1839/638
f 1833/639 1832/640 1831/641
f 1832/640 1833/639 1848/642
f 1863/643 1878/644 1881/645
f 1935/646 1931/647 1926/648
f 1912/649 1945/650 1946/264
f 1947/651 1946/264 1945/650
f 1946/264 1947/651 1950/265
f 1955/652 1935/646 1929/653
f 1955/652 1936/654 1935/646
f 1968/655 1950/265 1947/651
f 1983/656 1963/657 1962/658
f 1976/659 1977/660 1991/661
f 1993/662 1991/661 1990/663
f 1999/664 1998/665 1996/666
f 2000/667 2001/668 2002/669
f 2007/670 2008/671 2009/672
f 2073/673 2090/674 2104/675
f 2090/674 2091/676 2094/677
f 2090/674 2094/677 2107/678
f 2107/678 2104/675 2090/674
f 2249/679 2253/680 2259/681
f 2260/682 2255/683 2249/679
f 2249/679 2259/681 2260/682
f 2276/684 2107/678 2094/677
f 2094/677 2256/685 2276/684
f 2107/678 2276/684 2277/686
f 2216/687 2156/688 2144/689
f 2171/690 2154/632 2153/630
f 2221/691 2222/692 2223/693
f 2214/694 2436/695 2445/696
f 2437/697 2436/698 2409/699
f 2447/700 2448/701 2483/702
f 2484/703 2483/702 2448/701
f 2254/704 2253/680 2252/705
f 2287/706 2286/707 2254/704
f 2261/708 2285/709 2293/710
f 2296/711 2264/712 2262/713
f 2262/713 2294/714 2295/715
f 2262/713 2295/715 2296/711
f 2343/716 2347/341 2369/717
f 2358/718 2369/717 2370/719
f 2352/720 2353/721 2355/722
f 2358/718 2370/719 2371/723
f 2371/723 2364/724 2358/718
f 2393/725 2392/726 2391/727
f 2456/728 2441/729 2394/730
f 2405/731 2440/732 2442/733
f 2435/734 2433/735 2432/736
f 2433/735 2435/734 2473/737
f 2461/738 2460/739 2433/735
f 2435/734 2472/740 2473/737
f 2448/701 2454/741 2484/703
f 2493/742 2492/743 2491/744
f 2487/745 2492/743 2493/742
f 2493/742 2491/744 2480/746
f 2480/747 2479/748 2478/749
f 4540/750 4539/751 4519/752
f 4535/753 4539/751 4541/754
f 4539/751 4540/750 4541/754
f 4520/755 4519/756 4517/757
f 2544/442 2526/439 2500/758
f 2500/758 2516/759 2536/760
f 2500/758 2536/760 2544/442
f 2502/761 2506/762 2527/763
f 2545/764 2544/442 2536/760
f 2531/765 2544/442 2545/764
f 2514/766 2511/767 2509/768
f 2539/453 2533/769 2532/770
f 2512/771 2513/552 2514/766
f 2542/454 2535/772 2534/773
f 2517/774 2519/775 2537/776
f 2531/765 2545/764 2552/777
f 2552/777 2545/764 2538/778
f 2553/779 2552/777 2538/778
f 2552/777 2553/779 2555/780
f 2538/778 2550/781 2553/779
f 2550/781 2551/556 2553/779
f 2587/782 2595/783 2607/784
f 2593/785 2594/786 2614/787
f 2615/788 2614/787 2594/786
f 2650/789 2651/790 2659/791
f 2651/790 2652/792 2659/791
f 2672/793 2659/791 2652/792
f 2709/794 2644/795 2642/796
f 2659/791 2672/793 2673/797
f 2719/798 2656/799 2655/800
f 2680/801 2662/802 2661/803
f 2682/804 2680/801 2679/805
f 2679/805 2681/806 2682/804
f 2680/801 2682/804 2732/807
f 2680/801 2732/807 2736/808
f 2736/808 2730/809 2723/810
f 2687/811 2669/812 2668/813
f 2669/812 2671/814 2674/815
f 2687/811 2671/814 2669/812
f 2692/816 2685/817 2678/818
f 2692/816 2686/819 2685/817
f 2684/820 2689/821 2691/822
f 2733/823 2692/816 2678/818
f 2692/816 2690/824 2686/819
f 2692/816 2733/823 2735/825
f 2692/816 2735/825 2771/826
f 2733/823 2734/827 2735/825
f 2682/804 2693/828 2732/807
f 2730/809 2736/808 2741/829
f 2736/808 2737/830 2741/829
f 2768/831 2691/822 2689/821
f 2691/822 2768/831 2770/832
f 2772/833 2767/834 2766/835
f 2769/836 2768/837 2767/834
f 2772/833 2769/836 2767/834
f 2768/831 2769/838 2770/832
f 2766/835 2771/826 2772/833
f 2777/839 2771/826 2735/825
f 2787/840 2777/839 2735/825
f 2796/841 2787/840 2735/825
f 2777/839 2774/842 2771/826
f 2742/843 2741/829 2737/830
f 2697/844 2696/845 2694/846
f 2717/847 2713/848 2694/846
f 2694/846 2715/849 2717/847
f 2715/850 2716/851 2717/852
f 4012/853 2706/854 2704/855
f 4022/856 4021/857 2708/858
f 4083/859 4082/860 4022/856
f 2726/861 2727/862 2739/863
f 2752/864 2739/863 2727/862
f 2752/864 2740/865 2739/863
f 2741/829 2742/843 2743/866
f 2777/839 2776/867 2774/842
f 2776/867 2777/839 2782/868
f 2783/869 2782/868 2777/839
f 2787/840 2783/869 2777/839
f 2786/870 2787/840 2789/871
f 2804/872 2789/871 2787/840
f 2787/840 2796/841 2804/872
f 2821/873 2796/841 2795/874
f 2821/873 2812/875 2796/841
f 2797/876 2743/866 2742/843
f 2778/877 2781/878 2793/879
f 2781/878 2785/880 2793/879
f 2785/880 2788/881 2793/879
f 2788/881 2792/882 2793/879
f 2825/883 2821/873 2795/874
f 2837/884 2825/883 2795/874
f 2743/866 2797/876 2798/885
f 2743/866 2798/885 2799/886
f 2800/887 2799/886 2798/885
f 2825/883 2837/884 2848/888
f 2769/836 2772/833 2773/889
f 2778/877 2779/890 2781/878
f 2786/870 2789/871 2790/891
f 2788/881 2791/892 2792/882
f 2804/872 2801/893 2789/871
f 2801/893 2804/872 2805/894
f 2794/895 2792/882 2791/892
f 2803/896 2794/895 2791/892
f 2794/895 2803/896 2810/897
f 2794/895 2810/897 2811/898
f 2825/883 2824/899 2821/873
f 2848/888 2827/900 2825/883
f 2817/901 2815/902 2814/903
f 2826/904 2827/900 2831/905
f 2830/906 2832/907 2833/908
f 2862/909 2864/910 4245/911
f 4246/912 2864/910 2863/913
f 4246/912 4242/914 2864/910
f 2872/915 2873/916 2874/917
f 2872/915 2874/917 4264/918
f 2874/917 4229/919 4264/918
f 2886/920 2887/921 2922/922
f 2887/921 2890/923 2922/922
f 4273/924 4272/925 4269/926
f 2900/927 2908/928 2948/929
f 2948/929 2945/930 2900/927
f 2945/930 2948/929 2950/931
f 2951/932 2950/931 2948/929
f 2913/933 2910/934 2904/935
f 2910/934 2913/933 2914/936
f 2904/935 2911/937 2913/933
f 2966/314 2968/938 2969/315
f 2962/939 2963/940 2992/941
f 2993/942 2964/943 2962/939
f 2962/939 2992/941 2993/942
f 2987/944 3007/945 3008/946
f 4433/947 4434/948 4435/949
f 4439/950 4434/948 4433/947
f 4437/951 4435/949 4434/948
f 3051/952 3055/953 3057/954
f 3092/955 3065/956 3040/957
f 3064/958 3065/956 3066/959
f 4513/960 4507/961 4506/962
f 3099/963 3098/964 3094/965
f 3071/375 3072/966 3195/967
f 3195/967 3327/968 3328/969
f 4522/970 4521/971 3089/972
f 3109/973 3107/974 3100/975
f 4523/976 4558/977 4559/978
f 3100/975 3108/979 3109/973
f 3110/980 3109/981 3108/982
f 3111/983 3110/980 3108/982
f 4728/984 3106/985 3105/986
f 3105/986 4544/987 4546/988
f 3105/986 4546/988 4727/989
f 3105/986 4727/989 4728/984
f 4547/990 4546/988 4544/987
f 4730/991 4728/984 4727/989
f 4574/992 4572/993 3111/983
f 3114/994 3116/995 3208/996
f 3208/996 3117/997 3114/994
f 3124/998 3122/999 3121/1000
f 3116/995 3202/1001 3208/996
f 3208/996 3118/1002 3117/997
f 3208/996 3206/1003 3118/1002
f 3202/1001 3204/1004 3208/996
f 3204/1004 3205/1005 3208/996
f 3205/1005 3206/1003 3208/996
f 3213/1006 3209/1007 3123/1008
f 3144/489 3145/1009 3151/490
f 3162/1010 3157/1011 3155/1012
f 3174/1013 3161/1014 3160/1015
f 3205/1005 3204/1004 3203/1016
f 3207/1017 3205/1005 3203/1016
f 3169/1018 3170/1019 3175/1020
f 3176/1021 3165/1022 3161/1014
f 3161/1014 3174/1013 3176/1021
f 3175/1020 3177/1023 3178/1024
f 3185/1025 3183/1026 3181/1027
f 3178/1024 3181/1027 3182/1028
f 3293/1029 3262/1030 3260/1031
f 3215/1032 3214/1033 3211/1034
f 3225/1035 3230/1036 3233/1037
f 3234/1038 3233/1037 3230/1036
f 3233/1037 3234/1038 3235/1039
f 3237/1040 3234/1038 3232/1041
f 3235/1039 3236/1042 3394/1043
f 3299/1044 3258/1045 3241/1046
f 3242/1047 3258/1045 3299/1044
f 3242/1047 3299/1044 3400/1048
f 3241/1046 3274/1049 3299/1044
f 3274/1049 3285/1050 3299/1044
f 3285/1050 3288/1051 3299/1044
f 3304/1052 3299/1044 3288/1051
f 3299/1044 3304/1052 3309/1053
f 3299/1044 3306/1054 3434/1055
f 3309/1053 3306/1054 3299/1044
f 3422/1056 3400/1048 3299/1044
f 3434/1055 3422/1056 3299/1044
f 3245/1057 3244/1058 3243/1059
f 3243/1059 3244/1058 3399/1060
f 3243/1059 3399/1060 3401/1061
f 3244/1058 3272/1062 3399/1060
f 3245/1057 3248/1063 3256/1064
f 3410/1065 3405/1066 3401/1061
f 3272/1062 3273/1067 3277/1068
f 3272/1062 3277/1068 3421/1069
f 3290/1070 3332/1071 3334/1072
f 3273/1067 3276/1073 3277/1068
f 3278/1074 3277/1068 3276/1073
f 3277/1068 3278/1074 3279/1075
f 3277/1068 3279/1075 3425/1076
f 3424/1077 3421/1069 3277/1068
f 3425/1076 3424/1077 3277/1068
f 3279/1075 3284/1078 3433/1079
f 3284/1078 3287/1080 3289/1081
f 3284/1078 3289/1081 3433/1079
f 3438/1082 3433/1079 3289/1081
f 3287/1080 3301/1083 3305/1084
f 3322/1085 3321/1086 3303/1087
f 3457/1088 3452/1089 3438/1082
f 3323/1090 3319/1091 3318/1092
f 3346/1093 3337/1094 3336/1095
f 3341/1096 3342/1097 4619/1098
f 3342/1097 3343/1099 4619/1098
f 3343/1099 4618/1100 4619/1098
f 4620/1101 4618/1100 4607/1102
f 4620/1101 4619/1098 4618/1100
f 3497/1103 3496/1104 3338/1105
f 3354/1106 3353/1107 3349/1108
f 4619/1098 3355/1109 3354/1106
f 3355/1109 4619/1098 4622/1110
f 4619/1098 4620/1101 4622/1110
f 3353/1107 3354/1106 3358/1111
f 3350/1112 3357/1113 3359/1114
f 3350/1112 3359/1114 3362/1115
f 3361/1116 3359/1114 3357/1113
f 3359/1114 3361/1116 3365/1117
f 3364/1118 3362/1115 3359/1114
f 3356/1119 3362/1115 3363/1120
f 3367/1121 3362/1115 3356/1119
f 3364/1118 3363/1120 3362/1115
f 3362/1115 3367/1121 3372/1122
f 4622/1110 4621/1123 3355/1109
f 3363/1120 3364/1118 3366/1124
f 3373/1125 3372/1122 3367/1121
f 3374/1126 4633/1127 4634/1128
f 4625/1129 3365/1117 3361/1116
f 4629/1130 4627/1131 3365/1117
f 3508/1132 3506/1133 3376/1134
f 3506/1133 3508/1132 3513/1135
f 3511/1136 3510/1137 3379/1138
f 4634/1128 4635/1139 4637/1140
f 3377/1141 4636/1142 4648/1143
f 3381/1144 3380/1145 3378/1146
f 3508/1132 3509/1147 3513/1135
f 4701/1148 3381/1144 3378/1146
f 3378/1146 4649/1149 4701/1148
f 4701/1148 3517/1150 3381/1144
f 4700/1151 4699/1152 3509/1147
f 4702/1153 4699/1152 4647/1154
f 4668/1155 4670/1156 4713/1157
f 3523/1158 3526/1159 3527/1160
f 3530/1161 3529/1162 3528/1163
f 3528/1163 3572/1164 3573/1165
f 3574/1166 3572/1164 3571/1167
f 3573/1165 3530/1161 3528/1163
f 3531/1168 3617/1169 3621/1170
f 3542/1171 3539/1172 3537/1173
f 3621/1170 3622/1174 3623/1175
f 3621/1170 3623/1175 3625/1176
f 3621/1170 3625/1176 3627/1177
f 3621/1170 3627/1177 3637/1178
f 3545/1179 3539/1172 3538/1180
f 3537/1173 3539/1172 3545/1179
f 3541/1181 3543/1182 3549/1183
f 3562/1184 3563/1185 3596/1186
f 3574/1166 3571/1167 3562/1184
f 3580/1187 3579/1188 3560/1189
f 3605/1190 3580/1187 3560/1189
f 3605/1190 3606/1191 3607/1192
f 3600/1193 3597/1194 3596/1186
f 3612/1195 3610/1196 3604/1197
f 3601/1198 3600/1193 3599/1199
f 3600/1193 3603/1200 3604/1197
f 3609/1201 4985/1202 5010/1203
f 3681/1204 3680/1205 3677/1206
f 5011/1207 3681/1204 3677/1206
f 3614/1208 3684/1209 4987/1210
f 5016/1211 4987/1210 3684/1209
f 3629/1212 3625/1176 3623/1175
f 3625/1176 3626/1213 3627/1177
f 3759/1214 3692/1215 3691/1216
f 3681/1204 5011/1207 5014/1217
f 5011/1207 5013/1218 5015/1219
f 5015/1219 5014/1217 5011/1207
f 3692/1215 3759/1214 3765/1220
f 3759/1214 3764/1221 3765/1220
f 3774/1222 3770/1223 3767/1224
f 3768/1225 3770/1223 3774/1222
f 3700/1226 3701/1227 3719/1228
f 3700/1226 3719/1228 3720/1229
f 3723/1230 3719/1228 3701/1227
f 3735/1231 3712/1232 3711/1233
f 3711/1233 3734/1234 3735/1231
f 3735/1231 3732/1235 3712/1232
f 3849/1236 3778/1237 3713/1238
f 3713/1238 3817/1239 3849/1236
f 3850/1240 3849/1236 3817/1239
f 3782/1241 3770/1223 3768/1225
f 3902/1242 3787/1243 3755/1244
f 3755/1244 3868/1245 3902/1242
f 3904/1246 3902/1242 3868/1245
f 3804/1247 3800/1248 3798/1249
f 3805/1250 3802/1251 3801/1252
f 3802/1251 3805/1250 3808/1253
f 3805/1250 3807/1254 3808/1253
f 3933/1255 3808/1253 3807/1254
f 3933/1255 3926/1256 3808/1253
f 3807/1254 3932/1257 3933/1255
f 3934/1258 3931/1259 3925/1260
f 3933/1255 3932/1257 3930/1261
f 3930/1261 3932/1257 3935/1262
f 3865/1263 3874/1264 3900/1265
f 3903/1266 3900/1265 3874/1264
f 3865/1263 3900/1265 3915/1267
f 3974/1268 3982/1269 4000/1270
f 4000/1270 3991/1271 3974/1268
f 3950/1272 3949/1273 3948/1274
f 3959/1275 3952/1276 3951/1277
f 3946/1278 3953/1279 3957/1280
f 3959/1275 3953/1279 3952/1276
f 3960/1281 3957/1280 3953/1279
f 3953/1279 3959/1275 3960/1281
f 3957/1280 3960/1281 3962/1282
f 3957/1280 3962/1282 3963/1283
f 3964/1284 3963/1283 3962/1282
f 3955/1285 3956/1286 3961/1287
f 3978/1288 3979/1289 3980/1290
f 3978/1291 3980/1292 3997/1293
f 3999/1294 3982/1269 3981/1295
f 3982/1269 3999/1294 4000/1270
f 3991/1271 4000/1270 4005/1296
f 4001/1297 4000/1270 3999/1294
f 4000/1270 4001/1297 4005/1296
f 4008/1298 4003/1299 3990/1300
f 4008/1301 4004/1302 4003/1303
f 4007/1304 4005/1296 4001/1297
f 4007/1304 4006/1305 4005/1296
f 4006/1305 4007/1304 4009/1306
f 4060/1307 4051/1308 4029/1309
f 4043/1310 4044/1311 4048/1312
f 4034/1313 4035/1314 4036/1315
f 4036/1315 4037/1316 4063/1317
f 4131/1318 4063/1317 4037/1316
f 4063/1317 4131/1318 4132/1319
f 4063/1317 4132/1319 4134/1320
f 4128/1321 4130/1322 4140/1323
f 4059/1324 4073/1325 4075/1326
f 4074/1327 4073/1325 4071/1328
f 4077/1329 4074/1327 4071/1328
f 4067/1330 4134/1320 4135/1331
f 4079/1332 4076/1333 4074/1327
f 4074/1327 4077/1329 4079/1332
f 4176/1334 4177/1335 4179/1336
f 4151/1337 4150/1338 4148/1339
f 4283/1340 4266/1341 4265/1342
f 4258/1343 4319/1344 4321/1345
f 4321/1345 4288/1346 4258/1343
f 4345/1347 4291/1348 4288/1346
f 4288/1346 4321/1345 4345/1347
f 4296/1349 4297/1350 4305/1351
f 4296/1349 4305/1351 4306/1352
f 4306/1352 4298/1353 4296/1349
f 4306/1352 4302/1354 4298/1353
f 4302/1354 4306/1352 4307/1355
f 4291/1348 4345/1347 4349/1356
f 4302/1354 4301/1357 4298/1353
f 4384/1358 4336/1359 4332/1360
f 4332/1360 4380/1361 4384/1358
f 4336/1359 4384/1358 4385/1362
f 4380/1361 4383/1363 4384/1358
f 4385/1362 4386/1364 4402/1365
f 4396/1366 4386/1364 4383/1363
f 4469/1367 4468/1368 4467/1369
f 4477/1370 4458/1371 4395/1372
f 4458/1371 4477/1370 4498/1373
f 4455/1374 4458/1371 4498/1373
f 4537/1375 4538/1376 4581/1377
f 4581/1377 4580/1378 4537/1375
f 4515/1379 4582/1380 4590/1381
f 4552/1382 4590/1383 4591/1384
f 4571/1385 4533/1386 4532/1387
f 4571/1385 4565/1388 4533/1386
f 4564/1389 4565/1388 4571/1385
f 4600/1390 4599/1391 4565/1388
f 4585/1392 4581/1377 4538/1376
f 4555/1393 4592/1394 4595/1395
f 4737/1396 4736/1397 4734/1398
f 4598/1399 4605/1400 4780/1401
f 4782/1402 4781/1403 4779/1404
f 4656/1405 4654/1406 4653/1407
f 4721/1408 4706/1409 4690/1410
f 4638/1411 4632/1412 4630/1413
f 4632/1412 4638/1411 4644/1414
f 4638/1411 4639/1415 4644/1414
f 4653/1407 4645/1416 4639/1415
f 4635/1139 4640/1417 4641/1418
f 4662/1419 4660/1420 4631/1421
f 4632/1412 4644/1414 4674/1422
f 4637/1140 4642/1423 4643/1424
f 4669/1425 4668/1155 4667/1426
f 4677/1427 4675/1428 4646/1429
f 4647/1154 4651/1430 4654/1406
f 4669/1425 4671/1431 4672/1432
f 4697/1433 4698/1434 4719/1435
f 4697/1433 4719/1435 4720/1436
f 4730/991 4732/1437 4755/1438
f 4754/1439 4755/1438 4762/1440
f 4762/1440 4756/1441 4754/1439
f 4756/1441 4762/1440 4765/1442
f 4826/1443 4804/1444 4796/1445
f 4797/1446 4798/1447 4820/1448
f 4820/1448 4821/1449 4822/1450
f 4827/1451 4806/1452 4805/1453
f 4827/1451 4807/1454 4806/1452
f 4807/1454 4827/1451 4830/1455
f 4822/1450 4825/1456 4828/1457
f 4829/1458 4828/1457 4825/1456
f 4832/1459 4829/1458 4825/1456
f 4914/1460 4899/1461 4884/1462
f 4968/1463 4970/1464 4973/1465
f 4978/1466 4977/1467 4976/1468
f 4975/1469 4974/1470 4972/1471
f 4977/1472 4975/1469 4972/1471
f 4975/1469 4977/1472 4980/1473
f 4998/1474 4996/1475 4986/1476
f 4996/1475 4998/1474 4999/1477
f 4986/1476 4989/1478 4998/1474
f 4989/1478 5019/1479 5020/1480
f 5038/1481 5037/1482 4999/1477
f 5032/1483 5015/1219 5013/1218
f 5033/1484 5032/1483 5013/1218
f 5015/1219 5032/1483 5050/1485
f 5015/1219 5050/1485 5052/1486
f 5026/1487 5077/1488 5078/1489
f 5026/1487 5078/1489 5079/1490
f 5082/1491 5081/1492 5078/1489
f 5171/1493 5113/1494 5110/1495
f 5173/1496 5171/1493 5110/1495
f 5113/1494 5171/1493 5176/1497
f 5146/1498 5142/1499 5141/1500
f 5158/1501 5157/1502 5147/1503
f 5170/1504 5168/1505 5159/1506
f 5170/1504 5169/1507 5168/1505
f 6/1508 2/1509 1/1510 4/1511
f 9/5 4/1511 1/1510 8/6
f 1/1510 2/1509 34/1512 65/10
f 66/7 8/6 1/1510 65/10
f 67/1513 34/1514 2/1 69/3
f 3/13 7/1515 5/1516 11/14
f 14/12 7/11 3/18 24/20
f 7/1515 6/1508 4/1511 5/1516
f 10/25 5/1516 4/1511 9/5
f 12/26 11/14 5/1516 10/25
f 11/14 12/26 22/24 23/15
f 70/1517 69/3 14/12 24/20
f 19/1518 17/17 15/16 18/1519
f 15/16 16/21 20/34 18/1519
f 16/21 22/24 131/30 20/34
f 121/1520 19/1518 18/1519 120/1521
f 18/1519 20/34 122/33 120/1521
f 70/1517 24/20 21/23 147/42
f 21/23 121/35 125/1522 134/40
f 21/23 134/40 135/39 147/42
f 25/1523 26/1524 27/1525 37/48
f 29/1526 26/1524 25/1523 28/1527
f 31/47 30/1528 25/1523 37/48
f 35/1529 28/1527 25/1523 30/1528
f 53/1530 27/1525 26/1524 56/1531
f 26/1524 29/1526 57/1532 56/1531
f 39/28 37/48 27/1525 38/50
f 55/49 38/50 27/1525 53/1530
f 29/44 40/43 58/1533 57/1534
f 30/1528 31/47 33/9 32/8
f 30/1528 32/8 36/1535 35/1529
f 32/8 65/10 34/1512 36/1535
f 34/1514 67/1513 40/43 36/51
f 63/1536 58/1533 40/43 64/54
f 73/55 64/54 40/43 67/1513
f 44/58 42/1537 41/1538 43/59
f 41/1538 42/1537 46/1539 45/1540
f 49/66 43/59 41/1538 48/67
f 41/1538 45/1540 50/1541 48/67
f 53/1530 56/1531 42/1537 44/58
f 42/1537 56/1531 57/1532 46/1539
f 43/59 49/66 60/70 54/57
f 55/49 53/1530 44/58 54/57
f 46/61 57/1534 58/1533 47/62
f 47/62 58/1533 63/1536 52/1542
f 81/1543 51/63 47/62 52/1542
f 48/67 50/1541 80/1544 78/65
f 61/68 60/70 49/66 78/65
f 50/64 51/63 81/1543 80/1545
f 83/1546 81/1543 52/1542 87/1547
f 52/1542 63/1536 88/1548 87/1547
f 62/52 55/49 54/57 60/70
f 72/74 68/27 59/29 71/53
f 63/1536 64/54 74/56 88/1548
f 67/1513 69/3 76/73 73/55
f 68/27 72/74 190/76 185/32
f 69/3 70/1517 75/78 76/73
f 70/1517 147/42 187/80 75/78
f 96/75 72/74 71/53 94/71
f 99/1549 88/1548 74/56 98/1550
f 74/56 77/72 108/1551 98/1550
f 213/1552 108/1551 77/72 193/79
f 82/1553 79/69 78/65 80/1544
f 79/69 82/1553 84/1554 86/1555
f 79/69 86/1555 95/1556 94/71
f 80/1545 81/1543 83/1546 82/1557
f 82/1557 83/1546 85/1558 84/1559
f 83/1546 87/1547 89/1560 85/1558
f 90/1561 86/1555 84/1554 91/1562
f 84/1559 85/1558 92/1563 91/1564
f 85/1558 89/1560 93/1565 92/1563
f 86/1555 90/1561 100/1566 95/1556
f 87/1547 88/1548 99/1549 89/1560
f 103/1567 93/1565 89/1560 99/1549
f 102/1568 100/1566 90/1561 101/1569
f 90/1561 91/1562 1455/1570 101/1569
f 91/1564 92/1563 104/1571 1455/1572
f 92/1563 93/1565 105/1573 104/1571
f 93/1565 103/1567 106/1574 105/1573
f 94/71 95/1556 97/1575 96/75
f 216/1576 97/1575 95/1556 100/1566
f 191/1577 190/76 96/75 192/1578
f 96/75 97/1575 215/1579 192/1578
f 217/1580 215/1579 97/1575 216/1576
f 103/1567 99/1549 98/1550 107/1581
f 109/1582 107/1581 98/1550 108/1551
f 100/1566 102/1568 218/1583 216/1576
f 101/1569 1455/1570 1458/1584 1456/1585
f 1469/1586 102/1568 101/1569 1456/1585
f 1470/1587 218/1583 102/1568 1469/1586
f 110/1588 106/1574 103/1567 107/1581
f 1458/1589 1455/1572 104/1571 1457/1590
f 104/1571 105/1573 1459/1591 1457/1590
f 105/1573 106/1574 1463/1592 1459/1591
f 106/1574 110/1588 1464/1593 1463/1592
f 107/1581 109/1582 229/1594 110/1588
f 227/1595 109/1582 108/1551 213/1552
f 109/1582 227/1595 228/1596 229/1594
f 110/1588 229/1594 230/1597 1464/1593
f 113/1598 112/1599 111/1600 114/1601
f 111/1600 112/1599 127/85 126/84
f 111/1600 126/84 128/1602 136/1603
f 137/1604 114/1601 111/1600 136/1603
f 112/1599 113/1598 117/1605 115/1606
f 112/1599 115/1606 129/87 127/85
f 113/1598 114/1601 151/1607 150/1608
f 154/1609 117/1605 113/1598 150/1608
f 114/1601 137/1604 159/1610 151/1607
f 118/1611 116/1612 115/1613 117/1614
f 115/1613 116/1612 130/1615 129/1616
f 116/1612 118/1611 119/90 139/89
f 140/91 130/1615 116/1612 139/89
f 155/1617 118/1611 117/1614 154/1618
f 156/92 119/90 118/1611 155/1617
f 120/1521 122/33 123/36 124/83
f 125/86 121/1520 120/1521 124/83
f 126/84 124/83 123/36 128/1602
f 132/94 128/1602 123/36 133/37
f 130/1615 134/40 125/1522 129/1616
f 141/1619 136/1603 128/1602 132/94
f 145/38 134/40 130/1615 140/91
f 143/100 141/1619 132/94 142/77
f 138/1620 137/1604 136/1603 141/1619
f 137/1604 138/1620 161/1621 159/1610
f 138/1620 141/1619 143/100 144/99
f 138/1620 144/99 166/1622 161/1621
f 140/91 148/88 149/1623 145/38
f 142/77 184/31 182/98 143/100
f 194/1624 166/1622 144/99 182/98
f 178/96 146/95 145/38 149/1623
f 188/81 183/41 146/95 189/101
f 146/95 179/97 204/102 189/101
f 147/42 183/41 188/81 187/80
f 165/1625 149/1623 148/88 164/93
f 149/1623 165/1625 180/1626 178/96
f 150/1608 151/1607 152/1627 153/1628
f 150/1608 153/1628 157/1629 154/1609
f 160/1630 152/1627 151/1607 159/1610
f 152/1627 160/1630 163/1631 162/1632
f 168/1633 153/1628 152/1627 162/1632
f 169/1634 157/1629 153/1628 168/1633
f 158/1635 155/1617 154/1618 157/1629
f 164/93 156/92 155/1617 158/1635
f 170/1636 158/1635 157/1629 169/1634
f 165/1625 164/93 158/1635 170/1636
f 163/1631 160/1630 159/1610 161/1621
f 167/105 163/1631 161/1621 166/1622
f 162/1632 163/1631 167/105 172/104
f 173/1637 168/1633 162/1632 172/104
f 165/1625 170/1636 175/1638 180/1626
f 198/103 167/105 166/1622 194/1624
f 171/1639 169/1634 168/1633 173/1640
f 175/1638 170/1636 169/1634 171/1639
f 171/1639 173/1640 174/1641 176/1642
f 177/1643 175/1638 171/1639 176/1642
f 174/1644 173/1637 172/104 198/103
f 174/1644 198/103 195/108 199/107
f 201/1645 176/1642 174/1641 199/1646
f 181/1647 180/1626 175/1638 177/1643
f 200/1648 177/1643 176/1642 201/1645
f 205/1649 181/1647 177/1643 200/1648
f 181/1647 179/97 178/96 180/1626
f 179/97 181/1647 205/1649 204/102
f 182/98 184/31 185/32 186/1650
f 182/98 186/1650 196/1651 194/1624
f 191/1577 186/1650 185/32 190/76
f 186/1650 191/1577 197/1652 196/1651
f 191/1577 192/1578 206/1653 197/1652
f 219/1654 206/1653 192/1578 215/1579
f 193/79 208/82 214/1655 213/1552
f 194/1624 196/1651 195/108 198/103
f 195/108 196/1651 197/1652 202/106
f 207/1656 202/1657 197/1658 206/1659
f 203/111 201/1645 199/1646 202/1657
f 200/1648 201/1645 203/111 209/110
f 210/1660 205/1649 200/1648 209/110
f 237/109 203/111 202/1657 207/1656
f 204/102 205/1649 210/1660 208/82
f 220/1661 207/1656 206/1659 219/1662
f 207/1656 220/1661 238/1663 237/109
f 208/82 210/1660 212/1664 214/1655
f 212/1664 210/1660 209/110 211/1665
f 238/1663 211/1665 209/110 237/109
f 233/1666 212/1664 211/1665 222/1667
f 239/1668 222/1667 211/1665 238/1663
f 231/1669 214/1655 212/1664 233/1666
f 213/1552 214/1655 231/1669 227/1595
f 215/1579 217/1580 224/1670 219/1654
f 223/1671 217/1580 216/1576 218/1583
f 217/1580 223/1671 225/1672 224/1670
f 1473/1673 223/1671 218/1583 1470/1587
f 221/1674 220/1661 219/1662 224/1675
f 220/1661 221/1674 239/1668 238/1663
f 221/1674 224/1675 225/1676 226/114
f 221/1674 226/114 241/113 239/1668
f 234/1677 233/1666 222/1667 240/1678
f 222/1667 239/1668 241/113 240/1678
f 1474/1679 225/1672 223/1671 1473/1673
f 1500/112 226/114 225/1676 1474/1680
f 232/1681 228/1596 227/1595 231/1669
f 230/1597 229/1594 228/1596 235/1682
f 228/1596 232/1681 236/1683 235/1682
f 1477/579 1464/1593 230/1597 1537/1684
f 230/1597 235/1682 1540/1685 1537/1684
f 231/1669 233/1666 234/1677 232/1681
f 232/1681 234/1677 243/117 236/1683
f 234/1677 240/1678 242/1686 243/117
f 235/1682 236/1683 1541/119 1540/1685
f 236/1683 243/117 1507/116 1541/119
f 240/1678 241/113 1500/112 242/1686
f 242/1686 1500/112 1501/1687 1506/1688
f 1508/115 243/117 242/1686 1506/1688
f 246/1689 247/1690 244/1691 1673/120
f 244/1691 247/1690 255/1692 251/1693
f 1671/121 1673/120 244/1691 1674/1694
f 244/1691 251/1693 1691/1695 1674/1694
f 248/125 246/1689 245/1696 1685/1697
f 1668/1698 1669/1699 245/1696 1670/122
f 245/1696 246/1689 1673/120 1670/122
f 245/1696 1669/1699 1683/1700 1685/1697
f 249/124 247/1690 246/1689 248/125
f 247/1690 249/124 258/1701 255/1692
f 248/125 1685/1697 1686/1702 1687/126
f 249/124 250/123 267/130 258/1701
f 1736/128 267/130 250/123 1722/127
f 251/1693 256/1703 252/1704 1691/1695
f 251/1693 255/1692 257/1705 256/1703
f 252/1704 256/1703 260/1706 253/1707
f 1690/1708 1691/1695 252/1704 1692/1709
f 252/1704 253/1707 1696/1710 1692/1709
f 261/132 254/131 253/1707 260/1706
f 253/1707 254/131 1697/1711 1696/1710
f 254/131 278/133 1754/1712 1697/1711
f 259/1713 257/1705 255/1692 258/1701
f 256/1703 257/1705 262/1714 260/1706
f 257/1705 259/1713 263/1715 262/1714
f 268/129 259/1713 258/1701 267/130
f 269/137 263/1715 259/1713 268/129
f 266/134 261/132 260/1706 262/1714
f 262/1714 263/1715 264/1716 266/134
f 271/1717 264/1716 263/1715 269/137
f 265/139 266/134 264/1716 272/1718
f 264/1716 271/1717 273/1719 272/1718
f 283/1720 282/135 265/139 279/1721
f 265/139 272/1718 302/1722 279/1721
f 268/129 1736/128 1737/1723 1738/138
f 269/137 270/136 274/1724 271/1717
f 1741/1725 274/1724 270/136 1738/138
f 275/1726 273/1719 271/1717 274/1724
f 272/1718 273/1719 304/1727 302/1722
f 273/1719 275/1726 305/1728 304/1727
f 1742/1729 275/1726 274/1724 1741/1725
f 1791/1730 305/1728 275/1726 1742/1729
f 276/1731 1754/1712 278/133 277/1732
f 276/1731 277/1732 285/1733 284/1734
f 276/1731 1753/1735 1755/1736 1754/1712
f 276/1731 284/1734 1765/1737 1753/1735
f 277/1732 283/1720 280/1738 285/1733
f 277/1732 278/133 282/135 283/1720
f 279/1721 281/1739 280/1738 283/1720
f 303/1740 281/1739 279/1721 302/1722
f 291/1741 285/1733 280/1738 294/1742
f 280/1738 281/1739 301/1743 294/1742
f 312/1744 301/1743 281/1739 303/1740
f 284/1734 285/1733 291/1741 286/1745
f 284/1734 286/1745 1767/1746 1765/1737
f 290/1747 287/1748 286/1749 291/1750
f 286/1749 287/1748 1768/1751 1767/1752
f 292/1753 289/1754 287/1748 290/1747
f 287/1748 289/1754 1769/1755 1768/1751
f 288/1756 289/1754 292/1753 293/1757
f 288/1756 293/1757 826/1758 827/1759
f 1769/1755 289/1754 288/1756 1770/1760
f 288/1756 827/1759 2112/1761 1770/1760
f 290/1747 291/1750 294/1762 295/1763
f 296/1764 292/1753 290/1747 295/1763
f 297/1765 293/1757 292/1753 296/1764
f 293/1757 297/1765 830/1766 826/1758
f 298/1767 295/1763 294/1762 301/1768
f 299/1769 296/1764 295/1763 298/1767
f 300/1770 297/1765 296/1764 299/1769
f 297/1765 300/1770 831/1771 830/1766
f 298/1767 301/1768 312/1772 311/1773
f 313/1774 299/1769 298/1767 311/1773
f 314/1775 300/1770 299/1769 313/1774
f 300/1770 314/1775 851/1776 831/1771
f 306/1777 303/1740 302/1722 304/1727
f 303/1740 306/1777 310/1778 312/1744
f 304/1727 305/1728 307/1779 306/1777
f 308/1780 307/1779 305/1728 1791/1730
f 306/1777 307/1779 319/1781 310/1778
f 307/1779 308/1780 321/1782 319/1781
f 308/1780 1791/1730 1792/1783 1794/1784
f 1804/1785 321/1782 308/1780 1794/1784
f 309/142 311/1773 312/1772 310/1786
f 313/1774 311/1773 309/142 315/141
f 309/142 310/1786 319/1787 320/140
f 316/144 314/1775 313/1774 315/141
f 314/1775 316/144 855/1788 851/1776
f 316/144 323/143 317/1789 855/1788
f 317/1789 324/1790 325/146 862/145
f 317/1789 323/143 326/1791 324/1790
f 861/149 855/1788 317/1789 862/145
f 318/147 325/146 2907/1792 2899/1793
f 2944/1794 864/148 318/147 2899/1793
f 322/1795 320/140 319/1787 321/1796
f 320/140 322/1795 326/1791 323/143
f 1805/1797 322/1795 321/1796 1804/1798
f 1808/1799 326/1791 322/1795 1805/1797
f 324/1790 326/1791 1808/1799 1809/1800
f 2149/1801 325/146 324/1790 1809/1800
f 325/146 2149/1801 4379/1802 2907/1792
f 327/1803 328/153 330/152 333/1804
f 342/1805 328/153 327/1803 329/1806
f 375/1807 329/1806 327/1803 374/154
f 327/1803 333/1804 376/155 374/154
f 345/1808 336/151 328/153 342/1805
f 343/1809 342/1805 329/1806 439/1810
f 329/1806 375/1807 440/1811 439/1810
f 332/158 333/1812 330/1813 331/159
f 338/161 331/159 330/1813 336/1814
f 376/1815 333/1812 332/158 377/163
f 334/162 341/164 385/1816 378/165
f 335/157 337/160 340/1817 341/164
f 339/1818 338/161 336/1814 345/1819
f 337/160 338/161 339/1818 340/1817
f 347/1820 340/1817 339/1818 346/1821
f 339/1818 345/1819 348/1822 346/1821
f 443/1823 341/164 340/1817 347/1820
f 444/1824 385/1816 341/164 443/1823
f 342/1805 343/1809 348/1825 345/1808
f 343/1809 344/1826 349/1827 348/1825
f 343/1809 439/1810 441/1828 344/1826
f 353/1829 349/1827 344/1826 352/1830
f 461/1831 352/1830 344/1826 441/1828
f 346/1821 348/1822 349/1832 351/1833
f 350/1834 347/1820 346/1821 351/1833
f 347/1820 350/1834 450/1835 443/1823
f 354/1836 351/1833 349/1832 353/1837
f 350/1834 351/1833 354/1836 476/1838
f 477/1839 450/1835 350/1834 476/1838
f 352/1830 461/1831 462/1840 594/1841
f 553/1842 353/1829 352/1830 594/1841
f 478/1843 354/1836 353/1837 553/1844
f 479/1845 476/1838 354/1836 478/1843
f 355/167 356/1846 357/1847 359/170
f 360/1848 356/1846 355/167 361/171
f 356/174 360/1849 365/1850 366/172
f 382/1851 359/170 357/1847 381/1852
f 357/173 366/172 388/1853 381/1854
f 358/168 359/170 382/1851 389/175
f 360/1848 361/171 363/177 362/1855
f 360/1849 362/181 369/180 365/1850
f 362/1855 363/177 364/183 370/1856
f 371/1857 370/1856 364/183 373/1858
f 364/183 372/182 392/1859 373/1858
f 388/1853 366/172 365/1850 386/1860
f 365/1850 369/180 391/1861 386/1860
f 392/1859 372/182 368/176 390/178
f 369/180 370/179 371/1862 391/1861
f 371/1857 373/1858 415/1863 420/1864
f 419/1865 391/1861 371/1862 420/1866
f 373/1858 392/1859 397/1867 415/1863
f 383/1868 375/1807 374/154 379/156
f 375/1807 383/1868 446/1869 440/1811
f 376/1815 377/163 380/166 379/1870
f 384/1871 380/166 378/165 385/1816
f 379/1870 380/166 384/1871 383/1872
f 381/1854 388/1853 393/1873 395/1874
f 396/1875 382/1851 381/1852 395/1876
f 394/1877 389/175 382/1851 396/1875
f 383/1872 384/1871 448/1878 446/1879
f 384/1871 385/1816 444/1824 448/1878
f 386/1860 387/1880 393/1873 388/1853
f 419/1865 387/1880 386/1860 391/1861
f 455/1881 393/1873 387/1880 454/1882
f 387/1880 419/1865 488/1883 454/1882
f 398/1884 390/178 389/175 394/1877
f 397/1867 392/1859 390/178 398/1884
f 457/1885 395/1874 393/1873 455/1881
f 394/1877 396/1875 456/1886 471/1887
f 472/1888 398/1884 394/1877 471/1887
f 456/1886 396/1875 395/1876 457/1889
f 422/1890 415/1863 397/1867 524/1891
f 397/1867 398/1884 472/1888 524/1891
f 399/1892 400/1893 403/188 402/187
f 406/1894 401/1895 399/1896 407/1897
f 399/1892 402/187 409/191 407/194
f 416/184 400/186 399/1896 401/1895
f 414/196 403/188 400/1893 413/1898
f 401/1895 412/1899 417/197 416/184
f 401/1895 406/1894 428/1900 412/1899
f 430/1901 410/200 405/190 433/198
f 406/1894 407/1897 408/1902 428/1900
f 408/193 411/192 429/1903 431/1904
f 432/1905 428/1900 408/1902 431/1906
f 429/1903 411/192 410/200 430/1901
f 424/1907 417/197 412/1899 427/1908
f 432/1905 427/1908 412/1899 428/1900
f 413/185 417/197 424/1907 421/1909
f 425/1910 414/196 413/1898 421/1911
f 426/199 418/195 414/196 425/1910
f 423/1912 420/1864 415/1863 422/1890
f 419/1865 420/1866 423/1913 488/1883
f 421/1909 424/1907 490/1914 489/1915
f 491/1916 425/1910 421/1911 489/1917
f 493/1918 423/1912 422/1890 525/1919
f 422/1890 524/1891 527/1920 525/1919
f 495/1921 488/1883 423/1913 493/1922
f 424/1907 427/1908 498/1923 490/1914
f 492/1924 426/199 425/1910 491/1916
f 434/1925 433/198 426/199 492/1924
f 427/1908 432/1905 436/1926 498/1923
f 429/1903 430/1901 435/1927 438/1928
f 437/1929 431/1904 429/1903 438/1928
f 430/1901 433/198 434/1925 435/1927
f 436/1926 432/1905 431/1906 437/1930
f 502/1931 435/1927 434/1925 529/1932
f 434/1925 492/1924 526/1933 529/1932
f 503/1934 438/1928 435/1927 502/1931
f 499/1935 498/1923 436/1926 501/1936
f 436/1926 437/1930 500/1937 501/1936
f 437/1929 438/1928 503/1934 500/1938
f 439/1810 440/1811 442/1939 441/1828
f 447/1940 442/1939 440/1811 446/1869
f 441/1828 442/1939 463/1941 461/1831
f 442/1939 447/1940 451/1942 463/1941
f 445/1943 444/1824 443/1823 450/1835
f 449/1944 448/1878 444/1824 445/1943
f 453/1945 449/1944 445/1943 452/1946
f 445/1943 450/1835 477/1839 452/1946
f 449/1944 447/1947 446/1879 448/1878
f 447/1947 449/1944 453/1945 451/1948
f 451/1948 453/1945 464/1949 467/1950
f 466/1951 463/1941 451/1942 467/1952
f 464/1949 453/1945 452/1946 481/1953
f 452/1946 477/1839 480/1954 481/1953
f 458/1955 455/1881 454/1882 460/1956
f 495/1921 460/1956 454/1882 488/1883
f 459/1957 457/1885 455/1881 458/1955
f 456/1886 457/1889 459/1958 473/1959
f 474/1960 471/1887 456/1886 473/1959
f 469/1961 459/1957 458/1955 465/1962
f 458/1955 460/1956 506/1963 465/1962
f 483/1964 473/1959 459/1958 469/1965
f 460/1956 495/1921 507/1966 506/1963
f 466/1951 462/1840 461/1831 463/1941
f 596/1967 594/1841 462/1840 595/1968
f 462/1840 466/1951 601/1969 595/1968
f 603/201 467/1950 464/1949 625/202
f 464/1949 481/1953 624/1970 625/202
f 465/1962 468/1971 470/1972 469/1961
f 511/1973 468/1971 465/1962 506/1963
f 466/1951 467/1952 603/1974 601/1969
f 468/1971 511/1973 512/1975 605/1976
f 606/1977 470/1972 468/1971 605/1976
f 469/1965 470/207 484/206 483/1964
f 475/1978 472/1888 471/1887 474/1960
f 527/1920 524/1891 472/1888 475/1978
f 482/1979 474/1960 473/1959 483/1964
f 533/1980 475/1978 474/1960 482/1979
f 534/1981 527/1920 475/1978 533/1980
f 480/1954 477/1839 476/1838 479/1845
f 478/1843 553/1844 598/212 615/211
f 616/1982 479/1845 478/1843 615/211
f 617/1983 480/1954 479/1845 616/1982
f 624/1970 481/1953 480/1954 617/1983
f 482/1979 483/1964 484/206 485/1984
f 482/1979 485/1984 535/1985 533/1980
f 487/1986 485/1984 484/206 486/205
f 485/1984 487/1986 538/1987 535/1985
f 630/1988 487/1986 486/205 629/209
f 663/1989 538/1987 487/1986 630/1988
f 494/1990 491/1916 489/1917 496/1991
f 489/1915 490/1914 497/1992 496/1993
f 499/1935 497/1992 490/1914 498/1923
f 526/1933 492/1924 491/1916 494/1990
f 507/1966 495/1921 493/1922 508/1994
f 493/1918 525/1919 528/1995 508/1996
f 494/1990 496/1991 509/1997 542/1998
f 530/1999 526/1933 494/1990 542/1998
f 496/1993 497/1992 516/2000 509/2001
f 497/1992 499/1935 517/2002 516/2000
f 499/1935 501/1936 504/2003 517/2002
f 504/2003 501/1936 500/1937 1840/2004
f 500/1938 503/1934 505/2005 1840/2006
f 505/2005 503/1934 502/1931 532/2007
f 502/1931 529/1932 531/2008 532/2007
f 522/2009 517/2002 504/2003 1853/2010
f 504/2003 1840/2004 1855/2011 1853/2010
f 505/2005 532/2007 545/2012 1877/2013
f 1855/2014 1840/2006 505/2005 1877/2013
f 506/1963 507/1966 513/2015 511/1973
f 507/1966 508/1994 510/2016 513/2015
f 537/214 510/213 508/1996 528/1995
f 509/2001 516/2000 518/2017 520/2018
f 546/2019 542/1998 509/1997 520/2020
f 514/2021 513/2015 510/2016 515/2022
f 541/2023 515/2024 510/213 540/215
f 514/2021 512/1975 511/1973 513/2015
f 512/1975 514/2021 642/2025 644/2026
f 643/2027 605/1976 512/1975 644/2026
f 514/2021 515/2022 647/2028 642/2025
f 515/2024 541/2023 672/2029 647/2030
f 516/2000 517/2002 522/2009 518/2017
f 521/2031 520/2018 518/2017 519/2032
f 523/2033 519/2032 518/2017 522/2009
f 646/2034 521/2031 519/2032 645/2035
f 519/2032 523/2033 648/2036 645/2035
f 520/2020 521/218 547/217 546/2019
f 522/2009 1853/2010 1861/2037 523/2033
f 1862/2038 648/2036 523/2033 1861/2037
f 525/1919 527/1920 534/1981 528/1995
f 531/2008 529/1932 526/1933 530/1999
f 528/1995 534/1981 536/2039 537/214
f 544/2040 531/2008 530/1999 543/2041
f 530/1999 542/1998 546/2019 543/2041
f 545/2012 532/2007 531/2008 544/2040
f 536/2039 534/1981 533/1980 535/1985
f 539/2042 536/2039 535/1985 538/1987
f 540/215 537/214 536/2039 539/2042
f 664/2043 539/2042 538/1987 663/1989
f 541/2023 540/215 539/2042 664/2043
f 541/2023 664/2043 668/2044 672/2029
f 543/2041 546/2019 547/217 548/2045
f 551/2046 544/2040 543/2041 548/2045
f 1879/2047 545/2012 544/2040 551/2046
f 1878/644 1877/2013 545/2012 1879/2047
f 550/2048 548/2045 547/217 549/216
f 548/2045 550/2048 552/2049 551/2046
f 670/2050 550/2048 549/216 669/220
f 671/2051 552/2049 550/2048 670/2050
f 551/2046 552/2049 1880/2052 1879/2047
f 552/2049 671/2051 1913/2053 1880/2052
f 553/1842 594/1841 596/1967 598/2054
f 555/2055 556/2056 554/2057 566/2058
f 554/2057 560/2059 559/2060 566/2058
f 561/2061 560/2059 554/2057 577/2062
f 554/2057 556/2056 573/2063 577/2062
f 557/225 556/2056 555/2055 558/226
f 555/222 566/2064 567/229 568/223
f 570/231 558/2065 555/222 569/224
f 556/2056 557/225 574/232 573/2063
f 558/2065 570/231 571/230 575/2066
f 559/2060 560/2059 561/2061 564/2067
f 563/234 562/233 559/2068 564/2069
f 567/229 566/2064 559/2068 562/233
f 565/2070 564/2067 561/2061 579/2071
f 561/2061 577/2062 578/2072 579/2071
f 563/234 564/2069 565/2073 730/235
f 565/2070 579/2071 732/2074 731/2075
f 734/240 730/235 565/2073 731/237
f 581/2076 575/2066 571/230 583/236
f 572/228 730/235 734/240 735/241
f 750/243 583/236 572/228 735/241
f 573/2063 574/232 576/2077 580/2078
f 578/2072 577/2062 573/2063 580/2078
f 574/232 575/227 581/2079 576/2077
f 576/2077 581/2079 582/2080 588/2081
f 587/2082 580/2078 576/2077 588/2081
f 578/2072 580/2078 587/2082 584/2083
f 732/2074 579/2071 578/2072 584/2083
f 581/2076 583/236 750/243 582/2084
f 589/2085 588/2081 582/2080 590/2086
f 752/2087 590/2088 582/2084 750/243
f 591/2089 585/2090 584/2083 587/2082
f 584/2083 585/2090 740/2091 732/2074
f 592/2092 586/2093 585/2090 591/2089
f 585/2090 586/2093 741/2094 740/2091
f 743/2095 741/2094 586/2093 757/2096
f 586/2093 592/2092 759/2097 757/2096
f 587/2082 588/2081 589/2085 591/2089
f 592/2092 591/2089 589/2085 593/2098
f 589/2085 590/2086 751/2099 593/2098
f 754/2100 751/2101 590/2088 752/2087
f 592/2092 593/2098 760/2102 759/2097
f 593/2098 751/2099 753/2103 760/2102
f 597/2104 596/1967 595/1968 600/2105
f 602/2106 600/2105 595/1968 601/1969
f 599/2107 598/2054 596/1967 597/2104
f 610/2108 599/2107 597/2104 611/2109
f 597/2104 600/2105 612/2110 611/2109
f 599/221 610/2111 634/2112 620/244
f 600/2105 602/2106 607/2113 612/2110
f 604/2114 602/2106 601/1969 603/1974
f 602/2106 604/2114 608/2115 607/2113
f 633/2116 608/2117 604/204 628/245
f 609/2118 606/1977 605/1976 643/2027
f 606/208 609/2119 665/2120 629/209
f 613/2121 612/2110 607/2113 614/2122
f 607/2113 608/2115 638/2123 614/2122
f 608/2117 633/2116 639/2124 638/2125
f 609/2118 643/2027 654/2126 676/2127
f 677/248 665/2120 609/2119 676/2128
f 610/2108 611/2109 691/2129 690/2130
f 699/2131 634/2112 610/2111 690/2132
f 611/2109 612/2110 613/2121 691/2129
f 613/2121 614/2122 656/2133 692/2134
f 693/2135 691/2129 613/2121 692/2134
f 614/2122 638/2123 679/2136 656/2133
f 621/2137 616/1982 615/211 619/210
f 618/2138 617/1983 616/1982 621/2137
f 617/1983 618/2138 627/2139 624/1970
f 618/2138 621/2137 623/2140 622/2141
f 618/2138 622/2141 631/2142 627/2139
f 619/210 620/244 623/2140 621/2137
f 635/2143 623/2140 620/244 634/2112
f 632/2144 631/2142 622/2141 637/2145
f 622/2141 623/2140 635/2143 637/2145
f 626/203 625/202 624/1970 627/2139
f 626/203 627/2139 631/2142 628/245
f 628/245 631/2142 632/2144 633/2116
f 666/2146 630/1988 629/209 665/2120
f 667/2147 663/1989 630/1988 666/2146
f 639/2124 633/2116 632/2144 641/2148
f 632/2144 637/2145 640/2149 641/2148
f 636/2150 635/2143 634/2112 699/2131
f 640/2149 637/2145 635/2143 636/2150
f 636/2150 699/2131 701/2151 702/2152
f 703/2153 640/2149 636/2150 702/2152
f 638/2125 639/2124 680/246 679/2154
f 639/2124 641/2148 717/2155 680/246
f 717/2155 641/2148 640/2149 703/2153
f 642/2025 647/2028 650/2156 659/2157
f 655/2158 644/2026 642/2025 659/2157
f 643/2027 644/2026 655/2158 654/2126
f 649/2159 646/2034 645/2035 652/2160
f 645/2035 648/2036 653/2161 652/2160
f 646/219 649/2162 673/2163 669/220
f 674/249 650/2164 647/2030 672/2029
f 1889/2165 653/2161 648/2036 1862/2038
f 649/2159 652/2160 661/2166 651/2167
f 649/2162 651/2168 685/2169 673/2163
f 660/2170 659/2157 650/2156 683/2171
f 650/2164 674/249 687/251 683/2172
f 651/2167 661/2166 660/2170 683/2171
f 651/2168 683/2172 687/251 685/2169
f 652/2160 653/2161 1900/2173 661/2166
f 653/2161 1889/2165 1902/2174 1900/2173
f 657/2175 656/2133 654/2126 655/2158
f 679/2136 676/2127 654/2126 656/2133
f 655/2158 659/2157 660/2170 657/2175
f 656/2133 657/2175 658/2176 711/2177
f 694/2178 692/2134 656/2133 711/2177
f 662/2179 658/2176 657/2175 660/2170
f 712/2180 711/2177 658/2176 713/252
f 658/2176 662/2179 714/253 713/252
f 660/2170 661/2166 1900/2173 1901/2181
f 1906/2182 662/2179 660/2170 1901/2181
f 1944/256 714/253 662/2179 1906/2182
f 668/2044 664/2043 663/1989 667/2147
f 678/247 666/2146 665/2120 677/248
f 681/2183 667/2147 666/2146 678/247
f 684/250 668/2044 667/2147 681/2183
f 674/249 672/2029 668/2044 684/250
f 675/2184 670/2050 669/220 673/2163
f 1917/2185 671/2051 670/2050 675/2184
f 1914/2186 1913/2053 671/2051 1917/2185
f 686/2187 675/2184 673/2163 685/2169
f 675/2184 686/2187 1924/2188 1917/2185
f 676/2128 679/2154 680/246 677/248
f 682/2189 681/2183 678/247 718/2190
f 678/247 680/246 717/2155 718/2190
f 681/2183 682/2189 689/257 684/250
f 682/2189 718/2190 720/2191 723/2192
f 721/2193 689/257 682/2189 723/2192
f 688/258 686/2187 685/2169 687/251
f 686/2187 688/258 1930/2194 1924/2188
f 688/258 689/257 721/2193 722/2195
f 688/258 722/2195 1952/2196 1930/2194
f 690/2130 691/2129 693/2135 700/2197
f 701/2151 699/2131 690/2132 700/2198
f 695/2199 693/2135 692/2134 694/2178
f 705/2200 700/2197 693/2135 695/2199
f 697/2201 695/2199 694/2178 696/2202
f 694/2178 711/2177 712/2180 696/2202
f 695/2199 697/2201 707/2203 705/2200
f 715/2204 698/2205 696/2202 712/2180
f 765/2206 697/2201 696/2202 698/2205
f 772/2207 707/2203 697/2201 765/2206
f 766/2208 765/2206 698/2205 767/2209
f 698/2205 715/2204 783/2210 767/2209
f 706/2211 701/2151 700/2198 705/2212
f 709/2213 702/2152 701/2151 706/2211
f 704/2214 703/2153 702/2152 709/2213
f 703/2153 704/2214 719/2215 717/2155
f 704/2214 709/2213 710/2216 725/2217
f 726/2218 719/2215 704/2214 725/2217
f 708/2219 706/2211 705/2212 707/2220
f 706/2211 708/2219 710/2216 709/2213
f 776/259 708/2219 707/2220 772/2221
f 778/261 710/2216 708/2219 776/259
f 789/263 725/2217 710/2216 778/261
f 712/2180 713/252 716/254 715/2204
f 715/2204 716/254 785/266 783/2210
f 1949/267 785/266 716/254 1948/255
f 720/2191 718/2190 717/2155 719/2215
f 724/2222 720/2191 719/2215 726/2218
f 727/2223 723/2192 720/2191 724/2222
f 721/2193 723/2192 727/2223 728/2224
f 1960/2225 722/2195 721/2193 728/2224
f 1954/2226 1952/2196 722/2195 1960/2225
f 724/2222 726/2218 788/2227 790/271
f 791/270 727/2223 724/2222 790/271
f 788/2227 726/2218 725/2217 789/263
f 729/272 728/2224 727/2223 791/270
f 728/2224 729/272 1961/2228 1960/2225
f 729/272 792/269 1982/2229 1961/2228
f 731/2075 732/2074 740/2091 733/2230
f 733/2230 740/2091 741/2094 742/2231
f 745/2232 738/273 733/238 742/2233
f 736/242 735/241 734/240 737/239
f 736/242 737/239 738/273 739/2234
f 752/2087 750/243 736/242 739/2234
f 744/2235 739/2234 738/273 745/2232
f 754/2100 752/2087 739/2234 744/2235
f 746/2236 742/2231 741/2094 743/2095
f 747/2237 745/2232 742/2233 746/2238
f 743/2095 757/2096 758/2239 768/2240
f 770/2241 746/2236 743/2095 768/2240
f 744/2235 745/2232 747/2237 748/2242
f 744/2235 748/2242 755/2243 754/2100
f 749/2244 747/2237 746/2238 770/2245
f 756/2246 748/2242 747/2237 749/2244
f 779/2247 755/2243 748/2242 756/2246
f 749/2244 770/2245 796/2248 795/2249
f 803/2250 756/2246 749/2244 795/2249
f 751/2101 754/2100 755/2243 753/2251
f 762/2252 760/2102 753/2103 774/2253
f 753/2251 755/2243 779/2247 774/2254
f 780/2255 779/2247 756/2246 803/2250
f 761/2256 758/2239 757/2096 759/2097
f 758/2239 761/2256 766/2208 764/2257
f 769/276 768/2240 758/2239 764/2257
f 759/2097 760/2102 762/2252 761/2256
f 761/2256 762/2252 773/2258 766/2208
f 762/2252 774/2253 775/2259 773/2258
f 766/2208 767/2209 763/2260 764/2257
f 769/276 764/2257 763/2260 771/277
f 763/2260 767/2209 783/2210 784/281
f 786/279 771/277 763/2260 784/281
f 765/2206 766/2208 773/2258 772/2207
f 768/2240 769/276 796/2261 770/2241
f 797/2262 796/2261 769/276 799/278
f 772/2221 773/274 777/260 776/259
f 780/2255 775/275 774/2254 779/2247
f 781/282 777/260 775/275 780/2255
f 793/262 778/261 777/260 782/283
f 780/2255 803/2250 804/284 781/282
f 813/287 782/283 781/282 805/285
f 812/2263 793/262 782/283 813/287
f 787/280 784/281 783/2210 785/266
f 1980/2264 787/280 785/266 1978/268
f 807/2265 799/278 786/279 808/2266
f 786/279 787/280 1980/2264 808/2266
f 792/269 790/271 788/2227 794/2267
f 788/2227 789/263 793/262 794/2267
f 792/269 794/2267 816/2268 2011/2269
f 2012/2270 1982/2229 792/269 2011/2269
f 816/2268 794/2267 793/262 812/2263
f 795/2249 796/2248 797/2271 798/2272
f 804/284 803/2250 795/2249 798/2272
f 800/2273 798/2272 797/2271 801/2274
f 797/2262 799/278 807/2265 801/2275
f 805/285 804/284 798/2272 800/2273
f 806/286 805/285 800/2273 802/2276
f 800/2273 801/2274 811/2277 802/2276
f 801/2275 807/2265 810/2278 811/2279
f 814/288 806/286 802/2276 819/290
f 802/2276 811/2277 817/291 819/290
f 807/2265 808/2266 809/2280 810/2278
f 1995/2281 809/2280 808/2266 1980/2264
f 818/2282 810/2278 809/2280 1997/2283
f 809/2280 1995/2281 1998/665 1997/2283
f 817/2284 811/2279 810/2278 818/2282
f 812/2263 813/287 814/288 815/2285
f 812/2263 815/2285 2015/2286 816/2268
f 814/288 819/290 820/289 821/292
f 823/294 815/2285 814/288 821/292
f 815/2285 823/294 2039/2287 2015/2286
f 2013/2288 2011/2269 816/2268 2015/2286
f 817/2284 818/2282 2020/2289 820/2290
f 818/2282 1997/2283 2022/2291 2020/2289
f 822/293 821/292 820/289 824/2292
f 2021/2293 824/2294 820/2290 2020/2289
f 822/2295 824/2296 2026/2297 825/2298
f 2042/2299 823/2300 822/2295 825/2298
f 2041/2301 2039/2302 823/2300 2042/2299
f 824/2296 2021/2303 2024/2304 2026/2297
f 825/2298 2026/2297 2034/2305 2035/2306
f 825/2298 2035/2306 2047/2307 2042/2299
f 828/2308 827/1759 826/1758 832/2309
f 826/1758 830/1766 833/2310 832/2309
f 827/1759 828/2308 2114/2311 2112/1761
f 828/2308 832/2309 834/2312 829/2313
f 828/2308 829/2313 2115/2314 2114/2311
f 829/2313 834/2312 837/2315 842/2316
f 829/2313 842/2316 2124/2317 2115/2314
f 830/1766 831/1771 852/2318 833/2310
f 831/1771 851/1776 853/2319 852/2318
f 832/2309 833/2310 835/2320 834/2312
f 856/2321 835/2320 833/2310 852/2318
f 834/2312 835/2320 836/300 837/2315
f 857/301 836/300 835/2320 856/2321
f 838/2322 837/2315 836/300 839/2323
f 870/2324 839/2323 836/300 858/302
f 843/2325 842/2316 837/2315 838/2322
f 838/2322 840/2326 844/2327 843/2325
f 838/2322 839/2323 869/2328 840/2326
f 872/2329 869/2328 839/2323 870/2324
f 840/2326 841/2330 845/2331 844/2327
f 873/2332 841/2330 840/2326 869/2328
f 849/2333 845/2331 841/2330 846/2334
f 874/2335 846/2334 841/2330 873/2332
f 842/2316 843/2325 2125/2336 2124/2317
f 843/2325 844/2327 2128/2337 2125/2336
f 844/2327 845/2331 2129/2338 2128/2337
f 845/2331 849/2333 2130/2339 2129/2338
f 846/305 848/304 850/2340 849/2341
f 850/2340 848/304 847/2342 892/2343
f 847/2342 848/304 874/303 875/2344
f 847/2342 890/2345 893/2346 892/2343
f 847/2342 875/2344 907/2347 890/2345
f 849/2341 850/2340 2131/2348 2130/2349
f 850/2340 892/2343 2190/2350 2131/2348
f 861/149 853/2319 851/1776 855/1788
f 852/2318 853/2319 854/2351 856/2321
f 863/150 854/2351 853/2319 861/149
f 857/301 856/2321 854/2351 859/2352
f 866/2353 859/2352 854/2351 863/150
f 860/2354 858/302 857/301 859/2352
f 858/302 860/2354 871/2355 870/2324
f 867/2356 860/2354 859/2352 866/2353
f 860/2354 867/2356 880/308 871/2355
f 863/150 864/148 865/2357 866/2353
f 2946/2358 865/2357 864/148 2944/1794
f 867/2356 866/2353 865/2357 868/2359
f 2952/2360 868/2359 865/2357 2946/2358
f 867/2356 868/2359 883/306 880/308
f 2965/310 883/306 868/2359 2952/2360
f 869/2328 872/2329 876/2361 873/2332
f 870/2324 871/2355 881/2362 872/2329
f 871/2355 880/308 882/307 881/2362
f 884/2363 876/2361 872/2329 881/2362
f 878/2364 874/2335 873/2332 876/2361
f 879/2365 875/2344 874/303 878/2366
f 875/2344 879/2365 911/2367 907/2347
f 885/2368 878/2364 876/2361 884/2363
f 877/2369 879/2365 878/2366 885/2370
f 877/2369 885/2370 887/2371 888/2372
f 911/2367 879/2365 877/2369 909/311
f 877/2369 888/2372 915/312 909/311
f 881/2362 882/307 886/2373 884/2363
f 2971/2374 886/2373 882/307 2967/309
f 887/2375 885/2368 884/2363 886/2373
f 2972/2376 887/2375 886/2373 2971/2374
f 889/2377 888/2372 887/2371 2972/2378
f 888/2372 889/2377 916/316 915/312
f 889/2377 2972/2378 2975/2379 2973/2380
f 3014/318 916/316 889/2377 2973/2380
f 890/2345 891/2381 896/2382 893/2346
f 908/2383 891/2381 890/2345 907/2347
f 891/2381 894/2384 897/2385 896/2382
f 913/2386 894/2384 891/2381 908/2383
f 892/2343 893/2346 2191/2387 2190/2350
f 893/2346 896/2382 2194/2388 2191/2387
f 894/2384 895/2389 898/2390 897/2385
f 925/2391 895/2389 894/2384 913/2386
f 901/2392 898/2390 895/2389 902/2393
f 926/2394 902/2393 895/2389 925/2391
f 896/2382 897/2385 2195/2395 2194/2388
f 897/2385 898/2390 2204/2396 2195/2395
f 898/2390 901/2392 2203/2397 2204/2396
f 904/320 900/319 899/2398 903/2399
f 899/2398 931/2400 930/324 950/323
f 899/2398 900/319 932/2401 931/2400
f 949/325 903/2399 899/2398 950/323
f 900/319 906/321 902/2393 926/2394
f 900/319 926/2394 928/2402 932/2401
f 901/2392 902/2393 906/321 905/2403
f 901/2392 905/2403 2206/2404 2203/2397
f 903/2399 949/325 953/2405 952/2406
f 954/2407 904/320 903/2399 952/2406
f 905/2403 906/321 904/320 2205/2408
f 904/320 954/2407 2411/2409 2205/2408
f 905/2403 2205/2408 2207/2410 2206/2404
f 912/2411 908/2383 907/2347 911/2367
f 908/2383 912/2411 914/2412 913/2386
f 912/2411 911/2367 909/311 910/2413
f 919/2414 910/2413 909/311 918/313
f 914/2412 912/2411 910/2413 922/2415
f 910/2413 919/2414 923/2416 922/2415
f 913/2386 914/2412 927/2417 925/2391
f 914/2412 922/2415 935/2418 927/2417
f 920/2419 919/2414 918/313 921/330
f 919/2414 920/2419 924/2420 923/2416
f 920/2419 921/330 3015/331 3016/2421
f 3017/2422 924/2420 920/2419 3016/2421
f 922/2415 923/2416 936/2423 935/2418
f 923/2416 924/2420 937/2424 936/2423
f 3027/2425 937/2424 924/2420 3017/2422
f 928/2402 926/2394 925/2391 927/2417
f 929/2426 928/2402 927/2417 935/2418
f 933/2427 932/2401 928/2402 929/2426
f 929/2426 935/2418 936/2423 939/2428
f 940/2429 933/2427 929/2426 939/2428
f 930/324 931/2400 934/2430 966/2431
f 967/333 965/322 930/324 966/2431
f 931/2400 932/2401 933/2427 934/2430
f 941/2432 934/2430 933/2427 940/2429
f 969/2433 966/2431 934/2430 941/2432
f 936/2423 937/2424 938/2434 939/2428
f 3029/2435 938/2434 937/2424 3027/2425
f 940/2429 939/2428 938/2434 942/2436
f 3030/2437 942/2436 938/2434 3029/2435
f 943/2438 941/2432 940/2429 942/2436
f 941/2432 943/2438 971/2439 969/2433
f 3031/2440 943/2438 942/2436 3030/2437
f 3059/2441 971/2439 943/2438 3031/2440
f 946/2442 945/2443 944/2444 947/2445
f 944/2444 952/2406 953/2405 947/2445
f 954/2407 952/2406 944/2444 2412/2446
f 944/2444 945/2443 2400/2447 2412/2446
f 946/2442 947/2445 956/2448 948/2449
f 946/336 948/2450 959/2451 2349/337
f 947/2445 953/2405 955/348 956/2448
f 948/2449 956/2448 957/2452 961/2453
f 960/343 959/2451 948/2450 961/344
f 949/325 951/326 955/348 953/2405
f 951/326 965/322 968/334 958/347
f 2413/2454 2411/2409 954/2407 2412/2446
f 957/2452 956/2448 955/348 958/347
f 963/2455 961/2453 957/2452 964/2456
f 957/2452 958/347 977/2457 964/2456
f 958/347 968/334 979/2458 977/2457
f 2370/719 2349/337 959/2451 2372/2459
f 959/2451 960/343 2414/350 2372/2459
f 960/343 962/345 2422/2460 2416/349
f 962/345 963/346 2425/2461 2422/2460
f 963/2455 964/2456 2426/352 2425/351
f 964/2456 977/2457 978/2462 2426/352
f 970/2463 967/333 966/2431 969/2433
f 973/2464 968/334 967/333 970/2463
f 968/334 973/2464 974/354 979/2458
f 972/2465 970/2463 969/2433 971/2439
f 970/2463 972/2465 975/2466 973/2464
f 3060/2467 972/2465 971/2439 3059/2441
f 3061/2468 975/2466 972/2465 3060/2467
f 976/355 974/354 973/2464 975/2466
f 980/2469 979/2458 974/354 991/357
f 3062/358 976/355 975/2466 3061/2468
f 995/2470 994/356 976/355 996/2471
f 3074/2472 996/2471 976/355 3073/359
f 980/2469 978/2462 977/2457 979/2458
f 978/2462 980/2469 981/363 2463/362
f 2462/353 2426/352 978/2462 2463/362
f 980/2469 991/357 992/2473 981/363
f 981/363 992/2473 993/2474 2464/361
f 988/2475 983/2476 982/364 987/366
f 1106/2477 985/365 982/364 1118/2478
f 982/364 983/2476 1112/2479 1118/2478
f 983/2476 988/2475 3068/369 3067/368
f 3129/2480 1112/2479 983/2476 3067/368
f 989/2481 987/366 984/367 986/372
f 1096/2482 1099/371 984/367 1167/2483
f 984/367 985/365 1106/2477 1167/2483
f 1005/2484 989/2481 986/372 1299/2485
f 986/372 1099/371 1296/374 1299/2485
f 990/2486 988/2475 987/366 989/2481
f 988/2475 990/2486 3069/2487 3068/369
f 1008/2488 990/2486 989/2481 1005/2484
f 990/2486 1008/2488 3079/2489 3069/2487
f 995/2470 992/2473 991/357 994/356
f 997/2490 993/2474 992/2473 995/2470
f 993/2491 997/2492 1009/2493 1000/2494
f 2467/2495 2464/2496 993/2491 1000/2494
f 995/2470 996/2471 998/2497 997/2490
f 3075/2498 998/2497 996/2471 3074/2472
f 997/2492 998/2499 999/2500 1009/2493
f 3081/2501 999/2500 998/2499 3075/2502
f 1010/2503 1009/2493 999/2500 1004/2504
f 3082/2505 1004/2504 999/2500 3081/2501
f 1000/2494 1002/2506 1001/2507 2467/2495
f 1010/2503 1002/2506 1000/2494 1009/2493
f 1001/2507 1002/2506 1003/2508 1300/2509
f 2469/2510 2467/2495 1001/2507 2475/2511
f 1001/2507 1300/2509 2494/418 2475/2511
f 1006/2512 1003/2508 1002/2506 1010/2503
f 1005/2484 1299/2485 1003/2508 1006/2512
f 1003/2508 1299/2485 1301/2513 1300/2509
f 1006/2512 1010/2503 1004/2504 1007/2514
f 3080/2515 1007/2514 1004/2504 3082/2505
f 1005/2484 1006/2512 1007/2514 1008/2488
f 3079/2489 1008/2488 1007/2514 3080/2515
f 1011/2516 1161/2517 1162/485 1163/2518
f 1011/2516 1012/2519 1164/2520 1161/2517
f 1011/2516 1163/2518 3147/491 3146/2521
f 3148/2522 1012/2519 1011/2516 3146/2521
f 1165/2523 1164/2520 1012/2519 1166/2524
f 3149/2525 1166/2524 1012/2519 3148/2522
f 1013/378 1016/381 1017/380 1025/376
f 1013/378 1024/377 1026/385 1240/384
f 1241/387 1235/2526 1013/378 1240/384
f 1246/382 1016/381 1013/378 1235/2526
f 1018/2527 1020/2528 1014/2529 1027/2530
f 1014/2529 1015/2531 1028/2532 1027/2530
f 1014/2529 1020/2528 3113/2533 3119/2534
f 3120/2535 1015/2531 1014/2529 3119/2534
f 1030/2536 1028/2532 1015/2531 1029/2537
f 3125/2538 1029/2537 1015/2531 3120/2535
f 1018/2527 1025/376 1017/380 1019/388
f 1018/2527 1019/388 1021/390 1022/2539
f 1023/2540 1020/2528 1018/2527 1022/2539
f 1024/377 1025/376 1018/2527 1027/2530
f 1020/2528 1023/2540 3115/2541 3113/2533
f 1249/2542 1022/2539 1021/390 1251/391
f 1250/2543 1023/2540 1022/2539 1249/2542
f 1023/2540 1250/2543 3201/2544 3115/2541
f 1024/377 1027/2530 1028/2532 1026/385
f 1026/385 1028/2532 1030/2536 1252/383
f 1275/394 1030/2536 1029/2537 1031/2545
f 3219/396 1031/2545 1029/2537 3125/2538
f 1274/393 1252/383 1030/2536 1275/394
f 1276/395 1275/394 1031/2545 1277/2546
f 3221/398 1277/2546 1031/2545 3219/396
f 1032/401 1034/400 1037/403 1036/402
f 1044/2547 1033/2548 1032/401 1036/402
f 1032/401 1033/2548 1101/2549 1202/405
f 1168/407 1172/399 1032/401 1202/405
f 1033/2548 1044/2547 1039/2550 1102/2551
f 1100/2552 1101/2549 1033/2548 1102/2551
f 1034/400 1172/399 1173/2553 1203/2554
f 1207/2555 1037/403 1034/400 1203/2554
f 1035/2556 1038/410 1037/403 1207/2555
f 1035/2556 1207/2555 1208/498 1210/2557
f 1035/2556 1210/2557 1209/2558 1303/2559
f 1306/408 1038/410 1035/2556 1303/2559
f 1045/2560 1044/2547 1036/402 1046/404
f 1037/403 1038/410 1047/2561 1046/404
f 1312/2562 1047/2561 1038/410 1305/409
f 1041/413 1040/2563 1039/2550 1059/2564
f 1039/2550 1044/2547 1045/2560 1059/2564
f 1297/373 1102/2551 1039/2550 1040/2563
f 1040/2563 1041/413 1042/412 1298/2565
f 1296/374 1297/373 1040/2563 1298/2565
f 1041/413 1059/2564 1061/2566 1060/415
f 1041/413 1060/415 1064/417 2495/411
f 1301/2513 1298/2565 1042/412 1043/414
f 1300/2509 1301/2513 1043/414 2494/418
f 1045/2560 1046/404 1047/2561 1067/2567
f 1061/2566 1059/2564 1045/2560 1062/2568
f 1068/2569 1062/2568 1045/2560 1067/2567
f 1070/2570 1067/2567 1047/2561 1312/2562
f 1048/424 1051/423 1052/433 1063/416
f 1060/415 1061/2566 1048/424 1063/416
f 1062/2568 1057/425 1048/424 1061/2566
f 1052/433 1051/423 1049/426 1050/2571
f 2522/438 1050/2571 1049/426 2521/434
f 1064/417 1052/433 1050/2571 1065/420
f 2529/437 1065/420 1050/2571 2522/438
f 1053/422 1054/428 1056/440 1055/427
f 2497/2572 2521/434 1055/427 2524/436
f 1055/427 1056/440 2523/2573 2525/435
f 1056/440 1058/429 2528/2574 2523/2573
f 1057/425 1062/2568 1068/2569 1071/432
f 1058/429 1066/430 2540/444 2528/2574
f 1066/430 1081/431 1073/445 2540/444
f 1069/2575 1068/2569 1067/2567 1070/2570
f 1072/441 1071/432 1068/2569 1069/2575
f 1074/446 1072/441 1069/2575 1078/447
f 1069/2575 1070/2570 1317/449 1078/447
f 1070/2570 1312/2562 1313/2576 1317/449
f 1073/445 1081/431 1072/441 1077/2577
f 1072/441 1074/446 1075/458 1077/2577
f 1073/445 1077/2577 1079/457 2543/456
f 2542/454 2541/443 1073/445 2543/456
f 1076/459 1075/458 1074/446 1319/452
f 1079/457 1077/2577 1075/458 1080/460
f 1076/459 1319/452 1310/2578 1309/462
f 1079/457 1080/460 2548/463 2546/455
f 1090/466 1084/2579 1082/2580 1086/2581
f 1082/2580 1084/2579 1097/2582 1098/2583
f 1082/2580 1098/2583 1104/2584 1108/2585
f 1107/2586 1086/2581 1082/2580 1108/2585
f 1085/2587 1092/2588 1083/2589 1103/2590
f 1083/2589 1092/2588 1094/2591 1169/406
f 1083/2589 1101/2549 1100/2552 1103/2590
f 1202/405 1101/2549 1083/2589 1169/406
f 1091/465 1085/2587 1084/2579 1090/466
f 1103/2590 1097/2582 1084/2579 1085/2587
f 1087/2592 1092/2588 1085/2587 1091/465
f 1088/467 1090/466 1086/2581 1134/2593
f 1086/2581 1107/2586 1132/472 1134/2593
f 1087/2592 1091/465 1088/467 1089/469
f 1094/2591 1092/2588 1087/2592 1093/2594
f 1087/2592 1089/469 1133/2595 1093/2594
f 1088/467 1134/2593 1136/470 1135/468
f 1137/478 1133/2595 1089/469 1135/468
f 1130/2596 1127/2597 1093/2594 1133/2595
f 1243/2598 1094/2591 1093/2594 1127/2597
f 1170/2599 1169/406 1094/2591 1243/2598
f 1098/2583 1097/2582 1095/2600 1096/2482
f 1095/2600 1297/373 1099/371 1096/2482
f 1102/2551 1297/373 1095/2600 1100/2552
f 1095/2600 1097/2582 1103/2590 1100/2552
f 1096/2482 1167/2483 1104/2584 1098/2583
f 1104/2584 1167/2483 1106/2477 1105/2601
f 1109/2602 1108/2585 1104/2584 1105/2601
f 1114/2603 1109/2602 1105/2601 1111/2604
f 1105/2601 1106/2477 1118/2478 1111/2604
f 1107/2586 1108/2585 1109/2602 1110/2605
f 1107/2586 1110/2605 1121/475 1132/472
f 1115/2606 1110/2605 1109/2602 1114/2603
f 1110/2605 1115/2606 1143/2607 1121/475
f 1111/2604 1118/2478 1112/2479 1113/2608
f 1111/2604 1113/2608 1116/2609 1114/2603
f 3126/2610 1113/2608 1112/2479 3129/2480
f 3127/2611 1116/2609 1113/2608 3126/2610
f 1117/2612 1115/2606 1114/2603 1116/2609
f 1115/2606 1117/2612 1150/2613 1143/2607
f 3128/2614 1117/2612 1116/2609 3127/2611
f 3140/2615 1150/2613 1117/2612 3128/2614
f 1119/474 1124/476 1126/2616 1138/477
f 1134/2593 1132/472 1119/474 1136/470
f 1120/473 1121/475 1143/2607 1144/2617
f 1145/2618 1124/476 1120/473 1144/2617
f 1122/480 1128/2619 1129/2620 1130/2596
f 1133/2595 1137/478 1122/480 1130/2596
f 1122/480 1123/479 1146/2621 1128/2619
f 1140/482 1125/2622 1123/479 1137/478
f 1123/479 1125/2622 1147/2623 1146/2621
f 1153/2624 1126/2616 1124/476 1145/2618
f 1125/2622 1140/482 1141/481 1142/2625
f 1125/2622 1142/2625 1148/2626 1147/2623
f 1127/2597 1130/2596 1129/2620 1131/2627
f 1127/2597 1131/2627 1237/2628 1243/2598
f 1128/2619 1146/2621 1158/486 1157/2629
f 1159/2630 1129/2620 1128/2619 1157/2629
f 1160/2631 1131/2627 1129/2620 1159/2630
f 1131/2627 1236/483 1238/537 1237/2628
f 1131/2627 1160/2631 1245/484 1236/483
f 1140/482 1137/478 1135/468 1139/471
f 1149/2632 1144/2617 1143/2607 1150/2613
f 1151/2633 1145/2618 1144/2617 1149/2632
f 1145/2618 1151/2633 1152/2634 1153/2624
f 1146/2621 1147/2623 1154/487 1158/486
f 1147/2623 1148/2626 1155/2635 1154/487
f 1149/2632 1150/2613 3140/2615 3141/2636
f 3142/2637 1151/2633 1149/2632 3141/2636
f 3139/2638 1152/2634 1151/2633 3142/2637
f 1152/2639 1154/487 1155/2635 1156/2640
f 1152/2639 1163/2518 1162/485 1154/487
f 1152/2639 1156/2640 3138/2641 3137/488
f 3147/491 1163/2518 1152/2639 3137/488
f 1162/485 1161/2517 1157/2629 1158/486
f 1157/2629 1161/2517 1164/2520 1159/2630
f 1159/2630 1164/2520 1165/2523 1160/2631
f 1249/2542 1245/484 1160/2631 1165/2523
f 1165/2523 1166/2524 1250/2543 1249/2542
f 3201/2544 1250/2543 1166/2524 3149/2525
f 1168/407 1169/406 1170/2599 1171/2642
f 1175/2643 1172/399 1168/407 1171/2642
f 1170/2599 1243/2598 1237/2628 1239/2644
f 1244/2645 1171/2642 1170/2599 1239/2644
f 1255/2646 1175/2643 1171/2642 1244/2645
f 1176/2647 1173/2553 1172/399 1175/2643
f 1173/2553 1176/2647 1188/2648 1177/2649
f 1214/496 1203/2554 1173/2553 1177/2649
f 1178/2650 1180/2651 1174/2652 1215/2653
f 1174/2652 1180/2651 1182/494 1219/493
f 1206/2654 1215/2653 1174/2652 1217/2655
f 1218/495 1217/2655 1174/2652 1219/493
f 1256/2656 1176/2647 1175/2643 1255/2646
f 1258/2657 1188/2648 1176/2647 1256/2656
f 1189/2658 1178/2650 1177/2649 1188/2648
f 1177/2649 1178/2650 1215/2653 1214/496
f 1190/2659 1180/2651 1178/2650 1189/2658
f 1185/499 1181/501 1179/2660 1184/2661
f 1193/2662 1184/2661 1179/2660 1191/2663
f 1179/2660 1181/501 1216/503 1232/2664
f 1233/2665 1191/2663 1179/2660 1232/2664
f 1187/504 1182/494 1180/2651 1190/2659
f 1181/501 1183/500 1221/2666 1220/502
f 1373/517 1221/2666 1183/500 1345/506
f 1186/507 1185/499 1184/2661 1194/518
f 1184/2661 1193/2662 1195/520 1194/518
f 1349/2667 1346/505 1186/507 1356/521
f 1187/504 1190/2659 1197/2668 1201/508
f 1259/2669 1189/2658 1188/2648 1258/2657
f 1197/2668 1190/2659 1189/2658 1259/2669
f 1191/2663 1192/2670 1198/527 1193/2662
f 1285/2671 1192/2670 1191/2663 1233/2665
f 1262/526 1198/527 1192/2670 1263/528
f 1286/530 1263/528 1192/2670 1285/2671
f 1199/522 1195/520 1193/2662 1198/527
f 1197/2668 1259/2669 1261/541 1264/2672
f 1265/509 1201/508 1197/2668 1264/2672
f 1361/2673 1359/524 1200/523 1393/532
f 1208/498 1207/2555 1203/2554 1214/496
f 1204/536 1209/2558 1210/2557 1211/534
f 1369/2674 1209/2558 1204/536 1371/2675
f 1204/536 1205/535 1372/2676 1371/2675
f 1212/497 1206/2654 1205/535 1211/534
f 1217/2655 1372/2676 1205/535 1206/2654
f 1214/496 1215/2653 1206/2654 1212/497
f 1211/534 1210/2557 1208/498 1212/497
f 1370/2677 1303/2559 1209/2558 1369/2674
f 1225/2678 1226/2679 1213/2680 1227/2681
f 1213/2680 1226/2679 1375/2682 1376/2683
f 1216/503 1220/502 1225/2678 1223/2684
f 1229/2685 1232/2664 1216/503 1223/2684
f 1217/2655 1218/495 1222/510 1334/2686
f 1217/2655 1334/2686 1335/2687 1372/2676
f 1220/502 1221/2666 1226/2679 1225/2678
f 1375/2682 1226/2679 1221/2666 1373/517
f 1342/2688 1334/2686 1222/510 1347/511
f 1223/2684 1225/2678 1227/2681 1224/2689
f 1223/2684 1224/2689 1228/2690 1229/2685
f 1230/2691 1229/2685 1228/2690 1231/2692
f 1233/2665 1232/2664 1229/2685 1230/2691
f 1230/2691 1231/2692 1284/2693 1283/2694
f 1285/2671 1233/2665 1230/2691 1283/2694
f 1238/537 1236/483 1235/2526 1241/387
f 1235/2526 1236/483 1247/389 1246/382
f 1237/2628 1238/537 1242/386 1239/2644
f 1239/2644 1242/386 1254/2695 1244/2645
f 1242/386 1252/383 1274/393 1254/2695
f 1244/2645 1254/2695 1257/2696 1255/2646
f 1245/484 1249/2542 1251/391 1248/392
f 1280/538 1257/2696 1254/2695 1274/393
f 1268/2697 1256/2656 1255/2646 1257/2696
f 1260/542 1258/2657 1256/2656 1268/2697
f 1269/2698 1268/2697 1257/2696 1280/538
f 1261/541 1259/2669 1258/2657 1260/542
f 1260/542 1268/2697 1269/2698 1271/540
f 1273/544 1264/2672 1261/541 1271/540
f 1289/2699 1266/529 1263/528 1288/531
f 1287/512 1265/509 1264/2672 1273/544
f 1266/529 1289/2699 1418/547 1397/533
f 1267/513 1287/512 1273/544 1270/545
f 1267/513 1270/545 1394/2700 1396/514
f 1272/543 1271/540 1269/2698 1282/2701
f 1269/2698 1280/538 1281/2702 1282/2701
f 1395/2703 1394/2700 1270/545 1399/546
f 1399/546 1273/544 1272/543 1400/2704
f 1272/543 1282/2701 1401/2705 1400/2704
f 1276/395 1277/2546 1278/2706 1279/539
f 3222/550 1278/2706 1277/2546 3221/398
f 1405/2707 1279/539 1278/2706 1406/2708
f 3382/2709 1406/2708 1278/2706 3222/550
f 1281/2702 1280/538 1279/539 1405/2707
f 1401/2705 1282/2701 1281/2702 1411/2710
f 1281/2702 1405/2707 1403/562 1411/2710
f 1286/530 1285/2671 1283/2694 1290/2711
f 1283/2694 1284/2693 1291/2712 1290/2711
f 1292/2713 1288/531 1286/530 1290/2711
f 1293/2714 1289/2699 1288/531 1292/2713
f 1289/2699 1293/2714 1419/2715 1418/547
f 1290/2711 1291/2712 1294/2716 1292/2713
f 1295/2717 1293/2714 1292/2713 1294/2716
f 1293/2714 1295/2717 1420/2718 1419/2715
f 1301/2513 1299/2485 1296/374 1298/2565
f 1302/2719 1306/408 1303/2559 1370/2677
f 1305/409 1306/408 1302/2719 1304/2720
f 1336/2721 1337/2722 1302/2719 1370/2677
f 1338/2723 1304/2720 1302/2719 1337/2722
f 1311/2724 1305/409 1304/2720 1307/2725
f 1385/2726 1307/2725 1304/2720 1338/2723
f 1305/409 1311/2724 1313/2576 1312/2562
f 1307/2725 1308/2727 1314/2728 1311/2724
f 1386/2729 1308/2727 1307/2725 1385/2726
f 1316/2730 1314/2728 1308/2727 1315/2731
f 1387/2732 1315/2731 1308/2727 1386/2729
f 1309/462 2573/553 2513/552 2578/461
f 1309/462 1310/2578 2574/2733 2573/553
f 1310/2578 1319/452 1320/448 1321/2734
f 1310/2578 1321/2734 2576/2735 2574/2733
f 1318/2736 1313/2576 1311/2724 1314/2728
f 1324/451 1317/449 1313/2576 1318/2736
f 1314/2728 1316/2730 1325/2737 1318/2736
f 1328/2738 1316/2730 1315/2731 1327/2739
f 1425/2740 1327/2739 1315/2731 1387/2732
f 1329/2741 1325/2737 1316/2730 1328/2738
f 1326/2742 1324/451 1318/2736 1325/2737
f 1323/464 1321/2734 1320/448 1322/450
f 1321/2734 1323/464 2579/555 2576/2735
f 1323/464 1324/451 2581/557 2580/554
f 1324/451 1326/2742 2583/2743 2581/557
f 2582/2744 1326/2742 1325/2737 1329/2741
f 1326/2742 2582/2744 2584/2745 2583/2743
f 1330/2746 1328/2738 1327/2739 1441/2747
f 1327/2739 1425/2740 1440/2748 1441/2747
f 1331/2749 1329/2741 1328/2738 1330/2746
f 1329/2741 1331/2749 2589/2750 2582/2744
f 1330/2746 1441/2747 1442/2751 1447/2752
f 2597/2753 1331/2749 1330/2746 1447/2752
f 2590/2754 2589/2750 1331/2749 2597/2753
f 1332/2755 1333/2756 1341/2757 1343/2758
f 1344/2759 1336/2721 1332/2755 1343/2758
f 1370/2677 1369/2674 1332/2755 1336/2721
f 1332/2755 1369/2674 1371/2675 1333/2756
f 1333/2756 1335/2687 1348/2760 1341/2757
f 1333/2756 1371/2675 1372/2676 1335/2687
f 1348/2760 1335/2687 1334/2686 1342/2688
f 1364/2761 1337/2722 1336/2721 1344/2759
f 1365/2762 1338/2723 1337/2722 1364/2761
f 1338/2723 1365/2762 1366/2763 1385/2726
f 1339/2764 1365/2762 1364/2761 1340/2765
f 1366/2763 1365/2762 1339/2764 1412/2766
f 1339/2764 1340/2765 1388/2767 1389/2768
f 1339/2764 1389/2768 1390/558 1412/2766
f 1340/2765 1364/2761 1344/2759 1354/2769
f 1340/2765 1354/2769 1392/2770 1388/2767
f 1341/2757 1348/2760 1352/2771 1355/2772
f 1353/2773 1343/2758 1341/2757 1355/2772
f 1352/2771 1348/2760 1342/2688 1351/2774
f 1342/2688 1347/511 1360/515 1351/2774
f 1354/2769 1344/2759 1343/2758 1353/2773
f 1345/506 1346/505 1349/2667 1350/2775
f 1345/506 1350/2775 1379/2776 1374/516
f 1349/2667 1356/521 1357/525 1358/2777
f 1362/2778 1350/2775 1349/2667 1358/2777
f 1350/2775 1362/2778 1380/2779 1379/2776
f 1351/2774 1394/2700 1395/2703 1352/2771
f 1351/2774 1360/515 1396/514 1394/2700
f 1398/2780 1355/2772 1352/2771 1395/2703
f 1392/2770 1354/2769 1353/2773 1391/2781
f 1353/2773 1355/2772 1398/2780 1391/2781
f 1361/2673 1358/2777 1357/525 1359/524
f 1358/2777 1361/2673 1363/2782 1362/2778
f 1361/2673 1393/532 1397/533 1363/2782
f 1362/2778 1363/2782 1416/2783 1380/2779
f 1363/2782 1397/533 1417/548 1416/2783
f 1366/2763 1412/2766 1367/2784 1368/2785
f 1386/2729 1385/2726 1366/2763 1368/2785
f 1367/2784 1412/2766 1390/558 1413/560
f 1426/2786 1368/2785 1367/2784 1432/2787
f 1367/2784 1413/560 1434/2788 1432/2787
f 1387/2732 1386/2729 1368/2785 1426/2786
f 1373/517 1374/516 1377/2789 1375/2682
f 1382/2790 1377/2789 1374/516 1379/2776
f 1378/2791 1376/2683 1375/2682 1377/2789
f 1381/2792 1378/2791 1377/2789 1382/2790
f 1379/2776 1380/2779 1383/2793 1382/2790
f 1423/2794 1383/2793 1380/2779 1416/2783
f 1381/2792 1382/2790 1383/2793 1384/2795
f 1424/2796 1384/2795 1383/2793 1423/2794
f 1427/2797 1425/2740 1387/2732 1426/2786
f 1402/561 1389/2768 1388/2767 1403/562
f 1411/2710 1403/562 1388/2767 1392/2770
f 1407/564 1390/558 1389/2768 1402/561
f 1400/2704 1401/2705 1391/2781 1398/2780
f 1391/2781 1401/2705 1411/2710 1392/2770
f 1395/2703 1399/546 1400/2704 1398/2780
f 1402/561 1404/563 1409/2798 1407/564
f 1403/562 1405/2707 1406/2708 1404/563
f 1404/563 1406/2708 3382/2709 3384/565
f 3385/569 1409/2798 1404/563 3383/566
f 1410/2799 1408/559 1407/564 1409/2798
f 1414/2800 1413/560 1408/559 1410/2799
f 3386/568 1410/2799 1409/2798 3385/569
f 3402/570 1414/2800 1410/2799 3386/568
f 1413/560 1414/2800 1415/2801 1434/2788
f 3469/2802 1415/2801 1414/2800 3402/570
f 1433/2803 1434/2788 1415/2801 1435/2804
f 3471/2805 1435/2804 1415/2801 3469/2802
f 1416/2783 1417/548 1421/2806 1423/2794
f 1417/548 1418/547 1419/2715 1421/2806
f 1419/2715 1420/2718 1422/2807 1421/2806
f 1424/2796 1423/2794 1421/2806 1422/2807
f 1425/2740 1427/2797 1430/2808 1440/2748
f 1426/2786 1432/2787 1428/2809 1427/2797
f 1427/2797 1428/2809 1429/2810 1430/2808
f 1428/2809 1432/2787 1434/2788 1433/2803
f 1436/2811 1429/2810 1428/2809 1433/2803
f 1437/2812 1431/2813 1429/2810 1436/2811
f 1443/2814 1430/2808 1429/2810 1431/2813
f 1444/2815 1440/2748 1430/2808 1443/2814
f 1444/2815 1443/2814 1431/2813 1445/2816
f 1431/2813 1437/2812 1449/2817 1445/2816
f 1433/2803 1435/2804 1438/2818 1436/2811
f 3472/2819 1438/2818 1435/2804 3471/2805
f 1439/2820 1437/2812 1436/2811 1438/2818
f 1437/2812 1439/2820 1450/2821 1449/2817
f 3473/2822 1439/2823 1438/2818 3472/2819
f 3481/2824 1450/2825 1439/2823 3473/2822
f 1442/2751 1441/2747 1440/2748 1444/2815
f 1442/2751 1444/2815 1445/2816 1446/2826
f 1448/2827 1447/2752 1442/2751 1446/2826
f 1451/2828 1446/2826 1445/2816 1449/2817
f 1452/2829 1448/2827 1446/2826 1451/2828
f 1447/2752 1448/2827 2599/2830 2597/2753
f 1448/2827 1452/2829 2603/2831 2599/2830
f 1449/2817 1450/2821 1453/2832 1451/2828
f 3482/2833 1453/2834 1450/2825 3481/2824
f 1454/2835 1452/2829 1451/2828 1453/2832
f 1452/2829 1454/2835 2604/573 2603/2831
f 3483/2836 1454/2837 1453/2834 3482/2833
f 4680/2838 2604/576 1454/2837 3483/2836
f 1456/1585 1458/1584 1461/2839 1471/2840
f 1472/2841 1469/1586 1456/1585 1471/2840
f 1461/2842 1458/1589 1457/1590 1460/2843
f 1457/1590 1459/1591 1462/2844 1460/2843
f 1465/2845 1462/2844 1459/1591 1463/1592
f 1479/2846 1461/2842 1460/2843 1480/2847
f 1460/2843 1462/2844 1490/2848 1480/2847
f 1478/2849 1471/2840 1461/2839 1479/2850
f 1462/2844 1465/2845 1489/2851 1490/2848
f 1463/1592 1464/1593 1477/579 1465/2845
f 1465/2845 1477/579 1491/578 1489/2851
f 1466/2852 1613/580 1605/2853 1630/2854
f 1614/2855 1613/580 1466/2852 1649/2856
f 1631/2857 1467/2858 1466/2852 1630/2854
f 1466/2852 1467/2858 1650/2859 1649/2856
f 1634/2860 1468/2861 1467/2858 1631/2857
f 1467/2858 1468/2861 1652/2862 1650/2859
f 1468/2861 1634/2860 1667/2863 1677/2864
f 1678/2865 1652/2862 1468/2861 1677/2864
f 1475/583 1470/1587 1469/1586 1472/2841
f 1476/2866 1473/1673 1470/1587 1475/583
f 1484/2867 1472/2841 1471/2840 1478/2849
f 1485/584 1475/583 1472/2841 1484/2867
f 1502/2868 1474/1679 1473/1673 1476/2866
f 1501/1687 1500/112 1474/1680 1502/2869
f 1503/2870 1476/2866 1475/583 1513/585
f 1504/2871 1502/2868 1476/2866 1503/2870
f 1477/579 1537/1684 1548/2872 1492/577
f 1478/2849 1479/2850 1483/2873 1481/588
f 1478/2849 1481/588 1486/2874 1484/2867
f 1479/2846 1480/2847 1482/2875 1483/2876
f 1495/2877 1482/2875 1480/2847 1490/2848
f 1488/590 1486/2874 1481/588 1487/587
f 1481/588 1483/2873 1579/2878 1581/586
f 1579/2879 1483/2876 1482/2875 1580/2880
f 1482/2875 1495/2877 1588/2881 1580/2880
f 1514/2882 1485/584 1484/2867 1486/2874
f 1515/2883 1513/585 1485/584 1514/2882
f 1486/2874 1488/590 1520/592 1514/2882
f 1487/587 1581/586 1583/2884 1582/589
f 1489/2851 1491/578 1493/598 1496/597
f 1495/2877 1490/2848 1489/2851 1496/597
f 1491/578 1492/577 1494/599 1493/598
f 1549/2885 1494/599 1492/577 1548/2872
f 1551/2886 1497/596 1494/599 1549/2885
f 1495/2877 1496/597 1498/2887 1588/2881
f 1496/597 1497/596 1499/2888 1498/2887
f 1553/2889 1499/2888 1497/596 1551/2886
f 1590/2890 1588/2881 1498/2887 1589/2891
f 1498/2887 1499/2888 1593/2892 1589/2891
f 1499/2888 1553/2889 1554/2893 1593/2892
f 1501/1687 1502/2869 1504/2894 1505/2895
f 1510/2896 1506/1688 1501/1687 1505/2895
f 1503/2870 1513/585 1515/2883 1516/2897
f 1517/2898 1504/2871 1503/2870 1516/2897
f 1518/2899 1505/2895 1504/2894 1517/2900
f 1528/2901 1510/2896 1505/2895 1518/2899
f 1509/2902 1508/115 1506/1688 1510/2896
f 1507/116 1508/115 1509/2902 1511/2903
f 1507/116 1511/2903 1562/2904 1561/118
f 1512/2905 1511/2903 1509/2902 1529/2906
f 1509/2902 1510/2896 1528/2901 1529/2906
f 1511/2903 1512/2905 1565/2907 1562/2904
f 1512/2908 1529/2909 1531/602 1532/601
f 1512/2908 1532/601 1574/2910 1565/2911
f 1522/595 1515/2883 1514/2882 1520/592
f 1524/2912 1516/2897 1515/2883 1522/595
f 1527/2913 1517/2898 1516/2897 1524/2912
f 1519/2914 1518/2915 1517/2916 1527/2917
f 1518/2915 1519/2914 1530/2918 1528/2919
f 1519/2914 1527/2917 1526/2920 1533/2921
f 1534/2922 1530/2918 1519/2914 1533/2921
f 1520/592 1521/591 1594/2923 1523/594
f 1521/591 1584/593 1585/2924 1594/2923
f 1522/595 1523/594 1525/2925 1524/2912
f 1597/2926 1525/2925 1523/594 1594/2923
f 1524/2912 1525/2925 1526/2927 1527/2913
f 1598/2928 1526/2927 1525/2925 1597/2926
f 1600/2929 1533/2921 1526/2920 1598/2930
f 1531/602 1529/2909 1528/2919 1530/2918
f 1535/600 1531/602 1530/2918 1534/2922
f 1532/601 1535/600 1570/2931 1574/2910
f 1599/603 1534/2922 1533/2921 1600/2929
f 1536/605 1535/600 1534/2922 1599/603
f 1535/600 1536/605 1571/2932 1570/2931
f 1536/605 1593/2892 1554/2893 1571/2932
f 1589/2891 1593/2892 1536/605 1591/604
f 1537/1684 1538/2933 1539/2934 1548/2872
f 1542/2935 1538/2933 1537/1684 1540/1685
f 1545/2936 1539/2934 1538/2933 1544/2937
f 1538/2933 1542/2935 1546/2938 1544/2937
f 1549/2885 1548/2872 1539/2934 1550/2939
f 1539/2934 1545/2936 1557/2940 1550/2939
f 1540/1685 1541/119 1543/2941 1542/2935
f 1563/2942 1543/2941 1541/119 1561/118
f 1542/2935 1543/2941 1547/2943 1546/2938
f 1566/2944 1547/2943 1543/2941 1563/2942
f 1544/2937 1546/2938 1603/2945 1601/2946
f 1609/582 1545/2936 1544/2937 1601/2946
f 1610/581 1557/2940 1545/2936 1609/582
f 1546/2938 1547/2943 1602/2947 1603/2945
f 1547/2943 1566/2944 1615/2948 1602/2947
f 1549/2885 1550/2939 1552/2949 1551/2886
f 1558/2950 1552/2949 1550/2939 1557/2940
f 1551/2886 1552/2949 1555/2951 1553/2889
f 1559/2952 1555/2951 1552/2949 1558/2950
f 1556/2953 1554/2893 1553/2889 1555/2951
f 1573/2954 1571/2932 1554/2893 1556/2953
f 1560/2955 1556/2953 1555/2951 1559/2952
f 1556/2953 1560/2955 1577/2956 1573/2954
f 1611/2957 1558/2950 1557/2940 1610/581
f 1612/2958 1559/2952 1558/2950 1611/2957
f 1641/2959 1560/2955 1559/2952 1612/2958
f 1623/2960 1577/2956 1560/2955 1641/2959
f 1561/118 1562/2904 1564/2961 1563/2942
f 1568/2962 1564/2961 1562/2904 1565/2907
f 1563/2942 1564/2961 1567/2963 1566/2944
f 1575/2964 1567/2963 1564/2961 1568/2962
f 1569/2965 1568/2966 1565/2911 1574/2910
f 1566/2944 1567/2963 1616/2967 1615/2948
f 1567/2963 1575/2964 1621/2968 1616/2967
f 1568/2966 1569/2965 1576/2969 1575/2970
f 1569/2965 1574/2910 1570/2931 1572/2971
f 1569/2965 1572/2971 1578/2972 1576/2969
f 1570/2931 1571/2932 1573/2954 1572/2971
f 1572/2971 1573/2954 1577/2956 1578/2972
f 1575/2970 1576/2969 1622/2973 1621/2974
f 1576/2969 1578/2972 1624/2975 1622/2973
f 1624/2975 1578/2972 1577/2956 1623/2960
f 1583/2884 1581/586 1579/2878 1586/2976
f 1579/2879 1580/2880 1587/2977 1586/2978
f 1590/2890 1587/2977 1580/2880 1588/2881
f 1582/589 1583/2884 1585/2924 1584/593
f 1583/2884 1586/2976 1595/2979 1585/2924
f 1597/2926 1594/2923 1585/2924 1595/2979
f 1586/2978 1587/2977 1596/2980 1595/2981
f 1587/2977 1590/2890 1592/2982 1596/2980
f 1592/2982 1590/2890 1589/2891 1591/604
f 1591/604 1599/603 1600/2929 1592/2982
f 1598/2930 1596/2980 1592/2982 1600/2929
f 1598/2928 1597/2926 1595/2979 1596/2983
f 1601/2946 1603/2945 1606/2984 1605/2853
f 1613/580 1609/582 1601/2946 1605/2853
f 1606/2984 1603/2945 1602/2947 1607/2985
f 1618/2986 1607/2985 1602/2947 1615/2948
f 1604/2987 1630/2854 1605/2853 1606/2984
f 1604/2987 1606/2984 1607/2985 1608/2988
f 1631/2857 1630/2854 1604/2987 1629/2989
f 1604/2987 1608/2988 1632/2990 1629/2989
f 1617/2991 1608/2988 1607/2985 1618/2986
f 1608/2988 1617/2991 1636/2992 1632/2990
f 1610/581 1613/580 1614/2855 1611/2957
f 1642/2993 1612/2958 1611/2957 1614/2855
f 1643/2994 1641/2959 1612/2958 1642/2993
f 1614/2855 1649/2856 1644/2995 1642/2993
f 1615/2948 1616/2967 1619/2996 1618/2986
f 1625/2997 1619/2996 1616/2967 1621/2968
f 1617/2991 1618/2986 1619/2996 1620/2998
f 1617/2991 1620/2998 1637/2999 1636/2992
f 1640/608 1620/2998 1619/2996 1625/2997
f 1659/607 1637/2999 1620/2998 1640/608
f 1621/2974 1622/2973 1626/3000 1625/3001
f 1622/2973 1624/2975 1627/3002 1626/3000
f 1627/3002 1624/2975 1623/2960 1646/3003
f 1623/2960 1641/2959 1643/2994 1646/3003
f 1625/3001 1626/3000 1628/3004 1640/3005
f 1626/3000 1627/3002 1648/3006 1628/3004
f 1627/3002 1646/3003 1647/3007 1648/3006
f 1628/3004 1648/3006 1656/3008 1662/3009
f 1661/3010 1640/3005 1628/3004 1662/3009
f 1634/2860 1631/2857 1629/2989 1633/3011
f 1629/2989 1632/2990 1635/3012 1633/3011
f 1638/3013 1635/3012 1632/2990 1636/2992
f 1667/2863 1634/2860 1633/3011 1668/1698
f 1633/3011 1635/3012 1669/1699 1668/1698
f 1683/1700 1669/1699 1635/3012 1638/3013
f 1636/2992 1637/2999 1639/3014 1638/3013
f 1660/3015 1639/3014 1637/2999 1659/607
f 1638/3013 1639/3014 1684/3016 1683/1700
f 1639/3014 1660/3015 1720/3017 1684/3016
f 1645/3018 1643/2994 1642/2993 1644/2995
f 1647/3007 1646/3003 1643/2994 1645/3018
f 1644/2995 1649/2856 1650/2859 1651/3019
f 1654/3020 1645/3018 1644/2995 1651/3019
f 1655/3021 1647/3007 1645/3018 1654/3020
f 1656/3008 1648/3006 1647/3007 1655/3021
f 1653/3022 1651/3019 1650/2859 1652/2862
f 1651/3019 1653/3022 1657/3023 1654/3020
f 1714/3024 1653/3022 1652/2862 1678/2865
f 1716/3025 1657/3023 1653/3022 1714/3024
f 1658/3026 1655/3021 1654/3020 1657/3023
f 1665/3027 1656/3008 1655/3021 1658/3026
f 1664/3028 1662/3009 1656/3008 1665/3027
f 1717/3029 1658/3026 1657/3023 1716/3025
f 1730/3030 1665/3027 1658/3026 1717/3029
f 1663/3031 1660/3015 1659/607 1661/606
f 1660/3015 1663/3031 1727/3032 1720/3017
f 1661/3010 1662/3009 1664/3028 1663/3033
f 1663/3033 1664/3028 1731/3034 1727/3035
f 1664/3028 1665/3027 1730/3030 1731/3034
f 1668/1698 1670/122 1666/3036 1667/2863
f 1666/3036 1670/122 1671/121 1672/3037
f 1666/3036 1672/3037 1676/3038 1679/3039
f 1677/2864 1667/2863 1666/3036 1679/3039
f 1671/121 1674/1694 1675/3040 1672/3037
f 1672/3037 1675/3040 1694/3041 1676/3038
f 1690/1708 1675/3040 1674/1694 1691/1695
f 1675/3040 1690/1708 1693/612 1694/3041
f 1680/3042 1679/3039 1676/3038 1681/3043
f 1702/3044 1681/3043 1676/3038 1694/3041
f 1680/3042 1678/2865 1677/2864 1679/3039
f 1678/2865 1680/3042 1715/3045 1714/3024
f 1680/3042 1681/3043 1682/3046 1715/3045
f 1705/3047 1682/3046 1681/3043 1702/3044
f 1707/609 1688/611 1682/3046 1705/3047
f 1718/3048 1715/3045 1682/3046 1688/611
f 1686/1702 1685/1697 1683/1700 1684/3016
f 1721/3049 1686/1702 1684/3016 1720/3017
f 1724/3050 1687/126 1686/1702 1721/3049
f 1723/3051 1722/127 1687/126 1724/3050
f 1688/611 1689/610 1719/3052 1718/3048
f 1734/3053 1719/3052 1689/610 1735/3054
f 1689/610 1707/609 1747/3055 1735/3054
f 1690/1708 1692/1709 1695/613 1693/612
f 1698/615 1695/613 1692/1709 1696/1710
f 1702/3044 1694/3041 1693/612 1703/614
f 1696/1710 1697/1711 1700/3056 1698/615
f 1755/1736 1700/3056 1697/1711 1754/1712
f 1701/3057 1699/616 1698/615 1700/3056
f 1699/616 1701/3057 1709/3058 1704/617
f 1756/3059 1701/3057 1700/3056 1755/1736
f 1758/3060 1709/3058 1701/3057 1756/3059
f 1702/3044 1703/614 1706/3061 1705/3047
f 1703/614 1704/617 1710/3062 1706/3061
f 1704/617 1709/3058 1711/620 1710/3062
f 1705/3047 1706/3061 1708/3063 1707/609
f 1712/3064 1708/3063 1706/3061 1710/3062
f 1707/609 1708/3063 1746/3065 1747/3055
f 1708/3063 1712/3064 1750/3066 1746/3065
f 1760/621 1711/620 1709/3058 1758/3060
f 1710/3062 1711/620 1713/619 1712/3064
f 1712/3064 1713/619 1751/623 1750/3066
f 1714/3024 1715/3045 1718/3048 1716/3025
f 1719/3052 1717/3029 1716/3025 1718/3048
f 1717/3029 1719/3052 1734/3053 1730/3030
f 1728/3067 1721/3049 1720/3017 1727/3032
f 1725/3068 1724/3050 1721/3049 1728/3067
f 1722/127 1723/3051 1737/1723 1736/128
f 1723/3051 1724/3050 1725/3068 1726/3069
f 1723/3051 1726/3069 1739/3070 1737/1723
f 1725/3071 1728/3072 1729/3073 1732/3074
f 1733/3075 1726/3076 1725/3071 1732/3074
f 1726/3076 1733/3075 1748/3077 1739/3078
f 1729/3073 1728/3072 1727/3035 1731/3034
f 1729/3073 1731/3034 1730/3030 1734/3053
f 1735/3054 1732/3074 1729/3073 1734/3053
f 1732/3074 1735/3054 1747/3055 1733/3075
f 1733/3075 1747/3055 1746/3065 1748/3077
f 1740/3079 1738/138 1737/1723 1739/3070
f 1738/138 1740/3079 1743/3080 1741/1725
f 1749/3081 1740/3082 1739/3078 1748/3077
f 1752/3083 1743/3084 1740/3082 1749/3081
f 1744/3085 1742/1729 1741/1725 1743/3080
f 1742/1729 1744/3085 1792/1783 1791/1730
f 1745/3086 1744/3087 1743/3084 1752/3083
f 1744/3087 1745/3086 1793/3088 1792/3089
f 1745/3086 1752/3083 1751/623 1787/624
f 1745/3086 1787/624 1788/3090 1793/3088
f 1749/3081 1748/3077 1746/3065 1750/3066
f 1749/3081 1750/3066 1751/623 1752/3083
f 1756/3059 1755/1736 1753/1735 1757/3091
f 1766/3092 1757/3091 1753/1735 1765/1737
f 1756/3059 1757/3091 1759/3093 1758/3060
f 1775/3094 1759/3093 1757/3091 1766/3092
f 1758/3060 1759/3093 1761/3095 1760/621
f 1780/3096 1761/3095 1759/3093 1775/3094
f 1760/621 1761/3095 1763/3097 1762/618
f 1764/3098 1763/3097 1761/3095 1780/3096
f 1762/618 1763/3097 1786/3099 1785/622
f 1763/3097 1764/3098 1789/3100 1786/3099
f 1764/3098 1780/3096 1781/3101 1796/3102
f 1800/3103 1789/3100 1764/3098 1796/3102
f 1772/3104 1766/3092 1765/1737 1767/1746
f 1766/3092 1772/3104 1776/3105 1775/3094
f 1767/3106 1768/3107 1771/3108 1772/3109
f 1768/3107 1769/3110 1773/3111 1771/3108
f 1769/3110 1770/3112 1774/3113 1773/3111
f 2118/298 1774/3113 1770/3112 2112/297
f 1776/3114 1772/3109 1771/3108 1777/3115
f 1771/3108 1773/3111 1778/3116 1777/3115
f 1773/3111 1774/3113 1779/3117 1778/3116
f 2119/3118 1779/3117 1774/3113 2118/298
f 1775/3094 1776/3105 1781/3101 1780/3096
f 1776/3114 1777/3115 1782/3119 1781/3120
f 1777/3115 1778/3116 1783/3121 1782/3119
f 1778/3116 1779/3117 1784/3122 1783/3121
f 2120/3123 1784/3122 1779/3117 2119/3118
f 1797/3124 1796/3125 1781/3120 1782/3119
f 1782/3119 1783/3121 1798/3126 1797/3124
f 1783/3121 1784/3122 1799/3127 1798/3126
f 2163/3128 1799/3127 1784/3122 2120/3123
f 1785/622 1786/3099 1788/3090 1787/624
f 1790/3129 1788/3090 1786/3099 1789/3100
f 1795/3130 1793/3088 1788/3090 1790/3129
f 1812/3131 1790/3129 1789/3100 1800/3103
f 1806/3132 1795/3130 1790/3129 1812/3131
f 1795/3130 1794/3133 1792/3089 1793/3088
f 1794/3133 1795/3130 1806/3132 1804/3134
f 1796/3125 1797/3124 1801/3135 1800/3136
f 1797/3124 1798/3126 1802/3137 1801/3135
f 1798/3126 1799/3127 1803/3138 1802/3137
f 2165/629 1803/3138 1799/3127 2163/3128
f 1800/3136 1801/3135 1813/3139 1812/3140
f 1801/3135 1802/3137 1814/3141 1813/3139
f 1802/3137 1803/3138 1815/626 1814/3141
f 2152/628 1815/626 1803/3138 2165/629
f 1807/3142 1805/3143 1804/3144 1806/3145
f 1805/3143 1807/3142 1810/3146 1808/3147
f 1806/3145 1812/3140 1813/3139 1807/3142
f 1807/3142 1813/3139 1814/3141 1810/3146
f 1811/625 1809/3148 1808/3147 1810/3146
f 1809/3148 1811/625 2150/631 2149/3149
f 1810/3146 1814/3141 1815/626 1811/625
f 1818/3150 1817/3151 1816/3152 1819/3153
f 1820/3154 1819/3153 1816/3152 1821/3155
f 1816/3152 1817/3151 1829/3156 1821/3155
f 1817/3151 1818/3150 1826/3157 1825/3158
f 1817/3151 1825/3158 1827/3159 1829/3156
f 1818/3160 1819/3161 1823/634 1822/633
f 1818/3160 1822/633 1831/641 1826/3162
f 1819/3161 1820/3163 1824/636 1823/634
f 1820/3154 1821/3155 1835/3164 1834/3165
f 1838/637 1824/636 1820/3163 1834/3166
f 1821/3155 1829/3156 1842/3167 1835/3164
f 1833/639 1831/641 1822/633 1844/635
f 1823/634 1824/636 1839/638 1844/635
f 1825/3158 1826/3157 1828/3168 1827/3159
f 1832/640 1828/3169 1826/3162 1831/641
f 1842/3167 1829/3156 1827/3159 1830/3170
f 1827/3159 1828/3168 1847/3171 1830/3170
f 1828/3169 1832/640 1848/642 1847/3172
f 1843/3173 1842/3167 1830/3170 1850/3174
f 1830/3170 1847/3171 1849/3175 1850/3174
f 1833/639 1844/635 1845/3176 1852/3177
f 1851/3178 1848/642 1833/639 1852/3177
f 1834/3165 1835/3164 1836/3179 1837/3180
f 1834/3166 1837/3181 1841/3182 1838/637
f 1843/3173 1836/3179 1835/3164 1842/3167
f 1854/3183 1837/3180 1836/3179 1857/3184
f 1836/3179 1843/3173 1858/3185 1857/3184
f 1856/3186 1841/3182 1837/3181 1854/3187
f 1846/3188 1839/638 1838/637 1841/3182
f 1845/3176 1844/635 1839/638 1846/3188
f 1860/3189 1846/3188 1841/3182 1856/3186
f 1843/3173 1850/3174 1869/3190 1858/3185
f 1845/3176 1846/3188 1860/3189 1859/3191
f 1870/3192 1852/3177 1845/3176 1859/3191
f 1847/3172 1848/642 1851/3178 1849/3193
f 1869/3190 1850/3174 1849/3175 1868/3194
f 1849/3193 1851/3178 1871/3195 1868/3196
f 1851/3178 1852/3177 1870/3192 1871/3195
f 1853/2010 1855/2011 1863/3197 1861/2037
f 1854/3183 1857/3184 1865/3198 1866/3199
f 1867/3200 1856/3186 1854/3187 1866/3201
f 1855/2014 1877/2013 1878/644 1863/643
f 1883/3202 1860/3189 1856/3186 1867/3200
f 1857/3184 1858/3185 1872/3203 1865/3198
f 1858/3185 1869/3190 1873/3204 1872/3203
f 1874/3205 1870/3192 1859/3191 1884/3206
f 1859/3191 1860/3189 1883/3202 1884/3206
f 1864/3207 1862/2038 1861/2037 1863/3197
f 1862/2038 1864/3207 1887/3208 1889/2165
f 1882/3209 1864/3210 1863/643 1881/645
f 1864/3210 1882/3209 1915/3211 1887/3212
f 1886/3213 1866/3199 1865/3198 1885/3214
f 1865/3198 1872/3203 1892/3215 1885/3214
f 1888/3216 1867/3200 1866/3201 1886/3217
f 1916/3218 1883/3202 1867/3200 1888/3216
f 1873/3204 1869/3190 1868/3194 1875/3219
f 1868/3196 1871/3195 1876/3220 1875/3221
f 1876/3220 1871/3195 1870/3192 1874/3205
f 1872/3203 1873/3204 1894/3222 1892/3215
f 1873/3204 1875/3219 1893/3223 1894/3222
f 1895/3224 1876/3220 1874/3205 1920/3225
f 1874/3205 1884/3206 1919/3226 1920/3225
f 1875/3221 1876/3220 1895/3224 1893/3227
f 1878/644 1879/2047 1880/2052 1881/645
f 1882/3209 1881/645 1880/2052 1913/2053
f 1882/3209 1913/2053 1914/2186 1915/3211
f 1919/3226 1884/3206 1883/3202 1916/3218
f 1891/3228 1886/3213 1885/3214 1890/3229
f 1896/3230 1890/3229 1885/3214 1892/3215
f 1918/3231 1888/3216 1886/3217 1891/3232
f 1902/2174 1889/2165 1887/3208 1903/3233
f 1925/3234 1903/3235 1887/3212 1915/3211
f 1922/3236 1916/3218 1888/3216 1918/3231
f 1904/3237 1891/3228 1890/3229 1909/3238
f 1890/3229 1896/3230 1910/3239 1909/3238
f 1891/3232 1904/3240 1931/647 1918/3231
f 1892/3215 1894/3222 1897/3241 1896/3230
f 1897/3241 1894/3222 1893/3223 1898/3242
f 1893/3227 1895/3224 1899/3243 1898/3244
f 1895/3224 1920/3225 1923/3245 1899/3243
f 1896/3230 1897/3241 1911/3246 1910/3239
f 1897/3241 1898/3242 1938/3247 1911/3246
f 1898/3244 1899/3243 1939/3248 1938/3249
f 1899/3243 1923/3245 1934/3250 1939/3248
f 1907/3251 1901/2181 1900/2173 1902/2174
f 1912/649 1906/2182 1901/2181 1907/3251
f 1902/2174 1903/3233 1905/3252 1907/3251
f 1926/648 1905/3253 1903/3235 1925/3234
f 1904/3237 1909/3238 1907/3251 1905/3252
f 1904/3240 1905/3253 1926/648 1931/647
f 1906/2182 1912/649 1946/264 1944/256
f 1907/3251 1909/3238 1910/3239 1908/3254
f 1907/3251 1908/3254 1945/650 1912/649
f 1908/3254 1910/3239 1911/3246 1940/3255
f 1908/3254 1940/3255 1965/3256 1945/650
f 1911/3246 1938/3247 1941/3257 1940/3255
f 1914/2186 1917/2185 1924/2188 1927/3258
f 1925/3234 1915/3211 1914/2186 1927/3258
f 1921/3259 1919/3226 1916/3218 1922/3236
f 1932/3260 1922/3236 1918/3231 1931/647
f 1923/3245 1920/3225 1919/3226 1921/3259
f 1921/3259 1922/3236 1932/3260 1933/3261
f 1934/3250 1923/3245 1921/3259 1933/3261
f 1928/3262 1927/3258 1924/2188 1930/2194
f 1925/3234 1927/3258 1928/3262 1929/653
f 1935/646 1926/648 1925/3234 1929/653
f 1928/3262 1930/2194 1952/2196 1953/3263
f 1955/652 1929/653 1928/3262 1953/3263
f 1936/654 1932/3260 1931/647 1935/646
f 1937/3264 1933/3261 1932/3260 1936/654
f 1943/3265 1934/3250 1933/3261 1937/3264
f 1942/3266 1939/3248 1934/3250 1943/3265
f 1936/654 1955/652 1956/3267 1937/3264
f 1972/3268 1943/3265 1937/3264 1956/3267
f 1938/3249 1939/3248 1942/3266 1941/3269
f 1940/3255 1941/3257 1966/3270 1965/3256
f 1941/3269 1942/3266 1971/3271 1966/3272
f 1942/3266 1943/3265 1972/3268 1971/3271
f 1968/655 1947/651 1945/650 1965/3256
f 1951/3273 1949/267 1948/255 1950/265
f 1949/267 1951/3273 1979/3274 1978/268
f 1969/3275 1951/3273 1950/265 1968/655
f 1951/3273 1969/3275 1985/3276 1979/3274
f 1957/3277 1953/3263 1952/2196 1954/2226
f 1958/3278 1955/652 1953/3263 1957/3277
f 1954/2226 1960/2225 1961/2228 1962/658
f 1963/657 1957/3277 1954/2226 1962/658
f 1959/3279 1956/3267 1955/652 1958/3278
f 1956/3267 1959/3279 1973/3280 1972/3268
f 1964/3281 1958/3278 1957/3277 1963/657
f 1977/660 1959/3279 1958/3278 1964/3281
f 1976/659 1973/3280 1959/3279 1977/660
f 1983/656 1962/658 1961/2228 1982/2229
f 1990/663 1964/3281 1963/657 1983/656
f 1991/661 1977/660 1964/3281 1990/663
f 1965/3256 1966/3270 1967/3282 1968/655
f 1974/3283 1967/3284 1966/3272 1971/3271
f 1969/3275 1968/655 1967/3282 1970/3285
f 1975/3286 1970/3287 1967/3284 1974/3283
f 1969/3275 1970/3285 1986/3288 1985/3276
f 1970/3287 1975/3286 1992/3289 1986/3290
f 1971/3271 1972/3268 1973/3280 1974/3283
f 1975/3286 1974/3283 1973/3280 1976/659
f 1975/3286 1976/659 1991/661 1992/3289
f 1978/268 1979/3274 1987/3291 1981/3292
f 1995/2281 1980/2264 1978/268 1981/3292
f 1979/3274 1985/3276 1988/3293 1987/3291
f 1998/665 1995/2281 1981/3292 1996/666
f 1981/3292 1987/3291 2000/667 1996/666
f 1984/3294 1983/656 1982/2229 2012/2270
f 1983/656 1984/3294 1993/662 1990/663
f 2006/3295 1993/662 1984/3294 2017/3296
f 1984/3294 2012/2270 2014/3297 2017/3296
f 1985/3276 1986/3288 1989/3298 1988/3293
f 1994/3299 1989/3300 1986/3290 1992/3289
f 1987/3291 1988/3293 2001/668 2000/667
f 1988/3293 1989/3298 2005/3301 2001/668
f 1989/3300 1994/3299 2004/3302 2005/3303
f 1994/3299 1992/3289 1991/661 1993/662
f 2004/3302 1994/3299 1993/662 2006/3295
f 2002/669 1999/664 1996/666 2000/667
f 1997/2283 1998/665 1999/664 2022/2291
f 1999/3304 2002/3305 2003/3306 2027/3307
f 2023/3308 2022/3309 1999/3304 2027/3307
f 2007/3310 2002/669 2001/668 2005/3301
f 2009/672 2003/3306 2002/3305 2007/670
f 2028/3311 2027/3307 2003/3306 2029/3312
f 2003/3306 2009/672 2030/3313 2029/3312
f 2007/3314 2005/3303 2004/3302 2008/3315
f 2004/3302 2006/3295 2010/3316 2008/3315
f 2006/3295 2017/3296 2018/3317 2010/3316
f 2030/3313 2009/672 2008/671 2031/3318
f 2008/671 2010/3319 2032/3320 2031/3318
f 2010/3319 2018/3321 2044/3322 2032/3320
f 2014/3297 2012/2270 2011/2269 2013/2288
f 2019/3323 2014/3297 2013/2288 2016/3324
f 2013/2288 2015/2286 2039/2287 2016/3324
f 2018/3317 2017/3296 2014/3297 2019/3323
f 2016/3325 2039/2302 2041/2301 2040/3326
f 2043/3327 2019/3328 2016/3325 2040/3326
f 2018/3321 2019/3328 2043/3327 2044/3322
f 2023/3329 2021/2293 2020/2289 2022/2291
f 2021/2303 2023/3330 2025/3331 2024/2304
f 2023/3308 2027/3307 2028/3311 2025/3332
f 2024/2304 2025/3331 2033/3333 2036/3334
f 2034/2305 2026/2297 2024/2304 2036/3334
f 2025/3332 2028/3311 2037/3335 2033/3336
f 2028/3311 2029/3312 2038/3337 2037/3335
f 2029/3312 2030/3313 2049/3338 2038/3337
f 2030/3313 2031/3318 2050/3339 2049/3338
f 2031/3318 2032/3320 2051/3340 2050/3339
f 2032/3320 2044/3322 2055/3341 2051/3340
f 2060/3342 2036/3334 2033/3333 2061/3343
f 2033/3336 2037/3335 2062/3344 2061/3345
f 2058/3346 2035/2306 2034/2305 2059/3347
f 2034/2305 2036/3334 2060/3342 2059/3347
f 2069/3348 2047/2307 2035/2306 2058/3346
f 2037/3335 2038/3337 2063/3349 2062/3344
f 2038/3337 2049/3338 2052/3350 2063/3349
f 2045/3351 2043/3327 2040/3326 2048/3352
f 2040/3326 2041/2301 2046/3353 2048/3352
f 2041/2301 2042/2299 2047/2307 2046/3353
f 2055/3341 2044/3322 2043/3327 2045/3351
f 2056/3354 2055/3341 2045/3351 2057/3355
f 2045/3351 2048/3352 2070/3356 2057/3355
f 2046/3353 2047/2307 2069/3348 2068/3357
f 2070/3356 2048/3352 2046/3353 2068/3357
f 2049/3338 2050/3339 2053/3358 2052/3350
f 2050/3339 2051/3340 2054/3359 2053/3358
f 2056/3354 2054/3359 2051/3340 2055/3341
f 2075/3360 2063/3349 2052/3350 2076/3361
f 2052/3350 2053/3358 2077/3362 2076/3361
f 2053/3358 2054/3359 2078/3363 2077/3362
f 2054/3359 2056/3354 2080/3364 2078/3363
f 2056/3354 2057/3355 2079/3365 2080/3364
f 2057/3355 2070/3356 2073/673 2079/3365
f 2058/3346 2059/3347 2065/3366 2071/3367
f 2072/3368 2069/3348 2058/3346 2071/3367
f 2059/3347 2060/3342 2064/3369 2065/3366
f 2060/3342 2061/3343 2066/3370 2064/3369
f 2061/3345 2062/3344 2067/3371 2066/3372
f 2062/3344 2063/3349 2075/3360 2067/3371
f 2082/3373 2065/3366 2064/3369 2081/3374
f 2064/3369 2066/3370 2083/3375 2081/3374
f 2088/3376 2071/3367 2065/3366 2082/3373
f 2066/3372 2067/3371 2084/3377 2083/3378
f 2067/3371 2075/3360 2095/3379 2084/3377
f 2068/3357 2069/3348 2072/3368 2074/3380
f 2073/673 2070/3356 2068/3357 2074/3380
f 2089/3381 2072/3368 2071/3367 2088/3376
f 2091/676 2074/3380 2072/3368 2089/3381
f 2073/673 2074/3380 2091/676 2090/674
f 2106/3382 2079/3365 2073/673 2104/675
f 2075/3360 2076/3361 2096/3383 2095/3379
f 2076/3361 2077/3362 2097/3384 2096/3383
f 2077/3362 2078/3363 2098/3385 2097/3384
f 2078/3363 2080/3364 2105/3386 2098/3385
f 2105/3386 2080/3364 2079/3365 2106/3382
f 2085/3387 2082/3373 2081/3374 2087/3388
f 2081/3374 2083/3375 2086/3389 2087/3388
f 2082/3373 2085/3387 2092/3390 2088/3376
f 2083/3378 2084/3377 2100/3391 2086/3392
f 2084/3377 2095/3379 2099/3393 2100/3391
f 2085/3387 2087/3388 2248/3394 2249/679
f 2255/683 2092/3390 2085/3387 2249/679
f 2248/3394 2087/3388 2086/3389 2247/3395
f 2086/3392 2100/3391 2266/3396 2247/3397
f 2093/3398 2089/3381 2088/3376 2092/3390
f 2094/677 2091/676 2089/3381 2093/3398
f 2257/3399 2093/3398 2092/3390 2255/683
f 2256/685 2094/677 2093/3398 2257/3399
f 2095/3379 2096/3383 2101/3400 2099/3393
f 2096/3383 2097/3384 2102/3401 2101/3400
f 2097/3384 2098/3385 2103/3402 2102/3401
f 2108/3403 2103/3402 2098/3385 2105/3386
f 2266/3396 2100/3391 2099/3393 2267/3404
f 2099/3393 2101/3400 2268/3405 2267/3404
f 2101/3400 2102/3401 2271/3406 2268/3405
f 2102/3401 2103/3402 2111/3407 2271/3406
f 2103/3402 2108/3403 2109/3408 2111/3407
f 2110/3409 2106/3382 2104/675 2107/678
f 2105/3386 2106/3382 2110/3409 2108/3403
f 2279/3410 2110/3409 2107/678 2277/686
f 2279/3410 2109/3408 2108/3403 2110/3409
f 2280/3411 2278/3412 2109/3408 2279/3410
f 2318/3413 2111/3407 2109/3408 2278/3412
f 2316/3414 2271/3406 2111/3407 2318/3413
f 2119/3118 2118/298 2113/296 2121/3415
f 2113/296 2116/299 2122/3416 2121/3415
f 2114/295 2115/3417 2117/3418 2116/299
f 2126/3419 2117/3418 2115/3417 2124/3420
f 2116/299 2117/3418 2123/3421 2122/3416
f 2136/3422 2123/3421 2117/3418 2126/3419
f 2146/3423 2120/3123 2119/3118 2121/3415
f 2120/3123 2146/3423 2164/3424 2163/3128
f 2121/3415 2122/3416 2147/3425 2146/3423
f 2122/3416 2123/3421 2148/3426 2147/3425
f 2123/3421 2136/3422 2138/3427 2148/3426
f 2124/3420 2125/3428 2127/3429 2126/3419
f 2132/3430 2127/3429 2125/3428 2128/3431
f 2126/3419 2127/3429 2137/3432 2136/3422
f 2127/3429 2132/3430 2140/3433 2137/3432
f 2128/3431 2129/3434 2133/3435 2132/3430
f 2129/3434 2130/3436 2134/3437 2133/3435
f 2130/3438 2131/3439 2135/3440 2134/3441
f 2192/3442 2135/3440 2131/3439 2190/3443
f 2132/3430 2133/3435 2141/3444 2140/3433
f 2133/3435 2134/3437 2142/3445 2141/3444
f 2134/3441 2135/3440 2198/3446 2142/3447
f 2135/3440 2192/3442 2199/3448 2198/3446
f 2136/3422 2137/3432 2139/3449 2138/3427
f 2143/3450 2139/3449 2137/3432 2140/3433
f 2168/3451 2148/3426 2138/3427 2176/3452
f 2138/3427 2139/3449 2177/3453 2176/3452
f 2139/3449 2143/3450 2180/3454 2177/3453
f 2140/3433 2141/3444 2145/3455 2143/3450
f 2141/3444 2142/3445 2144/3456 2145/3455
f 2216/687 2144/689 2142/3447 2198/3446
f 2143/3450 2145/3455 2155/3457 2180/3454
f 2155/3457 2145/3455 2144/3456 2156/3458
f 2146/3423 2147/3425 2167/3459 2164/3424
f 2147/3425 2148/3426 2168/3451 2167/3459
f 2149/3149 2150/631 4381/3460 4379/3461
f 2150/631 2154/632 4382/3462 4381/3460
f 2151/627 2152/628 2153/630 2154/632
f 2153/630 2165/629 2166/3463 2171/690
f 2154/632 2171/690 2172/3464 2174/3465
f 2154/632 2174/3465 4387/3466 4382/3462
f 2155/3457 2156/3458 2157/3467 2182/3468
f 2181/3469 2180/3454 2155/3457 2182/3468
f 2221/691 2157/3470 2156/688 2216/687
f 2158/3471 2182/3468 2157/3467 2159/3472
f 2223/693 2159/3473 2157/3470 2221/691
f 2158/3471 2159/3472 2161/3474 2189/3475
f 2181/3469 2182/3468 2158/3471 2187/3476
f 2188/3477 2187/3476 2158/3471 2189/3475
f 2160/3478 2161/3479 2159/3473 2223/693
f 2160/3478 2223/693 2222/692 2226/3480
f 2227/3481 2162/3482 2160/3478 2226/3480
f 4388/3483 2161/3479 2160/3478 2162/3482
f 4418/3484 2189/3475 2161/3474 4388/3485
f 4390/3486 4388/3483 2162/3482 4389/3487
f 2162/3482 2227/3481 4465/3488 4389/3487
f 2163/3128 2164/3424 2166/3463 2165/629
f 2169/3489 2166/3463 2164/3424 2167/3459
f 2172/3464 2171/690 2166/3463 2169/3489
f 2167/3459 2168/3451 2170/3490 2169/3489
f 2168/3451 2176/3452 2179/3491 2170/3490
f 2169/3489 2170/3490 2173/3492 2172/3464
f 2184/3493 2173/3492 2170/3490 2179/3491
f 2175/3494 2174/3465 2172/3464 2173/3492
f 2185/3495 2175/3494 2173/3492 2184/3493
f 2174/3465 2175/3494 4398/3496 4387/3466
f 2175/3494 2185/3495 4410/3497 4398/3496
f 2176/3452 2177/3453 2178/3498 2179/3491
f 2181/3469 2178/3498 2177/3453 2180/3454
f 2184/3493 2179/3491 2178/3498 2183/3499
f 2178/3498 2181/3469 2187/3476 2183/3499
f 2185/3495 2184/3493 2183/3499 2186/3500
f 2183/3499 2187/3476 2188/3477 2186/3500
f 2185/3495 2186/3500 4412/3501 4410/3497
f 2186/3500 2188/3477 4416/3502 4412/3501
f 2188/3477 2189/3475 4418/3484 4416/3502
f 2190/3443 2191/3503 2193/3504 2192/3442
f 2196/3505 2193/3504 2191/3503 2194/3506
f 2192/3442 2193/3504 2200/3507 2199/3448
f 2193/3504 2196/3505 2218/3508 2200/3507
f 2194/3506 2195/3509 2197/3510 2196/3505
f 2210/3511 2197/3510 2195/3509 2204/3512
f 2196/3505 2197/3510 2201/3513 2218/3508
f 2211/3514 2201/3513 2197/3510 2210/3511
f 2198/3446 2199/3448 2215/3515 2216/687
f 2199/3448 2200/3507 2217/3516 2215/3515
f 2220/3517 2217/3516 2200/3507 2218/3508
f 2220/3517 2218/3508 2201/3513 2219/3518
f 2201/3513 2211/3514 2235/3519 2219/3518
f 2207/328 2208/3520 2202/3521 2213/329
f 2214/694 2213/329 2202/3521 2436/695
f 2202/3521 2208/3520 2406/3522 2408/3523
f 2202/3521 2408/3523 2409/3524 2436/695
f 2210/3511 2204/3512 2203/3525 2209/3526
f 2203/3525 2206/327 2213/329 2209/3526
f 2205/2408 2411/2409 2208/3527 2207/2410
f 2208/3527 2411/2409 2413/2454 2406/3528
f 2211/3514 2210/3511 2209/3526 2212/3529
f 2209/3526 2213/329 2214/694 2212/3529
f 2211/3514 2212/3529 2240/3530 2235/3519
f 2212/3529 2214/694 2242/3531 2240/3530
f 2447/700 2242/3531 2214/694 2445/696
f 2221/691 2216/687 2215/3515 2222/692
f 2215/3515 2217/3516 2224/3532 2222/692
f 2217/3516 2220/3517 2229/3533 2224/3532
f 2229/3533 2220/3517 2219/3518 2230/3534
f 2236/3535 2230/3534 2219/3518 2235/3519
f 2228/3536 2226/3480 2222/692 2224/3532
f 2232/3537 2228/3536 2224/3532 2229/3533
f 2225/3538 2227/3481 2226/3480 2228/3536
f 2225/3538 2228/3536 2232/3537 2231/3539
f 4465/3488 2227/3481 2225/3538 4466/3540
f 2225/3538 2231/3539 4471/3541 4466/3540
f 2229/3533 2230/3534 2233/3542 2232/3537
f 2237/3543 2233/3542 2230/3534 2236/3535
f 2231/3539 2232/3537 2233/3542 2234/3544
f 2231/3539 2234/3544 4472/3545 4471/3541
f 2238/3546 2234/3544 2233/3542 2237/3543
f 2234/3544 2238/3546 4481/3547 4472/3545
f 2241/3548 2236/3535 2235/3519 2240/3530
f 2244/3549 2237/3543 2236/3535 2241/3548
f 2239/3550 2238/3546 2237/3543 2244/3549
f 2238/3546 2239/3550 4484/3551 4481/3547
f 2239/3550 2244/3549 2245/3552 2246/3553
f 2239/3550 2246/3553 4485/3554 4484/3551
f 2243/3555 2241/3548 2240/3530 2242/3531
f 2241/3548 2243/3555 2245/3552 2244/3549
f 2483/702 2243/3555 2242/3531 2447/700
f 2485/3556 2245/3552 2243/3555 2483/702
f 2486/3557 2246/3553 2245/3552 2485/3556
f 2246/3553 2486/3557 4534/3558 4485/3554
f 2252/705 2248/3394 2247/3395 2250/3559
f 2272/3560 2250/3561 2247/3397 2266/3396
f 2253/680 2249/679 2248/3394 2252/705
f 2250/3559 2251/3562 2254/704 2252/705
f 2273/3563 2251/3564 2250/3561 2272/3560
f 2287/706 2254/704 2251/3562 2288/3565
f 2251/3564 2273/3563 2301/3566 2288/3567
f 2253/680 2254/704 2261/708 2259/681
f 2285/709 2261/708 2254/704 2286/707
f 2263/3568 2257/3399 2255/683 2260/682
f 2256/685 2257/3399 2263/3568 2258/3569
f 2256/685 2258/3569 2312/3570 2276/684
f 2258/3569 2263/3568 2264/712 2265/3571
f 2258/3569 2265/3571 2282/3572 2312/3570
f 2262/713 2260/682 2259/681 2261/708
f 2260/682 2262/713 2264/712 2263/3568
f 2294/714 2262/713 2261/708 2293/710
f 2307/3573 2265/3571 2264/712 2296/711
f 2313/3574 2282/3572 2265/3571 2307/3573
f 2266/3396 2267/3404 2269/3575 2272/3560
f 2267/3404 2268/3405 2270/3576 2269/3575
f 2316/3414 2270/3576 2268/3405 2271/3406
f 2273/3563 2272/3560 2269/3575 2274/3577
f 2269/3575 2270/3576 2275/3578 2274/3577
f 2317/3579 2275/3578 2270/3576 2316/3414
f 2273/3563 2274/3577 2302/3580 2301/3566
f 2274/3577 2275/3578 2303/3581 2302/3580
f 2323/3582 2303/3581 2275/3578 2317/3579
f 2281/3583 2277/686 2276/684 2312/3570
f 2280/3411 2279/3410 2277/686 2281/3583
f 2278/3412 2280/3411 2283/3584 2320/3585
f 2319/3586 2318/3413 2278/3412 2320/3585
f 2280/3411 2281/3583 2284/3587 2283/3584
f 2281/3583 2312/3570 2282/3572 2284/3587
f 2308/3588 2284/3587 2282/3572 2313/3574
f 2283/3584 2284/3587 2308/3588 2309/3589
f 2322/3590 2320/3585 2283/3584 2309/3589
f 2285/709 2286/707 2290/3591 2289/3592
f 2285/709 2289/3592 2297/3593 2293/710
f 2286/707 2287/706 2291/3594 2290/3591
f 2287/706 2288/3565 2292/3595 2291/3594
f 2305/3596 2292/3597 2288/3567 2301/3566
f 2289/3592 2290/3591 2327/3598 2330/3599
f 2329/3600 2297/3593 2289/3592 2330/3599
f 2290/3591 2291/3594 2328/3601 2327/3598
f 2291/3594 2292/3595 2337/3602 2328/3601
f 2292/3597 2305/3596 2338/3603 2337/3604
f 2298/3605 2294/714 2293/710 2297/3593
f 2299/3606 2295/715 2294/714 2298/3605
f 2300/3607 2296/711 2295/715 2299/3606
f 2296/711 2300/3607 2311/3608 2307/3573
f 2331/3609 2298/3605 2297/3593 2329/3600
f 2332/3610 2299/3606 2298/3605 2331/3609
f 2356/3611 2300/3607 2299/3606 2332/3610
f 2359/3612 2311/3608 2300/3607 2356/3611
f 2301/3566 2302/3580 2306/3613 2305/3596
f 2302/3580 2303/3581 2304/3614 2306/3613
f 2324/3615 2304/3614 2303/3581 2323/3582
f 2339/3616 2306/3613 2304/3614 2379/3617
f 2304/3614 2324/3615 2380/3618 2379/3617
f 2305/3596 2306/3613 2339/3616 2338/3603
f 2307/3573 2311/3608 2314/3619 2313/3574
f 2310/3620 2309/3589 2308/3588 2315/3621
f 2308/3588 2313/3574 2314/3619 2315/3621
f 2309/3589 2310/3620 2326/3622 2322/3590
f 2310/3620 2315/3621 2361/3623 2340/3624
f 2383/3625 2326/3622 2310/3620 2340/3624
f 2360/3626 2314/3619 2311/3608 2359/3612
f 2361/3623 2315/3621 2314/3619 2360/3626
f 2316/3414 2318/3413 2319/3586 2317/3579
f 2317/3579 2319/3586 2321/3627 2323/3582
f 2319/3586 2320/3585 2322/3590 2321/3627
f 2324/3615 2323/3582 2321/3627 2325/3628
f 2321/3627 2322/3590 2326/3622 2325/3628
f 2324/3615 2325/3628 2382/3629 2380/3618
f 2325/3628 2326/3622 2383/3625 2382/3629
f 2333/3630 2330/3599 2327/3598 2341/3631
f 2327/3598 2328/3601 2342/3632 2341/3631
f 2328/3601 2337/3602 2351/3633 2342/3632
f 2329/3600 2330/3599 2333/3630 2334/3634
f 2336/3635 2331/3609 2329/3600 2334/3634
f 2335/3636 2332/3610 2331/3609 2336/3635
f 2332/3610 2335/3636 2357/3637 2356/3611
f 2333/3630 2341/3631 2345/3638 2344/3639
f 2346/3640 2334/3634 2333/3630 2344/3639
f 2343/716 2336/3635 2334/3634 2346/3640
f 2335/3636 2336/3635 2343/716 2369/717
f 2358/718 2357/3637 2335/3636 2369/717
f 2337/3604 2338/3603 2352/720 2351/3641
f 2338/3603 2339/3616 2353/721 2352/720
f 2339/3616 2379/3617 2386/3642 2353/721
f 2340/3624 2361/3623 2366/3643 2367/3644
f 2340/3624 2367/3644 2385/3645 2383/3625
f 2341/3631 2342/3632 2350/3646 2345/3638
f 2354/3647 2350/3646 2342/3632 2351/3633
f 2343/716 2346/3640 2348/338 2347/341
f 2344/3639 2397/339 2348/338 2346/3640
f 2398/342 2397/339 2344/3639 2345/3638
f 2345/3638 2350/3646 2399/3648 2398/342
f 2347/341 2349/337 2370/719 2369/717
f 2350/3646 2354/3647 2402/3649 2399/3648
f 2351/3641 2352/720 2355/722 2354/3650
f 2387/3651 2355/722 2353/721 2386/3642
f 2354/3650 2355/722 2403/3652 2402/3653
f 2355/722 2387/3651 2404/3654 2403/3652
f 2356/3611 2357/3637 2362/3655 2359/3612
f 2357/3637 2358/718 2364/724 2362/3655
f 2363/3656 2360/3626 2359/3612 2362/3655
f 2366/3643 2361/3623 2360/3626 2363/3656
f 2365/3657 2363/3656 2362/3655 2364/724
f 2363/3656 2365/3657 2368/3658 2366/3643
f 2374/3659 2365/3657 2364/724 2371/723
f 2376/3660 2368/3658 2365/3657 2374/3659
f 2375/3661 2367/3644 2366/3643 2368/3658
f 2367/3644 2375/3661 2391/727 2385/3645
f 2395/3662 2375/3661 2368/3658 2376/3660
f 2370/719 2372/2459 2373/3663 2371/723
f 2371/723 2373/3663 2377/3664 2374/3659
f 2415/3665 2373/3663 2372/2459 2414/350
f 2418/3666 2377/3664 2373/3663 2415/3665
f 2378/3667 2376/3660 2374/3659 2377/3664
f 2393/725 2391/727 2375/3661 2395/3662
f 2376/3660 2378/3667 2396/3668 2395/3662
f 2419/3669 2378/3667 2377/3664 2418/3666
f 2455/3670 2396/3668 2378/3667 2419/3669
f 2379/3617 2380/3618 2381/3671 2386/3642
f 2384/3672 2381/3671 2380/3618 2382/3629
f 2387/3651 2386/3642 2381/3671 2388/3673
f 2381/3671 2384/3672 2389/3674 2388/3673
f 2382/3629 2383/3625 2385/3645 2384/3672
f 2384/3672 2385/3645 2391/727 2389/3674
f 2387/3651 2388/3673 2438/3675 2404/3654
f 2388/3673 2389/3674 2390/3676 2438/3675
f 2389/3674 2391/727 2392/726 2390/3676
f 2440/732 2438/3675 2390/3676 2439/3677
f 2390/3676 2392/726 2441/729 2439/3677
f 2392/726 2393/725 2394/730 2441/729
f 2393/725 2395/3662 2396/3668 2394/730
f 2394/730 2396/3668 2455/3670 2456/728
f 2401/3678 2400/340 2398/342 2399/3648
f 2407/3679 2401/3678 2399/3648 2402/3649
f 2413/2454 2412/2446 2400/2447 2401/3680
f 2406/3528 2413/2454 2401/3680 2407/3681
f 2402/3653 2403/3652 2410/3682 2407/3683
f 2403/3652 2404/3654 2405/731 2410/3682
f 2440/732 2405/731 2404/3654 2438/3675
f 2408/3523 2410/3684 2405/3685 2409/3524
f 2437/697 2409/699 2405/731 2442/733
f 2410/3684 2408/3523 2406/3522 2407/3686
f 2417/3687 2415/3665 2414/350 2416/349
f 2415/3665 2417/3687 2420/3688 2418/3666
f 2423/3689 2417/3687 2416/349 2422/2460
f 2428/3690 2420/3688 2417/3687 2423/3689
f 2421/3691 2419/3669 2418/3666 2420/3688
f 2419/3669 2421/3691 2458/3692 2455/3670
f 2430/3693 2421/3691 2420/3688 2428/3690
f 2421/3691 2430/3693 2431/3694 2458/3692
f 2424/3695 2423/3689 2422/2460 2425/2461
f 2423/3689 2424/3695 2429/3696 2428/3690
f 2424/3697 2427/3698 2434/3699 2429/3700
f 2424/3701 2425/351 2462/353 2427/3702
f 2463/362 2465/3703 2427/3702 2462/353
f 2466/3704 2434/3699 2427/3698 2465/3705
f 2428/3690 2429/3696 2432/3706 2430/3693
f 2435/734 2432/736 2429/3700 2434/3699
f 2433/3707 2431/3694 2430/3693 2432/3706
f 2457/3708 2458/3692 2431/3694 2459/3709
f 2431/3694 2433/3707 2460/3710 2459/3709
f 2491/744 2461/738 2433/735 2473/737
f 2472/740 2435/734 2434/3699 2466/3704
f 2436/698 2437/697 2446/3711 2445/3712
f 2437/697 2442/733 2443/3713 2449/3714
f 2450/3715 2446/3711 2437/697 2449/3714
f 2442/733 2440/732 2439/3677 2443/3713
f 2439/3677 2441/729 2444/3716 2443/3713
f 2457/3708 2444/3716 2441/729 2456/728
f 2451/3717 2449/3714 2443/3713 2444/3716
f 2444/3716 2457/3708 2459/3709 2451/3717
f 2445/696 2446/3718 2448/701 2447/700
f 2454/741 2448/701 2446/3718 2450/3719
f 2452/3720 2450/3715 2449/3714 2451/3717
f 2450/3719 2452/3721 2453/3722 2454/741
f 2451/3717 2459/3709 2460/3710 2452/3720
f 2452/3721 2460/739 2461/738 2453/3722
f 2484/703 2454/741 2453/3722 2492/743
f 2453/3722 2461/738 2491/744 2492/743
f 2457/3708 2456/728 2455/3670 2458/3692
f 2463/362 2464/361 2468/3723 2465/3703
f 2464/2496 2467/2495 2469/2510 2468/3724
f 2470/3725 2466/3704 2465/3705 2468/3726
f 2466/3704 2470/3725 2474/3727 2472/740
f 2468/3724 2469/2510 2471/3728 2470/3729
f 2469/2510 2475/2511 2556/3730 2471/3728
f 2470/3729 2471/3728 2477/3731 2474/3732
f 2561/3733 2477/3731 2471/3728 2556/3730
f 2479/3734 2473/737 2472/740 2474/3727
f 2473/737 2479/3734 2480/746 2491/744
f 2474/3732 2477/3731 2478/749 2479/748
f 2475/2511 2494/418 2557/3735 2556/3730
f 2480/746 2482/3736 2476/3737 2493/742
f 2476/3737 2490/3738 2487/745 2493/742
f 2476/3737 2482/3736 4519/752 4539/751
f 4535/753 2490/3738 2476/3737 4539/751
f 2562/3739 2478/749 2477/3731 2561/3733
f 2478/749 2481/3740 2482/3741 2480/747
f 2564/3742 2481/3740 2478/749 2562/3739
f 4519/756 2482/3743 2481/3744 4517/757
f 2481/3744 2564/3745 4611/3746 4517/757
f 2483/702 2484/703 2488/3747 2485/3556
f 2487/745 2488/3747 2484/703 2492/743
f 2489/3748 2486/3557 2485/3556 2488/3747
f 2486/3557 2489/3748 4536/3749 4534/3558
f 2487/745 2490/3738 2489/3748 2488/3747
f 2489/3748 2490/3738 4535/753 4536/3749
f 2494/418 2495/411 2496/421 2557/3735
f 2496/421 2530/419 2531/765 2554/3750
f 2558/3751 2557/3735 2496/421 2559/3752
f 2496/421 2554/3750 2560/3753 2559/3752
f 2497/2572 2524/436 2499/3754 2498/3755
f 2497/2572 2498/3755 2500/758 2526/439
f 2522/438 2521/434 2497/2572 2526/439
f 2498/3755 2499/3754 2504/3756 2505/3757
f 2516/759 2500/758 2498/3755 2505/3757
f 2506/762 2504/3756 2499/3754 2527/763
f 2499/3754 2524/436 2525/435 2527/763
f 2505/3757 2504/3756 2501/3758 2515/3759
f 2501/3758 2504/3756 2506/762 2507/3760
f 2501/3758 2507/3760 2514/766 2509/768
f 2501/3758 2509/768 2518/3761 2515/3759
f 2507/3760 2506/762 2502/761 2503/3762
f 2502/761 2527/763 2532/770 2533/769
f 2534/773 2503/3762 2502/761 2533/769
f 2514/766 2507/3760 2503/3762 2512/771
f 2535/772 2512/771 2503/3762 2534/773
f 2505/3757 2515/3759 2517/774 2516/759
f 2510/3763 2511/767 2508/551 2575/3764
f 2514/766 2513/552 2508/551 2511/767
f 2508/551 2573/553 2574/2733 2575/3764
f 2509/768 2511/767 2510/3763 2518/3761
f 2519/775 2518/3761 2510/3763 2520/3765
f 2510/3763 2575/3764 2577/3766 2520/3765
f 2546/455 2548/463 2512/771 2535/772
f 2512/771 2548/463 2578/461 2513/552
f 2519/775 2517/774 2515/3759 2518/3761
f 2516/759 2517/774 2537/776 2536/760
f 2519/775 2520/3765 2549/3767 2537/776
f 2547/3768 2549/3767 2520/3765 2577/3766
f 2527/763 2525/435 2523/2573 2532/770
f 2523/2573 2528/2574 2539/453 2532/770
f 2528/2574 2540/444 2541/443 2539/453
f 2531/765 2530/419 2529/437 2544/442
f 2555/780 2554/3750 2531/765 2552/777
f 2542/454 2534/773 2533/769 2539/453
f 2543/456 2546/455 2535/772 2542/454
f 2536/760 2537/776 2538/778 2545/764
f 2550/781 2538/778 2537/776 2549/3767
f 2550/781 2549/3767 2547/3768 2551/556
f 2547/3768 2577/3766 2576/2735 2579/555
f 2547/3768 2579/555 2580/554 2551/556
f 2551/556 2581/557 2585/3769 2553/779
f 2587/782 2555/780 2553/779 2585/3769
f 2554/3750 2555/780 2568/3770 2560/3753
f 2607/784 2568/3770 2555/780 2587/782
f 2556/3730 2557/3735 2558/3751 2561/3733
f 2562/3739 2561/3733 2558/3751 2563/3771
f 2558/3751 2559/3752 2566/3772 2563/3771
f 2559/3752 2560/3753 2567/3773 2566/3772
f 2569/3774 2567/3773 2560/3753 2568/3770
f 2562/3739 2563/3771 2565/3775 2564/3742
f 2570/3776 2565/3775 2563/3771 2566/3772
f 2564/3745 2565/3777 4613/3778 4611/3746
f 2565/3777 2570/3779 4614/3780 4613/3778
f 2566/3772 2567/3773 2571/3781 2570/3776
f 2567/3773 2569/3774 2572/3782 2571/3781
f 2609/3783 2569/3774 2568/3770 2607/784
f 2610/3784 2572/3782 2569/3774 2609/3783
f 2570/3779 2571/3785 4615/3786 4614/3780
f 2571/3785 2572/3787 4616/3788 4615/3786
f 2572/3787 2610/3789 4688/3790 4616/3788
f 2577/3766 2575/3764 2574/2733 2576/2735
f 2581/557 2583/2743 2586/3791 2585/3769
f 2591/3792 2584/2745 2582/2744 2589/2750
f 2583/2743 2584/2745 2588/3793 2586/3791
f 2593/785 2588/3793 2584/2745 2591/3792
f 2585/3769 2586/3791 2595/783 2587/782
f 2586/3791 2588/3793 2596/3794 2595/783
f 2588/3793 2593/785 2614/787 2596/3794
f 2589/2750 2590/2754 2592/3795 2591/3792
f 2590/2754 2597/2753 2599/2830 2598/3796
f 2600/3797 2592/3795 2590/2754 2598/3796
f 2591/3792 2592/3795 2594/786 2593/785
f 2615/788 2594/786 2592/3795 2600/3797
f 2608/3798 2607/784 2595/783 2596/3794
f 2617/3799 2608/3798 2596/3794 2614/787
f 2602/3800 2600/3797 2598/3796 2601/3801
f 2598/3796 2599/2830 2603/2831 2601/3801
f 2600/3797 2602/3800 2616/3802 2615/788
f 2601/3801 2603/2831 2604/573 2605/572
f 2620/3803 2602/3800 2601/3801 2605/572
f 2618/3804 2616/3802 2602/3800 2620/3803
f 2604/576 4680/2838 4685/3805 4681/574
f 2605/572 2606/571 2621/3806 2620/3803
f 4693/3807 2621/3808 2606/575 4681/574
f 2607/784 2608/3798 2611/3809 2609/3783
f 2622/3810 2611/3809 2608/3798 2617/3799
f 2612/3811 2610/3784 2609/3783 2611/3809
f 2610/3789 2612/3812 4689/3813 4688/3790
f 2613/3814 2612/3811 2611/3809 2622/3810
f 2612/3812 2613/3815 4694/3816 4689/3813
f 2613/3814 2622/3810 2618/3804 2619/3817
f 2613/3815 2619/3818 4692/3819 4694/3816
f 2614/787 2615/788 2616/3802 2617/3799
f 2622/3810 2617/3799 2616/3802 2618/3804
f 2618/3804 2620/3803 2621/3806 2619/3817
f 2619/3818 2621/3808 4693/3807 4692/3819
f 2626/3820 2627/3821 2623/3822 2635/3823
f 2630/3824 2624/3825 2623/3822 2627/3821
f 2623/3822 2634/3826 2637/3827 2635/3823
f 2623/3822 2624/3825 2639/3828 2634/3826
f 2631/3829 2625/3830 2624/3825 2630/3831
f 2624/3825 2625/3830 2640/3832 2639/3828
f 2641/3833 2640/3832 2625/3830 2650/789
f 2625/3830 2631/3829 2651/790 2650/789
f 2629/3834 2627/3821 2626/3820 2628/3835
f 2626/3820 2635/3823 2636/3836 2647/3837
f 2649/3838 2628/3835 2626/3820 2647/3837
f 2627/3821 2629/3834 2632/3839 2630/3824
f 2663/3840 2629/3834 2628/3835 2666/3841
f 2628/3835 2649/3838 2667/3842 2666/3841
f 2664/3843 2632/3839 2629/3834 2663/3840
f 2633/3844 2631/3829 2630/3831 2632/3845
f 2631/3829 2633/3844 2652/792 2651/790
f 2665/3846 2633/3844 2632/3845 2664/3847
f 2672/793 2652/792 2633/3844 2665/3846
f 2642/796 2637/3827 2634/3826 2643/3848
f 2634/3826 2639/3828 2645/3849 2643/3848
f 2638/3850 2636/3836 2635/3823 2637/3827
f 2648/3851 2647/3837 2636/3836 2638/3850
f 2644/795 2638/3850 2637/3827 2642/796
f 2638/3850 2644/795 2653/3852 2648/3851
f 2639/3828 2640/3832 2646/3853 2645/3849
f 2640/3832 2641/3833 2657/3854 2646/3853
f 2641/3833 2650/789 2659/791 2660/3855
f 2661/803 2657/3854 2641/3833 2660/3855
f 2642/796 2643/3848 2710/3856 2709/794
f 2643/3848 2645/3849 2711/3857 2710/3858
f 2718/3859 2653/3852 2644/795 2709/794
f 2645/3849 2646/3853 2712/3860 2711/3857
f 2646/3853 2657/3854 2658/3861 2712/3860
f 2647/3837 2648/3851 2654/3862 2649/3838
f 2648/3851 2653/3852 2655/800 2654/3862
f 2649/3838 2654/3862 2676/3863 2667/3842
f 2719/798 2655/800 2653/3852 2718/3859
f 2654/3862 2655/800 2656/799 2676/3863
f 2677/3864 2676/3863 2656/799 2731/3865
f 2656/799 2719/798 2733/823 2731/3865
f 2662/802 2658/3861 2657/3854 2661/803
f 2714/3866 2712/3860 2658/3861 2722/3867
f 2658/3861 2662/802 2723/810 2722/3867
f 2679/805 2660/3855 2659/791 2673/797
f 2680/801 2661/803 2660/3855 2679/805
f 2662/802 2680/801 2736/808 2723/810
f 2663/3840 2666/3841 2668/813 2669/812
f 2674/815 2664/3843 2663/3840 2669/812
f 2675/3868 2665/3846 2664/3847 2674/3869
f 2673/797 2672/793 2665/3846 2675/3868
f 2666/3841 2667/3842 2670/3870 2668/813
f 2677/3864 2670/3870 2667/3842 2676/3863
f 2668/813 2670/3870 2685/817 2687/811
f 2670/3870 2677/3864 2678/818 2685/817
f 2675/3868 2674/3869 2671/3871 2681/806
f 2671/814 2687/811 2683/3872 2684/3873
f 2691/822 2681/806 2671/3871 2684/820
f 2673/797 2675/3868 2681/806 2679/805
f 2677/3864 2731/3865 2733/823 2678/818
f 2693/828 2682/804 2681/806 2691/822
f 2683/3872 2687/811 2685/817 2686/819
f 2689/3874 2684/3873 2683/3872 2688/3875
f 2683/3872 2686/819 2690/824 2688/3875
f 2688/3875 2690/824 2766/835 2767/834
f 2768/837 2689/3874 2688/3875 2767/834
f 2690/824 2692/816 2771/826 2766/835
f 2738/3876 2693/828 2691/822 2770/832
f 2736/808 2732/807 2693/828 2737/830
f 2742/843 2737/830 2693/828 2738/3876
f 2694/846 2696/845 2695/3877 2715/849
f 2714/3866 2697/844 2694/846 2713/848
f 2695/3877 2696/845 2701/3878 2699/3879
f 2724/3880 2715/849 2695/3877 2725/3881
f 2695/3877 2699/3879 2746/3882 2725/3881
f 2696/845 2697/844 2698/3883 2701/3878
f 2697/844 2714/3866 2722/3867 2728/3884
f 2729/3885 2698/3883 2697/844 2728/3884
f 2702/3886 2701/3878 2698/3883 2703/3887
f 2756/3888 2703/3887 2698/3883 2729/3885
f 2702/3886 2700/3889 2699/3879 2701/3878
f 2699/3879 2700/3889 2748/3890 2746/3882
f 2700/3889 2702/3886 2704/855 2706/854
f 2700/3889 2706/854 2749/3891 2748/3890
f 2702/3886 2703/3887 2705/3892 2704/855
f 2707/3893 2705/3892 2703/3887 2756/3888
f 2704/855 2705/3892 4019/3894 4012/853
f 2705/3892 2707/3893 2708/858 4019/3894
f 4011/3895 2749/3891 2706/854 4012/853
f 2707/3893 2756/3888 2758/3896 2757/3897
f 2759/3898 2708/858 2707/3893 2757/3897
f 4020/3899 4019/3894 2708/858 4021/857
f 2708/858 2759/3898 4083/859 4022/856
f 2709/794 2710/3856 2717/852 2716/851
f 2709/794 2716/851 2720/3900 2718/3859
f 2710/3858 2711/3857 2713/848 2717/847
f 2711/3857 2712/3860 2714/3866 2713/848
f 2720/3900 2716/851 2715/850 2724/3901
f 2721/3902 2719/798 2718/3859 2720/3900
f 2719/798 2721/3902 2734/827 2733/823
f 2720/3900 2724/3901 2726/861 2721/3902
f 2721/3902 2726/861 2739/863 2734/827
f 2722/3867 2723/810 2730/809 2728/3884
f 2724/3901 2725/3903 2727/862 2726/861
f 2747/3904 2727/862 2725/3903 2746/3905
f 2727/862 2747/3904 2753/3906 2752/864
f 2744/3907 2729/3885 2728/3884 2730/809
f 2729/3885 2744/3907 2758/3896 2756/3888
f 2730/809 2741/829 2745/3908 2744/3907
f 2740/865 2735/825 2734/827 2739/863
f 2735/825 2740/865 2795/874 2796/841
f 2738/3876 2770/832 2778/877 2793/879
f 2797/876 2742/843 2738/3876 2793/879
f 2740/865 2752/864 2837/884 2795/874
f 2741/829 2743/866 2762/3909 2745/3908
f 2839/3910 2762/3909 2743/866 2799/886
f 2744/3907 2745/3908 2761/3911 2758/3896
f 2763/3912 2761/3911 2745/3908 2762/3909
f 2750/3913 2747/3904 2746/3905 2748/3914
f 2747/3904 2750/3913 2755/3915 2753/3906
f 2748/3914 2749/3916 2751/3917 2750/3913
f 4049/3918 2751/3917 2749/3916 4011/3919
f 2750/3913 2751/3917 2754/3920 2755/3915
f 4050/3921 2754/3920 2751/3917 4049/3918
f 2752/864 2753/3906 2838/3922 2837/884
f 2753/3906 2755/3915 2841/3923 2838/3922
f 2841/3923 2755/3915 2754/3920 2842/3924
f 4053/3925 2842/3924 2754/3920 4050/3921
f 2760/3926 2759/3898 2757/3897 2765/3927
f 2757/3897 2758/3896 2761/3911 2765/3927
f 2759/3898 2760/3926 4099/3928 4083/859
f 2760/3926 2765/3927 2764/3929 4057/3930
f 2760/3926 4057/3930 4103/3931 4099/3928
f 2761/3911 2763/3912 2764/3929 2765/3927
f 2860/3932 2763/3912 2762/3909 2839/3910
f 2861/3933 2764/3929 2763/3912 2860/3932
f 4056/3934 4057/3930 2764/3929 2861/3933
f 2769/836 2773/889 2775/3935 2779/3936
f 2778/877 2770/832 2769/838 2779/890
f 2773/889 2772/833 2771/826 2774/842
f 2773/889 2774/842 2776/867 2775/3935
f 2781/3937 2779/3936 2775/3935 2780/3938
f 2775/3935 2776/867 2782/868 2780/3938
f 2780/3938 2782/868 2783/869 2784/3939
f 2785/3940 2781/3937 2780/3938 2784/3939
f 2783/869 2787/840 2786/870 2784/3939
f 2788/3941 2785/3940 2784/3939 2786/870
f 2791/3942 2788/3941 2786/870 2790/891
f 2802/3943 2790/891 2789/871 2801/893
f 2803/3944 2791/3942 2790/891 2802/3943
f 2797/876 2793/879 2792/882 2798/885
f 2800/887 2798/885 2792/882 2794/895
f 2794/895 2811/898 2819/3945 2820/3946
f 2836/3947 2800/887 2794/895 2820/3946
f 2806/3948 2804/872 2796/841 2812/875
f 2799/886 2800/887 2836/3947 2854/3949
f 2840/3950 2839/3910 2799/886 2854/3949
f 2807/3951 2802/3943 2801/893 2805/894
f 2810/3952 2803/3944 2802/3943 2807/3951
f 2808/3953 2805/894 2804/872 2806/3948
f 2809/3954 2807/3951 2805/894 2808/3953
f 2806/3948 2812/875 2813/3955 2808/3953
f 2811/3956 2810/3952 2807/3951 2809/3954
f 2818/3957 2809/3954 2808/3953 2813/3955
f 2819/3958 2811/3956 2809/3954 2818/3957
f 2815/902 2813/3955 2812/875 2814/903
f 2812/875 2821/873 2824/899 2814/903
f 2813/3955 2815/902 2816/3959 2818/3957
f 2826/904 2817/901 2814/903 2824/899
f 2829/3960 2816/3959 2815/902 2817/901
f 2819/3958 2818/3957 2816/3959 2822/3961
f 2830/3962 2822/3961 2816/3959 2829/3960
f 2817/901 2826/904 2831/905 2829/3960
f 2823/3963 2820/3946 2819/3945 2822/3964
f 2820/3946 2823/3963 2828/3965 2836/3947
f 2833/908 2823/3963 2822/3964 2830/906
f 2835/3966 2828/3965 2823/3963 2833/908
f 2824/899 2825/883 2827/900 2826/904
f 2832/3967 2831/905 2827/900 2834/3968
f 2852/3969 2834/3968 2827/900 2848/888
f 2828/3965 2835/3966 2853/3970 2855/3971
f 2854/3949 2836/3947 2828/3965 2855/3971
f 2832/3967 2830/3962 2829/3960 2831/905
f 2835/3966 2833/908 2832/907 2834/3972
f 2853/3970 2835/3966 2834/3972 2852/3973
f 2837/884 2838/3922 2849/3974 2848/888
f 2838/3922 2841/3923 2857/3975 2849/3974
f 2839/3910 2840/3950 2845/3976 2860/3932
f 2844/3977 2845/3976 2840/3950 2856/3978
f 2840/3950 2854/3949 2855/3971 2856/3978
f 2841/3923 2842/3924 4216/3979 2857/3975
f 2842/3924 4053/3925 4215/3980 4216/3979
f 2843/3981 2845/3976 2844/3977 2846/3982
f 2860/3932 2845/3976 2843/3981 2861/3933
f 4056/3934 2861/3933 2843/3981 4224/3983
f 2843/3981 2846/3982 4220/3984 4224/3983
f 2847/3985 2846/3982 2844/3977 2859/3986
f 2844/3977 2856/3978 2851/3987 2859/3986
f 2846/3982 2847/3985 4219/3988 4220/3984
f 2847/3985 2859/3986 2858/3989 4217/3990
f 2847/3985 4217/3990 4218/3991 4219/3988
f 2848/888 2849/3974 2850/3992 2852/3969
f 2858/3993 2850/3992 2849/3974 2857/3975
f 2853/3970 2852/3973 2850/3994 2851/3987
f 2850/3994 2858/3989 2859/3986 2851/3987
f 2855/3971 2853/3970 2851/3987 2856/3978
f 2857/3975 4216/3979 4217/3995 2858/3993
f 2862/909 2874/917 2873/916 2878/3996
f 2879/3997 2864/910 2862/909 2878/3996
f 4229/919 2874/917 2862/909 4245/911
f 2863/913 2870/3998 2866/3999 4246/912
f 2868/4000 2870/3998 2863/913 2884/4001
f 2863/913 2864/910 2879/3997 2884/4001
f 2864/910 4242/914 4241/4002 4245/911
f 2866/3999 2870/3998 2865/4003 2867/4004
f 2865/4003 2870/3998 2868/4000 2869/4005
f 2865/4003 2869/4005 2894/4006 2896/4007
f 2897/4008 2867/4004 2865/4003 2896/4007
f 4242/914 4246/912 2866/3999 4247/4009
f 2866/3999 2867/4004 4248/4010 4247/4009
f 2867/4004 2897/4008 4314/4011 4248/4010
f 2868/4000 2884/4001 2885/4012 2887/921
f 2886/920 2869/4005 2868/4000 2887/921
f 2869/4005 2886/920 2919/4013 2894/4006
f 2871/4014 2875/4015 2872/915 4262/4016
f 2871/4014 4262/4016 4260/4017 4263/4018
f 2871/4014 4263/4018 4268/4019 4269/926
f 4272/925 2875/4015 2871/4014 4269/926
f 2872/915 2875/4015 2876/4020 2873/916
f 4261/4021 4262/4016 2872/915 4264/918
f 2880/4022 2878/3996 2873/916 2876/4020
f 2877/4023 2876/4020 2875/4015 4272/925
f 2876/4020 2877/4023 2882/4024 2880/4022
f 2877/4023 4272/925 4273/924 4275/4025
f 4292/4026 2882/4024 2877/4023 4275/4025
f 2881/4027 2879/3997 2878/3996 2880/4022
f 2885/4012 2884/4001 2879/3997 2881/4027
f 2883/4028 2881/4027 2880/4022 2882/4024
f 2881/4027 2883/4028 2888/4029 2885/4012
f 4294/4030 2883/4028 2882/4024 4292/4026
f 2889/4031 2888/4029 2883/4028 4294/4030
f 2890/923 2887/921 2885/4012 2888/4029
f 2923/4032 2919/4013 2886/920 2922/922
f 2888/4029 2889/4031 2891/4033 2890/923
f 2889/4031 4294/4030 4295/4034 4299/4035
f 4300/4036 2891/4033 2889/4031 4299/4035
f 2924/4037 2922/922 2890/923 2891/4033
f 4352/4038 2924/4037 2891/4033 4300/4036
f 2892/4039 4314/4011 2897/4008 2893/4040
f 2892/4039 2893/4040 2905/4041 2902/4042
f 4315/4043 4314/4011 2892/4039 4317/4044
f 2892/4039 2902/4042 4325/4045 4317/4044
f 2893/4040 2897/4008 2896/4007 2898/4046
f 2893/4040 2898/4046 2912/4047 2905/4041
f 2898/4046 2896/4007 2894/4006 2895/4048
f 2920/4049 2895/4048 2894/4006 2919/4013
f 2912/4047 2898/4046 2895/4048 2916/4050
f 2929/4051 2916/4050 2895/4048 2920/4049
f 2908/928 2900/927 2899/1793 2907/1792
f 2899/1793 2900/927 2945/930 2944/1794
f 2901/4052 2948/929 2908/928 2906/4053
f 2901/4052 2906/4053 2909/4054 2910/934
f 2901/4052 2910/934 2914/936 2949/4055
f 2951/932 2948/929 2901/4052 2949/4055
f 2904/935 2903/4056 2902/4057 2905/4058
f 2902/4057 2903/4056 4326/4059 4325/4060
f 2910/934 2909/4054 2903/4056 2904/935
f 2903/4056 2909/4054 4329/4061 4326/4059
f 2904/935 2905/4058 2912/4062 2911/937
f 4329/4061 2909/4054 2906/4053 4330/4063
f 2906/4053 2908/928 4378/4064 4330/4063
f 4378/4064 2908/928 2907/1792 4379/1802
f 2911/937 2912/4062 2916/4065 2915/4066
f 2917/4067 2913/933 2911/937 2915/4066
f 2918/4068 2914/936 2913/933 2917/4067
f 2956/4069 2949/4055 2914/936 2918/4068
f 2927/4070 2917/4067 2915/4066 2926/4071
f 2915/4066 2916/4065 2929/4072 2926/4071
f 2928/4073 2918/4068 2917/4067 2927/4070
f 2918/4068 2928/4073 2989/4074 2956/4069
f 2921/4075 2920/4049 2919/4013 2923/4032
f 2920/4049 2921/4075 2930/4076 2929/4051
f 2921/4075 2923/4032 2925/4077 2934/4078
f 2936/4079 2930/4076 2921/4075 2934/4078
f 2925/4077 2923/4032 2922/922 2924/4037
f 4353/4080 2925/4077 2924/4037 4352/4038
f 2935/4081 2934/4078 2925/4077 4353/4080
f 2926/4071 2929/4072 2930/4082 2931/4083
f 2932/4084 2927/4070 2926/4071 2931/4083
f 2933/4085 2928/4073 2927/4070 2932/4084
f 2928/4073 2933/4085 2990/4086 2989/4074
f 2937/4087 2931/4083 2930/4082 2936/4088
f 2938/4089 2932/4084 2931/4083 2937/4087
f 2939/4090 2933/4085 2932/4084 2938/4089
f 2933/4085 2939/4090 2996/4091 2990/4086
f 2934/4078 2935/4081 2940/4092 2936/4079
f 2935/4081 4353/4080 4356/4093 4364/4094
f 4365/4095 2940/4092 2935/4081 4364/4094
f 2941/4096 2937/4087 2936/4088 2940/4097
f 2943/4098 2938/4089 2937/4087 2941/4096
f 2942/4099 2939/4090 2938/4089 2943/4098
f 2939/4090 2942/4099 2997/4100 2996/4091
f 4370/4101 2941/4096 2940/4097 4365/4102
f 4371/4103 2943/4098 2941/4096 4370/4101
f 2942/4099 2943/4098 4371/4103 4372/4104
f 4433/4105 2997/4100 2942/4099 4372/4104
f 2944/1794 2945/930 2947/4106 2946/2358
f 2954/4107 2947/4106 2945/930 2950/931
f 2946/2358 2947/4106 2953/4108 2952/2360
f 2955/4109 2953/4108 2947/4106 2954/4107
f 2957/4110 2951/932 2949/4055 2956/4069
f 2950/931 2951/932 2957/4110 2958/4111
f 2960/4112 2954/4107 2950/931 2958/4111
f 2952/2360 2953/4108 2966/314 2965/310
f 2953/4108 2955/4109 2968/938 2966/314
f 2961/4113 2955/4109 2954/4107 2960/4112
f 2955/4109 2961/4113 2978/4114 2968/938
f 2959/4115 2957/4110 2956/4069 2989/4074
f 2963/940 2958/4111 2957/4110 2959/4115
f 2962/939 2960/4112 2958/4111 2963/940
f 2959/4115 2989/4074 2990/4086 2991/4116
f 2992/941 2963/940 2959/4115 2991/4116
f 2964/943 2961/4113 2960/4112 2962/939
f 2961/4113 2964/943 2980/4117 2978/4114
f 3000/4118 2980/4117 2964/943 2993/942
f 2967/309 2969/315 2974/4119 2971/2374
f 2970/4120 2969/315 2968/938 2978/4114
f 2969/315 2970/4120 2976/4121 2974/4119
f 2970/4120 2978/4114 2980/4117 2979/4122
f 2982/4123 2976/4121 2970/4120 2979/4122
f 2975/4124 2972/2376 2971/2374 2974/4119
f 2973/2380 2975/2379 2977/4125 2983/4126
f 2973/2380 2983/4126 3019/332 3014/318
f 2977/4127 2975/4124 2974/4119 2976/4121
f 2984/4128 2977/4127 2976/4121 2982/4123
f 2985/4129 2983/4126 2977/4125 2984/4130
f 2979/4122 2981/4131 2986/4132 2982/4123
f 2979/4122 2980/4117 3000/4118 2981/4131
f 2981/4131 3000/4118 3003/4133 3001/4134
f 3004/4135 2986/4132 2981/4131 3001/4134
f 2987/4136 2984/4128 2982/4123 2986/4132
f 2983/4126 2985/4129 3021/4137 3019/332
f 2988/4138 2985/4129 2984/4130 2987/944
f 2985/4129 2988/4138 3023/4139 3021/4137
f 3007/4140 2987/4136 2986/4132 3004/4135
f 3009/4141 2988/4138 2987/944 3008/946
f 2988/4138 3009/4141 3042/4142 3023/4139
f 2994/4143 2991/4116 2990/4086 2996/4091
f 2995/4144 2992/941 2991/4116 2994/4143
f 3002/4145 2993/942 2992/941 2995/4144
f 3003/4133 3000/4118 2993/942 3002/4145
f 2994/4143 2996/4091 2997/4100 2998/4146
f 2999/4147 2995/4144 2994/4143 2998/4146
f 2995/4144 2999/4147 3005/4148 3002/4145
f 4435/4149 2998/4146 2997/4100 4433/4105
f 4436/4150 2999/4147 2998/4146 4435/4149
f 4461/4151 3005/4148 2999/4147 4436/4150
f 3001/4134 3003/4133 3006/4152 3012/4153
f 3013/4154 3004/4135 3001/4134 3012/4153
f 3006/4152 3003/4133 3002/4145 3005/4148
f 3010/4155 3007/4140 3004/4135 3013/4154
f 4440/4156 3006/4152 3005/4148 4461/4151
f 4445/4157 3012/4153 3006/4152 4440/4156
f 3011/4158 3008/946 3007/945 3010/4159
f 3044/4160 3009/4141 3008/946 3011/4158
f 3045/4161 3042/4142 3009/4141 3044/4160
f 3010/4155 3013/4154 4444/4162 4446/4163
f 4447/4164 3011/4158 3010/4159 4446/4165
f 4493/4166 3044/4160 3011/4158 4447/4164
f 4444/4162 3013/4154 3012/4153 4445/4157
f 3020/4167 3016/2421 3015/331 3019/332
f 3018/4168 3017/2422 3016/2421 3020/4167
f 3017/2422 3018/4168 3028/4169 3027/2425
f 3018/4168 3020/4167 3022/4170 3025/4171
f 3018/4168 3025/4171 3032/4172 3028/4169
f 3022/4170 3020/4167 3019/332 3021/4137
f 3024/4173 3022/4170 3021/4137 3023/4139
f 3026/4174 3025/4171 3022/4170 3024/4173
f 3043/4175 3024/4173 3023/4139 3042/4142
f 3046/4176 3026/4174 3024/4173 3043/4175
f 3025/4171 3026/4174 3035/4177 3032/4172
f 3047/4178 3035/4177 3026/4174 3046/4176
f 3027/2425 3028/4169 3033/4179 3029/2435
f 3028/4169 3032/4172 3034/4180 3033/4179
f 3037/4181 3030/2437 3029/2435 3033/4179
f 3038/4182 3031/2440 3030/2437 3037/4181
f 3031/2440 3038/4182 3063/4183 3059/2441
f 3036/4184 3034/4180 3032/4172 3035/4177
f 3033/4179 3034/4180 3041/4185 3037/4181
f 3034/4180 3036/4184 3051/952 3041/4185
f 3053/4186 3036/4184 3035/4177 3047/4178
f 3055/953 3051/952 3036/4184 3053/4186
f 3039/4187 3038/4182 3037/4181 3041/4185
f 3038/4182 3039/4187 3040/957 3063/4183
f 3039/4187 3041/4185 3051/952 3052/4188
f 3092/955 3040/957 3039/4187 3052/4188
f 3064/958 3063/4183 3040/957 3065/956
f 3048/4189 3043/4175 3042/4142 3045/4161
f 3049/4190 3046/4176 3043/4175 3048/4189
f 4490/4191 3045/4161 3044/4160 4493/4166
f 4494/4192 3048/4189 3045/4161 4490/4191
f 3050/4193 3047/4178 3046/4176 3049/4190
f 3047/4178 3050/4193 3054/4194 3053/4186
f 4495/4195 3049/4190 3048/4189 4494/4192
f 4502/4196 3050/4193 3049/4190 4495/4195
f 4503/4197 3054/4194 3050/4193 4502/4196
f 3056/4198 3052/4188 3051/952 3057/954
f 3052/4188 3056/4198 3093/4199 3092/955
f 3053/4186 3054/4194 3058/4200 3055/953
f 4506/4201 3058/4200 3054/4194 4503/4197
f 4504/4202 3057/954 3055/953 3058/4200
f 3096/4203 3093/4199 3056/4198 3095/4204
f 3056/4198 3057/954 3097/4205 3095/4204
f 4505/4206 3097/4205 3057/954 4504/4202
f 4507/4207 4504/4202 3058/4200 4506/4201
f 3064/958 3060/2467 3059/2441 3063/4183
f 3066/959 3061/2468 3060/2467 3064/958
f 3088/4208 3062/358 3061/2468 3066/959
f 3087/4209 3076/360 3062/358 3088/4208
f 3065/956 3092/955 3093/4199 3094/965
f 3098/964 3066/959 3065/956 3094/965
f 3090/4210 3088/4208 3066/959 3098/964
f 3067/368 3070/370 3131/4211 3129/2480
f 3068/369 3069/2487 3072/966 3071/375
f 3326/4212 3072/966 3069/2487 3079/2489
f 3070/370 3071/375 3179/4213 3131/4211
f 3192/4214 3179/4213 3071/375 3195/967
f 3327/968 3195/967 3072/966 3326/4212
f 3077/4215 3074/2472 3073/359 3076/360
f 3078/4216 3075/2498 3074/2472 3077/4215
f 3075/2502 3078/4217 3083/4218 3081/2501
f 3089/972 3077/4215 3076/360 3087/4209
f 4521/971 3078/4216 3077/4215 3089/972
f 4524/4219 3083/4218 3078/4217 4521/4220
f 3079/2489 3080/2515 3085/4221 3326/4212
f 3080/2515 3082/2505 3084/4222 3085/4221
f 3084/4222 3082/2505 3081/2501 3083/4218
f 3086/4223 3084/4222 3083/4218 4524/4219
f 3331/4224 3085/4221 3084/4222 3086/4223
f 3330/4225 3326/4212 3085/4221 3331/4224
f 3086/4223 4524/4219 4526/4226 4516/4227
f 4618/1100 3331/4224 3086/4223 4516/4227
f 3087/4209 3088/4208 3090/4210 3091/4228
f 4522/970 3089/972 3087/4209 3091/4228
f 3090/4210 3098/964 3100/975 3107/974
f 4558/977 3091/4228 3090/4210 3107/974
f 4523/976 4522/970 3091/4228 4558/977
f 3099/963 3094/965 3093/4199 3096/4203
f 3102/4229 3096/4203 3095/4204 3101/4230
f 3095/4204 3097/4205 4542/4231 3101/4230
f 3103/4232 3099/963 3096/4203 3102/4229
f 3097/4205 4505/4206 4543/4233 4542/4231
f 3098/964 3099/963 3103/4232 3100/975
f 3100/975 3103/4232 3104/4234 3108/979
f 3106/4235 3102/4229 3101/4230 3105/4236
f 4544/4237 3105/4236 3101/4230 4542/4231
f 3104/4234 3103/4232 3102/4229 3106/4235
f 3111/983 3108/982 3104/4238 3112/4239
f 3104/4238 3106/985 4728/984 3112/4239
f 3107/974 3109/973 4559/978 4558/977
f 3109/981 3110/980 4561/4240 4559/4241
f 3110/980 3111/983 4572/993 4561/4240
f 3111/983 3112/4239 4752/4242 4574/992
f 3112/4239 4728/984 4754/1439 4752/4242
f 3116/995 3114/994 3113/2533 3115/2541
f 3113/2533 3114/994 3117/997 3121/1000
f 3122/999 3119/2534 3113/2533 3121/1000
f 3202/1001 3116/995 3115/2541 3201/2544
f 3124/998 3121/1000 3117/997 3118/1002
f 3210/4243 3124/998 3118/1002 3206/1003
f 3123/1008 3120/2535 3119/2534 3122/999
f 3120/2535 3123/1008 3209/1007 3125/2538
f 3122/999 3124/998 3213/1006 3123/1008
f 3124/998 3210/4243 3214/1033 3213/1006
f 3125/2538 3209/1007 3220/397 3219/396
f 3126/2610 3129/2480 3131/4211 3130/4244
f 3133/4245 3127/2611 3126/2610 3130/4244
f 3134/4246 3128/2614 3127/2611 3133/4245
f 3128/2614 3134/4246 3156/4247 3140/2615
f 3130/4244 3132/4248 3136/4249 3133/4245
f 3130/4244 3131/4211 3179/4213 3132/4248
f 3180/4250 3136/4249 3132/4248 3193/4251
f 3132/4248 3179/4213 3192/4214 3193/4251
f 3135/4252 3134/4246 3133/4245 3136/4249
f 3134/4246 3135/4252 3171/4253 3156/4247
f 3173/4254 3171/4253 3135/4252 3172/4255
f 3135/4252 3136/4249 3180/4250 3172/4255
f 3137/488 3138/2641 3143/4256 3144/489
f 3139/2638 3142/2637 3157/1011 3158/4257
f 3155/1012 3141/2636 3140/2615 3156/4247
f 3157/1011 3142/2637 3141/2636 3155/1012
f 3159/4258 3144/489 3143/4256 3154/4259
f 3160/1015 3145/1009 3144/489 3159/4258
f 3150/4260 3151/490 3145/1009 3163/4261
f 3145/1009 3160/1015 3161/1014 3163/4261
f 3146/2521 3147/491 3151/490 3150/4260
f 3152/4262 3148/2522 3146/2521 3150/4260
f 3153/4263 3149/2525 3148/2522 3152/4262
f 3149/2525 3153/4263 3203/1016 3201/2544
f 3150/4260 3163/4261 3164/4264 3152/4262
f 3166/4265 3153/4263 3152/4262 3164/4264
f 3153/4263 3166/4265 3207/1017 3203/1016
f 3169/1018 3159/4258 3154/4259 3170/1019
f 3155/1012 3156/4247 3171/4253 3162/1010
f 3168/4266 3158/4257 3157/1011 3162/1010
f 3174/1013 3160/1015 3159/4258 3169/1018
f 3164/4264 3163/4261 3161/1014 3165/1022
f 3162/1010 3171/4253 3173/4254 3177/1023
f 3175/1020 3168/4266 3162/1010 3177/1023
f 3164/4264 3165/1022 3167/4267 3166/4265
f 3188/4268 3167/4267 3165/1022 3176/1021
f 3211/1034 3207/1017 3166/4265 3212/4269
f 3166/4265 3167/4267 3217/4270 3212/4269
f 3167/4267 3188/4268 3189/4271 3217/4270
f 3178/1024 3174/1013 3169/1018 3175/1020
f 3181/1027 3173/4254 3172/4255 3185/1025
f 3172/4255 3180/4250 3186/4272 3185/1025
f 3178/1024 3177/1023 3173/4254 3181/1027
f 3182/1028 3176/1021 3174/1013 3178/1024
f 3176/1021 3182/1028 3184/4273 3188/4268
f 3180/4250 3193/4251 3194/4274 3186/4272
f 3184/4273 3182/1028 3181/1027 3183/1026
f 3183/1026 3185/1025 3186/4272 3187/4275
f 3190/4276 3184/4273 3183/1026 3187/4275
f 3189/4271 3188/4268 3184/4273 3190/4276
f 3197/4277 3187/4275 3186/4272 3194/4274
f 3191/4278 3190/4276 3187/4275 3197/4277
f 3189/4271 3190/4276 3191/4278 3260/1031
f 3259/4279 3217/4270 3189/4271 3260/1031
f 3191/4278 3197/4277 3198/4280 3199/4281
f 3293/1029 3260/1031 3191/4278 3199/4281
f 3194/4274 3193/4251 3192/4214 3196/4282
f 3192/4214 3195/967 3328/969 3196/4282
f 3194/4274 3196/4282 3198/4280 3197/4277
f 3200/4283 3198/4280 3196/4282 3328/969
f 3333/4284 3199/4281 3198/4280 3200/4283
f 3332/1071 3293/1029 3199/4281 3333/4284
f 3200/4283 3328/969 3340/4285 3339/4286
f 3344/4287 3333/4284 3200/4283 3339/4286
f 3204/1004 3202/1001 3201/2544 3203/1016
f 3210/4243 3206/1003 3205/1005 3207/1017
f 3214/1033 3210/4243 3207/1017 3211/1034
f 3209/1007 3213/1006 3214/1033 3215/1032
f 3209/1007 3215/1032 3226/4288 3220/397
f 3211/1034 3212/4269 3216/4289 3215/1032
f 3259/4279 3216/4289 3212/4269 3217/4270
f 3215/1032 3216/4289 3218/4290 3226/4288
f 3261/4291 3218/4290 3216/4289 3259/4279
f 3227/4292 3226/4288 3218/4290 3228/4293
f 3263/4294 3228/4293 3218/4290 3261/4291
f 3227/4292 3223/549 3220/397 3226/4288
f 3222/550 3223/549 3224/4295 3382/2709
f 3225/1035 3224/4295 3223/549 3230/1036
f 3223/549 3227/4292 3231/4296 3230/1036
f 3384/565 3382/2709 3224/4295 3387/4297
f 3224/4295 3225/1035 3392/4298 3387/4297
f 3225/1035 3233/1037 3393/4299 3392/4298
f 3227/4292 3228/4293 3229/4300 3231/4296
f 3264/4301 3229/4300 3228/4293 3263/4294
f 3232/1041 3231/4296 3229/4300 3238/4302
f 3266/4303 3238/4302 3229/4300 3264/4301
f 3230/1036 3231/4296 3232/1041 3234/1038
f 3232/1041 3238/4302 3239/4304 3237/1040
f 3233/1037 3235/1039 3394/1043 3393/4299
f 3240/4305 3235/1039 3234/1038 3237/1040
f 3235/1039 3240/4305 3241/1046 3258/1045
f 3242/1047 3236/1042 3235/1039 3258/1045
f 3396/4306 3394/1043 3236/1042 3398/4307
f 3236/1042 3242/1047 3400/1048 3398/4307
f 3237/1040 3239/4304 3270/4308 3240/4305
f 3267/4309 3239/4304 3238/4302 3266/4303
f 3239/4304 3267/4309 3268/4310 3270/4308
f 3274/1049 3241/1046 3240/4305 3270/4308
f 3248/1063 3245/1057 3243/1059 3249/4311
f 3405/1066 3249/4311 3243/1059 3401/1061
f 3244/1058 3245/1057 3265/4312 3271/4313
f 3244/1058 3271/4313 3273/1067 3272/1062
f 3245/1057 3256/1064 3257/4314 3265/4312
f 3251/4315 3247/4316 3246/4317 3250/4318
f 3246/4317 3257/4314 3256/1064 3250/4318
f 3246/4317 3247/4316 3295/4319 3294/4320
f 3298/4321 3257/4314 3246/4317 3294/4320
f 3250/4318 3256/1064 3248/1063 3252/4322
f 3248/1063 3249/4311 3253/4323 3252/4322
f 3406/4324 3253/4323 3249/4311 3405/1066
f 3254/4325 3251/4315 3250/4318 3252/4322
f 3252/4322 3253/4323 3255/4326 3254/4325
f 3407/4327 3255/4326 3253/4323 3406/4324
f 3269/4328 3265/4312 3257/4314 3298/4321
f 3259/4279 3260/1031 3262/1030 3261/4291
f 3261/4291 3262/1030 3290/1070 3263/4294
f 3262/1030 3293/1029 3332/1071 3290/1070
f 3291/4329 3264/4301 3263/4294 3290/1070
f 3281/4330 3266/4303 3264/4301 3291/4329
f 3275/4331 3271/4313 3265/4312 3269/4328
f 3282/4332 3267/4309 3266/4303 3281/4330
f 3286/4333 3268/4310 3267/4309 3282/4332
f 3274/1049 3270/4308 3268/4310 3285/1050
f 3288/1051 3285/1050 3268/4310 3286/4333
f 3283/4334 3275/4331 3269/4328 3280/4335
f 3269/4328 3298/4321 3300/4336 3280/4335
f 3276/1073 3273/1067 3271/4313 3275/4331
f 3423/4337 3399/1060 3272/1062 3421/1069
f 3278/1074 3276/1073 3275/4331 3283/4334
f 3278/1074 3283/4334 3284/1078 3279/1075
f 3435/4338 3425/1076 3279/1075 3433/1079
f 3284/1078 3283/4334 3280/4335 3287/1080
f 3301/1083 3287/1080 3280/4335 3300/4336
f 3302/4339 3282/4332 3281/4330 3303/1087
f 3281/4330 3291/4329 3316/4340 3303/1087
f 3292/4341 3286/4333 3282/4332 3302/4339
f 3304/1052 3288/1051 3286/4333 3292/4341
f 3307/4342 3289/1081 3287/1080 3305/1084
f 3289/1081 3307/4342 3457/1088 3438/1082
f 3316/4340 3291/4329 3290/1070 3334/1072
f 3309/1053 3304/1052 3292/4341 3308/4343
f 3292/4341 3302/4339 3317/4344 3308/4343
f 3294/4320 3295/4319 3297/4345 3296/4346
f 3300/4336 3298/4321 3294/4320 3296/4346
f 3301/1083 3300/4336 3296/4346 3310/4347
f 3296/4346 3297/4345 3311/4348 3310/4347
f 3312/4349 3305/1084 3301/1083 3310/4347
f 3302/4339 3303/1087 3321/1086 3317/4344
f 3303/1087 3316/4340 3320/4350 3322/1085
f 3313/4351 3307/4342 3305/1084 3312/4349
f 3308/4343 3441/4352 3306/1054 3309/1053
f 3429/4353 3434/1055 3306/1054 3441/4352
f 3307/4342 3313/4351 3458/4354 3457/1088
f 3308/4343 3317/4344 3318/1092 3463/4355
f 3442/4356 3441/4352 3308/4343 3463/4355
f 3310/4347 3311/4348 3314/4357 3312/4349
f 3315/4358 3313/4351 3312/4349 3314/4357
f 3313/4351 3315/4358 3459/4359 3458/4354
f 3316/4340 3334/1072 3337/1094 3320/4350
f 3323/1090 3318/1092 3317/4344 3321/1086
f 3462/4360 3463/4355 3318/1092 3319/1091
f 3319/1091 3323/1090 3325/4361 3324/4362
f 3319/1091 3324/4362 3464/4363 3462/4360
f 3325/4361 3322/1085 3320/4350 3335/4364
f 3338/1105 3335/4364 3320/4350 3337/1094
f 3321/1086 3322/1085 3325/4361 3323/1090
f 3324/4362 3325/4361 3335/4364 3494/4365
f 3465/4366 3464/4363 3324/4362 3494/4365
f 3329/4367 3327/968 3326/4212 3330/4225
f 3340/4285 3328/969 3327/968 3329/4367
f 3341/1096 3340/4285 3329/4367 3342/1097
f 3329/4367 3330/4225 3343/1099 3342/1097
f 3330/4225 3331/4224 4618/1100 3343/1099
f 3337/1094 3334/1072 3332/1071 3336/1095
f 3332/1071 3333/4284 3344/4287 3336/1095
f 3335/4364 3338/1105 3496/1104 3494/4365
f 3336/1095 3344/4287 3345/4368 3346/1093
f 3347/4369 3338/1105 3337/1094 3346/1093
f 3338/1105 3347/4369 3501/4370 3497/1103
f 3339/4286 3340/4285 3341/1096 3348/4371
f 3345/4368 3344/4287 3339/4286 3348/4371
f 3351/4372 3348/4371 3341/1096 3349/1108
f 3354/1106 3349/1108 3341/1096 4619/1098
f 3347/4369 3346/1093 3345/4368 3368/4373
f 3345/4368 3348/4371 3351/4372 3352/4374
f 3345/4368 3352/4374 3369/4375 3368/4373
f 3347/4369 3368/4373 3371/4376 3501/4370
f 3350/1112 3351/4372 3349/1108 3353/1107
f 3352/4374 3351/4372 3350/1112 3362/1115
f 3350/1112 3353/1107 3358/1111 3357/1113
f 3352/4374 3362/1115 3372/1122 3369/4375
f 3354/1106 3355/1109 3360/4377 3358/1111
f 4624/4378 3360/4377 3355/1109 4621/1123
f 3374/1126 3367/1121 3356/1119 4633/1127
f 3356/1119 3363/1120 4626/4379 4633/1127
f 3357/1113 3358/1111 3360/4377 3361/1116
f 3366/1124 3364/1118 3359/1114 3365/1117
f 4625/1129 3361/1116 3360/4377 4624/4378
f 3363/1120 3366/1124 4628/4380 4626/4379
f 4628/4380 3366/1124 3365/1117 4627/1131
f 3365/1117 4625/1129 4657/4381 4629/1130
f 3375/4382 3373/1125 3367/1121 3374/1126
f 3368/4373 3369/4375 3370/4383 3371/4376
f 3369/4375 3372/1122 3373/1125 3370/4383
f 3370/4383 3373/1125 3379/1138 3376/1134
f 3506/1133 3371/4376 3370/4383 3376/1134
f 3502/4384 3501/4370 3371/4376 3506/1133
f 3373/1125 3375/4382 3380/1145 3379/1138
f 3377/1141 3375/4382 3374/1126 4636/1142
f 3374/1126 4634/1128 4637/1140 4636/1142
f 3375/4382 3377/1141 3378/1146 3380/1145
f 3376/1134 3379/1138 3510/1137 3508/1132
f 4649/1149 3378/1146 3377/1141 4648/1143
f 3379/1138 3380/1145 3381/1144 3511/1136
f 3516/4385 3511/1136 3381/1144 3517/1150
f 3383/566 3384/565 3388/4386 3389/4387
f 3390/567 3385/569 3383/566 3389/4387
f 3384/565 3387/4297 3391/4388 3388/4386
f 3395/4389 3391/4388 3387/4297 3392/4298
f 3414/4390 3389/4387 3388/4386 3415/4391
f 3388/4386 3391/4388 3419/4392 3415/4391
f 3403/4393 3390/567 3389/4387 3414/4390
f 3404/4394 3402/570 3390/567 3403/4393
f 3391/4388 3395/4389 3418/4395 3419/4392
f 3392/4298 3393/4299 3397/4396 3395/4389
f 3393/4299 3394/1043 3396/4306 3397/4396
f 3395/4389 3397/4396 3420/4397 3418/4395
f 3396/4306 3398/4307 3416/4398 3417/4399
f 3420/4397 3397/4396 3396/4306 3417/4399
f 3398/4307 3400/1048 3422/1056 3416/4398
f 3427/4400 3401/1061 3399/1060 3423/4337
f 3411/4401 3410/1065 3401/1061 3427/4400
f 3402/570 3404/4394 3470/4402 3469/2802
f 3403/4393 3414/4390 3440/4403 3448/4404
f 3449/4405 3404/4394 3403/4393 3448/4404
f 3404/4394 3449/4405 3474/4406 3470/4402
f 3408/4407 3406/4324 3405/1066 3410/1065
f 3409/4408 3407/4327 3406/4324 3408/4407
f 3408/4407 3410/1065 3411/4401 3412/4409
f 3413/4410 3409/4408 3408/4407 3412/4409
f 3411/4401 3427/4400 3428/4411 3450/4412
f 3453/4413 3412/4409 3411/4401 3450/4412
f 3454/4414 3413/4410 3412/4409 3453/4413
f 3414/4390 3415/4391 3439/4415 3440/4403
f 3415/4391 3419/4392 3432/4416 3439/4415
f 3416/4398 3422/1056 3434/1055 3429/4353
f 3436/4417 3417/4399 3416/4398 3429/4353
f 3430/4418 3420/4397 3417/4399 3436/4417
f 3418/4395 3420/4397 3430/4418 3431/4419
f 3432/4416 3419/4392 3418/4395 3431/4419
f 3426/4420 3423/4337 3421/1069 3424/1077
f 3423/4337 3426/4420 3428/4411 3427/4400
f 3424/1077 3425/1076 3435/4338 3426/4420
f 3437/4421 3428/4411 3426/4420 3435/4338
f 3451/4422 3450/4412 3428/4411 3437/4421
f 3429/4353 3441/4352 3442/4356 3436/4417
f 3430/4418 3436/4417 3442/4356 3444/4423
f 3443/4424 3431/4419 3430/4418 3444/4423
f 3445/4425 3432/4416 3431/4419 3443/4424
f 3446/4426 3439/4415 3432/4416 3445/4425
f 3437/4421 3435/4338 3433/1079 3438/1082
f 3437/4421 3438/1082 3452/1089 3451/4422
f 3447/4427 3440/4403 3439/4415 3446/4426
f 3466/4428 3448/4404 3440/4403 3447/4427
f 3442/4356 3463/4355 3462/4360 3444/4423
f 3443/4424 3444/4423 3462/4360 3464/4363
f 3443/4424 3464/4363 3465/4366 3445/4425
f 3493/4429 3446/4426 3445/4425 3465/4366
f 3495/4430 3447/4427 3446/4426 3493/4429
f 3498/4431 3466/4428 3447/4427 3495/4430
f 3467/4432 3449/4405 3448/4404 3466/4428
f 3449/4405 3467/4432 3468/4433 3474/4406
f 3450/4412 3451/4422 3455/4434 3453/4413
f 3451/4422 3452/1089 3460/4435 3455/4434
f 3452/1089 3457/1088 3458/4354 3460/4435
f 3456/4436 3454/4414 3453/4413 3455/4434
f 3461/4437 3456/4436 3455/4434 3460/4435
f 3458/4354 3459/4359 3461/4437 3460/4435
f 3465/4366 3494/4365 3496/1104 3493/4429
f 3499/4438 3467/4432 3466/4428 3498/4431
f 3504/4439 3468/4433 3467/4432 3499/4438
f 3475/4440 3474/4406 3468/4433 3479/4441
f 3518/4442 3479/4441 3468/4433 3504/4439
f 3469/2802 3470/4402 3476/4443 3471/2805
f 3470/4402 3474/4406 3475/4440 3476/4443
f 3477/4444 3472/2819 3471/2805 3476/4443
f 3480/4445 3473/2822 3472/2819 3477/4444
f 3473/2822 3480/4445 3486/4446 3481/2824
f 3477/4444 3476/4443 3475/4440 3478/4447
f 3475/4440 3479/4441 3484/4448 3478/4447
f 3477/4444 3478/4447 3487/4449 3480/4445
f 3478/4447 3484/4448 3488/4450 3487/4449
f 3485/4451 3484/4448 3479/4441 3518/4442
f 3488/4450 3486/4446 3480/4445 3487/4449
f 3489/4452 3482/2833 3481/2824 3486/4446
f 3491/4453 3483/2836 3482/2833 3489/4452
f 3483/2836 3491/4453 4682/4454 4680/2838
f 3484/4448 3485/4451 3490/4455 3488/4450
f 3492/4456 3490/4455 3485/4451 3520/4457
f 3485/4451 3518/4442 3519/4458 3520/4457
f 3486/4446 3488/4450 3490/4455 3489/4452
f 3489/4452 3490/4455 3492/4456 3491/4453
f 3491/4453 3492/4456 4683/4459 4682/4454
f 3492/4456 3520/4457 3521/4460 4683/4459
f 3493/4429 3496/1104 3497/1103 3495/4430
f 3495/4430 3497/1103 3500/4461 3498/4431
f 3502/4384 3500/4461 3497/1103 3501/4370
f 3503/4462 3499/4438 3498/4431 3500/4461
f 3499/4438 3503/4462 3505/4463 3504/4439
f 3500/4461 3502/4384 3507/4464 3503/4462
f 3502/4384 3506/1133 3513/1135 3507/4464
f 3514/4465 3505/4463 3503/4462 3507/4464
f 3504/4439 3505/4463 3519/4458 3518/4442
f 3505/4463 3514/4465 3522/4466 3519/4458
f 3507/4464 3513/1135 3515/4467 3514/4465
f 3512/4468 3509/1147 3508/1132 3510/1137
f 4702/1153 3513/1135 3509/1147 4699/1152
f 3509/1147 3512/4468 4710/4469 4700/1151
f 3510/1137 3511/1136 3516/4385 3512/4468
f 3512/4468 3516/4385 4711/4470 4710/4469
f 4704/4471 3515/4467 3513/1135 4702/1153
f 3514/4465 3515/4467 4703/4472 3522/4466
f 4705/4473 4703/4472 3515/4467 4704/4471
f 3516/4385 3517/1150 4713/1157 4711/4470
f 3517/1150 4701/1148 4668/1155 4713/1157
f 3521/4460 3520/4457 3519/4458 3522/4466
f 3521/4460 3522/4466 4703/4472 4715/4474
f 4716/4475 4683/4459 3521/4460 4715/4474
f 3566/4476 3526/1159 3523/1158 3565/4477
f 3523/4478 3524/4479 3567/4480 3565/4481
f 4936/4482 3524/4479 3523/4478 3527/4483
f 3569/4484 3567/4480 3524/4479 4967/4485
f 3524/4479 4936/4482 4938/4486 4967/4485
f 3525/4487 3527/1160 3528/1163 3529/1162
f 4933/4488 4935/4489 3525/4490 4939/4491
f 4936/4492 3527/4493 3525/4490 4935/4489
f 3525/4490 3529/4494 4940/4495 4939/4491
f 3528/1163 3527/1160 3526/1159 3572/1164
f 3526/1159 3566/4476 3571/1167 3572/1164
f 3529/4494 3530/4496 4949/4497 4940/4495
f 4950/4498 4949/4497 3530/4496 4951/4499
f 3530/1161 3573/1165 5001/4500 4951/4501
f 3531/1168 3542/1171 3537/1173 3633/4502
f 3543/1182 3542/1171 3531/1168 3621/1170
f 3618/4503 3617/1169 3531/1168 3633/4502
f 3533/4504 3534/4505 3532/4506 3544/4507
f 3546/4508 3544/4509 3532/4510 3581/4511
f 3532/4510 3577/4512 3576/4513 3581/4511
f 3532/4506 3534/4505 3578/4514 3577/4515
f 3535/4516 3534/4505 3533/4504 3548/4517
f 3533/4504 3538/1180 3540/4518 3548/4517
f 3533/4504 3544/4507 3545/1179 3538/1180
f 3534/4505 3535/4516 3593/4519 3578/4514
f 3535/4516 3548/4517 3550/4520 3551/4521
f 3535/4516 3551/4521 3595/4522 3593/4519
f 3536/4523 3537/4524 3545/4525 3547/4526
f 3633/4527 3537/4524 3536/4523 3632/4528
f 3636/4529 3632/4528 3536/4523 3641/4530
f 3536/4523 3547/4526 3642/4531 3641/4530
f 3538/1180 3539/1172 3541/1181 3540/4518
f 3539/1172 3542/1171 3543/1182 3541/1181
f 3540/4518 3541/1181 3549/1183 3552/4532
f 3550/4520 3548/4517 3540/4518 3552/4532
f 3543/1182 3621/1170 3637/1178 3549/1183
f 3547/4526 3545/4525 3544/4509 3546/4508
f 3546/4508 3581/4511 3583/4533 3643/4534
f 3642/4531 3547/4526 3546/4508 3643/4534
f 3549/1183 3637/1178 3640/4535 3649/4536
f 3644/4537 3552/4532 3549/1183 3649/4536
f 3553/4538 3551/4521 3550/4520 3554/4539
f 3550/4520 3552/4532 3644/4537 3554/4539
f 3551/4521 3553/4538 3598/4540 3595/4522
f 3553/4541 3585/4542 3587/4543 3598/4544
f 3553/4541 3554/4545 3647/4546 3585/4542
f 3554/4545 3644/4547 3648/4548 3647/4546
f 3557/4549 3556/4550 3555/4551 3561/4552
f 3560/1189 3561/4553 3555/4554 3568/4555
f 3566/4476 3565/4477 3555/4551 3556/4550
f 3555/4554 3565/4481 3567/4480 3568/4555
f 3556/4550 3557/4549 3563/1185 3562/1184
f 3571/1167 3566/4476 3556/4550 3562/1184
f 3557/4549 3561/4552 3558/4556 3559/4557
f 3557/4549 3559/4557 3564/4558 3563/1185
f 3558/4559 3561/4553 3560/1189 3579/1188
f 3576/4513 3577/4512 3558/4559 3579/1188
f 3558/4556 3577/4515 3578/4514 3559/4557
f 3559/4557 3578/4514 3593/4519 3564/4558
f 3560/1189 3568/4555 3570/4560 3605/1190
f 3597/1194 3574/1166 3562/1184 3596/1186
f 3563/1185 3564/4558 3594/4561 3596/1186
f 3564/4558 3593/4519 3595/4522 3594/4561
f 3570/4560 3568/4555 3567/4480 3569/4484
f 3569/4484 4967/4485 4968/1463 4969/4562
f 4983/4563 3570/4560 3569/4484 4969/4562
f 3606/1191 3605/1190 3570/4560 4983/4563
f 3575/4564 3573/1165 3572/1164 3574/1166
f 3573/1165 3575/4564 3615/4565 5001/4500
f 3610/1196 3575/4564 3574/1166 3597/1194
f 3575/4564 3610/1196 3611/4566 3615/4565
f 3583/4533 3581/4511 3576/4513 3582/4567
f 3576/4513 3579/1188 3588/4568 3582/4567
f 3579/1188 3580/1187 3589/4569 3588/4568
f 3607/1192 3589/4569 3580/1187 3605/1190
f 3584/4570 3583/4533 3582/4567 3586/4571
f 3590/4572 3586/4571 3582/4567 3588/4568
f 3645/4573 3643/4534 3583/4533 3584/4570
f 3587/4543 3585/4542 3584/4570 3586/4571
f 3584/4570 3585/4542 3647/4546 3645/4573
f 3601/4574 3587/4543 3586/4571 3590/4572
f 3599/4575 3598/4544 3587/4543 3601/4574
f 3588/4568 3589/4569 3592/4576 3590/4572
f 3608/4577 3592/4576 3589/4569 3607/1192
f 3590/4572 3591/4578 3602/4579 3601/4574
f 3675/4580 3591/4578 3590/4572 3592/4576
f 3658/4581 3656/4582 3591/4578 3675/4580
f 3664/4583 3602/4579 3591/4578 3656/4582
f 3592/4576 3608/4577 3676/4584 3675/4580
f 3594/4561 3595/4522 3598/4540 3599/1199
f 3600/1193 3596/1186 3594/4561 3599/1199
f 3597/1194 3600/1193 3604/1197 3610/1196
f 3600/1193 3601/1198 3602/4585 3603/1200
f 3665/4586 3603/1200 3602/4585 3664/4587
f 3668/4588 3604/1197 3603/1200 3665/4586
f 3682/4589 3612/1195 3604/1197 3668/4588
f 3608/4577 3607/1192 3606/1191 3609/1201
f 3606/1191 4983/4563 4985/1202 3609/1201
f 3608/4577 3609/1201 3677/1206 3676/4584
f 5011/1207 3677/1206 3609/1201 5010/1203
f 3613/4590 3611/4566 3610/1196 3612/1195
f 3611/4566 3613/4590 3614/1208 4987/1210
f 5008/4591 3615/4565 3611/4566 4987/1210
f 3683/4592 3613/4590 3612/1195 3682/4589
f 3685/4593 3614/1208 3613/4590 3683/4592
f 3686/4594 3684/1209 3614/1208 3685/4593
f 5003/4595 5001/4500 3615/4565 5008/4591
f 3616/4596 3617/1169 3618/4503 3619/4597
f 3621/1170 3617/1169 3616/4596 3622/1174
f 3616/4596 3619/4597 3624/4598 3622/1174
f 3620/4599 3619/4600 3618/4601 3634/4602
f 3618/4601 3633/4527 3632/4528 3634/4602
f 3619/4600 3620/4599 3628/4603 3624/4604
f 3620/4599 3634/4602 3635/4605 3628/4603
f 3629/1212 3623/1175 3622/1174 3624/4598
f 3624/4604 3628/4603 3630/4606 3629/4607
f 3631/4608 3626/1213 3625/1176 3629/1212
f 3655/4609 3627/1177 3626/1213 3631/4608
f 3640/4535 3637/1178 3627/1177 3655/4609
f 3652/4610 3630/4606 3628/4603 3635/4605
f 3629/4607 3630/4606 3653/4611 3631/4612
f 3630/4606 3652/4610 3654/4613 3653/4611
f 3631/4612 3653/4611 3654/4613 3655/4614
f 3635/4605 3634/4602 3632/4528 3636/4529
f 3635/4605 3636/4529 3638/4615 3652/4610
f 3636/4529 3641/4530 3651/4616 3638/4615
f 3650/4617 3639/4618 3638/4615 3651/4616
f 3654/4613 3652/4610 3638/4615 3639/4618
f 3649/4619 3640/4620 3639/4618 3650/4617
f 3639/4618 3640/4620 3655/4614 3654/4613
f 3641/4530 3642/4531 3646/4621 3651/4616
f 3642/4531 3643/4534 3645/4573 3646/4621
f 3644/4547 3649/4619 3650/4617 3648/4548
f 3645/4573 3647/4546 3648/4548 3646/4621
f 3650/4617 3651/4616 3646/4621 3648/4548
f 3661/4622 3657/4623 3656/4582 3658/4581
f 3656/4582 3657/4623 3666/4624 3664/4583
f 3663/4625 3660/4626 3657/4623 3661/4622
f 3657/4623 3660/4626 3670/4627 3666/4624
f 3658/4581 3675/4580 3676/4584 3678/4628
f 3679/4629 3661/4622 3658/4581 3678/4628
f 3659/4630 3670/4627 3660/4626 3662/4631
f 3672/4632 3670/4633 3659/4634 3671/4635
f 3659/4630 3662/4631 3695/4636 3696/4637
f 3714/4638 3671/4635 3659/4634 3696/4639
f 3697/4640 3662/4631 3660/4626 3663/4625
f 3736/4641 3663/4625 3661/4622 3679/4629
f 3698/4642 3695/4636 3662/4631 3697/4640
f 3737/4643 3697/4640 3663/4625 3736/4641
f 3667/4644 3665/4586 3664/4587 3666/4645
f 3665/4586 3667/4644 3669/4646 3668/4588
f 3672/4632 3667/4644 3666/4645 3670/4633
f 3673/4647 3669/4646 3667/4644 3672/4632
f 3668/4588 3669/4646 3688/4648 3682/4589
f 3669/4646 3673/4647 3674/4649 3688/4648
f 3673/4647 3672/4632 3671/4635 3716/4650
f 3671/4635 3714/4638 3715/4651 3716/4650
f 3717/4652 3674/4649 3673/4647 3716/4650
f 3689/4653 3688/4648 3674/4649 3691/1216
f 3760/4654 3691/1216 3674/4649 3717/4652
f 3676/4584 3677/1206 3680/1205 3678/4628
f 3740/4655 3679/4629 3678/4628 3680/1205
f 3741/4656 3736/4641 3679/4629 3740/4655
f 3680/1205 3681/1204 3742/4657 3740/4655
f 5045/4658 3742/4657 3681/1204 5014/1217
f 3689/4653 3683/4592 3682/4589 3688/4648
f 3690/4659 3685/4593 3683/4592 3689/4653
f 3684/1209 3686/4594 3687/4660 5016/1211
f 3693/4661 3686/4594 3685/4593 3690/4659
f 3694/4662 3687/4660 3686/4594 3693/4661
f 5017/4663 5016/1211 3687/4660 5018/4664
f 3687/4660 3694/4662 5023/4665 5018/4664
f 3689/4653 3691/1216 3692/1215 3690/4659
f 3690/4659 3692/1215 3773/4666 3693/4661
f 3762/4667 3759/1214 3691/1216 3760/4654
f 3692/1215 3765/1220 3766/4668 3773/4666
f 3774/1222 3694/4662 3693/4661 3773/4666
f 3694/4662 3774/1222 3767/1224 5023/4665
f 3700/4669 3696/4637 3695/4636 3702/4670
f 3695/4636 3698/4642 3706/4671 3702/4670
f 3696/4639 3700/1226 3720/1229 3714/4638
f 3707/4672 3698/4642 3697/4640 3737/4643
f 3710/4673 3706/4671 3698/4642 3707/4672
f 3700/4669 3702/4670 3699/4674 3701/4675
f 3704/4676 3701/4675 3699/4674 3703/4677
f 3699/4674 3702/4670 3706/4671 3705/4678
f 3809/4679 3703/4677 3699/4674 3705/4678
f 3701/1227 3704/4680 3844/4681 3723/1230
f 3789/4682 3704/4676 3703/4677 3811/4683
f 3703/4677 3809/4679 3810/4684 3811/4683
f 3704/4680 3789/4685 3812/4686 3844/4681
f 3705/4678 3706/4671 3710/4673 3709/4687
f 3705/4678 3709/4687 3815/4688 3809/4679
f 3707/4672 3708/4689 3711/4690 3710/4673
f 3707/4672 3737/4643 3761/4691 3708/4689
f 3734/1234 3711/1233 3708/4692 3727/4693
f 3762/4667 3727/4693 3708/4692 3761/4694
f 3709/4687 3710/4673 3711/4690 3712/4695
f 3709/4687 3712/4695 3816/4696 3815/4688
f 3712/1232 3732/1235 3818/4697 3816/4698
f 3713/4699 3746/4700 3747/4701 3857/4702
f 3775/4703 3746/4704 3713/1238 3778/1237
f 3858/4705 3817/4706 3713/4699 3857/4702
f 3722/4707 3715/4651 3714/4638 3720/1229
f 3717/4652 3716/4650 3715/4651 3718/4708
f 3726/4709 3718/4708 3715/4651 3722/4707
f 3717/4652 3718/4708 3729/4710 3760/4654
f 3718/4708 3726/4709 3728/4711 3729/4710
f 3722/4707 3720/1229 3719/1228 3721/4712
f 3724/4713 3721/4712 3719/1228 3723/1230
f 3721/4712 3724/4713 3725/4714 3730/4715
f 3726/4709 3722/4707 3721/4712 3730/4715
f 3845/4716 3724/4713 3723/1230 3844/4681
f 3846/4717 3725/4714 3724/4713 3845/4716
f 3731/4718 3730/4715 3725/4714 3733/4719
f 3848/4720 3733/4719 3725/4714 3846/4717
f 3731/4718 3728/4711 3726/4709 3730/4715
f 3727/4693 3729/4710 3728/4711 3734/1234
f 3760/4654 3729/4710 3727/4693 3762/4667
f 3735/1231 3734/1234 3728/4711 3731/4718
f 3732/1235 3735/1231 3731/4718 3733/4719
f 3732/1235 3733/4719 3848/4720 3818/4697
f 3739/4721 3738/4722 3736/4641 3741/4656
f 3761/4691 3737/4643 3736/4641 3758/4723
f 3736/4641 3738/4722 3763/4724 3758/4723
f 3746/4700 3763/4724 3738/4722 3747/4701
f 3738/4722 3739/4721 3748/4725 3747/4701
f 3739/4721 3741/4656 3744/4726 3743/4727
f 3739/4721 3743/4727 3753/4728 3748/4725
f 3744/4726 3741/4656 3740/4655 3742/4657
f 5046/4729 3744/4726 3742/4657 5045/4658
f 3743/4727 3749/4730 3754/4731 3753/4728
f 3743/4727 3744/4726 3769/4732 3749/4730
f 3744/4726 3745/4733 3751/4734 3769/4732
f 5047/4735 3745/4733 3744/4726 5046/4729
f 3745/4733 3750/4736 3752/4737 3751/4734
f 5058/4738 3750/4736 3745/4733 5047/4735
f 3764/1221 3763/4739 3746/4704 3775/4703
f 3860/4740 3857/4702 3747/4701 3748/4725
f 3748/4725 3753/4728 3861/4741 3860/4740
f 3749/4742 3769/4743 3770/1223 3782/1241
f 3786/4744 3754/4745 3749/4742 3782/1241
f 3755/4746 3752/4737 3750/4736 3756/4747
f 3757/4748 3756/4747 3750/4736 5058/4738
f 3770/1223 3769/4743 3751/4749 3771/4750
f 3751/4749 3752/4751 3784/4752 3771/4750
f 3752/4751 3755/1244 3787/1243 3784/4752
f 3753/4728 3754/4731 3870/4753 3861/4741
f 3754/4745 3786/4744 3901/4754 3870/4755
f 3755/4746 3756/4747 3866/4756 3868/4757
f 3756/4747 3757/4748 3871/4758 3866/4756
f 3757/4748 5058/4738 5060/4759 5107/4760
f 5108/4761 3871/4758 3757/4748 5107/4760
f 3758/4762 3759/1214 3762/4667 3761/4694
f 3764/1221 3759/1214 3758/4762 3763/4739
f 3776/4763 3765/1220 3764/1221 3775/4703
f 3777/4764 3766/4668 3765/1220 3776/4763
f 3774/1222 3773/4666 3766/4668 3768/1225
f 3783/4765 3768/1225 3766/4668 3777/4764
f 3767/1224 3770/1223 3771/4750 3772/4766
f 5024/4767 5023/4665 3767/1224 5076/4768
f 3767/1224 3772/4766 5073/4769 5076/4768
f 3786/4744 3782/1241 3768/1225 3783/4765
f 3785/4770 3772/4766 3771/4750 3784/4752
f 3772/4766 3785/4770 5085/4771 5073/4769
f 3775/4703 3778/1237 3779/4772 3776/4763
f 3780/4773 3777/4764 3776/4763 3779/4772
f 3777/4764 3780/4773 3781/4774 3783/4765
f 3893/4775 3779/4772 3778/1237 3849/1236
f 3895/4776 3780/4773 3779/4772 3893/4775
f 3896/4777 3781/4774 3780/4773 3895/4776
f 3786/4744 3783/4765 3781/4774 3901/4754
f 3781/4774 3896/4777 3903/1266 3901/4754
f 3788/4778 3785/4770 3784/4752 3787/1243
f 3785/4770 3788/4778 5087/4779 5085/4771
f 3905/4780 3788/4778 3787/1243 3902/1242
f 3788/4778 3905/4780 3908/4781 5087/4779
f 3789/4685 3792/4782 3794/4783 3812/4686
f 3789/4682 3811/4683 3821/4784 3792/4785
f 3790/4786 3793/4787 3792/4785 3821/4784
f 3790/4786 3791/4788 3795/4789 3793/4787
f 3790/4786 3821/4784 3822/4790 3824/4791
f 3922/4792 3791/4788 3790/4786 3824/4791
f 3800/1248 3795/4789 3791/4788 3798/1249
f 3924/4793 3798/1249 3791/4788 3922/4792
f 3792/4782 3793/4794 3796/4795 3794/4783
f 3793/4794 3795/4796 3799/4797 3796/4795
f 3794/4783 3796/4795 3797/4798 3826/4799
f 3813/4800 3812/4686 3794/4783 3826/4799
f 3801/1252 3799/4797 3795/4796 3800/4801
f 3803/4802 3797/4798 3796/4795 3799/4797
f 3827/4803 3826/4799 3797/4798 3829/4804
f 3797/4798 3803/4802 3926/1256 3829/4804
f 3806/4805 3804/1247 3798/1249 3924/4793
f 3799/4797 3801/1252 3802/1251 3803/4802
f 3805/1250 3801/1252 3800/4801 3804/4806
f 3926/1256 3803/4802 3802/1251 3808/1253
f 3807/1254 3805/1250 3804/4806 3806/4807
f 3806/4805 3924/4793 3925/1260 3931/1259
f 3932/1257 3807/1254 3806/4807 3931/4808
f 3814/4809 3810/4684 3809/4679 3815/4688
f 3821/4784 3811/4683 3810/4684 3822/4790
f 3810/4684 3814/4809 3823/4810 3822/4790
f 3845/4716 3844/4681 3812/4686 3813/4800
f 3813/4800 3826/4799 3827/4803 3847/4811
f 3846/4717 3845/4716 3813/4800 3847/4811
f 3814/4809 3815/4688 3816/4696 3837/4812
f 3830/4813 3823/4810 3814/4809 3837/4812
f 3816/4698 3818/4697 3838/4814 3837/4815
f 3819/4816 3820/4817 3817/4706 3858/4705
f 3817/1239 3820/4818 3851/4819 3850/1240
f 3828/4820 3838/4814 3818/4697 3848/4720
f 3839/4821 3820/4817 3819/4816 3840/4822
f 3819/4816 3858/4705 3859/4823 3863/4824
f 3876/4825 3840/4822 3819/4816 3863/4824
f 3820/4818 3839/4826 3853/4827 3851/4819
f 3825/4828 3824/4791 3822/4790 3823/4810
f 3831/4829 3825/4828 3823/4810 3830/4813
f 3824/4791 3825/4828 3923/4830 3922/4792
f 3825/4828 3831/4829 3927/4831 3923/4830
f 3828/4820 3847/4811 3827/4803 3832/4832
f 3827/4803 3829/4804 3834/4833 3832/4832
f 3833/4834 3838/4814 3828/4820 3832/4832
f 3846/4717 3847/4811 3828/4820 3848/4720
f 3929/4835 3834/4833 3829/4804 3926/1256
f 3835/4836 3831/4837 3830/4838 3833/4834
f 3830/4838 3837/4815 3838/4814 3833/4834
f 3831/4837 3835/4836 3928/4839 3927/4840
f 3835/4836 3833/4834 3832/4832 3834/4833
f 3928/4839 3835/4836 3834/4833 3929/4835
f 3836/4841 3841/4842 3840/4822 3876/4825
f 3836/4841 3876/4825 3877/4843 3966/4844
f 3938/4845 3841/4842 3836/4841 3936/4846
f 3967/4847 3936/4846 3836/4841 3966/4844
f 3839/4821 3840/4822 3841/4842 3842/4848
f 3839/4826 3842/4849 3843/4850 3853/4827
f 3939/4851 3842/4848 3841/4842 3938/4845
f 3940/4852 3843/4850 3842/4849 3939/4853
f 3854/4854 3853/4827 3843/4850 3855/4855
f 3941/4856 3855/4855 3843/4850 3940/4852
f 3849/1236 3850/1240 3894/4857 3893/4775
f 3850/1240 3851/4819 3852/4858 3894/4857
f 3854/4854 3852/4858 3851/4819 3853/4827
f 3898/4859 3894/4857 3852/4858 3897/4860
f 3852/4858 3854/4854 3913/4861 3897/4860
f 3854/4854 3855/4855 3856/4862 3913/4861
f 3965/4863 3856/4862 3855/4855 3941/4856
f 3916/4864 3913/4861 3856/4862 4010/4865
f 3856/4862 3965/4863 3969/4866 4010/4865
f 3859/4823 3858/4705 3857/4702 3860/4740
f 3859/4823 3860/4740 3861/4741 3862/4867
f 3864/4868 3863/4824 3859/4823 3862/4867
f 3874/4869 3862/4867 3861/4741 3870/4753
f 3865/4870 3864/4868 3862/4867 3874/4869
f 3863/4824 3864/4868 3877/4843 3876/4825
f 3864/4868 3865/4870 3879/4871 3877/4843
f 3917/4872 3879/4873 3865/1263 3915/1267
f 3869/4874 3868/4757 3866/4756 3867/4875
f 3872/4876 3867/4875 3866/4756 3871/4758
f 3875/4877 3869/4874 3867/4875 3873/4878
f 3867/4875 3872/4876 3885/4879 3873/4878
f 3868/1245 3869/4880 3909/4881 3904/1246
f 3869/4880 3875/4882 3910/4883 3909/4881
f 3903/1266 3874/1264 3870/4755 3901/4754
f 5114/4884 3872/4876 3871/4758 5108/4761
f 5131/4885 3885/4879 3872/4876 5114/4884
f 3878/4886 3875/4877 3873/4878 3886/4887
f 3873/4878 3885/4879 3883/4888 3886/4887
f 3875/4882 3878/4889 3887/4890 3910/4883
f 3972/4891 3966/4844 3877/4843 3879/4871
f 3878/4886 3886/4887 3880/4892 3881/4893
f 3878/4889 3881/4894 3882/4895 3887/4890
f 3879/4873 3917/4872 3968/4896 3972/4897
f 3880/4892 3886/4887 3883/4888 3884/4898
f 3970/4899 3881/4893 3880/4892 3971/4900
f 3880/4892 3884/4898 3983/4901 3971/4900
f 3973/4902 3882/4895 3881/4894 3970/4903
f 3920/4904 3887/4890 3882/4895 3888/4905
f 3974/1268 3888/4905 3882/4895 3973/4902
f 3890/4906 3884/4898 3883/4888 3889/4907
f 3883/4888 3885/4879 5131/4885 3889/4907
f 3884/4898 3890/4906 3987/4908 3983/4901
f 3918/4909 3910/4883 3887/4890 3920/4904
f 3921/4910 3920/4904 3888/4905 3985/4911
f 3888/4905 3974/1268 3991/1271 3985/4911
f 3986/4912 3890/4906 3889/4907 5144/4913
f 3889/4907 5131/4885 5134/4914 5144/4913
f 3890/4906 3986/4912 3992/4915 3987/4908
f 3919/4916 3921/4910 3891/4917 5180/4918
f 3891/4917 3921/4910 3985/4911 3988/4919
f 3989/4920 3892/4921 3891/4917 3988/4919
f 3891/4917 3892/4921 5135/4922 5180/4918
f 3986/4923 5144/4924 3892/4921 3989/4920
f 3892/4921 5144/4924 5134/4925 5135/4922
f 3893/4775 3894/4857 3898/4859 3895/4776
f 3899/4926 3896/4777 3895/4776 3898/4859
f 3896/4777 3899/4926 3900/1265 3903/1266
f 3899/4926 3898/4859 3897/4860 3914/4927
f 3897/4860 3913/4861 3916/4864 3914/4927
f 3915/1267 3900/1265 3899/4926 3914/4927
f 3902/1242 3904/1246 3906/4928 3905/4780
f 3911/4929 3906/4928 3904/1246 3909/4881
f 3905/4780 3906/4928 3907/4930 3908/4781
f 3912/4931 3907/4930 3906/4928 3911/4929
f 5172/4932 3908/4781 3907/4930 5174/4933
f 3907/4930 3912/4931 5175/4934 5174/4933
f 5086/4935 5087/4779 3908/4781 5172/4932
f 3909/4881 3910/4883 3918/4909 3911/4929
f 3919/4916 3912/4931 3911/4929 3918/4909
f 5180/4918 5175/4934 3912/4931 3919/4916
f 3917/4872 3915/1267 3914/4927 3916/4864
f 3916/4864 4010/4865 3968/4896 3917/4872
f 3918/4909 3920/4904 3921/4910 3919/4916
f 3922/4792 3923/4830 3925/1260 3924/4793
f 3934/1258 3925/1260 3923/4830 3927/4831
f 3930/1261 3929/4835 3926/1256 3933/1255
f 3927/4840 3928/4839 3935/1262 3934/4936
f 3928/4839 3929/4835 3930/1261 3935/1262
f 3935/1262 3932/1257 3931/4808 3934/4936
f 3936/4846 3937/4937 3942/4938 3938/4845
f 3976/4939 3937/4937 3936/4846 3967/4847
f 3948/1274 3942/4938 3937/4937 3954/4940
f 3955/1285 3954/4940 3937/4937 3976/4939
f 3943/4941 3939/4851 3938/4845 3942/4938
f 3944/4942 3940/4852 3939/4853 3943/4943
f 3945/4944 3941/4856 3940/4852 3944/4942
f 3941/4856 3945/4944 3946/1278 3965/4863
f 3949/1273 3943/4941 3942/4938 3948/1274
f 3951/1277 3944/4942 3943/4943 3949/4945
f 3952/1276 3945/4944 3944/4942 3951/1277
f 3953/1279 3946/1278 3945/4944 3952/1276
f 3963/1283 3947/4946 3946/1278 3957/1280
f 3969/4866 3965/4863 3946/1278 3947/4946
f 3947/4946 3963/1283 3964/1284 3996/4947
f 3977/4948 3969/4866 3947/4946 3996/4947
f 3948/1274 3954/4940 3958/4949 3950/1272
f 3949/4945 3950/4950 3959/1275 3951/1277
f 3950/4950 3958/4951 3960/1281 3959/1275
f 3954/4940 3955/1285 3961/1287 3958/4949
f 3955/1285 3976/4939 3995/4952 3956/1286
f 3962/1282 3961/4953 3956/4954 3964/1284
f 3956/4954 3995/4955 3996/4947 3964/1284
f 3962/1282 3960/1281 3958/4951 3961/4953
f 3975/4956 3967/4847 3966/4844 3972/4891
f 3995/4952 3976/4939 3967/4847 3975/4956
f 3968/4896 4010/4865 3969/4866 3977/4948
f 3975/4957 3972/4897 3968/4896 3977/4948
f 3970/4899 3971/4900 3979/1289 3978/1288
f 3981/1295 3973/4902 3970/4903 3978/1291
f 3984/4958 3979/1289 3971/4900 3983/4901
f 3982/1269 3974/1268 3973/4902 3981/1295
f 3996/4947 3995/4955 3975/4957 3977/4948
f 3999/1294 3981/1295 3978/1291 3997/1293
f 4002/4959 3980/1290 3979/1289 3984/4958
f 3998/4960 3997/1293 3980/1292 4002/4961
f 3990/1300 3984/4958 3983/4901 3987/4908
f 3984/4958 3990/1300 4003/1299 4002/4959
f 3994/4962 3988/4919 3985/4911 3991/1271
f 3986/4923 3989/4920 3993/4963 3992/4964
f 4008/1298 3990/1300 3987/4908 3992/4915
f 3993/4963 3989/4920 3988/4919 3994/4962
f 4006/1305 3994/4962 3991/1271 4005/1296
f 3992/4964 3993/4963 4009/1306 4008/1301
f 3993/4963 3994/4962 4006/1305 4009/1306
f 3997/1293 3998/4960 4001/1297 3999/1294
f 3998/4960 4002/4961 4003/1303 4004/1302
f 4007/1304 4001/1297 3998/4960 4004/1302
f 4004/1302 4008/1301 4009/1306 4007/1304
f 4011/3895 4012/853 4016/4965 4015/4966
f 4011/3919 4015/4967 4052/4968 4049/3918
f 4020/3899 4016/4965 4012/853 4019/3894
f 4013/4969 4015/4966 4016/4965 4014/4970
f 4013/4969 4014/4970 4032/4971 4031/4972
f 4033/4973 4017/4974 4013/4975 4031/4976
f 4052/4968 4015/4967 4013/4975 4017/4974
f 4014/4970 4016/4965 4020/3899 4023/4977
f 4014/4970 4023/4977 4041/4978 4032/4971
f 4028/4979 4029/1309 4017/4974 4033/4973
f 4017/4974 4029/1309 4051/1308 4052/4968
f 4024/4980 4025/4981 4018/4982 4042/4983
f 4043/1310 4042/4984 4018/4985 4044/1311
f 4018/4982 4025/4981 4080/4986 4081/4987
f 4088/4988 4044/1311 4018/4985 4081/4989
f 4020/3899 4021/857 4024/4980 4023/4977
f 4021/857 4022/856 4025/4981 4024/4980
f 4080/4986 4025/4981 4022/856 4082/860
f 4042/4983 4041/4978 4023/4977 4024/4980
f 4026/4990 4031/4991 4032/4992 4027/4993
f 4033/4973 4031/4976 4026/4994 4038/4995
f 4039/4996 4038/4995 4026/4994 4040/4997
f 4026/4990 4027/4993 4046/4998 4040/4999
f 4027/4993 4032/4992 4041/5000 4045/5001
f 4027/4993 4045/5001 4047/5002 4046/4998
f 4036/1315 4030/5003 4028/4979 4034/1313
f 4028/4979 4033/4973 4038/4995 4034/1313
f 4060/1307 4029/1309 4028/4979 4030/5003
f 4061/5004 4060/1307 4030/5003 4062/5005
f 4030/5003 4036/1315 4063/1317 4062/5005
f 4034/1313 4038/4995 4039/4996 4035/1314
f 4037/1316 4036/1315 4035/1314 4121/5006
f 4035/1314 4039/4996 4123/5007 4121/5006
f 4037/1316 4121/5006 4122/5008 4131/1318
f 4039/4996 4040/4997 4124/5009 4123/5007
f 4040/4999 4046/4998 4127/5010 4124/5011
f 4041/5000 4042/4984 4043/1310 4045/5001
f 4047/5002 4045/5001 4043/1310 4048/1312
f 4091/5012 4048/1312 4044/1311 4088/4988
f 4046/4998 4047/5002 4128/1321 4127/5010
f 4047/5002 4048/1312 4130/1322 4128/1321
f 4048/1312 4091/5012 4092/5013 4130/1322
f 4051/1308 4050/3921 4049/3918 4052/4968
f 4050/3921 4051/1308 4054/5014 4053/3925
f 4061/5004 4054/5014 4051/1308 4060/1307
f 4053/3925 4054/5014 4055/5015 4215/3980
f 4064/5016 4055/5015 4054/5014 4061/5004
f 4055/5015 4064/5016 4065/5017 4222/5018
f 4218/5019 4215/3980 4055/5015 4222/5018
f 4056/3934 4224/3983 4058/5020 4059/1324
f 4103/3931 4057/3930 4056/3934 4059/1324
f 4072/5021 4071/1328 4058/5020 4223/5022
f 4073/1325 4059/1324 4058/5020 4071/1328
f 4058/5020 4224/3983 4220/3984 4223/5022
f 4059/1324 4075/1326 4112/5023 4103/3931
f 4061/5004 4062/5005 4067/1330 4064/5016
f 4062/5005 4063/1317 4134/1320 4067/1330
f 4068/5024 4065/5017 4064/5016 4067/1330
f 4069/5025 4066/5026 4065/5027 4068/5028
f 4221/5029 4222/5030 4065/5027 4066/5026
f 4066/5026 4069/5025 4078/5031 4072/5021
f 4223/5022 4221/5029 4066/5026 4072/5021
f 4138/5032 4068/5024 4067/1330 4135/1331
f 4139/5033 4069/5025 4068/5028 4138/5034
f 4145/5035 4078/5031 4069/5025 4139/5033
f 4070/5036 4079/1332 4077/1329 4144/5037
f 4107/5038 4079/1332 4070/5036 4108/5039
f 4141/5040 4143/5041 4070/5036 4144/5037
f 4146/5042 4108/5039 4070/5036 4143/5041
f 4071/1328 4072/5021 4078/5031 4077/1329
f 4073/1325 4074/1327 4076/1333 4075/1326
f 4075/1326 4076/1333 4113/5043 4112/5023
f 4076/1333 4079/1332 4107/5038 4113/5043
f 4077/1329 4078/5031 4145/5035 4144/5037
f 4080/4986 4082/860 4085/5044 4084/5045
f 4089/5046 4081/4987 4080/4986 4084/5045
f 4090/5047 4088/4988 4081/4989 4089/5048
f 4082/860 4083/859 4100/5049 4085/5044
f 4083/859 4099/3928 4101/5050 4100/5049
f 4084/5045 4085/5044 4087/5051 4086/5052
f 4084/5045 4086/5052 4095/5053 4089/5046
f 4104/5054 4087/5051 4085/5044 4100/5049
f 4086/5052 4087/5051 4157/5055 4156/5056
f 4162/5057 4095/5053 4086/5052 4156/5056
f 4087/5051 4104/5054 4168/5058 4157/5055
f 4088/4988 4090/5047 4093/5059 4091/5012
f 4096/5060 4090/5047 4089/5048 4095/5061
f 4097/5062 4093/5059 4090/5047 4096/5060
f 4094/5063 4092/5013 4091/5012 4093/5059
f 4092/5013 4094/5063 4109/5064 4146/5042
f 4143/5041 4130/1322 4092/5013 4146/5042
f 4098/5065 4094/5063 4093/5059 4097/5062
f 4094/5063 4098/5065 4116/5066 4109/5064
f 4163/5067 4096/5060 4095/5061 4162/5068
f 4164/5069 4097/5062 4096/5060 4163/5067
f 4195/5070 4098/5065 4097/5062 4164/5069
f 4200/5071 4116/5066 4098/5065 4195/5070
f 4102/5072 4101/5050 4099/3928 4103/3931
f 4100/5049 4101/5050 4105/5073 4104/5054
f 4101/5050 4102/5072 4106/5074 4105/5073
f 4102/5072 4103/3931 4112/5023 4114/5075
f 4118/5076 4106/5074 4102/5072 4114/5075
f 4104/5054 4105/5073 4169/5077 4168/5058
f 4105/5073 4106/5074 4170/5078 4169/5077
f 4106/5074 4118/5076 4176/1334 4170/5078
f 4107/5038 4108/5039 4110/5079 4111/5080
f 4115/5081 4113/5043 4107/5038 4111/5080
f 4108/5039 4146/5042 4109/5064 4110/5079
f 4117/5082 4110/5079 4109/5064 4116/5066
f 4120/5083 4111/5080 4110/5079 4117/5082
f 4119/5084 4115/5081 4111/5080 4120/5083
f 4112/5023 4113/5043 4115/5081 4114/5075
f 4114/5075 4115/5081 4119/5084 4118/5076
f 4201/5085 4117/5082 4116/5066 4200/5071
f 4178/5086 4120/5083 4117/5082 4201/5085
f 4118/5076 4119/5084 4177/1335 4176/1334
f 4119/5084 4120/5083 4178/5086 4177/1335
f 4125/5087 4122/5008 4121/5006 4123/5007
f 4132/1319 4131/1318 4122/5008 4133/5088
f 4122/5008 4125/5087 4136/5089 4133/5088
f 4123/5007 4124/5009 4126/5090 4125/5087
f 4129/5091 4126/5092 4124/5011 4127/5010
f 4125/5093 4126/5094 4137/5095 4136/5096
f 4126/5092 4129/5091 4142/5097 4137/5095
f 4127/5010 4128/1321 4140/1323 4129/5091
f 4129/5091 4140/1323 4141/5040 4142/5097
f 4141/5040 4140/1323 4130/1322 4143/5041
f 4135/1331 4134/1320 4132/1319 4133/5088
f 4138/5032 4135/1331 4133/5088 4136/5089
f 4139/5033 4138/5034 4136/5096 4137/5095
f 4145/5035 4139/5033 4137/5095 4142/5097
f 4141/5040 4144/5037 4145/5035 4142/5097
f 4147/5098 4150/5099 4151/5100 4152/5101
f 4165/5102 4150/5099 4147/5098 4166/5103
f 4167/5104 4166/5103 4147/5098 4196/5105
f 4147/5098 4152/5101 4205/5106 4196/5105
f 4148/1339 4149/5107 4153/5108 4151/1337
f 4148/1339 4150/1338 4159/5109 4181/5110
f 4183/5111 4149/5107 4148/1339 4181/5110
f 4232/5112 4153/5108 4149/5107 4225/5113
f 4149/5107 4183/5111 4259/5114 4225/5113
f 4158/5115 4159/5109 4150/1338 4165/5116
f 4154/5117 4152/5101 4151/5100 4153/5118
f 4152/5101 4154/5117 4155/5119 4205/5106
f 4235/5120 4154/5117 4153/5118 4232/5121
f 4236/5122 4155/5119 4154/5117 4235/5120
f 4206/5123 4205/5106 4155/5119 4208/5124
f 4308/5125 4208/5124 4155/5119 4236/5122
f 4156/5056 4157/5055 4161/5126 4158/5115
f 4165/5116 4162/5057 4156/5056 4158/5115
f 4171/5127 4161/5126 4157/5055 4168/5058
f 4160/5128 4159/5109 4158/5115 4161/5126
f 4182/5129 4181/5110 4159/5109 4160/5128
f 4160/5128 4161/5126 4171/5127 4173/5130
f 4160/5128 4173/5130 4185/5131 4182/5129
f 4166/5103 4163/5067 4162/5068 4165/5102
f 4167/5104 4164/5069 4163/5067 4166/5103
f 4164/5069 4167/5104 4197/5132 4195/5070
f 4167/5104 4196/5105 4198/5133 4197/5132
f 4168/5058 4169/5077 4172/5134 4171/5127
f 4169/5077 4170/5078 4175/5135 4172/5134
f 4179/1336 4175/5135 4170/5078 4176/1334
f 4174/5136 4173/5130 4171/5127 4172/5134
f 4187/5137 4174/5136 4172/5134 4175/5135
f 4173/5130 4174/5136 4186/5138 4185/5131
f 4188/5139 4186/5138 4174/5136 4187/5137
f 4175/5135 4179/1336 4192/5140 4187/5137
f 4177/1335 4178/5086 4180/5141 4179/1336
f 4178/5086 4201/5085 4203/5142 4180/5141
f 4179/1336 4180/5141 4211/5143 4192/5140
f 4180/5141 4203/5142 4204/5144 4211/5143
f 4181/5110 4182/5129 4184/5145 4183/5111
f 4189/5146 4184/5145 4182/5129 4185/5131
f 4183/5111 4184/5145 4260/4017 4259/5114
f 4263/4018 4260/4017 4184/5145 4189/5146
f 4185/5131 4186/5138 4190/5147 4189/5146
f 4186/5138 4188/5139 4191/5148 4190/5147
f 4193/5149 4188/5139 4187/5137 4192/5140
f 4194/5150 4191/5148 4188/5139 4193/5149
f 4268/4019 4263/4018 4189/5146 4190/5147
f 4190/5147 4191/5148 4271/5151 4268/4019
f 4191/5148 4194/5150 4278/5152 4271/5151
f 4212/5153 4193/5149 4192/5140 4211/5143
f 4214/5154 4194/5150 4193/5149 4212/5153
f 4194/5150 4214/5154 4279/5155 4278/5152
f 4195/5070 4197/5132 4202/5156 4200/5071
f 4206/5123 4198/5133 4196/5105 4205/5106
f 4197/5132 4198/5133 4199/5157 4202/5156
f 4207/5158 4199/5157 4198/5133 4206/5123
f 4203/5142 4202/5156 4199/5157 4204/5144
f 4210/5159 4204/5144 4199/5157 4207/5158
f 4203/5142 4201/5085 4200/5071 4202/5156
f 4212/5153 4211/5143 4204/5144 4210/5159
f 4206/5123 4208/5124 4209/5160 4207/5158
f 4207/5158 4209/5160 4213/5161 4210/5159
f 4309/5162 4209/5160 4208/5124 4308/5125
f 4312/5163 4213/5161 4209/5160 4309/5162
f 4214/5154 4212/5153 4210/5159 4213/5161
f 4279/5155 4214/5154 4213/5161 4312/5163
f 4217/3995 4216/3979 4215/3980 4218/5019
f 4221/5029 4219/3988 4218/3991 4222/5030
f 4223/5022 4220/3984 4219/3988 4221/5029
f 4225/5113 4226/5164 4233/5165 4232/5112
f 4261/4021 4226/5164 4225/5113 4259/5114
f 4226/5164 4230/5166 4231/5167 4233/5165
f 4226/5164 4261/4021 4264/918 4230/5166
f 4231/5167 4230/5166 4227/5168 4228/5169
f 4243/5170 4228/5169 4227/5168 4241/4002
f 4227/5168 4229/919 4245/911 4241/4002
f 4264/918 4229/919 4227/5168 4230/5166
f 4238/5171 4231/5172 4228/5173 4237/5174
f 4252/5175 4237/5174 4228/5173 4243/5176
f 4234/5177 4233/5178 4231/5172 4238/5171
f 4232/5121 4233/5178 4234/5177 4235/5120
f 4236/5122 4235/5120 4234/5177 4239/5179
f 4234/5177 4238/5171 4240/5180 4239/5179
f 4236/5122 4239/5179 4310/5181 4308/5125
f 4240/5180 4238/5171 4237/5174 4255/5182
f 4237/5174 4252/5175 4254/5183 4255/5182
f 4239/5179 4240/5180 4265/1342 4310/5181
f 4240/5180 4255/5182 4283/1340 4265/1342
f 4241/4002 4242/914 4244/5184 4243/5170
f 4249/5185 4244/5184 4242/914 4247/4009
f 4243/5176 4244/5186 4253/5187 4252/5175
f 4244/5186 4249/5188 4256/5189 4253/5187
f 4247/4009 4248/4010 4250/5190 4249/5185
f 4315/4043 4250/5190 4248/4010 4314/4011
f 4249/5188 4250/5191 4251/5192 4256/5189
f 4316/5193 4251/5192 4250/5191 4315/5194
f 4258/1343 4256/5189 4251/5192 4319/1344
f 4251/5192 4316/5193 4320/5195 4319/1344
f 4252/5175 4253/5187 4257/5196 4254/5183
f 4253/5187 4256/5189 4258/1343 4257/5196
f 4283/1340 4255/5182 4254/5183 4284/5197
f 4254/5183 4257/5196 4287/5198 4284/5197
f 4257/5196 4258/1343 4288/1346 4287/5198
f 4259/5114 4260/4017 4262/4016 4261/4021
f 4311/5199 4310/5181 4265/1342 4266/1341
f 4266/1341 4283/1340 4285/5200 4267/5201
f 4266/1341 4267/5201 4313/5202 4311/5199
f 4267/5201 4280/5203 4282/5204 4313/5202
f 4305/1351 4280/5203 4267/5201 4285/5200
f 4270/5205 4269/926 4268/4019 4271/5151
f 4269/926 4270/5205 4274/5206 4273/924
f 4277/5207 4274/5206 4270/5205 4281/5208
f 4270/5205 4271/5151 4278/5152 4281/5208
f 4276/5209 4275/4025 4273/924 4274/5206
f 4297/1350 4276/5209 4274/5206 4277/5207
f 4275/4025 4276/5209 4293/5210 4292/4026
f 4296/1349 4293/5210 4276/5209 4297/1350
f 4282/5204 4280/5203 4277/5207 4281/5208
f 4277/5207 4280/5203 4305/1351 4297/1350
f 4278/5152 4279/5155 4282/5204 4281/5208
f 4279/5155 4312/5163 4313/5202 4282/5204
f 4283/1340 4284/5197 4286/5211 4285/5200
f 4290/5212 4286/5211 4284/5197 4287/5198
f 4285/5200 4286/5211 4306/1352 4305/1351
f 4286/5211 4290/5212 4307/1355 4306/1352
f 4287/5198 4288/1346 4291/1348 4290/5212
f 4290/5212 4291/1348 4289/5213 4307/1355
f 4289/5213 4304/5214 4302/1354 4307/1355
f 4289/5213 4291/1348 4349/1356 4347/5215
f 4354/5216 4304/5214 4289/5213 4347/5215
f 4292/4026 4293/5210 4295/4034 4294/4030
f 4298/1353 4295/4034 4293/5210 4296/1349
f 4301/1357 4299/4035 4295/4034 4298/1353
f 4303/5217 4300/4036 4299/4035 4301/1357
f 4300/4036 4303/5217 4355/5218 4352/4038
f 4301/1357 4302/1354 4304/5214 4303/5217
f 4303/5217 4304/5214 4354/5216 4355/5218
f 4311/5199 4309/5162 4308/5125 4310/5181
f 4309/5162 4311/5199 4313/5202 4312/5163
f 4315/5194 4317/5219 4318/5220 4316/5193
f 4316/5193 4318/5220 4323/5221 4320/5195
f 4328/5222 4318/5220 4317/5219 4325/5223
f 4333/5224 4323/5221 4318/5220 4328/5222
f 4319/1344 4320/5195 4322/5225 4321/1345
f 4324/5226 4322/5225 4320/5195 4323/5221
f 4321/1345 4322/5225 4346/5227 4345/1347
f 4322/5225 4324/5226 4351/5228 4346/5227
f 4337/5229 4324/5226 4323/5221 4333/5224
f 4324/5226 4337/5229 4341/5230 4351/5228
f 4325/5231 4326/5232 4327/5233 4328/5234
f 4331/5235 4327/5233 4326/5232 4329/5236
f 4333/5237 4328/5234 4327/5233 4335/5238
f 4327/5233 4331/5235 4334/5239 4335/5238
f 4329/5236 4330/5240 4332/1360 4331/5235
f 4380/1361 4332/1360 4330/5240 4378/5241
f 4331/5235 4332/1360 4336/1359 4334/5239
f 4333/5237 4335/5238 4338/5242 4337/5243
f 4338/5242 4335/5238 4334/5239 4339/5244
f 4334/5239 4336/1359 4340/5245 4339/5244
f 4402/1365 4340/5245 4336/1359 4385/1362
f 4337/5243 4338/5242 4342/5246 4341/5247
f 4338/5242 4339/5244 4343/5248 4342/5246
f 4339/5244 4340/5245 4344/5249 4343/5248
f 4404/5250 4344/5249 4340/5245 4402/1365
f 4358/5251 4351/5228 4341/5230 4359/5252
f 4341/5247 4342/5246 4360/5253 4359/5254
f 4342/5246 4343/5248 4361/5255 4360/5253
f 4343/5248 4344/5249 4362/5256 4361/5255
f 4428/5257 4362/5256 4344/5249 4404/5250
f 4345/1347 4346/5227 4350/5258 4349/1356
f 4358/5251 4350/5258 4346/5227 4351/5228
f 4347/5215 4349/1356 4350/5258 4348/5259
f 4347/5215 4348/5259 4357/5260 4354/5216
f 4348/5259 4350/5258 4358/5251 4373/5261
f 4363/5262 4357/5260 4348/5259 4373/5261
f 4356/4093 4353/4080 4352/4038 4355/5218
f 4356/4093 4355/5218 4354/5216 4357/5260
f 4363/5262 4364/4094 4356/4093 4357/5260
f 4358/5251 4359/5252 4374/5263 4373/5261
f 4359/5254 4360/5253 4375/5264 4374/5265
f 4360/5253 4361/5255 4376/5266 4375/5264
f 4361/5255 4362/5256 4377/5267 4376/5266
f 4429/5268 4377/5267 4362/5256 4428/5257
f 4365/4095 4364/4094 4363/5262 4366/5269
f 4363/5262 4373/5261 4374/5263 4366/5269
f 4365/5270 4366/5271 4367/5272 4370/5273
f 4366/5271 4374/5265 4375/5264 4367/5272
f 4371/5274 4370/5273 4367/5272 4368/5275
f 4367/5272 4375/5264 4376/5266 4368/5275
f 4372/5276 4371/5274 4368/5275 4369/5277
f 4368/5275 4376/5266 4377/5267 4369/5277
f 4369/5277 4377/5267 4429/5268 4439/950
f 4433/947 4372/5276 4369/5277 4439/950
f 4378/5241 4379/3461 4381/3460 4380/1361
f 4380/1361 4381/3460 4382/3462 4383/1363
f 4397/5278 4383/1363 4382/3462 4387/3466
f 4385/1362 4384/1358 4383/1363 4386/1364
f 4400/5279 4396/1366 4383/1363 4397/5278
f 4403/5280 4402/1365 4386/1364 4396/1366
f 4399/5281 4397/5278 4387/3466 4398/3496
f 4388/3485 4390/5282 4419/5283 4418/3484
f 4392/5284 4390/3486 4389/3487 4467/1369
f 4389/3487 4465/3488 4469/1367 4467/1369
f 4390/5282 4392/5285 4391/5286 4419/5283
f 4391/5286 4392/5285 4393/5287 4426/5288
f 4417/5289 4419/5283 4391/5286 4420/5290
f 4425/5291 4420/5290 4391/5286 4426/5288
f 4392/5284 4467/1369 4468/1368 4393/5292
f 4394/5293 4426/5288 4393/5287 4395/5294
f 4477/1370 4395/1372 4393/5292 4468/1368
f 4425/5291 4426/5288 4394/5293 4427/5295
f 4457/5296 4427/5295 4394/5293 4459/5297
f 4394/5293 4395/5294 4458/5298 4459/5297
f 4396/1366 4400/5279 4406/5299 4403/5280
f 4397/5278 4399/5281 4401/5300 4400/5279
f 4411/5301 4399/5281 4398/3496 4410/3497
f 4415/5302 4401/5300 4399/5281 4411/5301
f 4400/5279 4401/5300 4407/5303 4406/5299
f 4422/5304 4407/5303 4401/5300 4415/5302
f 4402/1365 4403/5280 4405/5305 4404/5250
f 4408/5306 4405/5305 4403/5280 4406/5299
f 4404/5250 4405/5305 4462/5307 4428/5257
f 4405/5305 4408/5306 4463/5308 4462/5307
f 4406/5299 4407/5303 4409/5309 4408/5306
f 4423/5310 4409/5309 4407/5303 4422/5304
f 4408/5306 4409/5309 4464/5311 4463/5308
f 4409/5309 4423/5310 4451/5312 4464/5311
f 4413/5313 4411/5301 4410/3497 4412/3501
f 4411/5301 4413/5313 4414/5314 4415/5302
f 4417/5289 4413/5313 4412/3501 4416/3502
f 4413/5313 4417/5289 4420/5290 4414/5314
f 4422/5304 4415/5302 4414/5314 4421/5315
f 4414/5314 4420/5290 4425/5291 4421/5315
f 4416/3502 4418/3484 4419/5283 4417/5289
f 4423/5310 4422/5304 4421/5315 4424/5316
f 4421/5315 4425/5291 4427/5295 4424/5316
f 4423/5310 4424/5316 4452/5317 4451/5312
f 4424/5316 4427/5295 4457/5296 4452/5317
f 4430/5318 4429/5268 4428/5257 4462/5307
f 4434/948 4439/950 4429/5268 4430/5318
f 4430/5318 4431/5319 4437/951 4434/948
f 4430/5318 4462/5307 4463/5308 4431/5319
f 4431/5319 4432/5320 4438/5321 4437/951
f 4431/5319 4463/5308 4464/5311 4432/5320
f 4441/5322 4438/5321 4432/5320 4453/5323
f 4432/5320 4464/5311 4451/5312 4453/5323
f 4438/5321 4436/5324 4435/949 4437/951
f 4436/5324 4438/5321 4441/5322 4461/5325
f 4440/5326 4461/5325 4441/5322 4442/5327
f 4440/5326 4442/5327 4448/5328 4445/5329
f 4441/5322 4453/5323 4454/5330 4442/5327
f 4460/5331 4448/5328 4442/5327 4454/5330
f 4443/5332 4447/5333 4446/5334 4449/5335
f 4443/5332 4449/5335 4455/1374 4498/1373
f 4493/5336 4447/5333 4443/5332 4491/5337
f 4499/5338 4491/5337 4443/5332 4498/1373
f 4444/5339 4445/5329 4448/5328 4450/5340
f 4449/5341 4446/5342 4444/5339 4450/5340
f 4456/5343 4450/5340 4448/5328 4460/5331
f 4449/5341 4450/5340 4456/5343 4455/5344
f 4451/5312 4452/5317 4454/5330 4453/5323
f 4460/5331 4454/5330 4452/5317 4457/5296
f 4459/5297 4458/5298 4455/5344 4456/5343
f 4457/5296 4459/5297 4456/5343 4460/5331
f 4465/3488 4466/3540 4470/5345 4469/1367
f 4473/5346 4470/5345 4466/3540 4471/3541
f 4468/1368 4469/1367 4476/5347 4477/1370
f 4469/1367 4470/5345 4475/5348 4476/5347
f 4470/5345 4473/5346 4478/5349 4475/5348
f 4471/3541 4472/3545 4474/5350 4473/5346
f 4482/5351 4474/5350 4472/3545 4481/3547
f 4473/5346 4474/5350 4480/5352 4478/5349
f 4483/5353 4480/5352 4474/5350 4482/5351
f 4475/5348 4478/5349 4479/5354 4500/5355
f 4499/5338 4476/5347 4475/5348 4500/5355
f 4498/1373 4477/1370 4476/5347 4499/5338
f 4501/5356 4479/5354 4478/5349 4480/5352
f 4492/5357 4500/5355 4479/5354 4496/5358
f 4497/5359 4496/5358 4479/5354 4501/5356
f 4480/5352 4483/5353 4510/5360 4501/5356
f 4486/5361 4482/5351 4481/3547 4484/3551
f 4487/5362 4483/5353 4482/5351 4486/5361
f 4483/5353 4487/5362 4511/5363 4510/5360
f 4484/3551 4485/3554 4488/5364 4486/5361
f 4537/1375 4488/5364 4485/3554 4534/3558
f 4489/5365 4487/5362 4486/5361 4488/5364
f 4487/5362 4489/5365 4515/1379 4511/5363
f 4580/1378 4489/5365 4488/5364 4537/1375
f 4582/1380 4515/1379 4489/5365 4580/1378
f 4490/5366 4493/5336 4491/5337 4492/5357
f 4496/5358 4494/5367 4490/5366 4492/5357
f 4491/5337 4499/5338 4500/5355 4492/5357
f 4497/5359 4495/5368 4494/5367 4496/5358
f 4495/5368 4497/5359 4509/5369 4502/5370
f 4497/5359 4501/5356 4510/5360 4509/5369
f 4512/5371 4503/5372 4502/5370 4509/5369
f 4513/960 4506/962 4503/5372 4512/5371
f 4508/5373 4505/4206 4504/4202 4507/4207
f 4505/4206 4508/5373 4549/5374 4543/4233
f 4514/5375 4508/5376 4507/961 4513/960
f 4508/5376 4514/5375 4551/5377 4549/5378
f 4509/5369 4510/5360 4511/5363 4512/5371
f 4513/960 4512/5371 4511/5363 4515/1379
f 4513/960 4515/1379 4590/1381 4514/5375
f 4552/5379 4551/5377 4514/5375 4590/1381
f 4516/4227 4526/4226 4527/5380 4606/5381
f 4516/4227 4606/5381 4607/1102 4618/1100
f 4517/757 4518/5382 4531/5383 4520/755
f 4612/5384 4518/5382 4517/757 4611/3746
f 4518/5382 4527/5380 4528/5385 4531/5383
f 4518/5382 4612/5384 4606/5381 4527/5380
f 4519/752 4520/5386 4533/1386 4540/750
f 4520/5386 4531/5387 4532/1387 4533/1386
f 4526/4226 4524/4219 4521/4220 4525/5388
f 4521/971 4522/970 4529/5389 4525/5390
f 4522/970 4523/976 4560/5391 4529/5389
f 4523/976 4559/978 4562/5392 4560/5391
f 4527/5380 4526/4226 4525/5388 4528/5385
f 4530/5393 4528/5394 4525/5395 4529/5396
f 4532/1387 4531/5387 4528/5394 4530/5393
f 4570/5397 4530/5393 4529/5396 4560/5398
f 4571/1385 4532/1387 4530/5393 4570/5397
f 4599/1391 4540/750 4533/1386 4565/1388
f 4534/3558 4536/3749 4538/1376 4537/1375
f 4538/1376 4536/3749 4535/753 4541/754
f 4538/1376 4541/754 4584/5399 4585/1392
f 4584/5399 4541/754 4540/750 4599/1391
f 4542/4231 4543/4233 4545/5400 4544/4237
f 4550/5401 4545/5400 4543/4233 4549/5374
f 4544/987 4545/5402 4548/5403 4547/990
f 4553/5404 4548/5403 4545/5402 4550/5405
f 4546/988 4547/990 4726/5406 4725/5407
f 4546/988 4725/5407 4729/5408 4727/989
f 4547/990 4548/5403 4731/5409 4726/5406
f 4548/5403 4553/5404 4733/5410 4731/5409
f 4554/5411 4550/5412 4549/5378 4551/5377
f 4556/5413 4553/5414 4550/5415 4554/5416
f 4551/5377 4552/5379 4555/5417 4554/5411
f 4592/1394 4555/1393 4552/1382 4591/1384
f 4553/5414 4556/5413 4734/1398 4733/5418
f 4554/5416 4555/1393 4557/5419 4556/5413
f 4596/5420 4557/5419 4555/1393 4595/1395
f 4556/5413 4557/5419 4775/5421 4734/1398
f 4557/5419 4596/5420 4776/5422 4775/5421
f 4559/4241 4561/4240 4563/5423 4562/5424
f 4560/5398 4562/5425 4566/5426 4570/5397
f 4573/5427 4563/5423 4561/4240 4572/993
f 4562/5424 4563/5423 4567/5428 4566/5429
f 4576/5430 4567/5428 4563/5423 4573/5427
f 4564/5431 4566/5429 4567/5428 4568/5432
f 4569/5433 4565/5434 4564/5431 4568/5432
f 4570/5397 4566/5426 4564/1389 4571/1385
f 4565/5434 4569/5433 4601/5435 4600/5436
f 4577/5437 4568/5432 4567/5428 4576/5430
f 4603/5438 4569/5433 4568/5432 4577/5437
f 4602/5439 4601/5435 4569/5433 4603/5438
f 4575/5440 4573/5427 4572/993 4574/992
f 4573/5427 4575/5440 4578/5441 4576/5430
f 4753/5442 4575/5440 4574/992 4752/4242
f 4757/5443 4578/5441 4575/5440 4753/5442
f 4579/5444 4577/5437 4576/5430 4578/5441
f 4577/5437 4579/5444 4604/5445 4603/5438
f 4758/5446 4579/5444 4578/5441 4757/5443
f 4791/5447 4604/5445 4579/5444 4758/5446
f 4580/1378 4581/1377 4583/5448 4582/1380
f 4586/5449 4583/5448 4581/1377 4585/1392
f 4591/1384 4590/1383 4582/5450 4583/5451
f 4587/5452 4591/1384 4583/5451 4586/5453
f 4586/5449 4585/1392 4584/5399 4588/5454
f 4584/5399 4599/1391 4600/1390 4588/5454
f 4589/5455 4587/5452 4586/5453 4588/5456
f 4592/1394 4591/1384 4587/5452 4593/5457
f 4587/5452 4589/5455 4594/5458 4593/5457
f 4588/5456 4600/5436 4601/5435 4589/5455
f 4589/5455 4601/5435 4602/5439 4594/5458
f 4592/1394 4593/5457 4597/5459 4595/1395
f 4593/5457 4594/5458 4598/1399 4597/5459
f 4605/1400 4598/1399 4594/5458 4602/5439
f 4778/5460 4596/5420 4595/1395 4597/5459
f 4783/5461 4776/5422 4596/5420 4778/5460
f 4597/5459 4598/1399 4779/1404 4778/5460
f 4782/1402 4779/1404 4598/1399 4780/1401
f 4602/5439 4603/5438 4604/5445 4605/1400
f 4780/1401 4605/1400 4604/5445 4791/5447
f 4608/5462 4607/1102 4606/5381 4612/5384
f 4607/1102 4608/5462 4609/5463 4620/1101
f 4608/5462 4612/5384 4611/3746 4613/3778
f 4608/5462 4613/3778 4614/3780 4609/5463
f 4609/5463 4614/3780 4615/3786 4610/5464
f 4655/5465 4620/1101 4609/5463 4610/5464
f 4610/5464 4615/3786 4616/3788 4617/5466
f 4610/5464 4617/5466 4656/1405 4655/5465
f 4690/1410 4617/5466 4616/3788 4688/3790
f 4706/1409 4656/1405 4617/5466 4690/1410
f 4623/5467 4622/1110 4620/1101 4655/5465
f 4621/1123 4622/1110 4623/5467 4638/1411
f 4630/1413 4624/4378 4621/1123 4638/1411
f 4639/1415 4638/1411 4623/5467 4653/1407
f 4623/5467 4655/5465 4656/1405 4653/1407
f 4657/4381 4625/1129 4624/4378 4630/1413
f 4634/1128 4633/1127 4626/4379 4635/1139
f 4626/4379 4628/4380 4640/1417 4635/1139
f 4640/1417 4628/4380 4627/1131 4631/1421
f 4627/1131 4629/1130 4658/5468 4631/1421
f 4629/1130 4657/4381 4659/5469 4658/5468
f 4630/1413 4632/1412 4659/5469 4657/4381
f 4641/1418 4640/1417 4631/1421 4660/1420
f 4631/1421 4658/5468 4663/5470 4662/1419
f 4664/5471 4659/5469 4632/1412 4674/1422
f 4642/1423 4637/1140 4635/1139 4641/1418
f 4636/1142 4637/1140 4643/1424 4648/1143
f 4646/1429 4644/1414 4639/1415 4645/1416
f 4641/1418 4660/1420 4661/5472 4642/1423
f 4667/1426 4643/1424 4642/1423 4661/5472
f 4649/1149 4648/1143 4643/1424 4667/1426
f 4644/1414 4646/1429 4675/1428 4674/1422
f 4652/5473 4646/1429 4645/1416 4651/1430
f 4645/1416 4653/1407 4654/1406 4651/1430
f 4646/1429 4652/5473 4678/5474 4677/1427
f 4652/5473 4651/1430 4647/1154 4650/5475
f 4647/1154 4699/1152 4700/1151 4650/5475
f 4707/5476 4702/1153 4647/1154 4654/1406
f 4649/1149 4667/1426 4668/1155 4701/1148
f 4678/5474 4652/5473 4650/5475 4712/5477
f 4650/5475 4700/1151 4710/4469 4712/5477
f 4654/1406 4656/1405 4706/1409 4707/5476
f 4658/5468 4659/5469 4664/5471 4663/5470
f 4665/5478 4661/5472 4660/1420 4662/1419
f 4661/5472 4665/5478 4669/1425 4667/1426
f 4662/1419 4663/5470 4666/5479 4665/5478
f 4663/5470 4664/5471 4676/5480 4666/5479
f 4664/5471 4674/1422 4675/1428 4676/5480
f 4665/5478 4666/5479 4671/1431 4669/1425
f 4679/5481 4671/1431 4666/5479 4676/5480
f 4668/1155 4669/1425 4672/1432 4670/1156
f 4670/1156 4672/1432 4673/5482 4714/5483
f 4711/4470 4713/1157 4670/1156 4714/5483
f 4673/5482 4672/1432 4671/1431 4679/5481
f 4677/1427 4678/5474 4673/5482 4679/5481
f 4673/5482 4678/5474 4712/5477 4714/5483
f 4679/5481 4676/5480 4675/1428 4677/1427
f 4680/2838 4682/4454 4684/5484 4685/3805
f 4681/574 4685/3805 4686/5485 4693/3807
f 4682/4454 4683/4459 4716/4475 4684/5484
f 4686/5485 4685/3805 4684/5484 4687/5486
f 4718/5487 4687/5486 4684/5484 4716/4475
f 4692/3819 4693/3807 4686/5485 4695/5488
f 4686/5485 4687/5486 4698/1434 4695/5488
f 4719/1435 4698/1434 4687/5486 4718/5487
f 4688/3790 4689/3813 4691/5489 4690/1410
f 4696/5490 4691/5489 4689/3813 4694/3816
f 4690/1410 4691/5489 4722/5491 4721/1408
f 4691/5489 4696/5490 4697/1433 4722/5491
f 4696/5490 4694/3816 4692/3819 4695/5488
f 4697/1433 4696/5490 4695/5488 4698/1434
f 4709/5492 4722/5491 4697/1433 4720/1436
f 4708/5493 4704/4471 4702/1153 4707/5476
f 4703/4472 4705/4473 4717/5494 4715/4474
f 4709/5492 4705/4473 4704/4471 4708/5493
f 4720/1436 4717/5494 4705/4473 4709/5492
f 4708/5493 4707/5476 4706/1409 4721/1408
f 4708/5493 4721/1408 4722/5491 4709/5492
f 4710/4469 4711/4470 4714/5483 4712/5477
f 4718/5487 4716/4475 4715/4474 4717/5494
f 4719/1435 4718/5487 4717/5494 4720/1436
f 4725/5407 4726/5406 4723/5495 4740/5496
f 4723/5495 4726/5406 4731/5409 4724/5497
f 4723/5495 4724/5497 4739/5498 4738/5499
f 4723/5495 4738/5499 4744/5500 4740/5496
f 4724/5497 4731/5409 4733/5410 4735/5501
f 4724/5497 4735/5501 4748/5502 4739/5498
f 4741/5503 4729/5408 4725/5407 4740/5496
f 4727/989 4729/5408 4732/1437 4730/991
f 4728/984 4730/991 4755/1438 4754/1439
f 4742/5504 4732/1437 4729/5408 4741/5503
f 4732/1437 4742/5504 4743/5505 4755/1438
f 4733/5418 4734/1398 4736/1397 4735/5506
f 4777/5507 4737/1396 4734/1398 4775/5421
f 4735/5506 4736/1397 4749/5508 4748/5509
f 4736/1397 4737/1396 4750/5510 4749/5508
f 4785/5511 4750/5510 4737/1396 4777/5507
f 4793/5512 4744/5500 4738/5499 4794/5513
f 4738/5499 4739/5498 4795/5514 4794/5513
f 4739/5498 4748/5502 4808/5515 4795/5514
f 4745/5516 4741/5503 4740/5496 4744/5500
f 4746/5517 4742/5504 4741/5503 4745/5516
f 4747/5518 4743/5505 4742/5504 4746/5517
f 4762/1440 4755/1438 4743/5505 4763/5519
f 4743/5505 4747/5518 4764/5520 4763/5519
f 4800/5521 4745/5516 4744/5500 4793/5512
f 4801/5522 4746/5517 4745/5516 4800/5521
f 4802/5523 4747/5518 4746/5517 4801/5522
f 4803/5524 4764/5520 4747/5518 4802/5523
f 4748/5509 4749/5508 4809/5525 4808/5526
f 4749/5508 4750/5510 4810/5527 4809/5525
f 4750/5510 4785/5511 4813/5528 4810/5527
f 4751/5529 4771/5530 4770/5531 4774/5532
f 4788/5533 4771/5530 4751/5529 4790/5534
f 4751/5529 4774/5532 4858/5535 4816/5536
f 4862/5537 4790/5534 4751/5529 4816/5536
f 4756/1441 4753/5442 4752/4242 4754/1439
f 4753/5442 4756/1441 4759/5538 4757/5443
f 4766/5539 4759/5538 4756/1441 4765/1442
f 4761/5540 4758/5446 4757/5443 4759/5538
f 4758/5446 4761/5540 4792/5541 4791/5447
f 4769/5542 4761/5540 4759/5538 4766/5539
f 4761/5540 4769/5542 4760/5543 4792/5541
f 4770/5531 4771/5530 4760/5543 4769/5542
f 4760/5543 4781/1403 4782/1402 4792/5541
f 4760/5543 4771/5530 4788/5533 4781/1403
f 4762/1440 4763/5519 4767/5544 4765/1442
f 4763/5519 4764/5520 4772/5545 4767/5544
f 4855/5546 4772/5545 4764/5520 4803/5524
f 4768/5547 4766/5539 4765/1442 4767/5544
f 4766/5539 4768/5547 4770/5531 4769/5542
f 4773/5548 4768/5547 4767/5544 4772/5545
f 4774/5532 4770/5531 4768/5547 4773/5548
f 4856/5549 4773/5548 4772/5545 4855/5546
f 4858/5535 4774/5532 4773/5548 4856/5549
f 4775/5421 4776/5422 4784/5550 4777/5507
f 4776/5422 4783/5461 4787/5551 4784/5550
f 4777/5507 4784/5550 4786/5552 4785/5511
f 4778/5460 4779/1404 4781/1403 4783/5461
f 4780/1401 4791/5447 4792/5541 4782/1402
f 4787/5551 4783/5461 4781/1403 4788/5533
f 4789/5553 4786/5552 4784/5550 4787/5551
f 4785/5511 4786/5552 4860/5554 4813/5528
f 4786/5552 4789/5553 4861/5555 4860/5554
f 4787/5551 4788/5533 4790/5534 4789/5553
f 4789/5553 4790/5534 4862/5537 4861/5555
f 4793/5512 4794/5513 4797/1446 4796/1445
f 4793/5512 4796/1445 4804/1444 4800/5521
f 4794/5513 4795/5514 4798/1447 4797/1446
f 4799/5556 4798/1447 4795/5514 4808/5515
f 4796/1445 4797/1446 4820/1448 4826/1443
f 4798/1447 4799/5556 4818/5557 4820/1448
f 4799/5558 4808/5526 4809/5525 4811/5559
f 4799/5558 4811/5559 4836/5560 4818/5561
f 4805/1453 4801/5522 4800/5521 4804/1444
f 4806/1452 4802/5523 4801/5522 4805/1453
f 4807/1454 4803/5524 4802/5523 4806/1452
f 4803/5524 4807/1454 4815/5562 4855/5546
f 4827/1451 4805/1453 4804/1444 4826/1443
f 4845/5563 4815/5562 4807/1454 4830/1455
f 4809/5525 4810/5527 4812/5564 4811/5559
f 4814/5565 4812/5564 4810/5527 4813/5528
f 4811/5559 4812/5564 4838/5566 4836/5560
f 4812/5564 4814/5565 4839/5567 4838/5566
f 4863/5568 4814/5565 4813/5528 4860/5554
f 4864/5569 4839/5567 4814/5565 4863/5568
f 4815/5562 4845/5563 4846/5570 4857/5571
f 4856/5549 4855/5546 4815/5562 4857/5571
f 4817/5572 4847/5573 4816/5536 4858/5535
f 4816/5536 4847/5573 4869/5574 4862/5537
f 4817/5572 4857/5571 4846/5570 4848/5575
f 4849/5576 4847/5573 4817/5572 4848/5575
f 4856/5549 4857/5571 4817/5572 4858/5535
f 4821/1449 4820/1448 4818/5557 4819/5577
f 4837/5578 4819/5579 4818/5561 4836/5560
f 4824/5580 4821/1449 4819/5577 4823/5581
f 4840/5582 4823/5583 4819/5579 4837/5578
f 4828/1457 4826/1443 4820/1448 4822/1450
f 4825/1456 4822/1450 4821/1449 4824/5580
f 4874/5584 4824/5580 4823/5581 4873/5585
f 4823/5583 4840/5582 4885/5586 4873/5587
f 4872/5588 4825/1456 4824/5580 4874/5584
f 4878/5589 4832/1459 4825/1456 4872/5588
f 4829/1458 4827/1451 4826/1443 4828/1457
f 4827/1451 4829/1458 4831/5590 4830/1455
f 4833/5591 4831/5590 4829/1458 4832/1459
f 4830/1455 4831/5590 4834/5592 4845/5563
f 4831/5590 4833/5591 4835/5593 4834/5592
f 4879/5594 4833/5591 4832/1459 4878/5589
f 4880/5595 4835/5593 4833/5591 4879/5594
f 4846/5570 4845/5563 4834/5592 4859/5596
f 4834/5592 4835/5593 4850/5597 4859/5596
f 4894/5598 4850/5597 4835/5593 4880/5595
f 4841/5599 4837/5578 4836/5560 4838/5566
f 4843/5600 4840/5582 4837/5578 4841/5599
f 4838/5566 4839/5567 4842/5601 4841/5599
f 4865/5602 4842/5601 4839/5567 4864/5569
f 4840/5582 4843/5600 4886/5603 4885/5586
f 4841/5599 4842/5601 4844/5604 4843/5600
f 4924/5605 4844/5604 4842/5601 4865/5602
f 4843/5600 4844/5604 4887/5606 4886/5603
f 4888/5607 4887/5606 4844/5604 4924/5605
f 4852/5608 4848/5575 4846/5570 4859/5596
f 4847/5573 4849/5576 4867/5609 4869/5574
f 4853/5610 4849/5576 4848/5575 4852/5608
f 4849/5576 4853/5610 4871/5611 4867/5609
f 4852/5608 4859/5596 4850/5597 4851/5612
f 4895/5613 4851/5612 4850/5597 4894/5598
f 4853/5610 4852/5608 4851/5612 4854/5614
f 4898/5615 4854/5614 4851/5612 4895/5613
f 4853/5610 4854/5614 4896/5616 4871/5611
f 4897/5617 4896/5616 4854/5614 4898/5615
f 4860/5554 4861/5555 4866/5618 4863/5568
f 4861/5555 4862/5537 4869/5574 4866/5618
f 4868/5619 4864/5569 4863/5568 4866/5618
f 4870/5620 4865/5602 4864/5569 4868/5619
f 4865/5602 4870/5620 4926/5621 4924/5605
f 4866/5618 4869/5574 4867/5609 4868/5619
f 4870/5620 4868/5619 4867/5609 4871/5611
f 4870/5620 4871/5611 4896/5616 4926/5621
f 4872/5588 4874/5584 4875/5622 4876/5623
f 4872/5588 4876/5623 4881/5624 4878/5589
f 4875/5622 4874/5584 4873/5585 4877/5625
f 4889/5626 4877/5627 4873/5587 4885/5586
f 4903/5628 4876/5623 4875/5622 4902/5629
f 4875/5622 4877/5625 4904/5630 4902/5629
f 4911/5631 4881/5624 4876/5623 4903/5628
f 4877/5627 4889/5626 4905/5632 4904/5633
f 4882/5634 4879/5594 4878/5589 4881/5624
f 4883/5635 4880/5595 4879/5594 4882/5634
f 4880/5595 4883/5635 4884/1462 4894/5598
f 4912/5636 4882/5634 4881/5624 4911/5631
f 4913/5637 4883/5635 4882/5634 4912/5636
f 4914/1460 4884/1462 4883/5635 4913/5637
f 4895/5613 4894/5598 4884/1462 4899/1461
f 4885/5586 4886/5603 4890/5638 4889/5626
f 4886/5603 4887/5606 4891/5639 4890/5638
f 4887/5606 4888/5607 4892/5640 4891/5639
f 4893/5641 4892/5640 4888/5607 4925/5642
f 4888/5607 4924/5605 4926/5621 4925/5642
f 4889/5626 4890/5638 4918/5643 4905/5632
f 4890/5638 4891/5639 4919/5644 4918/5643
f 4891/5639 4892/5640 4920/5645 4919/5644
f 4892/5640 4893/5641 4921/5646 4920/5645
f 4893/5641 4925/5642 4897/5617 4900/5647
f 4893/5641 4900/5647 4923/5648 4921/5646
f 4901/5649 4898/5615 4895/5613 4899/1461
f 4925/5642 4926/5621 4896/5616 4897/5617
f 4897/5617 4898/5615 4901/5649 4900/5647
f 4922/5650 4901/5649 4899/1461 4914/1460
f 4900/5647 4901/5649 4922/5650 4923/5648
f 4906/5651 4903/5628 4902/5629 4907/5652
f 4902/5629 4904/5630 4909/5653 4907/5652
f 4903/5628 4906/5651 4908/5654 4911/5631
f 4904/5633 4905/5632 4910/5655 4909/5656
f 4956/5657 4910/5655 4905/5632 4918/5643
f 4928/5658 4908/5654 4906/5651 4927/5659
f 4906/5651 4907/5652 4929/5660 4927/5659
f 4907/5652 4909/5653 4930/5661 4929/5660
f 4912/5636 4911/5631 4908/5654 4915/5662
f 4946/5663 4915/5662 4908/5654 4928/5658
f 4909/5656 4910/5655 4931/5664 4930/5665
f 4932/5666 4931/5664 4910/5655 4956/5657
f 4916/5667 4913/5637 4912/5636 4915/5662
f 4917/5668 4914/1460 4913/5637 4916/5667
f 4914/1460 4917/5668 4964/5669 4922/5650
f 4947/5670 4916/5667 4915/5662 4946/5663
f 4948/5671 4917/5668 4916/5667 4947/5670
f 4917/5668 4948/5671 4953/5672 4964/5669
f 4918/5643 4919/5644 4957/5673 4956/5657
f 4919/5644 4920/5645 4958/5674 4957/5673
f 4920/5645 4921/5646 4959/5675 4958/5674
f 4921/5646 4923/5648 4965/5676 4959/5675
f 4965/5676 4923/5648 4922/5650 4964/5669
f 4933/4488 4939/4491 4927/5659 4929/5660
f 4927/5659 4939/4491 4940/4495 4928/5658
f 4928/5658 4940/4495 4949/4497 4946/5663
f 4929/5660 4930/5661 4934/5677 4933/4488
f 4930/5665 4931/5664 4941/5678 4934/5679
f 4931/5664 4932/5666 4943/5680 4941/5678
f 4944/5681 4943/5680 4932/5666 4960/5682
f 4932/5666 4956/5657 4957/5673 4960/5682
f 4937/5683 4935/4489 4933/4488 4934/5677
f 4942/5684 4937/5685 4934/5679 4941/5678
f 4938/5686 4936/4492 4935/4489 4937/5683
f 4970/5687 4938/5688 4937/5685 4942/5684
f 4968/1463 4967/4485 4938/4486 4970/1464
f 4971/5689 4942/5684 4941/5678 4943/5680
f 4972/5690 4970/5687 4942/5684 4971/5689
f 4943/5680 4944/5681 4976/1468 4971/5689
f 4944/5681 4960/5682 4961/5691 4945/5692
f 4944/5681 4945/5692 4978/1466 4976/1468
f 4945/5692 4961/5691 4962/5693 4963/5694
f 4945/5692 4963/5694 4979/5695 4978/1466
f 4946/5663 4949/4497 4950/4498 4947/5670
f 4952/5696 4948/5671 4947/5670 4950/4498
f 4948/5671 4952/5696 4954/5697 4953/5672
f 4950/4498 4951/4499 5002/5698 4952/5696
f 4951/4501 5001/4500 5003/4595 5002/5699
f 5005/5700 4954/5697 4952/5696 5002/5698
f 4953/5672 4954/5697 4955/5701 4966/5702
f 4965/5676 4964/5669 4953/5672 4966/5702
f 5006/5703 4955/5701 4954/5697 5005/5700
f 4955/5701 4963/5694 4962/5693 4966/5702
f 4979/5695 4963/5694 4955/5701 5006/5703
f 4957/5673 4958/5674 4961/5691 4960/5682
f 4958/5674 4959/5675 4962/5693 4961/5691
f 4959/5675 4965/5676 4966/5702 4962/5693
f 4984/5704 4969/4562 4968/1463 4973/1465
f 4985/1202 4983/4563 4969/4562 4984/5704
f 4970/1464 4972/1471 4974/1470 4973/1465
f 4977/1467 4972/5690 4971/5689 4976/1468
f 4973/1465 4974/1470 4990/5705 4984/5704
f 4974/1470 4975/1469 4991/5706 4990/5705
f 4975/1469 4980/1473 4992/5707 4991/5706
f 4977/5708 4978/5709 4981/5710 4980/5711
f 4978/5709 4979/5712 4982/5713 4981/5710
f 4979/5712 5006/5714 5007/5715 4982/5713
f 4980/5711 4981/5710 4997/5716 4992/5717
f 4981/5710 4982/5713 4996/1475 4997/5716
f 4986/1476 4996/1475 4982/5713 5007/5715
f 4993/5718 4985/1202 4984/5704 4990/5705
f 4985/1202 4993/5718 5012/5719 5010/1203
f 4988/5720 4989/1478 4986/1476 5009/5721
f 4986/1476 5007/5715 5004/5722 5009/5721
f 5009/5721 5008/4591 4987/1210 4988/5720
f 5017/4663 4988/5720 4987/1210 5016/1211
f 5019/1479 4989/1478 4988/5720 5017/4663
f 5021/5723 4998/1474 4989/1478 5020/1480
f 4990/5705 4991/5706 4994/5724 4993/5718
f 4991/5706 4992/5707 4995/5725 4994/5724
f 5000/5726 4995/5727 4992/5717 4997/5716
f 4993/5718 4994/5724 5030/5728 5012/5719
f 4994/5724 4995/5725 5031/5729 5030/5728
f 4995/5727 5000/5726 5039/5730 5031/5731
f 5000/5726 4997/5716 4996/1475 4999/1477
f 5038/1481 4999/1477 4998/1474 5021/5723
f 5039/5730 5000/5726 4999/1477 5037/1482
f 5002/5699 5003/4595 5004/5722 5005/5732
f 5003/4595 5008/4591 5009/5721 5004/5722
f 5006/5714 5005/5732 5004/5722 5007/5715
f 5013/1218 5011/1207 5010/1203 5012/5719
f 5033/1484 5013/1218 5012/5719 5030/5728
f 5014/1217 5015/1219 5052/1486 5045/4658
f 5017/4663 5018/4664 5022/5733 5019/1479
f 5024/4767 5022/5733 5018/4664 5023/4665
f 5028/5734 5020/1480 5019/1479 5022/5733
f 5029/5735 5021/5723 5020/1480 5028/5734
f 5021/5723 5029/5735 5044/5736 5038/1481
f 5022/5733 5024/4767 5025/5737 5028/5734
f 5024/4767 5076/4768 5072/5738 5025/5737
f 5029/5735 5028/5734 5025/5737 5026/1487
f 5077/1488 5026/1487 5025/5737 5072/5738
f 5044/5736 5029/5735 5026/1487 5027/5739
f 5080/5740 5027/5739 5026/1487 5079/1490
f 5027/5739 5042/5741 5041/5742 5044/5736
f 5105/5743 5042/5741 5027/5739 5080/5740
f 5030/5728 5031/5729 5034/5744 5033/1484
f 5040/5745 5034/5746 5031/5731 5039/5730
f 5032/1483 5033/1484 5035/5747 5050/1485
f 5033/1484 5034/5744 5036/5748 5035/5747
f 5043/5749 5036/5750 5034/5746 5040/5745
f 5051/5751 5050/1485 5035/5747 5097/5752
f 5035/5747 5036/5748 5098/5753 5097/5752
f 5036/5750 5043/5749 5099/5754 5098/5755
f 5040/5745 5039/5730 5037/1482 5041/5742
f 5037/1482 5038/1481 5044/5736 5041/5742
f 5040/5745 5041/5742 5042/5741 5043/5749
f 5099/5754 5043/5749 5042/5741 5105/5743
f 5053/5756 5046/4729 5045/4658 5052/1486
f 5048/5757 5047/4735 5046/4729 5053/5756
f 5047/4735 5048/5757 5060/4759 5058/4738
f 5048/5757 5053/5756 5055/5758 5049/5759
f 5048/5757 5049/5759 5062/5760 5060/4759
f 5049/5761 5055/5762 5082/1491 5074/5763
f 5088/5764 5062/5765 5049/5761 5074/5763
f 5053/5756 5052/1486 5050/1485 5051/5751
f 5054/5766 5053/5756 5051/5751 5057/5767
f 5051/5751 5097/5752 5100/5768 5057/5767
f 5053/5756 5054/5766 5056/5769 5055/5758
f 5059/5770 5056/5769 5054/5766 5064/5771
f 5054/5766 5057/5767 5065/5772 5064/5771
f 5055/5762 5056/5773 5081/1492 5082/1491
f 5056/5773 5059/5774 5090/5775 5081/1492
f 5066/5776 5065/5772 5057/5767 5100/5768
f 5059/5774 5061/5777 5063/5778 5090/5775
f 5059/5770 5064/5771 5067/5779 5061/5780
f 5110/5781 5107/4760 5060/4759 5062/5760
f 5061/5780 5067/5779 5109/5782 5111/5783
f 5112/5784 5063/5778 5061/5777 5111/5785
f 5062/5765 5088/5764 5173/1496 5110/1495
f 5091/5786 5090/5775 5063/5778 5094/5787
f 5178/5788 5094/5787 5063/5778 5112/5784
f 5064/5771 5065/5772 5068/5789 5067/5779
f 5065/5772 5066/5776 5069/5790 5068/5789
f 5070/5791 5069/5790 5066/5776 5103/5792
f 5066/5776 5100/5768 5102/5793 5103/5792
f 5067/5779 5068/5789 5120/5794 5109/5782
f 5068/5789 5069/5790 5121/5795 5120/5794
f 5069/5790 5070/5791 5122/5796 5121/5795
f 5070/5797 5103/5798 5104/5799 5071/5800
f 5070/5797 5071/5800 5124/5801 5122/5802
f 5093/5803 5096/5804 5071/5800 5104/5799
f 5071/5800 5096/5804 5123/5805 5124/5801
f 5072/5738 5076/4768 5073/4769 5075/5806
f 5074/5763 5077/1488 5072/5738 5075/5806
f 5089/5807 5075/5806 5073/4769 5085/4771
f 5078/1489 5077/1488 5074/5763 5082/1491
f 5074/5763 5075/5806 5089/5807 5088/5764
f 5083/5808 5079/1490 5078/1489 5081/1492
f 5084/5809 5080/5740 5079/1490 5083/5808
f 5080/5740 5084/5809 5106/5810 5105/5743
f 5091/5786 5083/5808 5081/1492 5090/5775
f 5092/5811 5084/5809 5083/5808 5091/5786
f 5084/5809 5092/5811 5093/5803 5106/5810
f 5085/4771 5087/4779 5086/4935 5089/5807
f 5088/5764 5089/5807 5086/4935 5173/1496
f 5086/4935 5172/4932 5171/1493 5173/1496
f 5091/5786 5094/5787 5095/5812 5092/5811
f 5096/5804 5093/5803 5092/5811 5095/5812
f 5093/5803 5104/5799 5101/5813 5106/5810
f 5179/5814 5095/5812 5094/5787 5178/5788
f 5123/5805 5096/5804 5095/5812 5179/5814
f 5097/5752 5098/5753 5102/5793 5100/5768
f 5098/5755 5099/5754 5101/5813 5102/5815
f 5099/5754 5105/5743 5106/5810 5101/5813
f 5103/5798 5102/5815 5101/5813 5104/5799
f 5113/5816 5108/4761 5107/4760 5110/5781
f 5108/4761 5113/5816 5115/5817 5114/4884
f 5116/5818 5111/5783 5109/5782 5117/5819
f 5125/5820 5117/5819 5109/5782 5120/5794
f 5118/5821 5112/5784 5111/5785 5116/5822
f 5112/5784 5118/5821 5119/5823 5178/5788
f 5177/5824 5115/5825 5113/1494 5176/1497
f 5114/4884 5115/5817 5134/4914 5131/4885
f 5115/5825 5177/5824 5135/4922 5134/4925
f 5116/5818 5117/5819 5136/5826 5132/5827
f 5139/5828 5118/5821 5116/5822 5132/5829
f 5117/5819 5125/5820 5137/5830 5136/5826
f 5140/5831 5119/5823 5118/5821 5139/5828
f 5162/5832 5127/5833 5119/5823 5140/5831
f 5179/5814 5178/5788 5119/5823 5127/5833
f 5120/5794 5121/5795 5126/5834 5125/5820
f 5121/5795 5122/5796 5129/5835 5126/5834
f 5122/5802 5124/5801 5130/5836 5129/5837
f 5123/5805 5179/5814 5127/5833 5128/5838
f 5130/5836 5124/5801 5123/5805 5128/5838
f 5125/5820 5126/5834 5160/5839 5137/5830
f 5126/5834 5129/5835 5161/5840 5160/5839
f 5164/5841 5128/5838 5127/5833 5162/5832
f 5163/5842 5130/5836 5128/5838 5164/5841
f 5129/5837 5130/5836 5163/5842 5161/5843
f 5138/5844 5133/5845 5132/5827 5136/5826
f 5132/5829 5133/5846 5141/1500 5139/5828
f 5146/1498 5141/1500 5133/5846 5143/5847
f 5133/5845 5138/5844 5148/5848 5143/5849
f 5175/4934 5180/4918 5135/4922 5177/5824
f 5136/5826 5137/5830 5150/5850 5138/5844
f 5165/5851 5150/5850 5137/5830 5160/5839
f 5149/5852 5148/5848 5138/5844 5150/5850
f 5142/1499 5140/5831 5139/5828 5141/1500
f 5140/5831 5142/1499 5157/1502 5162/5832
f 5142/1499 5146/1498 5147/1503 5157/1502
f 5143/5847 5145/5853 5147/1503 5146/1498
f 5151/5854 5145/5855 5143/5849 5148/5848
f 5145/5855 5151/5854 5152/5856 5153/5857
f 5158/1501 5147/1503 5145/5853 5153/5858
f 5148/5848 5149/5852 5152/5856 5151/5854
f 5155/5859 5152/5856 5149/5852 5154/5860
f 5149/5852 5150/5850 5165/5851 5154/5860
f 5156/5861 5153/5857 5152/5856 5155/5859
f 5153/5858 5156/5862 5159/1506 5158/1501
f 5156/5861 5155/5859 5154/5860 5167/5863
f 5154/5860 5165/5851 5166/5864 5167/5863
f 5170/1504 5159/1506 5156/5862 5167/5865
f 5157/1502 5158/1501 5159/1506 5168/1505
f 5164/5841 5162/5832 5157/1502 5168/1505
f 5160/5839 5161/5840 5166/5864 5165/5851
f 5161/5843 5163/5842 5169/1507 5166/5866
f 5163/5842 5164/5841 5168/1505 5169/1507
f 5170/1504 5167/5865 5166/5866 5169/1507
f 5171/1493 5172/4932 5174/4933 5176/1497
f 5174/4933 5175/4934 5177/5824 5176/1497
